reaction,product = 0.0,product = 0.42,product = 0.85,product = 1.27,product = 1.69,product = 2.11,product = 2.54,product = 2.96,product = 3.38,product = 3.81,manipulation,gpr,direction,mean_flux,result,equation
ALAR,0.07690286635054978,0.06877187030206705,0.060447279109573,0.05231628306109054,0.04418528701260814,0.036054290964125615,0.027358902285390178,0.018544426727441745,0.009729951169493198,0.0007056071458792607,,Cgl0588,0,0.06877187030206705,-2.83,ala__L_c --> ala__D_c
ALATA_L,0.39384948446194795,0.35220749172711974,0.4118945507876937,0.3564890302385347,0.30108350968937614,0.24567798914021666,0.18642663380195937,0.12636380708995779,0.049830863708988746,0.00480808636328673,unchanged,Cgl2844,0,0.35220749172711974,-2.677,glu__L_c + pyr_c --> akg_c + ala__L_c
ASNN,0.0,0.0,0.0,0.0,0.0,0.0,0.0,0.0,0.0,0.0,,Cgl2143,0,0.0,0.0,asn__L_c + h2o_c --> asp__L_c + nh4_c
ASNS1,0.0,0.0,0.0,0.0,0.0,0.0,0.0,0.0,0.0,0.0,,Cgl2196,0,0.0,0.0,asp__L_c + atp_c + gln__L_c + h2o_c --> amp_c + asn__L_c + glu__L_c + h_c + ppi_c
ASNS2,0.09214689375780076,0.08240413559311398,0.07242940699593484,0.06268664883124837,0.05294389066656198,0.04320113250187543,0.03278210529540136,0.022220385280095335,0.011658665264789174,0.0008454757253091183,,Cgl2196,0,0.08240413559311398,-2.83,asp__L_c + atp_c + nh4_c --> amp_c + asn__L_c + h_c + ppi_c
ASPT,0.0,0.0,0.0,0.0,0.0,0.0,0.0,0.0,0.0,0.0,,Cgl1503,0,0.0,0.0,asp__L_c --> fum_c + nh4_c
ASPTA,0.0,0.0,0.0,0.0,0.0,0.0,0.0,0.0,0.0,0.0,,Cgl0240,0,0.0,0.0,akg_c + asp__L_c --> glu__L_c + oaa_c
DAAD,0.0,0.0,0.0,0.0,0.0,0.0,0.0,0.0,0.0,0.0,,Cgl3012,0,0.0,0.0,ala__D_c + fad_c + h2o_c --> fadh2_c + nh4_c + pyr_c
VPAMT,0.0,0.0,0.10232052781289722,0.08855699999856508,0.07479347218423302,0.061029944369900745,0.046311055906224696,0.03139058628759579,0.0,0.001194397773703663,,Cgl2844,0,0.0,-1.651,3mob_c + ala__L_c --> pyr_c + val__L_c
2METS,0.0,0.0,0.0,0.0,0.0,0.0,0.0,0.0,0.0,0.0,,Cgl0659,0,0.0,0.0,h2o_c + oaa_c + ppcoa_c --> coa_c + hcat_c
ACHMSC,0.0,0.0,0.0,0.0,0.0,0.0,0.012848899635486931,0.008709248468122235,0.0045695973007574865,0.0003313830103602678,,,0,0.0,0.0,achms_c + cys__L_c --> ac_c + cyst__L_c + h_c
ACNML,0.0,0.0,0.0,0.0,0.0,0.0,0.0,0.0,0.0,0.0,,Cgl2646,0,0.0,0.0,acnam_c --> acmana_c + pyr_c
ADNUC_num1,0.0,0.0,0.0,0.0,0.0,0.0,0.0,0.0,0.0,0.0,,Cgl0102,0,0.0,0.0,adn_c + h2o_c --> ade_c + rib__D_c
AGDC,0.0,0.0,0.0,0.0,0.0,0.0,0.0,0.0,0.0,0.0,,Cgl2645,0,0.0,0.0,acgam6p_c + h2o_c --> ac_c + gam6p_c
ALCD19_num1,0.0,0.0,0.0,0.0,0.0,0.0,0.0,0.0,0.0,0.0,,Cgl0331,0,0.0,0.0,glyald_c + h_c + nadh_c --> glyc_c + nad_c
ALDD19x,0.0,0.0,0.0,0.0,0.0,0.0,0.0,0.0,0.0,0.0,,Cgl2796,0,0.0,0.0,h2o_c + nad_c + pacald_c --> 2.0 h_c + nadh_c + pac_c
ALDD2x,0.0,0.0,0.0,0.0,0.0,0.0,0.0,0.0,0.0,0.0,,Cgl2668,0,0.0,0.0,acald_c + h2o_c + nad_c --> ac_c + 2.0 h_c + nadh_c
AMALT1,0.0,0.0,0.0,0.0,0.0,0.0,0.0,0.0,0.0,0.0,,Cgl2297,0,0.0,0.0,malt_c + malttr_c --> glc__D_c + maltttr_c
AMALT2,0.0,0.0,0.0,0.0,0.0,0.0,0.0,0.0,0.0,0.0,,Cgl2297,0,0.0,0.0,malt_c + maltttr_c --> glc__D_c + maltpt_c
AMALT3,0.0,0.0,0.0,0.0,0.0,0.0,0.0,0.0,0.0,0.0,,Cgl2297,0,0.0,0.0,malt_c + maltpt_c --> glc__D_c + malthx_c
AMALT4,0.0,0.0,0.0,0.0,0.0,0.0,0.0,0.0,0.0,0.0,,Cgl2297,0,0.0,0.0,malt_c + malthx_c --> glc__D_c + malthp_c
AMANAPEr,0.0,0.0,0.0,0.0,0.0,0.0,0.0,0.0,0.0,0.0,,Cgl2648,0,0.0,0.0,acmanap_c --> acgam6p_c
APG,0.013452983456150347,0.012030589720868201,0.01057432946807937,0.009151935732797274,0.007729541997515187,0.006307148262233078,0.004786022645060443,0.0032440645948209517,0.0017021065445814415,0.00012343520743147561,,,0,0.012030589720868201,-2.83,cdpdag_c + glyc3p_c --> apg_c + cmp_c
ARAI_num1,0.0,0.0,0.0,0.0,0.0,0.0,0.0,0.0,0.0,0.0,,Cgl1023,0,0.0,0.0,arab__L_c --> rbl__L_c
BETALDHx,0.0,0.0,0.0,0.0,0.0,0.0,0.0,0.0,0.0,0.0,,Cgl0546,0,0.0,0.0,betald_c + h2o_c + nad_c --> glyb_c + 2.0 h_c + nadh_c
BETALDHy,0.0,0.0,0.0,0.0,0.0,0.0,0.0,0.0,0.0,0.0,,Cgl0546,0,0.0,0.0,betald_c + h2o_c + nadp_c --> glyb_c + 2.0 h_c + nadph_c
CBMKr,0.15134811197940967,0.13534596591062267,0.11896281636400777,0.1029606702952213,0.08695852422643494,0.07095637815764835,0.053843483386537744,0.036496220571871386,0.019148957757204807,0.0013886648755224522,,,0,0.13534596591062267,-2.83,atp_c + co2_c + nh4_c --> adp_c + cbp_c + 2.0 h_c
DHACOAH,0.0,0.0,0.0,0.0,0.0,0.0,0.0,0.0,0.0,0.0,,Cgl0919,0,0.0,0.0,23dhacoa_c + h2o_c --> 3hadpcoa_c
DHAPT,0.0,0.0,0.0,0.0,0.0,0.0,0.0,0.0,0.0,0.0,,Cgl1528,0,0.0,0.0,dha_c + pep_c --> dhap_c + pyr_c
DHPTDNRN,0.0,0.0,0.0,0.0,0.0,0.0,0.0,0.0,0.0,0.0,,Cgl2838,0,0.0,0.0,dhptdn_c + 3.0 h_c + nadh_c --> nad_c + thptdn_c
DRPA,0.0,0.0,0.0,0.0,0.0,0.0,0.0,0.0,0.0,0.0,,Cgl0383,0,0.0,0.0,2dr5p_c --> acald_c + g3p_c
FFSD_num1,0.0,0.0,0.0,0.0,0.0,0.0,0.0,0.0,0.0,0.0,,Cgl2643,0,0.0,0.0,h2o_c + suc6p_c --> fru_c + g6p_c
FRUK,0.0,0.0,0.0,0.0,0.0,0.0,0.0,0.0,0.0,0.0,,Cgl1935,0,0.0,0.0,atp_c + f1p_c --> adp_c + fdp_c + h_c
G3PD2,0.0,0.0,0.0,0.0,0.0,0.0,0.0,0.0,0.0,0.0,,Cgl1320,0,0.0,0.0,glyc3p_c + nadp_c --> dhap_c + h_c + nadph_c
G3PT,0.0,0.0,0.0,0.0,0.0,0.0,0.0,0.0,0.0,0.0,,Cgl1506,0,0.0,0.0,glyc3p_c + h2o_c --> glyc_c + pi_c
G6PDA,0.0,0.0,0.0,0.0,0.0,0.0,0.0,0.0,0.0,0.0,,Cgl2644,0,0.0,0.0,gam6p_c + h2o_c --> f6p_c + nh4_c
GLCATr,0.0,0.0,0.0,0.0,0.0,0.0,0.0,0.0,0.0,0.0,,Cgl0143,0,0.0,0.0,accoa_c + glc__D_c --> acglc__D_c + coa_c
GLCRD,0.0,0.0,0.0,0.0,0.0,0.0,0.0,0.0,0.0,0.0,,Cgl0422,0,0.0,0.0,glcr_c --> 5dh4dglc_c + h2o_c
GLYCDx,0.0,0.0,0.0,0.0,0.0,0.0,0.0,0.0,0.0,0.0,,Cgl2674,0,0.0,0.0,dha_c + h_c + nadh_c --> glyc_c + nad_c
GLYK,8.260456288183164e-05,7.387072230796836e-05,6.492893314901329e-05,5.619509257515031e-05,4.746125200128739e-05,3.872741142742433e-05,2.9387333287548437e-05,1.9919338984476347e-05,1.0451344681404141e-05,7.57921942544557e-07,,Cgl2890,0,7.387072230796836e-05,-2.83,atp_c + glyc_c --> adp_c + glyc3p_c + h_c
GNK_num1,0.0,0.0,0.0,0.0,0.0,0.0,0.0,0.0,0.0,0.0,,Cgl2485,0,0.0,0.0,atp_c + glcn_c --> 6pgc_c + adp_c + h_c
GUI1,0.0,0.0,0.0,0.0,0.0,0.0,0.0,0.0,0.0,0.0,,Cgl2484,0,0.0,0.0,glcur_c --> fruur_c
HCO3E,0.11704912280493254,0.0,0.092003085599811,0.10369620327947673,0.428012410012043,0.7285135443607179,3.711949855421535,2.92662759782897,4.245932565888847,8.520839795185287,,Cgl2670,0,0.0,6.23,co2_c + h2o_c --> h_c + hco3_c
HEX7,0.0,0.0,0.0,0.0,0.0,0.0,0.0,0.0,0.0,0.0,,,0,0.0,0.0,atp_c + fru_c --> adp_c + f6p_c + h_c
HPYRI_num1,0.0,0.0,0.0,0.0,0.0,0.0,0.0,0.0,0.0,0.0,,Cgl2109,0,0.0,0.0,hpyr_c --> 2h3oppan_c
HSST_2,0.03611684420347303,0.03229818397092103,0.02838860325664169,0.024569943024089616,0.020751282791537973,0.016932622558986074,0.0,0.0,0.0,0.0,,,0,0.03229818397092103,0.0,hom__L_c + succoa_c --> coa_c + suchms_c
HXCT,0.0,0.0,0.0,0.0,0.0,0.0,0.0,0.0,0.0,0.0,,Cgl2569 and Cgl2360,0,0.0,0.0,accoa_c + hxa_c --> ac_c + hxcoa_c
MALGT,0.0,0.0,0.0,0.0,0.0,0.0,0.0,0.0,0.0,0.0,,Cgl2303,0,0.0,0.0,malt_c --> tre_c
MALTATr,0.0,0.0,0.0,0.0,0.0,0.0,0.0,0.0,0.0,0.0,,Cgl0143,0,0.0,0.0,accoa_c + malt_c --> acmalt_c + coa_c
MAN1PG,0.0,0.0,0.0,0.0,0.0,0.0,0.0,0.0,0.0,0.0,,Cgl0742,0,0.0,0.0,gtp_c + man1p_c --> gdpmann_c + ppi_c
MAN6PI,0.0,0.0,0.0,0.0,0.0,0.0,0.0,0.0,0.0,0.0,,Cgl0748,0,0.0,0.0,man6p_c --> f6p_c
MCITL2_num1,0.0,0.0,0.0,0.0,0.0,0.0,0.0,0.0,0.0,0.0,,Cgl0695,0,0.0,0.0,micit_c --> pyr_c + succ_c
MM_COA_ADD5,0.0,0.0,0.0,0.0,0.0,0.0,0.0,0.0,0.0,0.0,,Cgl0707,0,0.0,0.0,atp_c + hco3_c + ppcoa_c --> adp_c + h_c + mmcoa__S_c + pi_c
MMM2,0.0,0.0,0.0,0.0,0.0,0.0,0.0,0.0,0.0,0.0,,Cgl1529 and Cgl1530,0,0.0,0.0,succoa_c --> mmcoa__R_c
MSDH_num1,0.0,0.0,0.0,0.0,0.0,0.0,0.0,0.0,0.0,0.0,,Cgl0160,0,0.0,0.0,2mop_c + coa_c + h2o_c + nad_c --> hco3_c + nadh_c + ppcoa_c
PFK_2,0.0,0.0,0.0,0.0,0.0,0.0,0.0,0.0,0.0,0.0,,Cgl1250,0,0.0,0.0,atp_c + tag6p__D_c --> adp_c + h_c + tagdp__D_c
PGLYCP_num1,0.0,0.0,0.0,0.0,0.0,0.0,0.0,0.0,0.0,0.0,,Cgl2239,0,0.0,0.0,2pglyc_c + h2o_c --> glyclt_c + pi_c
PGMT,0.0,0.0,0.0,0.0,0.0,0.0,0.0,0.0,0.0,0.0,,Cgl2541,0,0.0,0.0,g1p_c --> g6p_c
PMANM_num1,0.0,0.0,0.0,0.0,0.0,0.0,0.0,0.0,0.0,0.0,,Cgl0687,0,0.0,0.0,man1p_c --> man6p_c
PPASUCC,0.0,0.0,0.0,0.0,0.0,0.0,0.0,0.0,0.0,0.0,,,0,0.0,0.0,oaa_c + ppa_c --> pyr_c + succ_c
RBK_num1,0.06967692534495132,0.06230993329983306,0.054767536682224116,0.0,0.04003355259202597,0.03266656054692109,0.0,0.01680195677964691,0.0,0.0,,Cgl1366,0,0.06230993329983306,-3.474,atp_c + rib__D_c --> adp_c + h_c + r5p_c
SUCptsp,0.0,0.0,0.0,0.0,0.0,0.0,0.0,0.0,0.0,0.0,,Cgl3036,0,0.0,0.0,h2o_c + sucr_e --> f6p_c + g6p_c
TRE6p,0.0,0.0,0.0,0.0,0.011907536191948955,0.0,0.0,0.004997555687551565,0.0,0.0,,,0,0.0,0.0,h2o_c + tre6p_c --> g6p_c + glc__D_c
TRE6PP,0.007363890255628828,0.0065853007776106205,0.005788173454877711,0.00500958397685953,0.004230994498841355,0.003452405020823167,0.002619771713393953,0.0017757351546813281,0.0009316985959686928,6.756592871528527e-05,,Cgl2626,0,0.0065853007776106205,-2.83,h2o_c + tre6p_c --> pi_c + tre_c
TRE6PS,0.007363890255628828,0.0065853007776106205,0.005788173454877711,0.00500958397685953,0.016138530690790312,0.003452405020823167,0.002619771713393953,0.006773290842232893,0.0009316985959686928,6.756592871528527e-05,,Cgl2624,0,0.0065853007776106205,-1.344,g6p_c + udpg_c --> h_c + tre6p_c + udp_c
UACGAMPpp,0.0,0.0,0.0,0.0,0.0,0.0,0.0,0.0,0.0,0.0,,,0,0.0,0.0,h2o_c + uacgam_c --> acgam1p_c + 2.0 h_c + ump_c
UDPARA,0.2845768622401225,0.2544883434088929,0.22368343127215848,0.19359491244092988,0.16350639360970148,0.13341787477847264,0.10124083712589463,0.06862312187534615,0.03600540662479727,0.0026110791063783654,,,0,0.2544883434088929,-2.83,h_c + r5p_c + utp_c --> ppi_c + udpara_c
UDPG4E,0.03047752109606083,0.02725511060137258,0.023955976047287053,0.02073356555259891,0.017511155057910788,0.014288744563222617,0.010842658552766476,0.007349376994917686,0.0038560954370688502,0.00027964050879506256,,Cgl1921,0,0.02725511060137258,-2.83,udpg_c --> udpgal_c
UDPGALPpp,0.0,0.0,0.0,0.0,0.0,0.0,0.0,0.0,0.0,0.0,,,0,0.0,0.0,h2o_c + udpgal_c --> gal1p_c + 2.0 h_c + ump_c
UDPGPpp_num1,0.0,0.0,0.0,0.0,0.0,0.0,0.0,0.0,0.0,0.0,,Cgl0276,0,0.0,0.0,h2o_c + udpg_c --> g1p_c + 2.0 h_c + ump_c
UGLCURPpp,0.0,0.0,0.0,0.0,0.0,0.0,0.0,0.0,0.0,0.0,,,0,0.0,0.0,h2o_c + udpglcur_c --> glcur1p_c + 2.0 h_c + ump_c
XYLI1,0.0,0.0,0.0,0.0,0.0,0.0,0.0,0.0,0.0,0.0,,Cgl0172,0,0.0,0.0,xyl__D_c --> xylu__D_c
XYLI2,0.0,0.0,0.0,0.0,0.0,0.0,0.0,0.0,0.0,0.0,,Cgl0172,0,0.0,0.0,fru_c --> glc__D_c
XYLK,0.0,0.0,0.0,0.0,0.0,0.0,0.0,0.0,0.0,0.0,,Cgl0112,0,0.0,0.0,atp_c + xylu__D_c --> adp_c + h_c + xu5p__D_c
GALKr,0.0,0.0,0.0,0.0,0.0,0.0,0.0,0.0,0.0,0.0,,Cgl2233,0,0.0,0.0,atp_c + gal_c --> adp_c + gal1p_c + h_c
M1PD,0.0,0.0,0.0,0.0,0.0,0.0,0.0,0.0,0.0,0.0,,Cgl0109,0,0.0,0.0,f6p_c + h_c + nadh_c --> mnl1p_c + nad_c
MAN2D,0.0,0.0,0.0,0.0,0.0,0.0,0.0,0.0,0.0,0.0,,Cgl0109,0,0.0,0.0,fru_c + h_c + nadh_c --> mnl_c + nad_c
MCITD_num1,0.0,0.0,0.0,0.0,0.0,0.0,0.0,0.0,0.0,0.0,,Cgl0657,0,0.0,0.0,2mcit_c --> 2mcacn_c + h2o_c
HDPA1,0.0,0.0,0.0,0.0,0.0,0.0,0.0,0.0,0.0,0.0,,,0,0.0,0.0,dha_c + pi_c --> dhap_c + h2o_c
HDPA2,0.0,0.0,0.0,0.0,0.0,0.0,0.0,0.0,0.0,0.0,,,0,0.0,0.0,atp_c + dha_c --> adp_c + dhap_c
ICL,0.0,0.0,0.0,0.0,0.0,0.0,0.0,0.0,0.0,0.0,,Cgl2331,0,0.0,0.0,icit_c --> glx_c + succ_c
MALS,0.0,0.0,0.0,0.0,0.0,0.0,0.0,0.0,0.0,0.0,,Cgl2330,0,0.0,0.0,accoa_c + glx_c + h2o_c --> coa_c + h_c + mal__L_c
ME1_num1,0.0,0.0,0.0,0.0,0.0,0.0,0.0,0.0,0.0,0.0,,Cgl0234,0,0.0,0.0,mal__L_c + nad_c --> co2_c + nadh_c + pyr_c
ME2,0.0,0.0,0.0,0.0,0.0,0.0,0.7205450066234858,2.0487032761607273,3.37686154569797,4.736642631176572,,Cgl3007,0,0.0,0.0,mal__L_c + nadp_c --> co2_c + nadph_c + pyr_c
PPA,0.0,0.0,0.0,0.0,0.0,0.0,0.0,0.0,0.0,0.0,,Cgl2700,0,0.0,0.0,h2o_c + ppi_c --> h_c + 2.0 pi_c
PPA2,0.0,0.0,0.0,0.0,0.0,0.0,0.0,0.0,0.0,0.0,,Cgl2700,0,0.0,0.0,h2o_c + pppi_c --> h_c + pi_c + ppi_c
PPC,1.2231968848717418,2.1429002609983527,1.8029586167538063,2.0653603129145144,2.0151389200223253,1.988732599514023,0.0,2.3756638124750658,2.646700399297689,0.0,unchanged,Cgl1585,0,2.1429002609983527,-0.042,co2_c + h2o_c + pep_c --> h_c + oaa_c + pi_c
PPCK,0.0,0.0,0.0,0.0,0.0,0.0,0.0,0.0,0.0,0.0,,Cgl2864,0,0.0,0.0,atp_c + oaa_c --> adp_c + co2_c + pep_c
ABTA,0.0,0.0,0.0,0.0,0.0,0.0,0.0,0.0,0.0,0.0,,Cgl0479,0,0.0,0.0,4abut_c + akg_c --> glu__L_c + sucsal_c
ACGK,0.09035936459501355,0.08080560319012135,0.07102437127558905,0.06147060987069718,0.05191684846580537,0.04236308706091341,0.03214617534873259,0.02178933888149467,0.011432502414256616,0.0008290746025605744,,Cgl1396,0,0.08080560319012135,-2.83,acglu_c + atp_c --> acg5p_c + adp_c
ACGS,0.0,0.0,0.0,0.0,0.0,0.0,0.0,0.0,0.0,0.0,,Cgl1395,0,0.0,0.0,accoa_c + glu__L_c --> acglu_c + coa_c + h_c
ACODA,0.0,0.0,0.0,0.0,0.0,0.0,0.0,0.0,0.0,0.0,,Cgl2829,0,0.0,0.0,acorn_c + h2o_c --> ac_c + orn_c
ACOTA,0.0,0.0,0.0,0.0,0.0,0.0,0.0,0.0,0.0,0.0,,Cgl1397,0,0.0,0.0,acorn_c + akg_c --> acg5sa_c + glu__L_c
AGPR,0.0,0.0,0.0,0.0,0.0,0.0,0.0,0.0,0.0,0.0,,Cgl1394,0,0.0,0.0,acg5sa_c + nadp_c + pi_c --> acg5p_c + h_c + nadph_c
AMPTASEPG_num1,0.0,0.0,0.0,0.0,0.0,0.0,0.0,0.0,0.0,0.0,,Cgl2426,0,0.0,0.0,h2o_c + progly_c --> gly_c + pro__L_c
ARGSL,0.09035936459501355,0.08080560319012135,0.07102437127558905,0.06147060987069718,0.05191684846580537,0.04236308706091341,0.03214617534873259,0.02178933888149467,0.011432502414256616,0.0008290746025605744,,Cgl1401,0,0.08080560319012135,-2.83,argsuc_c --> arg__L_c + fum_c
CBPS,0.0,0.0,0.0,0.0,0.0,0.0,0.0,0.0,0.0,0.0,,Cgl1609 and Cgl1610,0,0.0,0.0,2.0 atp_c + gln__L_c + h2o_c + hco3_c --> 2.0 adp_c + cbp_c + glu__L_c + 2.0 h_c + pi_c
CSND,0.0,0.0,0.0,0.0,0.0,0.0,0.0,0.0,0.0,0.0,,Cgl0076,0,0.0,0.0,crtn_c + h2o_c --> nh3_c + nmeth_c
G5SADs,0.07581516405789981,0.06779917156472214,0.059592322107421346,0.05157632961424394,0.043560337121066585,0.03554434462788911,0.026971942186860734,0.018282137213090324,0.009592332239319806,0.0006956271471262287,,,0,0.06779917156472214,-2.83,glu5sa_c --> 1pyr5c_c + h2o_c + h_c
G5SD,0.07581516405789981,0.06779917156472214,0.059592322107421346,0.05157632961424394,0.043560337121066585,0.03554434462788911,0.026971942186860734,0.018282137213090324,0.009592332239319806,0.0006956271471262287,,Cgl2354,0,0.06779917156472214,-2.83,glu5p_c + h_c + nadph_c --> glu5sa_c + nadp_c + pi_c
GLU5K,0.07581516405789981,0.06779917156472214,0.059592322107421346,0.05157632961424394,0.043560337121066585,0.03554434462788911,0.026971942186860734,0.018282137213090324,0.009592332239319806,0.0006956271471262287,,Cgl2356,0,0.06779917156472214,-2.83,atp_c + glu__L_c --> adp_c + glu5p_c
GLUNATF,0.09035936459501355,0.08080560319012135,0.07102437127558905,0.06147060987069718,0.05191684846580537,0.04236308706091341,0.03214617534873259,0.02178933888149467,0.011432502414256616,0.0008290746025605744,,Cgl1395,0,0.08080560319012135,-2.83,acorn_c + glu__L_c --> acglu_c + orn_c
OCBT,0.09035936459501355,0.08080560319012135,0.07102437127558905,0.06147060987069718,0.05191684846580537,0.04236308706091341,0.03214617534873259,0.02178933888149467,0.011432502414256616,0.0008290746025605744,,Cgl1398,0,0.08080560319012135,-2.83,cbp_c + orn_c --> citr__L_c + h_c + pi_c
ORNC,0.0,0.0,0.0,0.0,0.0,0.0,0.0,0.0,0.0,0.0,,Cgl1582,0,0.0,0.0,orn_c --> nh3_c + pro__L_c
P5CD,0.0,0.0,0.0,0.0,0.0,0.0,0.0,0.0,0.0,0.0,,Cgl0099,0,0.0,0.0,1pyr5c_c + 2.0 h2o_c + nad_c --> glu__L_c + h_c + nadh_c
P5CR,0.07581516405789981,0.06779917156472214,0.059592322107421346,0.05157632961424394,0.043560337121066585,0.03554434462788911,0.026971942186860734,0.018282137213090324,0.009592332239319806,0.0006956271471262287,,Cgl0410,0,0.06779917156472214,-2.83,1pyr5c_c + 2.0 h_c + nadph_c --> nadp_c + pro__L_c
PROD2,0.0,0.0,0.0,0.0,0.0,0.0,0.0,0.0,0.0,0.0,,Cgl0099,0,0.0,0.0,fad_c + pro__L_c --> 1pyr5c_c + fadh2_c + h_c
SPMDAT1,0.0,0.0,0.0,0.0,0.0,0.0,0.0,0.0,0.0,0.0,,Cgl1237,0,0.0,0.0,accoa_c + spmd_c --> N1aspmd_c + coa_c + h_c
SPMDAT2_num1,0.0,0.0,0.0,0.0,0.0,0.0,0.0,0.0,0.0,0.0,,Cgl0120,0,0.0,0.0,accoa_c + spmd_c --> coa_c + h_c + n8aspmd_c
SPMS,0.0,0.0,0.0,0.0,0.0,0.0,0.0,0.0,0.0,0.0,,Cgl2702,0,0.0,0.0,ametam_c + ptrc_c --> 5mta_c + h_c + spmd_c
SSALy_num1,0.0,0.0,0.0,0.0,0.0,0.0,0.0,0.0,0.0,0.0,,Cgl0051,0,0.0,0.0,h2o_c + nadp_c + sucsal_c --> 2.0 h_c + nadph_c + succ_c
UREAAH,0.0,0.0,0.0,0.0,0.0,0.0,0.0,0.0,0.0,0.0,,Cgl0084 and Cgl0085 and Cgl0086,0,0.0,0.0,h2o_c + urea_c --> co2_c + 2.0 nh4_c
ARGSS,0.09035936459501355,0.08080560319012135,0.07102437127558905,0.06147060987069718,0.05191684846580537,0.04236308706091341,0.03214617534873259,0.02178933888149467,0.011432502414256616,0.0008290746025605744,,Cgl1400,0,0.08080560319012135,-2.83,asp__L_c + atp_c + citr__L_c --> amp_c + argsuc_c + h_c + ppi_c
CG_biomass_cgl_ATCC13032,0.43418945663520164,0.3882822892729223,0.34128209411630395,0.29537492675402616,0.24946775939174867,0.2035605920294705,0.15446689416335668,0.10470083816767485,0.054934782171992394,0.003983820081174925,,,0,0.3882822892729223,-2.83,0.098705 arabino_c + 47.7 atp_c + 0.01039 dna_c + 47.7 h2o_c + 0.062224 ions_c + 0.10598 mycoli_c + 0.098705 peptid_c + 0.029092 phosph_c + 0.54028 protein_c + 0.05195 rna_c + 0.002679 soluble_pool_c --> 47.7 adp_c + biomass_c + 47.7 h_c + 47.7 pi_c
BAMPN,0.0,0.0,0.0,0.0,0.0,0.0,0.0,0.0,0.0,0.0,,,0,0.0,0.0,apo_c + btamp_c --> amp_c + bccp_c + h_c
BIOTIN_t,0.0,0.0,0.0,0.0,0.0,0.0,0.0,0.0,0.0,0.0,,,0,0.0,0.0,atp_c + btn_e + h2o_c --> adp_c + btn_c + h_c + pi_c
BTNAMP,0.0,0.0,0.0,0.0,0.0,0.0,0.0,0.0,0.0,0.0,,,0,0.0,0.0,atp_c + btn_c + h_c --> btamp_c + ppi_c
3HAD100,0.20077936404258578,0.1795508157046672,0.15781682573965572,0.1365882774017378,0.11535972906382004,0.09413118072590197,0.07142910612361869,0.04841611739018704,0.02540312865675509,0.001842211620146317,down,Cgl0289,0,0.1795508157046672,-2.83,3hdecACP_c --> h2o_c + tdec2eACP_c
3HAD120,0.09092284173660087,0.08130950348328832,0.07146727622394472,0.0618539379706325,0.05224059971732034,0.04262726146400804,0.03234663752639014,0.021925216268913784,0.011503795011437305,0.0008342446764019219,,Cgl0289,0,0.08130950348328832,-2.83,3hddecACP_c --> h2o_c + tddec2eACP_c
3HAD121,0.10985652230598492,0.09824131222137887,0.086349549515711,0.07473433943110529,0.0631191293464997,0.05150391926189393,0.039082468597228553,0.026490901121273253,0.013899333645317783,0.001007966943744395,,Cgl0289,0,0.09824131222137887,-2.83,3hcddec5eACP_c --> h2o_c + t3c5ddeceACP_c
3HAD140,0.09092284173660087,0.08130950348328832,0.07146727622394472,0.0618539379706325,0.05224059971732034,0.04262726146400804,0.03234663752639014,0.021925216268913784,0.011503795011437305,0.0008342446764019219,,Cgl0289,0,0.08130950348328832,-2.83,3hmrsACP_c --> h2o_c + tmrs2eACP_c
3HAD141,0.10985652230598492,0.09824131222137887,0.086349549515711,0.07473433943110529,0.0631191293464997,0.05150391926189393,0.039082468597228553,0.026490901121273253,0.013899333645317783,0.001007966943744395,,Cgl0289,0,0.09824131222137887,-2.83,3hcmrs7eACP_c --> h2o_c + t3c7mrseACP_c
3HAD160,0.08960801671237412,0.08013369586613327,0.07043379595212496,0.06095947510588442,0.051485154259643943,0.04201083341340332,0.031878876426352176,0.021608158173705278,0.011337439921058253,0.0008221807576339757,,Cgl0289,0,0.08013369586613327,-2.83,3hpalmACP_c --> h2o_c + tpalm2eACP_c
3HAD161,0.10746855365505506,0.09610582523447574,0.0844725556610257,0.07310982724044669,0.06174709881986781,0.05038437039928876,0.03823292677802564,0.025915064201583717,0.013597201625141634,0.000986056606403377,,Cgl0289,0,0.09610582523447574,-2.83,3hcpalm9eACP_c --> h2o_c + t3c9palmeACP_c
3HAD180,0.0018372244510737243,0.0016429733722678754,0.0014440972677761772,0.0012498461889703348,0.0010555951101644937,0.0008613440313586498,0.0006536095027216926,0.00044302996535261767,0.00023245042798354009,1.6857092105676166e-05,,Cgl0289,0,0.0016429733722678754,-2.83,3hoctaACP_c --> h2o_c + toctd2eACP_c
3HAD181,0.10530088268406756,0.09416734369342661,0.08276872044110395,0.07163518145046335,0.06050164245982284,0.049368103469182155,0.0374617578854152,0.025392350063628933,0.013322942241842517,0.0009661675671564953,,Cgl0289,0,0.09416734369342661,-2.83,3hcvac11eACP_c --> h2o_c + t3c11vaceACP_c
3HAD40,0.20077936404258578,0.1795508157046672,0.15781682573965572,0.1365882774017378,0.11535972906382004,0.09413118072590197,0.07142910612361869,0.04841611739018704,0.02540312865675509,0.001842211620146317,down,Cgl0289,0,0.1795508157046672,-2.83,3haACP_c --> but2eACP_c + h2o_c
3HAD60,0.20077936404258578,0.1795508157046672,0.15781682573965572,0.1365882774017378,0.11535972906382004,0.09413118072590197,0.07142910612361869,0.04841611739018704,0.02540312865675509,0.001842211620146317,down,Cgl0289,0,0.1795508157046672,-2.83,3hhexACP_c --> h2o_c + thex2eACP_c
3HAD80,0.20077936404258578,0.1795508157046672,0.15781682573965572,0.1365882774017378,0.11535972906382004,0.09413118072590197,0.07142910612361869,0.04841611739018704,0.02540312865675509,0.001842211620146317,down,Cgl0289,0,0.1795508157046672,-2.83,3hoctACP_c --> h2o_c + toct2eACP_c
3OAR100,0.20077936404258578,0.1795508157046672,0.15781682573965572,0.1365882774017378,0.11535972906382004,0.09413118072590197,0.07142910612361869,0.04841611739018704,0.02540312865675509,0.001842211620146317,down,Cgl0286 and Cgl0744,0,0.1795508157046672,-2.83,3odecACP_c + h_c + nadph_c --> 3hdecACP_c + nadp_c
3OAR120,0.09092284173660087,0.08130950348328832,0.07146727622394472,0.0618539379706325,0.05224059971732034,0.04262726146400804,0.03234663752639014,0.021925216268913784,0.011503795011437305,0.0008342446764019219,,Cgl0286 and Cgl0744,0,0.08130950348328832,-2.83,3oddecACP_c + h_c + nadph_c --> 3hddecACP_c + nadp_c
3OAR140,0.09092284173660087,0.08130950348328832,0.07146727622394472,0.0618539379706325,0.05224059971732034,0.04262726146400804,0.03234663752639014,0.021925216268913784,0.011503795011437305,0.0008342446764019219,,Cgl0286 and Cgl0744,0,0.08130950348328832,-2.83,3omrsACP_c + h_c + nadph_c --> 3hmrsACP_c + nadp_c
3OAR160,0.08960801671237412,0.08013369586613327,0.07043379595212496,0.06095947510588442,0.051485154259643943,0.04201083341340332,0.031878876426352176,0.021608158173705278,0.011337439921058253,0.0008221807576339757,,Cgl0286 and Cgl0744,0,0.08013369586613327,-2.83,3opalmACP_c + h_c + nadph_c --> 3hpalmACP_c + nadp_c
3OAR180,0.0018372244510737243,0.0016429733722678754,0.0014440972677761772,0.0012498461889703348,0.0010555951101644937,0.0008613440313586498,0.0006536095027216926,0.00044302996535261767,0.00023245042798354009,1.6857092105676166e-05,,Cgl0286 and Cgl0744,0,0.0016429733722678754,-2.83,3ooctdACP_c + h_c + nadph_c --> 3hoctaACP_c + nadp_c
3OAR40,0.20077936404258578,0.1795508157046672,0.15781682573965572,0.1365882774017378,0.11535972906382004,0.09413118072590197,0.07142910612361869,0.04841611739018704,0.02540312865675509,0.001842211620146317,down,Cgl0286 and Cgl0744,0,0.1795508157046672,-2.83,actACP_c + h_c + nadph_c --> 3haACP_c + nadp_c
3OAR60,0.20077936404258578,0.1795508157046672,0.15781682573965572,0.1365882774017378,0.11535972906382004,0.09413118072590197,0.07142910612361869,0.04841611739018704,0.02540312865675509,0.001842211620146317,down,Cgl0286 and Cgl0744,0,0.1795508157046672,-2.83,3ohexACP_c + h_c + nadph_c --> 3hhexACP_c + nadp_c
3OAR80,0.20077936404258578,0.1795508157046672,0.15781682573965572,0.1365882774017378,0.11535972906382004,0.09413118072590197,0.07142910612361869,0.04841611739018704,0.02540312865675509,0.001842211620146317,down,Cgl0286 and Cgl0744,0,0.1795508157046672,-2.83,3ooctACP_c + h_c + nadph_c --> 3hoctACP_c + nadp_c
3OAS100_num1,0.0,0.1795508157046672,0.15781682573965572,0.1365882774017378,0.11535972906382004,0.09413118072590197,0.07142910612361869,0.04841611739018704,0.02540312865675509,0.001842211620146317,down,Cgl2491,0,0.1795508157046672,-2.157,h_c + malACP_c + ocACP_c --> 3odecACP_c + ACP_c + co2_c
3OAS120_num1,0.09092284173660087,0.08130950348328832,0.07146727622394472,0.0618539379706325,0.05224059971732034,0.04262726146400804,0.03234663752639014,0.021925216268913784,0.011503795011437305,0.0008342446764019219,,Cgl2491,0,0.08130950348328832,-2.83,dcaACP_c + h_c + malACP_c --> 3oddecACP_c + ACP_c + co2_c
3OAS121_num1,0.10985652230598492,0.09824131222137887,0.086349549515711,0.07473433943110529,0.0631191293464997,0.05150391926189393,0.039082468597228553,0.026490901121273253,0.013899333645317783,0.001007966943744395,,Cgl2491,0,0.09824131222137887,-2.83,cdec3eACP_c + h_c + malACP_c --> 3ocddec5eACP_c + ACP_c + co2_c
3OAS140_num1,0.0,0.0,0.0,0.0,0.0,0.0,0.0,0.0,0.0,0.0,,Cgl2491,0,0.0,0.0,ddcaACP_c + h_c + malACP_c --> 3omrsACP_c + ACP_c + co2_c
3OAS141_num1,0.0,0.0,0.0,0.0,0.0,0.0,0.0,0.0,0.0,0.0,,Cgl2491,0,0.0,0.0,cddec5eACP_c + h_c + malACP_c --> 3ocmrs7eACP_c + ACP_c + co2_c
3OAS160_num1,0.0,0.0,0.0,0.0,0.0,0.0,0.0,0.0,0.0,0.0,,Cgl2491,0,0.0,0.0,h_c + malACP_c + myrsACP_c --> 3opalmACP_c + ACP_c + co2_c
3OAS161_num1,0.0,0.0,0.0,0.0,0.0,0.0,0.0,0.0,0.0,0.0,,Cgl2491,0,0.0,0.0,h_c + malACP_c + tdeACP_c --> 3ocpalm9eACP_c + ACP_c + co2_c
3OAS180_num1,0.0018372244510737243,0.0,0.0,0.0,0.0,0.0,0.0,0.0,0.0,0.0,,Cgl2491,0,0.0,0.0,h_c + malACP_c + palmACP_c --> 3ooctdACP_c + ACP_c + co2_c
3OAS181_num1,0.0,0.0,0.0,0.0,0.0,0.0,0.0,0.0,0.0,0.0,,Cgl2491,0,0.0,0.0,h_c + hdeACP_c + malACP_c --> 3ocvac11eACP_c + ACP_c + co2_c
3OAS60_num1,0.20077936404258578,0.1795508157046672,0.15781682573965572,0.1365882774017378,0.11535972906382004,0.09413118072590197,0.07142910612361869,0.04841611739018704,0.02540312865675509,0.001842211620146317,down,Cgl2491,0,0.1795508157046672,-2.83,butACP_c + h_c + malACP_c --> 3ohexACP_c + ACP_c + co2_c
3OAS80_num1,0.0,0.0,0.0,0.0,0.0,0.0,0.0,0.0,0.0,0.0,,Cgl2491,0,0.0,0.0,h_c + hexACP_c + malACP_c --> 3ooctACP_c + ACP_c + co2_c
AACPS1_num1,0.0,0.0,0.0,0.0,0.0,0.0,0.0,0.0,0.0,0.0,,Cgl2491,0,0.0,0.0,ACP_c + atp_c + ttdca_c --> amp_c + myrsACP_c + ppi_c
AACPS2_num1,0.0,0.0,0.0,0.0,0.0,0.0,0.0,0.0,0.0,0.0,,Cgl2491,0,0.0,0.0,ACP_c + atp_c + ttdcea_c --> amp_c + ppi_c + tdeACP_c
AACPS3_num1,0.0,0.0,0.0,0.0,0.0,0.0,0.0,0.0,0.0,0.0,,Cgl2491,0,0.0,0.0,ACP_c + atp_c + hdca_c --> amp_c + palmACP_c + ppi_c
AACPS4_num1,0.0,0.0,0.0,0.0,0.0,0.0,0.0,0.0,0.0,0.0,,Cgl2491,0,0.0,0.0,ACP_c + atp_c + hdcea_c --> amp_c + hdeACP_c + ppi_c
AACPS5_num1,0.0,0.0,0.0,0.0,0.0,0.0,0.0,0.0,0.0,0.0,,Cgl2491,0,0.0,0.0,ACP_c + atp_c + ocdcea_c --> amp_c + octeACP_c + ppi_c
AACPS6_num1,0.0,0.0,0.0,0.0,0.0,0.0,0.0,0.0,0.0,0.0,,Cgl2491,0,0.0,0.0,ACP_c + atp_c + ocdca_c --> amp_c + ocdcaACP_c + ppi_c
AACPS7_num1,0.0,0.0,0.0,0.0,0.0,0.0,0.0,0.0,0.0,0.0,,Cgl2491,0,0.0,0.0,ACP_c + atp_c + ddca_c --> amp_c + ddcaACP_c + ppi_c
AACPS8_num1,0.0,0.0,0.0,0.0,0.0,0.0,0.0,0.0,0.0,0.0,,Cgl2491,0,0.0,0.0,ACP_c + atp_c + dca_c --> amp_c + dcaACP_c + ppi_c
AACPS9_num1,0.0,0.0,0.0,0.0,0.0,0.0,0.0,0.0,0.0,0.0,,Cgl2491,0,0.0,0.0,ACP_c + atp_c + octa_c --> amp_c + ocACP_c + ppi_c
ALAALAr,0.03845143317527489,0.034385935151033525,0.0302236395547865,0.02615814153054527,0.02209264350630407,0.018027145482062808,0.013679451142695089,0.009272213363720873,0.004864975584746599,0.00035280357293963037,,Cgl1321,0,0.034385935151033525,-2.83,2.0 ala__D_c + atp_c --> adp_c + alaala_c + h_c + pi_c
CDPDAG,0.014715660060125594,0.013159762608211684,0.011566819978871285,0.010010922526957428,0.008455025075043582,0.006899127623129711,0.0052352314647777344,0.003548547572817344,0.0018618636808569325,0.00013502064861175905,,,0,0.013159762608211684,-2.83,ctp_c + pa_c --> cdpdag_c + ppi_c
CLPN,8.260456288183164e-05,7.387072230796836e-05,6.492893314901329e-05,5.619509257515031e-05,4.746125200128739e-05,3.872741142742433e-05,2.9387333287548437e-05,1.9919338984476347e-05,1.0451344681404141e-05,7.57921942544557e-07,,,0,7.387072230796836e-05,-2.83,apg_c --> clpn_c + glyc_c + pi_c
EAR100x,0.09092284173660087,0.08130950348328832,0.07146727622394472,0.0618539379706325,0.05224059971732034,0.04262726146400804,0.03234663752639014,0.021925216268913784,0.011503795011437305,0.0008342446764019219,,Cgl0719,0,0.08130950348328832,-2.83,h_c + nadh_c + tdec2eACP_c --> dcaACP_c + nad_c
EAR100y,0.0,0.0,0.0,0.0,0.0,0.0,0.0,0.0,0.0,0.0,,Cgl0719,0,0.0,0.0,h_c + nadph_c + tdec2eACP_c --> dcaACP_c + nadp_c
EAR120x,0.09092284173660087,0.08130950348328832,0.07146727622394472,0.0618539379706325,0.05224059971732034,0.04262726146400804,0.03234663752639014,0.021925216268913784,0.011503795011437305,0.0008342446764019219,,Cgl0719,0,0.08130950348328832,-2.83,h_c + nadh_c + tddec2eACP_c --> ddcaACP_c + nad_c
EAR120y,0.0,0.0,0.0,0.0,0.0,0.0,0.0,0.0,0.0,0.0,,Cgl0719,0,0.0,0.0,h_c + nadph_c + tddec2eACP_c --> ddcaACP_c + nadp_c
EAR121x,0.10985652230598492,0.09824131222137887,0.086349549515711,0.07473433943110529,0.0631191293464997,0.05150391926189393,0.039082468597228553,0.026490901121273253,0.013899333645317783,0.001007966943744395,,Cgl0719,0,0.09824131222137887,-2.83,h_c + nadh_c + t3c5ddeceACP_c --> cddec5eACP_c + nad_c
EAR121y,0.0,0.0,0.0,0.0,0.0,0.0,0.0,0.0,0.0,0.0,,Cgl0719,0,0.0,0.0,h_c + nadph_c + t3c5ddeceACP_c --> cddec5eACP_c + nadp_c
EAR140x,0.09092284173660087,0.08130950348328832,0.07146727622394472,0.0618539379706325,0.05224059971732034,0.04262726146400804,0.03234663752639014,0.021925216268913784,0.011503795011437305,0.0008342446764019219,,Cgl0719,0,0.08130950348328832,-2.83,h_c + nadh_c + tmrs2eACP_c --> myrsACP_c + nad_c
EAR140y,0.0,0.0,0.0,0.0,0.0,0.0,0.0,0.0,0.0,0.0,,Cgl0719,0,0.0,0.0,h_c + nadph_c + tmrs2eACP_c --> myrsACP_c + nadp_c
EAR141x,0.10985652230598492,0.09824131222137887,0.086349549515711,0.07473433943110529,0.0631191293464997,0.05150391926189393,0.039082468597228553,0.026490901121273253,0.013899333645317783,0.001007966943744395,,Cgl0719,0,0.09824131222137887,-2.83,h_c + nadh_c + t3c7mrseACP_c --> nad_c + tdeACP_c
EAR141y,0.0,0.0,0.0,0.0,0.0,0.0,0.0,0.0,0.0,0.0,,Cgl0719,0,0.0,0.0,h_c + nadph_c + t3c7mrseACP_c --> nadp_c + tdeACP_c
EAR160x,0.08960801671237412,0.08013369586613327,0.07043379595212496,0.06095947510588442,0.051485154259643943,0.04201083341340332,0.031878876426352176,0.021608158173705278,0.011337439921058253,0.0008221807576339757,,Cgl0719,0,0.08013369586613327,-2.83,h_c + nadh_c + tpalm2eACP_c --> nad_c + palmACP_c
EAR160y,0.0,0.0,0.0,0.0,0.0,0.0,0.0,0.0,0.0,0.0,,Cgl0719,0,0.0,0.0,h_c + nadph_c + tpalm2eACP_c --> nadp_c + palmACP_c
EAR161x,0.10746855365505506,0.09610582523447574,0.0844725556610257,0.07310982724044669,0.06174709881986781,0.05038437039928876,0.03823292677802564,0.025915064201583717,0.013597201625141634,0.000986056606403377,,Cgl0719,0,0.09610582523447574,-2.83,h_c + nadh_c + t3c9palmeACP_c --> hdeACP_c + nad_c
EAR161y,0.0,0.0,0.0,0.0,0.0,0.0,0.0,0.0,0.0,0.0,,Cgl0719,0,0.0,0.0,h_c + nadph_c + t3c9palmeACP_c --> hdeACP_c + nadp_c
EAR180x,0.0018372244510737243,0.0016429733722678754,0.0014440972677761772,0.0012498461889703348,0.0010555951101644937,0.0008613440313586498,0.0006536095027216926,0.00044302996535261767,0.00023245042798354009,1.6857092105676166e-05,,Cgl0719,0,0.0016429733722678754,-2.83,h_c + nadh_c + toctd2eACP_c --> nad_c + ocdcaACP_c
EAR180y,0.0,0.0,0.0,0.0,0.0,0.0,0.0,0.0,0.0,0.0,,Cgl0719,0,0.0,0.0,h_c + nadph_c + toctd2eACP_c --> nadp_c + ocdcaACP_c
EAR181x,0.10530088268406756,0.09416734369342661,0.08276872044110395,0.07163518145046335,0.06050164245982284,0.049368103469182155,0.0374617578854152,0.025392350063628933,0.013322942241842517,0.0009661675671564953,,Cgl0719,0,0.09416734369342661,-2.83,h_c + nadh_c + t3c11vaceACP_c --> nad_c + octeACP_c
EAR181y,0.0,0.0,0.0,0.0,0.0,0.0,0.0,0.0,0.0,0.0,,Cgl0719,0,0.0,0.0,h_c + nadph_c + t3c11vaceACP_c --> nadp_c + octeACP_c
EAR40x,0.20077936404258578,0.1795508157046672,0.15781682573965572,0.1365882774017378,0.11535972906382004,0.09413118072590197,0.07142910612361869,0.04841611739018704,0.02540312865675509,0.001842211620146317,down,Cgl0719,0,0.1795508157046672,-2.83,but2eACP_c + h_c + nadh_c --> butACP_c + nad_c
EAR40y,0.0,0.0,0.0,0.0,0.0,0.0,0.0,0.0,0.0,0.0,,Cgl0719,0,0.0,0.0,but2eACP_c + h_c + nadph_c --> butACP_c + nadp_c
EAR60x,0.20077936404258578,0.1795508157046672,0.15781682573965572,0.1365882774017378,0.11535972906382004,0.09413118072590197,0.07142910612361869,0.04841611739018704,0.02540312865675509,0.001842211620146317,down,Cgl0719,0,0.1795508157046672,-2.83,h_c + nadh_c + thex2eACP_c --> hexACP_c + nad_c
EAR60y,0.0,0.0,0.0,0.0,0.0,0.0,0.0,0.0,0.0,0.0,,Cgl0719,0,0.0,0.0,h_c + nadph_c + thex2eACP_c --> hexACP_c + nadp_c
EAR80x,0.20077936404258578,0.1795508157046672,0.15781682573965572,0.1365882774017378,0.11535972906382004,0.09413118072590197,0.07142910612361869,0.04841611739018704,0.02540312865675509,0.001842211620146317,down,Cgl0719,0,0.1795508157046672,-2.83,h_c + nadh_c + toct2eACP_c --> nad_c + ocACP_c
EAR80y,0.0,0.0,0.0,0.0,0.0,0.0,0.0,0.0,0.0,0.0,,Cgl0719,0,0.0,0.0,h_c + nadph_c + toct2eACP_c --> nadp_c + ocACP_c
FA100ACPHi_num1,0.0,0.0,0.0,0.0,0.0,0.0,0.0,0.0,0.0,0.0,,Cgl2254,0,0.0,0.0,dcaACP_c + h2o_c --> ACP_c + dca_c + h_c
FA120ACPHi_num1,0.0,0.0,0.0,0.0,0.0,0.0,0.0,0.0,0.0,0.0,,Cgl2254,0,0.0,0.0,ddcaACP_c + h2o_c --> ACP_c + ddca_c + h_c
FA140ACPHi_num1,0.0,0.0,0.0,0.0,0.0,0.0,0.0,0.0,0.0,0.0,,Cgl2254,0,0.0,0.0,h2o_c + myrsACP_c --> ACP_c + h_c + ttdca_c
FA141ACPHi_num1,0.0,0.0,0.0,0.0,0.0,0.0,0.0,0.0,0.0,0.0,,Cgl2254,0,0.0,0.0,h2o_c + tdeACP_c --> ACP_c + h_c + ttdcea_c
FA160ACPHi_num1,0.0,0.0,0.0,0.0,0.0,0.0,0.0,0.0,0.0,0.0,,Cgl2254,0,0.0,0.0,h2o_c + palmACP_c --> ACP_c + h_c + hdca_c
FA161ACPHi_num1,0.0,0.0,0.0,0.0,0.0,0.0,0.0,0.0,0.0,0.0,,Cgl2254,0,0.0,0.0,h2o_c + hdeACP_c --> ACP_c + h_c + hdcea_c
FA80ACPHi_num1,0.0,0.0,0.0,0.0,0.0,0.0,0.0,0.0,0.0,0.0,,Cgl2254,0,0.0,0.0,h2o_c + ocACP_c --> ACP_c + h_c + octa_c
FACOAL100t2pp_num1,0.0,0.0,0.0,0.0,0.0,0.0,0.0,0.0,0.0,0.0,,Cgl0400 and Cgl2296,0,0.0,0.0,atp_c + coa_c + dca_e + h_e --> amp_c + dcacoa_c + h_c + ppi_c
FACOAL120t2pp_num1,0.0,0.0,0.0,0.0,0.0,0.0,0.0,0.0,0.0,0.0,,Cgl0400 and Cgl2296,0,0.0,0.0,atp_c + coa_c + ddca_e + h_e --> amp_c + ddcacoa_c + h_c + ppi_c
FACOAL140t2pp_num1,0.0,0.0,0.0,0.0,0.0,0.0,0.0,0.0,0.0,0.0,,Cgl0400 and Cgl2296,0,0.0,0.0,atp_c + coa_c + h_e + ttdca_e --> amp_c + h_c + ppi_c + tdcoa_c
FACOAL141t2pp_num1,0.0,0.0,0.0,0.0,0.0,0.0,0.0,0.0,0.0,0.0,,Cgl0400 and Cgl2296,0,0.0,0.0,atp_c + coa_c + h_e + ttdcea_e --> amp_c + h_c + ppi_c + tdecoa_c
FACOAL160t2pp_num1,0.0,0.0,0.0,0.0,0.0,0.0,0.0,0.0,0.0,0.0,,Cgl0400 and Cgl2296,0,0.0,0.0,atp_c + coa_c + h_e + hdca_e --> amp_c + h_c + pmtcoa_c + ppi_c
FACOAL161t2pp_num1,0.0,0.0,0.0,0.0,0.0,0.0,0.0,0.0,0.0,0.0,,Cgl0400 and Cgl2296,0,0.0,0.0,atp_c + coa_c + h_e + hdcea_e --> amp_c + h_c + hdcoa_c + ppi_c
FACOAL180t2pp_num1,0.0,0.0,0.0,0.0,0.0,0.0,0.0,0.0,0.0,0.0,,Cgl0400 and Cgl2296,0,0.0,0.0,atp_c + coa_c + h_e + ocdca_e --> amp_c + h_c + ppi_c + stcoa_c
FACOAL181t2pp_num1,0.0,0.0,0.0,0.0,0.0,0.0,0.0,0.0,0.0,0.0,,Cgl0400 and Cgl2296,0,0.0,0.0,atp_c + coa_c + h_e + ocdcea_e --> amp_c + h_c + odecoa_c + ppi_c
FACOAL60t2pp_num1,0.0,0.0,0.0,0.0,0.0,0.0,0.0,0.0,0.0,0.0,,Cgl0400 and Cgl2296,0,0.0,0.0,atp_c + coa_c + h_e + hxa_e --> amp_c + h_c + hxcoa_c + ppi_c
FACOAL80t2pp_num1,0.0,0.0,0.0,0.0,0.0,0.0,0.0,0.0,0.0,0.0,,Cgl0400 and Cgl2296,0,0.0,0.0,atp_c + coa_c + h_e + octa_e --> amp_c + h_c + occoa_c + ppi_c
G1PACT,0.0621738858959422,0.05560019567437989,0.048869989018971,0.04229629879740892,0.035722608575846866,0.029148918354284726,0.02211893196771489,0.014992667062654695,0.007866402157594411,0.0005704642786041611,,Cgl0943,0,0.05560019567437989,-2.83,accoa_c + gam1p_c --> acgam1p_c + coa_c + h_c
GF6PTA,0.0621738858959422,0.05560019567437989,0.048869989018971,0.04229629879740892,0.035722608575846866,0.029148918354284726,0.02211893196771489,0.014992667062654695,0.007866402157594411,0.0005704642786041611,,Cgl2271,0,0.05560019567437989,-2.83,f6p_c + gln__L_c --> gam6p_c + glu__L_c
GLUR,0.0,0.0,0.0,0.0,0.0,0.0,0.0,0.0,0.0,0.0,,Cgl2509,0,0.0,0.0,glu__D_c --> glu__L_c
INPTH,0.0,0.0,0.0,0.0,0.0,0.0,0.0,0.0,0.0,0.0,,Cgl2996,0,0.0,0.0,g6p_c --> mi1p__D_c
MI1PP_num1,0.0,0.0,0.0,0.0,0.0,0.0,0.0,0.0,0.0,0.0,,Cgl1909,0,0.0,0.0,h2o_c + mi1p__D_c --> inost_c + pi_c
PGAMT,0.0,0.0,0.0,0.0,0.0,0.0,0.0,0.0,0.0,0.0,,Cgl0583,0,0.0,0.0,gam1p_c --> gam6p_c
PIM,0.0007670441741083899,0.0006859440351323291,0.0006029129404663638,0.0005218128014903056,0.0004407126625142481,0.00035961252353818935,0.0002728830224916476,0.00018496572570682096,9.704842892199318e-05,7.037863166098573e-06,,,0,0.0006859440351323291,-2.83,pit_c --> pim_c
PIT,0.0012626766039752473,0.0011291728873434829,0.0009924905107919144,0.0008589867941601534,0.000725483077528395,0.0005919793608966323,0.00044920881971729186,0.0003044829779963922,0.00015975713627549106,1.1585441180283432e-05,,,0,0.0011291728873434829,-2.83,cdpdag_c --> pit_c
T2DECAI,0.10985652230598492,0.09824131222137887,0.086349549515711,0.07473433943110529,0.0631191293464997,0.05150391926189393,0.039082468597228553,0.026490901121273253,0.013899333645317783,0.001007966943744395,,,0,0.09824131222137887,-2.83,tdec2eACP_c --> cdec3eACP_c
TDPGDH_num1,0.0,0.0,0.0,0.0,0.0,0.0,0.0,0.0,0.0,0.0,,Cgl0323,0,0.0,0.0,dtdpglu_c --> dtdp4d6dg_c + h2o_c
UAAGDS,0.020724628631980734,0.018533398558126628,0.016289996339656998,0.01409876626580297,0.011907536191948955,0.009716306118094908,0.007372977322571629,0.004997555687551565,0.0026221340525314704,0.00019015475953472038,,Cgl2163,0,0.018533398558126628,-2.83,26dap__M_c + atp_c + uamag_c --> adp_c + h_c + pi_c + ugmd_c
UAGCVT_num1,0.04144925726396147,0.037066797116253256,0.032579992679313996,0.02819753253160594,0.02381507238389791,0.019432612236189816,0.014745954645143259,0.00999511137510313,0.005244268105062941,0.00038030951906944076,,Cgl0352,0,0.037066797116253256,-2.83,pep_c + uacgam_c --> pi_c + uaccg_c
UAGDP,0.0621738858959422,0.05560019567437989,0.048869989018971,0.04229629879740892,0.035722608575846866,0.029148918354284726,0.02211893196771489,0.014992667062654695,0.007866402157594411,0.0005704642786041611,,Cgl0943,0,0.05560019567437989,-2.83,acgam1p_c + h_c + utp_c --> ppi_c + uacgam_c
UAGPT3,0.0,0.0,0.0,0.0,0.0,0.0,0.0,0.0,0.0,0.0,,Cgl2158,0,0.0,0.0,uacgam_c + uagmda_c --> h_c + uaagmda_c + udp_c
UAMAGS,0.020724628631980734,0.018533398558126628,0.016289996339656998,0.01409876626580297,0.011907536191948955,0.009716306118094908,0.007372977322571629,0.004997555687551565,0.0026221340525314704,0.00019015475953472038,,Cgl2160,0,0.018533398558126628,-2.83,atp_c + glu__D_c + uama_c --> adp_c + h_c + pi_c + uamag_c
UAMAS,0.020724628631980734,0.018533398558126628,0.016289996339656998,0.01409876626580297,0.011907536191948955,0.009716306118094908,0.007372977322571629,0.004997555687551565,0.0026221340525314704,0.00019015475953472038,,Cgl2157,0,0.018533398558126628,-2.83,ala__L_c + atp_c + uamr_c --> adp_c + h_c + pi_c + uama_c
UAMDH_num1,0.04144925726396147,0.0,0.0,0.0,0.0,0.0,0.0,0.0,0.0,0.0,,Cgl0353,0,0.0,0.0,h_c + nadph_c + uaccg_c --> nadp_c + uamr_c
UDCPDP,0.0,0.0,0.0,0.0,0.0,0.0,0.0,0.0,0.0,0.0,,Cgl1515,0,0.0,0.0,h2o_c + udcpdp_c --> h_c + pi_c + udcpp_c
UDPGALM,0.0,0.0,0.0,0.0,0.0,0.0,0.0,0.0,0.0,0.0,,Cgl2888,0,0.0,0.0,udpgal_c --> udpgalfur_c
UDPGD_num1,0.0,0.0,0.0,0.0,0.0,0.0,0.0,0.0,0.0,0.0,,Cgl0360,0,0.0,0.0,h2o_c + 2.0 nad_c + udpg_c --> 3.0 h_c + 2.0 nadh_c + udpglcur_c
UGMDDS,0.0,0.0,0.0,0.0,0.0,0.0,0.0,0.0,0.0,0.0,,Cgl2162,0,0.0,0.0,alaala_c + atp_c + ugmd_c --> adp_c + h_c + pi_c + ugmda_c
3OAR121,0.10985652230598492,0.09824131222137887,0.086349549515711,0.07473433943110529,0.0631191293464997,0.05150391926189393,0.039082468597228553,0.026490901121273253,0.013899333645317783,0.001007966943744395,,Cgl0286 and Cgl0744,0,0.09824131222137887,-2.83,3ocddec5eACP_c + h_c + nadph_c --> 3hcddec5eACP_c + nadp_c
3OAR141,0.10985652230598492,0.09824131222137887,0.086349549515711,0.07473433943110529,0.0631191293464997,0.05150391926189393,0.039082468597228553,0.026490901121273253,0.013899333645317783,0.001007966943744395,,Cgl0286 and Cgl0744,0,0.09824131222137887,-2.83,3ocmrs7eACP_c + h_c + nadph_c --> 3hcmrs7eACP_c + nadp_c
3OAR161,0.10746855365505506,0.09610582523447574,0.0844725556610257,0.07310982724044669,0.06174709881986781,0.05038437039928876,0.03823292677802564,0.025915064201583717,0.013597201625141634,0.000986056606403377,,Cgl0286 and Cgl0744,0,0.09610582523447574,-2.83,3ocpalm9eACP_c + h_c + nadph_c --> 3hcpalm9eACP_c + nadp_c
3OAR181,0.10530088268406756,0.09416734369342661,0.08276872044110395,0.07163518145046335,0.06050164245982284,0.049368103469182155,0.0374617578854152,0.025392350063628933,0.013322942241842517,0.0009661675671564953,,Cgl0286 and Cgl0744,0,0.09416734369342661,-2.83,3ocvac11eACP_c + h_c + nadph_c --> 3hcvac11eACP_c + nadp_c
G1PTT,0.0,0.0,0.0,0.0,0.0,0.0,0.0,0.0,0.0,0.0,,Cgl0332,0,0.0,0.0,dttp_c + g1p_c + h_c --> dtdpglu_c + ppi_c
GALUi_num1,0.0,0.03384041137898319,0.029744149502164762,0.02574314952945844,0.0336496857487011,0.01774114958404578,0.01346243026616043,0.01412266783715058,0.004787794033037543,0.00034720643751034785,,Cgl0367,0,0.03384041137898319,-1.723,g1p_c + h_c + utp_c --> ppi_c + udpg_c
PAPPT3,0.0,0.0,0.0,0.0,0.0,0.0,0.0,0.0,0.0,0.0,,Cgl2161,0,0.0,0.0,udcpp_c + ugmda_c --> uagmda_c + ump_c
ACONTa,2.5277672522154524,2.114974580294245,1.6923535114225317,1.2795608395013256,0.8667681675801215,0.4539754956589151,0.21731633471485817,0.14730148175381805,0.07728662879277702,0.005604755523140183,down,Cgl1540,0,2.114974580294245,-4.782,cit_c --> acon_C_c + h2o_c
ACONTb,2.5277672522154524,2.114974580294245,1.6923535114225317,1.2795608395013256,0.8667681675801215,0.4539754956589151,0.21731633471485817,0.14730148175381805,0.07728662879277702,0.005604755523140183,down,Cgl1540,0,2.114974580294245,-4.782,acon_C_c + h2o_c --> icit_c
AKGDH,1.9169656410823972,1.5687534682012523,1.2122505292991257,0.8640383564179803,0.5158261835368365,0.16761401065569123,1.804158525899545e-05,1.2228957594581457e-05,6.4163299301673905e-06,4.653063689815935e-07,,Cgl1129 and Cgl0366 and Cgl2207,0,1.5687534682012523,-17.907,akg_c + coa_c + nad_c --> co2_c + nadh_c + succoa_c
CITL,0.0,0.0,0.0,0.0,0.0,0.0,0.0,0.0,0.0,0.0,,Cgl0862,0,0.0,0.0,cit_c --> ac_c + oaa_c
CS_num1,2.5277672522154524,2.114974580294245,1.6923535114225317,1.2795608395013256,0.8667681675801215,0.4539754956589151,0.21731633471485817,0.14730148175381805,0.07728662879277702,0.005604755523140183,down,Cgl0696,0,2.114974580294245,-4.782,accoa_c + h2o_c + oaa_c --> cit_c + coa_c + h_c
FRD2,0.0,0.0,0.0,0.0,0.0,0.028593291096734943,0.02169730803780515,0.014706881690376714,0.007716455342948188,0.0005595902729618779,,Cgl0370 and Cgl0371 and Cgl0372,0,0.0,0.0,fum_c + mql8_c --> mqn8_c + succ_c
FRD3,0.0,14.173775960860752,0.0,11.346899960779592,0.0,0.0,7.120193478037523,5.717815340628254,0.0,0.0,unchanged,Cgl0370 and Cgl0371 and Cgl0372,0,14.173775960860752,-1.31,2dmmql8_c + fum_c --> 2dmmq8_c + succ_c
FUM,2.176771015714695,1.8010894314220254,1.4164630475033275,1.040781463210641,0.6650998789179539,0.2894182946252719,0.09244619407289201,0.0626619319127788,0.03287766975267514,0.0023842584935129807,down,Cgl1010,0,1.8010894314220254,-5.784,fum_c + h2o_c --> mal__L_c
ICDHyr,2.5277672522154524,2.114974580294245,1.6923535114225317,1.2795608395013256,0.8667681675801215,0.4539754956589151,0.21731633471485817,0.14730148175381805,0.07728662879277702,0.005604755523140183,down,Cgl0664,0,2.114974580294245,-4.782,icit_c + nadp_c --> akg_c + co2_c + nadph_c
MDH,2.176771015714695,1.8010894314220254,1.4164630475033275,1.040781463210641,0.6650998789179539,0.2894182946252719,0.0,0.0,0.0,0.0,unchanged,Cgl2380,0,1.8010894314220254,0.0,mal__L_c + nad_c --> h_c + nadh_c + oaa_c
MDH2,0.0,0.0,0.0,0.0,0.0,0.0,0.0,0.0,0.0,0.0,,Cgl2001,0,0.0,0.0,mal__L_c + q8_c --> oaa_c + q8h2_c
MDH3,0.0,0.0,0.0,0.0,0.0,0.0,0.0,0.0,0.0,0.0,,Cgl2380,0,0.0,0.0,mal__L_c + mqn8_c --> mql8_c + oaa_c
PYRC,0.0,0.0,0.0,0.024068806651608154,0.36076070235611635,0.6736375256767337,3.6703085530178843,2.898402266519822,4.231123205674201,8.519765833948346,,Cgl0689,0,0.0,0.0,atp_c + hco3_c + pyr_c --> adp_c + h_c + oaa_c + pi_c
SUCOAS,1.8807980839663427,1.5364099332309187,1.1838220646208395,0.839433913885415,0.49504576314999166,0.15065761241456715,0.0,0.0,0.0,0.0,unchanged,Cgl2566 and Cgl2565,0,1.5364099332309187,0.0,adp_c + pi_c + succoa_c --> atp_c + coa_c + succ_c
2MAHMP,0.0,0.0,0.0,0.0,0.0,0.0,0.0,0.0,0.0,0.0,,Cgl1176,0,0.0,0.0,2mahmp_c + h2o_c --> 4ampm_c + h_c + pi_c
ACBIPGT,0.0,0.0,0.0,0.0,0.0,0.0,0.0,0.0,0.0,0.0,,Cgl2199,0,0.0,0.0,adocbip_c + gtp_c + h_c --> agdpcbi_c + ppi_c
ACPS1_num1,0.0,0.0,0.0,0.0,0.0,0.0,0.0,0.0,0.0,0.0,,Cgl2491,0,0.0,0.0,apoACP_c + coa_c --> ACP_c + h_c + pap_c
ADCL,0.0,0.0,0.0,0.0,0.0,0.0,0.0,0.0,0.0,0.0,,Cgl2580,0,0.0,0.0,4adcho_c --> 4abz_c + h_c + pyr_c
ADCS,0.0,0.0,0.0,0.0,0.0,0.0,0.0,0.0,0.0,0.0,,Cgl0997,0,0.0,0.0,chor_c + gln__L_c --> 4adcho_c + glu__L_c
ADOCBIK,0.0,0.0,0.0,0.0,0.0,0.0,0.0,0.0,0.0,0.0,,Cgl2199,0,0.0,0.0,adocbi_c + atp_c --> adocbip_c + adp_c + h_c
ADOCBLS,0.0,0.0,0.0,0.0,0.0,0.0,0.0,0.0,0.0,0.0,,Cgl2201,0,0.0,0.0,agdpcbi_c + rdmbzi_c --> adocbl_c + gmp_c + h_c
ALATA_D2,0.0,0.0,0.0,0.0,0.0,0.0,0.0,0.0,0.0,0.0,,Cgl0996,0,0.0,0.0,ala__D_c + pydx5p_c --> pyam5p_c + pyr_c
ALATA_L2,0.0,0.0,0.0,0.0,0.0,0.0,0.0,0.0,0.0,0.0,,Cgl0996,0,0.0,0.0,ala__L_c + pydx5p_c --> pyam5p_c + pyr_c
AMAOTr,0.0,0.0,0.0,0.0,0.0,0.0,0.0,0.0,0.0,0.0,,Cgl2604,0,0.0,0.0,8aonn_c + amet_c --> amob_c + dann_c
AMMQLT8,0.0,0.0,0.0,0.0,0.0,0.0,0.0,0.0,0.0,0.0,,Cgl0471,0,0.0,0.0,2dmmql8_c + amet_c --> ahcys_c + h_c + mql8_c
AMPMS2,0.0,0.0,0.0,0.0,0.0,0.0,0.0,0.0,0.0,0.0,,Cgl1305,0,0.0,0.0,air_c + h2o_c + nad_c --> 4ampm_c + 2.0 for_c + 3.0 h_c + nadh_c
ASP1DC,0.0002973634530020197,0.0002659229986200634,0.00023373396199108428,0.00020229350760953002,0.00017085305322757735,0.00013941259884595048,0.00010578978443842729,7.170649193326337e-05,3.762319942809902e-05,2.7283999585262e-06,,Cgl0135,0,0.0002659229986200634,-2.83,asp__L_c + h_c --> ala_B_c + co2_c
ASPO5,0.0011756164614866761,0.001051317677103106,0.0009240593978560548,0.0007997606134738682,0.0006754618290916826,0.000551163044709495,0.00041823637298897895,0.000283489216516806,0.0001487420600446314,1.0786637942167667e-05,,,0,0.001051317677103106,-2.83,asp__L_c + fum_c --> h_c + iasp_c + succ_c
BMOCOS_num1,0.0,0.0,0.0,0.0,0.0,0.0,0.0,0.0,0.0,0.0,,Cgl0212,0,0.0,0.0,moco_c + mptamp_c --> amp_c + bmoco_c + cu2_c
BTS4,0.0,0.0,0.0,0.0,0.0,0.0,0.0,0.0,0.0,0.0,,Cgl0072,0,0.0,0.0,amet_c + dtbt_c + s_c --> btn_c + dad_5_c + h_c + met__L_c
BWCOS_num1,0.0,0.0,0.0,0.0,0.0,0.0,0.0,0.0,0.0,0.0,,Cgl0212,0,0.0,0.0,mptamp_c + wco_c --> amp_c + bwco_c + cu2_c
CDPMEK,0.00031422278037843734,0.0002809997770386916,0.0002469857498099051,0.00021376274647016055,0.0001805397431304162,0.00014731673979067136,0.00011178764527488677,7.57719653810965e-05,3.975628548730581e-05,2.8830894055679093e-06,,Cgl0911,0,0.0002809997770386916,-2.83,4c2me_c + atp_c --> 2p4c2me_c + adp_c + h_c
CPMPS_num1,0.0,0.0,0.0,0.0,0.0,0.0,0.0,0.0,0.0,0.0,,Cgl1197,0,0.0,0.0,gtp_c + h2o_c --> cpmp_c + ppi_c
CPPPGO,0.0,0.0,0.0,0.0,0.0,0.0,0.0,0.0,0.0,0.0,,,0,0.0,0.0,cpppg3_c + 2.0 h_c + o2_c --> 2.0 co2_c + 2.0 h2o_c + pppg9_c
CPPPGO2,0.0,0.0,0.0,0.0,0.0,0.0,0.0,0.0,0.0,0.0,,Cgl2292,0,0.0,0.0,2.0 amet_c + cpppg3_c --> 2.0 co2_c + 2.0 dad_5_c + 2.0 met__L_c + pppg9_c
DB4PS,0.0,0.0,0.0,0.0,0.0,0.0,0.0,0.0,0.0,0.0,,Cgl1595,0,0.0,0.0,ru5p__D_c --> db4p_c + for_c + h_c
DBTS,0.0,0.0,0.0,0.0,0.0,0.0,0.0,0.0,0.0,0.0,,Cgl2605,0,0.0,0.0,atp_c + co2_c + dann_c --> adp_c + dtbt_c + 3.0 h_c + pi_c
DHFR,0.0,0.0,0.0,0.0,0.0019506388780118065,0.0,0.0012078078941159744,0.0,0.0,3.115029514150914e-05,,Cgl0843,0,0.0,0.0,dhf_c + h_c + nadph_c --> nadp_c + thf_c
DHFS,0.0,0.0,0.0,0.0,0.0,0.0,0.0,0.0,0.0,0.0,,Cgl2375,0,0.0,0.0,atp_c + dhpt_c + glu__L_c --> adp_c + dhf_c + h_c + pi_c
DHNCOAS,0.0,0.0,0.0,0.0,0.0,0.0,0.0,0.0,0.0,0.0,,cg2548,0,0.0,0.0,h_c + sbzcoa_c --> 14dhncoa_c + h2o_c
DHNCOAT,0.0,0.0,0.0,0.0,0.0,0.0,0.0,0.0,0.0,0.0,,Cgl1664,0,0.0,0.0,14dhncoa_c + h2o_c --> coa_c + dhna_c + h_c
DHPPDA2_num1,0.0,0.0,0.0,0.0,0.0,0.0,0.0,0.0,0.0,0.0,,Cgl1597,0,0.0,0.0,25drapp_c + h2o_c + h_c --> 5apru_c + nh4_c
DHPS2_num1,0.0,0.0,0.0,0.0,0.0,0.0,0.0,0.0,0.0,0.0,,Cgl1111,0,0.0,0.0,4abz_c + 6hmhptpp_c --> dhpt_c + ppi_c
DHPTPE,0.0,0.0,0.0,0.0,0.0,0.0,0.0,0.0,0.0,0.0,,Cgl2693,0,0.0,0.0,ahdt_c --> dhmptp_c
DMATT_num1,2.856570730713067e-05,2.5545434276244696e-05,2.2453249982718648e-05,1.9432976951832776e-05,1.6412703920946927e-05,1.3392430890061035e-05,1.0162513206807887e-05,6.888360489190592e-06,3.6142077715732554e-06,2.620990368698099e-07,,Cgl0626,0,2.5545434276244696e-05,-2.83,dmpp_c + ipdp_c --> grdp_c + ppi_c
DMPPS,2.856570730713067e-05,2.5545434276244696e-05,2.2453249982718648e-05,1.9432976951832776e-05,1.6412703920946927e-05,1.3392430890061035e-05,1.0162513206807887e-05,6.888360489190592e-06,3.6142077715732554e-06,2.620990368698099e-07,,Cgl1026,0,2.5545434276244696e-05,-2.83,h2mb4p_c + h_c + nadh_c --> dmpp_c + h2o_c + nad_c
DPCOAK,0.0002973634530020197,0.0002659229986200634,0.00023373396199108428,0.00020229350760953002,0.00017085305322757735,0.00013941259884595048,0.00010578978443842729,7.170649193326337e-05,3.762319942809902e-05,2.7283999585262e-06,,Cgl1361,0,0.0002659229986200634,-2.83,atp_c + dpcoa_c --> adp_c + coa_c + h_c
DPR,0.0002973634530020197,0.0002659229986200634,0.00023373396199108428,0.00020229350760953002,0.00017085305322757735,0.00013941259884595048,0.00010578978443842729,7.170649193326337e-05,3.762319942809902e-05,2.7283999585262e-06,,Cgl1089,0,0.0002659229986200634,-2.83,2dhp_c + h_c + nadph_c --> nadp_c + pant__R_c
DXPRIi,0.00031422278037843734,0.0002809997770386916,0.0002469857498099051,0.00021376274647016055,0.0001805397431304162,0.00014731673979067136,0.00011178764527488677,7.57719653810965e-05,3.975628548730581e-05,2.8830894055679093e-06,,Cgl2016,0,0.0002809997770386916,-2.83,dxyl5p_c + h_c + nadph_c --> 2me4p_c + nadp_c
DXPS,0.00031422278037843734,0.0002809997770386916,0.0002469857498099051,0.00021376274647016055,0.0001805397431304162,0.00014731673979067136,0.00011178764527488677,7.57719653810965e-05,3.975628548730581e-05,2.8830894055679093e-06,,Cgl1902,0,0.0002809997770386916,-2.83,g3p_c + h_c + pyr_c --> co2_c + dxyl5p_c
FCLT,0.0,0.0,0.0,0.0,0.0,0.0,0.0,0.0,0.0,0.0,,Cgl1537 and Cgl2597,0,0.0,0.0,fe2_c + ppp9_c --> 2.0 h_c + pheme_c
FMNAT,0.0,0.0,0.0,0.0,0.0,0.0,0.0,0.0,0.0,0.0,,Cgl1978,0,0.0,0.0,atp_c + fmn_c + h_c --> fad_c + ppi_c
G1SAT,0.0,0.0,0.0,0.0,0.0,0.0,0.0,0.0,0.0,0.0,,Cgl0437,0,0.0,0.0,glu1sa_c --> 5aop_c
GDPDPK,0.0,0.0,0.0,0.0,0.0,0.0,0.0,0.0,0.0,0.0,,Cgl1177,0,0.0,0.0,atp_c + gdp_c --> amp_c + h_c + ppgpp_c
GDPTPDP,0.0,0.0,0.0,0.0,0.0,0.0,0.0,0.0,0.0,0.0,,Cgl1313,0,0.0,0.0,gdptp_c + h2o_c --> gtp_c + ppi_c
GLUCYS,0.0,0.0,0.0,0.0,0.0,0.0,0.0,0.0,0.0,0.0,,Cgl2736,0,0.0,0.0,atp_c + cys__L_c + glu__L_c --> adp_c + glucys_c + h_c + pi_c
GLUTRR,0.0,0.0,0.0,0.0,0.0,0.0,0.0,0.0,0.0,0.0,,Cgl0347,0,0.0,0.0,glutrna_c + h_c + nadph_c --> glu1sa_c + nadp_c + trnaglu_c
GLYOD,0.0,0.0,0.0,0.0,0.0,0.0,0.0,0.0,0.0,0.0,,Cgl2315,0,0.0,0.0,glyclt_c + o2_c --> glx_c + h2o2_c
GRTT_num1,2.856570730713067e-05,2.5545434276244696e-05,2.2453249982718648e-05,1.9432976951832776e-05,1.6412703920946927e-05,1.3392430890061035e-05,1.0162513206807887e-05,6.888360489190592e-06,3.6142077715732554e-06,2.620990368698099e-07,,Cgl0626,0,2.5545434276244696e-05,-2.83,grdp_c + ipdp_c --> frdp_c + ppi_c
GTHOr,0.0,0.0,0.0,0.0,0.0,0.0,0.0,0.0,0.0,0.0,,Cgl2003,0,0.0,0.0,gthox_c + h_c + nadph_c --> 2.0 gthrd_c + nadp_c
GTHRDHpp,0.0,0.0,0.0,0.0,0.0,0.0,0.0,0.0,0.0,0.0,,Cgl0954,0,0.0,0.0,gthrd_c + h2o_c --> cgly_c + glu__L_c
GTPCI,0.0,0.0,0.0,0.0,0.0,0.0,0.0,0.0,0.0,0.0,,Cgl2695,0,0.0,0.0,gtp_c + h2o_c --> ahdt_c + for_c + h_c
GTPDPDP_num1,0.0,0.0,0.0,0.0,0.0,0.0,0.0,0.0,0.0,0.0,,Cgl0977,0,0.0,0.0,gdptp_c + h2o_c --> h_c + pi_c + ppgpp_c
GTPDPK,0.0,0.0,0.0,0.0,0.0,0.0,0.0,0.0,0.0,0.0,,Cgl1653,0,0.0,0.0,atp_c + gtp_c --> amp_c + gdptp_c + h_c
HETZK,0.0,0.0,0.0,0.0,0.0,0.0,0.0,0.0,0.0,0.0,,Cgl1464,0,0.0,0.0,4mhetz_c + atp_c --> 4mpetz_c + adp_c + h_c
HMBS,0.0,0.0,0.0,0.0,0.0,0.0,0.0,0.0,0.0,0.0,,Cgl0418,0,0.0,0.0,h2o_c + 4.0 ppbng_c --> hmbil_c + 4.0 nh4_c
HPPK2,0.0,0.0,0.0,0.0,0.0,0.0,0.0,0.0,0.0,0.0,,Cgl2692,0,0.0,0.0,6hmhpt_c + atp_c --> 6hmhptpp_c + amp_c + h_c
ICHORS,0.0,0.0,0.0,0.0,0.0,0.0,0.0,0.0,0.0,0.0,,Cgl1292,0,0.0,0.0,chor_c --> ichor_c
IPDDI,0.0,0.0,0.0,0.0,0.0,0.0,0.0,0.0,0.0,0.0,,Cgl2305,0,0.0,0.0,ipdp_c --> dmpp_c
IPDPS,0.0002856570730713067,0.00025545434276244696,0.00022453249982718647,0.00019432976951832778,0.00016412703920946927,0.00013392430890061033,0.00010162513206807888,6.888360489190592e-05,3.614207771573255e-05,2.6209903686980993e-06,,Cgl1026,0,0.00025545434276244696,-2.83,h2mb4p_c + h_c + nadh_c --> h2o_c + ipdp_c + nad_c
LIPAMPL,0.0,0.0,0.0,0.0,0.0,0.0,0.0,0.0,0.0,0.0,,Cgl1074,0,0.0,0.0,lipoamp_c --> amp_c + lipopb_c
LIPATPT,0.0,0.0,0.0,0.0,0.0,0.0,0.0,0.0,0.0,0.0,,Cgl1074,0,0.0,0.0,atp_c + lipoate_c --> lipoamp_c + ppi_c
LIPOCT,0.0,0.0,0.0,0.0,0.0,0.0,0.0,0.0,0.0,0.0,,Cgl2208,0,0.0,0.0,h_c + ocACP_c --> ACP_c + octapb_c
LIPOS,0.0,0.0,0.0,0.0,0.0,0.0,0.0,0.0,0.0,0.0,,Cgl2209,0,0.0,0.0,4fe4s_c + 2.0 amet_c + h_c + nad_c + octapb_c --> 2fe2s_c + 2.0 dad_5_c + 2.0 fe2_c + lipopb_c + 2.0 met__L_c + nadh_c
MECDPDH2,0.00031422278037843734,0.0002809997770386916,0.0002469857498099051,0.00021376274647016055,0.0001805397431304162,0.00014731673979067136,0.00011178764527488677,7.57719653810965e-05,3.975628548730581e-05,2.8830894055679093e-06,,Cgl2014,0,0.0002809997770386916,-2.83,2mecdp_c + nadh_c --> h2mb4p_c + h2o_c + nad_c
MECDPS,0.00031422278037843734,0.0002809997770386916,0.0002469857498099051,0.00021376274647016055,0.0001805397431304162,0.00014731673979067136,0.00011178764527488677,7.57719653810965e-05,3.975628548730581e-05,2.8830894055679093e-06,,Cgl2659,0,0.0002809997770386916,-2.83,2p4c2me_c --> 2mecdp_c + cmp_c
MEPCT,0.00031422278037843734,0.0002809997770386916,0.0002469857498099051,0.00021376274647016055,0.0001805397431304162,0.00014731673979067136,0.00011178764527488677,7.57719653810965e-05,3.975628548730581e-05,2.8830894055679093e-06,,Cgl2660,0,0.0002809997770386916,-2.83,2me4p_c + ctp_c + h_c --> 4c2me_c + ppi_c
MOCOS_num1,0.0,0.0,0.0,0.0,0.0,0.0,0.0,0.0,0.0,0.0,,Cgl0212,0,0.0,0.0,2.0 h_c + mobd_c + mptamp_c --> amp_c + cu2_c + h2o_c + moco_c
MOHMT,0.0002973634530020197,0.0002659229986200634,0.00023373396199108428,0.00020229350760953002,0.00017085305322757735,0.00013941259884595048,0.00010578978443842729,7.170649193326337e-05,3.762319942809902e-05,2.7283999585262e-06,,Cgl0114,0,0.0002659229986200634,-2.83,3mob_c + h2o_c + mlthf_c --> 2dhp_c + thf_c
MPTAT,0.0,0.0,0.0,0.0,0.0,0.0,0.0,0.0,0.0,0.0,,Cgl1191,0,0.0,0.0,atp_c + h_c + mpt_c --> mptamp_c + ppi_c
MPTS,0.0,0.0,0.0,0.0,0.0,0.0,0.0,0.0,0.0,0.0,,Cgl0209,0,0.0,0.0,cpmp_c + cu2_c + 2.0 moadcosh_c --> 5.0 h_c + 2.0 moadcoo_c + mpt_c
MPTSS,0.0,0.0,0.0,0.0,0.0,0.0,0.0,0.0,0.0,0.0,,Cgl0208,0,0.0,0.0,atp_c + h_c + moadcoo_c --> moadamp_c + ppi_c
MSDHD_num1,0.0,0.0,0.0,0.0,0.0,0.0,0.0,0.0,0.0,0.0,,Cgl0160,0,0.0,0.0,coa_c + msa_c + nad_c --> accoa_c + co2_c + nadh_c
NADDP_num1,0.0,0.0,0.0,0.0,0.0,0.0,0.0,0.0,0.0,0.0,,Cgl0778,0,0.0,0.0,h2o_c + nad_c --> amp_c + 2.0 h_c + nmn_c
NADK,0.00023051355624214382,0.00020614119011365265,0.00018118852955614848,0.0001568161634290168,0.00013244379730175434,0.0001080714311746021,8.20073185821054e-05,5.5586247382883106e-05,2.916517618366054e-05,2.1150318606470883e-06,,Cgl1413,0,0.00020614119011365265,-2.83,atp_c + nad_c --> adp_c + h_c + nadp_c
NADPPPS_num1,0.0,0.0,0.0,0.0,0.0,0.0,0.0,0.0,0.0,0.0,,Cgl0299,0,0.0,0.0,h2o_c + nadp_c --> nad_c + pi_c
NADS1,0.0011756164614866761,0.001051317677103106,0.0009240593978560548,0.0007997606134738682,0.0006754618290916826,0.000551163044709495,0.00041823637298897895,0.000283489216516806,0.0001487420600446314,1.0786637942167667e-05,,Cgl2534,0,0.001051317677103106,-2.83,atp_c + dnad_c + nh4_c --> amp_c + h_c + nad_c + ppi_c
NNAM,0.0,0.0,0.0,0.0,0.0,0.0,0.0,0.0,0.0,0.0,,Cgl2487,0,0.0,0.0,h2o_c + ncam_c --> nac_c + nh4_c
NNDMBRT,0.0,0.0,0.0,0.0,0.0,0.0,0.0,0.0,0.0,0.0,,Cgl2200,0,0.0,0.0,dmbzid_c + nicrnt_c --> 5prdmbz_c + h_c + nac_c
NNDPR,0.0011756164614866761,0.001051317677103106,0.0009240593978560548,0.0007997606134738682,0.0006754618290916826,0.000551163044709495,0.00041823637298897895,0.000283489216516806,0.0001487420600446314,1.0786637942167667e-05,,Cgl1068,0,0.001051317677103106,-2.83,2.0 h_c + prpp_c + quln_c --> co2_c + nicrnt_c + ppi_c
NPHS,0.0,0.0,0.0,0.0,0.0,0.0,0.0,0.0,0.0,0.0,,Cgl0463,0,0.0,0.0,sbzcoa_c --> coa_c + dhna_c
OCTDPS,0.0,0.0,0.0,0.0,0.0,0.0,0.0,0.0,0.0,0.0,,Cgl0473,0,0.0,0.0,frdp_c + 5.0 ipdp_c --> octdp_c + 5.0 ppi_c
OCTNLL,0.0,0.0,0.0,0.0,0.0,0.0,0.0,0.0,0.0,0.0,,Cgl1074,0,0.0,0.0,atp_c + h_c + octa_c --> amp_c + octapb_c + ppi_c
OHPBAT,0.0,0.0,0.0,0.0,0.0,0.0,0.0,0.0,0.0,0.0,,Cgl0828,0,0.0,0.0,glu__L_c + ohpb_c --> akg_c + phthr_c
OMBZLM,0.0,0.0,0.0,0.0,0.0,0.0,0.0,0.0,0.0,0.0,,Cgl0471,0,0.0,0.0,2ombzl_c + amet_c --> 2ommbl_c + ahcys_c + h_c
PANTS_num1,0.0002973634530020197,0.0002659229986200634,0.00023373396199108428,0.00020229350760953002,0.0,0.00013941259884595048,0.00010578978443842729,7.170649193326337e-05,0.0,2.7283999585262e-06,,Cgl0113,0,0.0002659229986200634,-3.421,ala_B_c + atp_c + pant__R_c --> amp_c + h_c + pnto__R_c + ppi_c
PMPK,0.0,0.0,0.0,0.0,0.0,0.0,0.0,0.0,0.0,0.0,,Cgl1463,0,0.0,0.0,4ampm_c + atp_c --> 2mahmp_c + adp_c
PNTK,0.0002973634530020197,0.0002659229986200634,0.00023373396199108428,0.00020229350760953002,0.00017085305322757735,0.00013941259884595048,0.00010578978443842729,7.170649193326337e-05,3.762319942809902e-05,2.7283999585262e-06,,Cgl0995,0,0.0002659229986200634,-2.83,atp_c + pnto__R_c --> 4ppan_c + adp_c + h_c
PPBNGS,0.0,0.0,0.0,0.0,0.0,0.0,0.0,0.0,0.0,0.0,,Cgl0431,0,0.0,0.0,2.0 5aop_c --> 2.0 h2o_c + h_c + ppbng_c
PPCDC,0.0002973634530020197,0.0002659229986200634,0.00023373396199108428,0.00020229350760953002,0.00017085305322757735,0.00013941259884595048,0.00010578978443842729,7.170649193326337e-05,3.762319942809902e-05,2.7283999585262e-06,,Cgl1604,0,0.0002659229986200634,-2.83,4ppcys_c + h_c --> co2_c + pan4p_c
PPGPPDP,0.0,0.0,0.0,0.0,0.0,0.0,0.0,0.0,0.0,0.0,,Cgl1653,0,0.0,0.0,h2o_c + ppgpp_c --> gdp_c + ppi_c
PPNCL2,0.0002973634530020197,0.0002659229986200634,0.00023373396199108428,0.00020229350760953002,0.00017085305322757735,0.00013941259884595048,0.00010578978443842729,7.170649193326337e-05,3.762319942809902e-05,2.7283999585262e-06,,Cgl1604,0,0.0002659229986200634,-2.83,4ppan_c + ctp_c + cys__L_c --> 4ppcys_c + cmp_c + h_c + ppi_c
PPPGO,0.0,0.0,0.0,0.0,0.0,0.0,0.0,0.0,0.0,0.0,,Cgl0436,0,0.0,0.0,1.5 o2_c + pppg9_c --> 3.0 h2o_c + ppp9_c
PPPGO3,0.0,0.0,0.0,0.0,0.0,0.0,0.0,0.0,0.0,0.0,,Cgl0436,0,0.0,0.0,3.0 fum_c + pppg9_c --> ppp9_c + 3.0 succ_c
PTPATi,0.0002973634530020197,0.0002659229986200634,0.00023373396199108428,0.00020229350760953002,0.00017085305322757735,0.00013941259884595048,0.00010578978443842729,7.170649193326337e-05,3.762319942809902e-05,2.7283999585262e-06,,Cgl1329,0,0.0002659229986200634,-2.83,atp_c + h_c + pan4p_c --> dpcoa_c + ppi_c
PY5PSH,0.00011525619652391682,0.00010307007495300847,9.059380763041208e-05,7.840768605950414e-05,6.622156448859628e-05,5.403544291768823e-05,4.1003452382513496e-05,2.7792983444577694e-05,1.4582514506641729e-05,1.057510593993077e-06,,Cgl0788 and Cgl0789,0,0.00010307007495300847,-2.83,g3p_c + gln__L_c + r5p_c --> glu__L_c + 3.0 h2o_c + h_c + pi_c + pydx5p_c
PYDAMK,0.0,0.0,0.0,0.0,0.0,0.0,0.0,0.0,0.0,0.0,,Cgl0913 and Cgl3079,0,0.0,0.0,atp_c + pydam_c --> adp_c + h_c + pyam5p_c
PYDXK,0.0,0.0,0.0,0.0,0.0,0.0,0.0,0.0,0.0,0.0,,Cgl0913 and Cgl3079,0,0.0,0.0,atp_c + pydx_c --> adp_c + h_c + pydx5p_c
PYDXNK,0.0,0.0,0.0,0.0,0.0,0.0,0.0,0.0,0.0,0.0,,Cgl0913 and Cgl3079,0,0.0,0.0,atp_c + pydxn_c --> adp_c + h_c + pdx5p_c
QULNS,0.0011756164614866761,0.001051317677103106,0.0009240593978560548,0.0007997606134738682,0.0006754618290916826,0.000551163044709495,0.00041823637298897895,0.000283489216516806,0.0001487420600446314,1.0786637942167667e-05,,Cgl1069,0,0.001051317677103106,-2.83,dhap_c + iasp_c --> 2.0 h2o_c + pi_c + quln_c
RBFSa,0.0,0.0,0.0,0.0,0.0,0.0,0.0,0.0,0.0,0.0,,Cgl1594,0,0.0,0.0,4r5au_c + db4p_c --> dmlz_c + 2.0 h2o_c + pi_c
RBFSb,0.0,0.0,0.0,0.0,0.0,0.0,0.0,0.0,0.0,0.0,,Cgl1596,0,0.0,0.0,2.0 dmlz_c --> 4r5au_c + ribflv_c
RZ5PP,0.0,0.0,0.0,0.0,0.0,0.0,0.0,0.0,0.0,0.0,,Cgl0644,0,0.0,0.0,5prdmbz_c + h2o_c --> pi_c + rdmbzi_c
SEPHCHCS,0.0,0.0,0.0,0.0,0.0,0.0,0.0,0.0,0.0,0.0,,Cgl0467,0,0.0,0.0,akg_c + h_c + ichor_c --> 2sephchc_c + co2_c
SUCBZL,0.0,0.0,0.0,0.0,0.0,0.0,0.0,0.0,0.0,0.0,,Cgl0450,0,0.0,0.0,atp_c + coa_c + sucbz_c --> amp_c + ppi_c + sbzcoa_c
TDPDSH,0.0,0.0,0.0,0.0,0.0,0.0,0.0,0.0,0.0,0.0,,Cgl0333,0,0.0,0.0,dtdp4d6dg_c --> dtdp4d6dm_c
TMPK,0.0,0.0,0.0,0.0,0.0,0.0,0.0,0.0,0.0,0.0,,Cgl1323,0,0.0,0.0,atp_c + thmmp_c --> adp_c + thmpp_c
TMPPP_num1,0.0,0.0,0.0,0.0,0.0,0.0,0.0,0.0,0.0,0.0,,Cgl1463,0,0.0,0.0,2mahmp_c + 4mpetz_c + h_c --> ppi_c + thmmp_c
TRATF_num1,0.0,0.0,0.0,0.0,0.0,0.0,0.0,0.0,0.0,0.0,,Cgl2441,0,0.0,0.0,akg_c + tau_c --> 2saa_c + glu__L_c
TYRL,0.0,0.0,0.0,0.0,0.0,0.0,0.0,0.0,0.0,0.0,,Cgl2041,0,0.0,0.0,amet_c + nadph_c + tyr__L_c --> 4crsol_c + dad_5_c + dhgly_c + h_c + met__L_c + nadp_c
UDCPDPS,2.856570730713067e-05,2.5545434276244696e-05,2.2453249982718648e-05,1.9432976951832776e-05,1.6412703920946927e-05,1.3392430890061035e-05,1.0162513206807887e-05,6.888360489190592e-06,3.6142077715732554e-06,2.620990368698099e-07,,Cgl2283,0,2.5545434276244696e-05,-2.83,frdp_c + 8.0 ipdp_c --> 8.0 ppi_c + udcpdp_c
UPP3MT_num1,0.0,0.0,0.0,0.0,0.0,0.0,0.0,0.0,0.0,0.0,,Cgl0429,0,0.0,0.0,2.0 amet_c + uppg3_c --> 2.0 ahcys_c + dscL_c + h_c
UPP3S,0.0,0.0,0.0,0.0,0.0,0.0,0.0,0.0,0.0,0.0,,Cgl0429,0,0.0,0.0,hmbil_c --> h2o_c + uppg3_c
UPPDC1,0.0,0.0,0.0,0.0,0.0,0.0,0.0,0.0,0.0,0.0,,Cgl0435,0,0.0,0.0,4.0 h_c + uppg3_c --> 4.0 co2_c + cpppg3_c
WCOS_num1,0.0,0.0,0.0,0.0,0.0,0.0,0.0,0.0,0.0,0.0,,Cgl0212,0,0.0,0.0,2.0 h_c + mptamp_c + tungs_c --> amp_c + cu2_c + h2o_c + wco_c
NAMNPP,0.0,0.0,0.0,0.0,0.0,0.0,0.0,0.0,0.0,0.0,,Cgl2517,0,0.0,0.0,atp_c + h2o_c + nac_c + prpp_c --> adp_c + nicrnt_c + pi_c + ppi_c
RBFK,0.0,0.0,0.0,0.0,0.0,0.0,0.0,0.0,0.0,0.0,,Cgl1978,0,0.0,0.0,atp_c + ribflv_c --> adp_c + fmn_c + h_c
ADSK,0.0,0.0,0.0,0.0,0.0,0.0,0.0,0.0,0.0,0.0,,,0,0.0,0.0,aps_c + atp_c --> adp_c + h_c + paps_c
AMPTASECG_num1,0.0,0.0,0.0,0.0,0.0,0.0,0.0,0.0,0.0,0.0,,Cgl2426,0,0.0,0.0,cgly_c + h2o_c --> cys__L_c + gly_c
BPNT,0.0,0.0,0.0,0.0,0.0,0.0,0.0,0.0,0.0,0.0,,Cgl0845,0,0.0,0.0,h2o_c + pap_c --> amp_c + pi_c
CYSS,0.05739468609902088,0.05132630415148996,0.045113436919494314,0.039045054971964005,0.03297667302443334,0.026908291076902895,0.02041868766667267,0.013840206502266455,0.007261725337860158,0.0005266136695394644,,Cgl2562,0,0.05132630415148996,-2.83,acser_c + h2s_c --> ac_c + cys__L_c + h_c
MCPST_num1,0.0,0.0,0.0,0.0,0.0,0.0,0.0,0.0,0.0,0.0,,Cgl0701,0,0.0,0.0,cyan_c + mercppyr_c --> h_c + pyr_c + tcynt_c
PAPSR,0.0,0.0,0.0,0.0,0.0,0.0,0.0,0.0,0.0,0.0,,Cgl2816,0,0.0,0.0,paps_c + trdrd_c --> 2.0 h_c + pap_c + so3_c + trdox_c
PAPSR2,0.0,0.0,0.0,0.0,0.0,0.0,0.0,0.0,0.0,0.0,,Cgl2816,0,0.0,0.0,grxrd_c + paps_c --> grxox_c + 2.0 h_c + pap_c + so3_c
SADT2,0.05739468609902088,0.05132630415148996,0.045113436919494314,0.039045054971964005,0.03297667302443334,0.026908291076902895,0.02041868766667267,0.013840206502266455,0.007261725337860158,0.0005266136695394644,,Cgl2814 and Cgl2815,0,0.05132630415148996,-2.83,atp_c + gtp_c + h2o_c + so4_c --> aps_c + gdp_c + pi_c + ppi_c
SERAT,0.05739468609902088,0.05132630415148996,0.045113436919494314,0.039045054971964005,0.03297667302443334,0.026908291076902895,0.02041868766667267,0.013840206502266455,0.007261725337860158,0.0005266136695394644,,Cgl2563,0,0.05132630415148996,-2.83,accoa_c + ser__L_c --> acser_c + coa_c
SULRi,0.05739468609902088,0.05132630415148996,0.045113436919494314,0.039045054971964005,0.03297667302443334,0.026908291076902895,0.02041868766667267,0.013840206502266455,0.007261725337860158,0.0005266136695394644,,Cgl2817 and Cgl2818,0,0.05132630415148996,-2.83,5.0 h_c + 3.0 nadph_c + so3_c --> 3.0 h2o_c + h2s_c + 3.0 nadp_c
EX_26dap__M_e,0.0,0.0,0.0,0.0,0.0,0.0,0.0,0.0,0.0,0.0,,,0,0.0,0.0,26dap__M_e --> 
EX_3amp_e,0.0,0.0,0.0,0.0,0.0,0.0,0.0,0.0,0.0,0.0,,,0,0.0,0.0,3amp_e --> 
EX_3cmp_e,0.0,0.0,0.0,0.0,0.0,0.0,0.0,0.0,0.0,0.0,,,0,0.0,0.0,3cmp_e --> 
EX_3gmp_e,0.0,0.0,0.0,0.0,0.0,0.0,0.0,0.0,0.0,0.0,,,0,0.0,0.0,3gmp_e --> 
EX_3ump_e,0.0,0.0,0.0,0.0,0.0,0.0,0.0,0.0,0.0,0.0,,,0,0.0,0.0,3ump_e --> 
EX_4abut_e,0.0,0.0,0.0,0.0,0.0,0.0,0.0,0.0,0.0,0.0,,,0,0.0,0.0,4abut_e --> 
EX_ac_e,0.0,0.0,0.0,0.0,0.0,0.0,0.0,0.0,0.0,0.0,,,0,0.0,0.0,ac_e --> 
EX_acald_e,0.0,0.0,0.0,0.0,0.0,0.0,0.0,0.0,0.0,0.0,,,0,0.0,0.0,acald_e --> 
EX_acgam_e,0.0,0.0,0.0,0.0,0.0,0.0,0.0,0.0,0.0,0.0,,,0,0.0,0.0,acgam_e --> 
EX_acgam1p_e,0.0,0.0,0.0,0.0,0.0,0.0,0.0,0.0,0.0,0.0,,,0,0.0,0.0,acgam1p_e --> 
EX_acmana_e,0.0,0.0,0.0,0.0,0.0,0.0,0.0,0.0,0.0,0.0,,,0,0.0,0.0,acmana_e --> 
EX_acser_e,0.0,0.0,0.0,0.0,0.0,0.0,0.0,0.0,0.0,0.0,,,0,0.0,0.0,acser_e --> 
EX_ade_e,0.0,0.0,0.0,0.0,0.0,0.0,0.0,0.0,0.0,0.0,,,0,0.0,0.0,ade_e --> 
EX_adn_e,0.0,0.0,0.0,0.0,0.0,0.0,0.0,0.0,0.0,0.0,,,0,0.0,0.0,adn_e --> 
EX_akg_e,0.0,0.0,0.0,0.0,0.0,0.0,0.0,0.0,0.0,0.0,,,0,0.0,0.0,akg_e --> 
EX_ala_L_e,0.0,0.0,0.0,0.0,0.0,0.0,0.0,0.0,0.0,0.0,,,0,0.0,0.0,ala__L_e --> 
EX_alaala_e,0.0,0.0,0.0,0.0,0.0,0.0,0.0,0.0,0.0,0.0,,,0,0.0,0.0,alaala_e --> 
EX_ala_B_e,0.0,0.0,0.0,0.0,0.0,0.0,0.0,0.0,0.0,0.0,,,0,0.0,0.0,ala_B_e --> 
EX_ala__D_e,0.0,0.0,0.0,0.0,0.0,0.0,0.0,0.0,0.0,0.0,,,0,0.0,0.0,ala__D_e --> 
EX_amp_e,0.0,0.0,0.0,0.0,0.0,0.0,0.0,0.0,0.0,0.0,,,0,0.0,0.0,amp_e --> 
EX_arg_L_e,0.0,0.0,0.0,0.0,0.0,0.0,0.0,0.0,0.0,0.0,,,0,0.0,0.0,arg__L_e --> 
EX_asn_L_e,0.0,0.0,0.0,0.0,0.0,0.0,0.0,0.0,0.0,0.0,,,0,0.0,0.0,asn__L_e --> 
EX_asp_L_e,0.0,0.0,0.0,0.0,0.0,0.0,0.0,0.0,0.0,0.0,,,0,0.0,0.0,asp__L_e --> 
EX_ca2_e,0.0,0.0,0.0,0.0,0.0,0.0,0.0,0.0,0.0,0.0,,,0,0.0,0.0,ca2_e --> 
EX_cgly_e,0.0,0.0,0.0,0.0,0.0,0.0,0.0,0.0,0.0,0.0,,,0,0.0,0.0,cgly_e --> 
EX_cit_e,0.0,0.0,0.0,0.0,0.0,0.0,0.0,0.0,0.0,0.0,,,0,0.0,0.0,cit_e --> 
EX_cmp_e,0.0,0.0,0.0,0.0,0.0,0.0,0.0,0.0,0.0,0.0,,,0,0.0,0.0,cmp_e --> 
EX_co2_e,10.034947677050964,9.441720353198734,8.834368569254783,8.241141245402565,7.647913921550348,7.054686597698125,6.534052156133487,6.100668220736736,5.667284285339985,5.223581684814732,,,0,9.441720353198734,-0.737,co2_e --> 
EX_cobalt2_e,0.0,0.0,0.0,0.0,0.0,0.0,0.0,0.0,0.0,0.0,,,0,0.0,0.0,cobalt2_e --> 
EX_cu_e,0.0,0.0,0.0,0.0,0.0,0.0,0.0,0.0,0.0,0.0,,,0,0.0,0.0,cu_e --> 
EX_cu2_e,0.0,0.0,0.0,0.0,0.0,0.0,0.0,0.0,0.0,0.0,,,0,0.0,0.0,cu2_e --> 
EX_cyan_e,0.0,0.0,0.0,0.0,0.0,0.0,0.0,0.0,0.0,0.0,,,0,0.0,0.0,cyan_e --> 
EX_cys_L_e,0.0,0.0,0.0,0.0,0.0,0.0,0.0,0.0,0.0,0.0,,,0,0.0,0.0,cys__L_e --> 
EX_cytd_e,0.0,0.0,0.0,0.0,0.0,0.0,0.0,0.0,0.0,0.0,,,0,0.0,0.0,cytd_e --> 
EX_dad_2_e,0.0,0.0,0.0,0.0,0.0,0.0,0.0,0.0,0.0,0.0,,,0,0.0,0.0,dad_2_e --> 
EX_damp_e,0.0,0.0,0.0,0.0,0.0,0.0,0.0,0.0,0.0,0.0,,,0,0.0,0.0,damp_e --> 
EX_dcmp_e,0.0,0.0,0.0,0.0,0.0,0.0,0.0,0.0,0.0,0.0,,,0,0.0,0.0,dcmp_e --> 
EX_dcyt_e,0.0,0.0,0.0,0.0,0.0,0.0,0.0,0.0,0.0,0.0,,,0,0.0,0.0,dcyt_e --> 
EX_dgmp_e,0.0,0.0,0.0,0.0,0.0,0.0,0.0,0.0,0.0,0.0,,,0,0.0,0.0,dgmp_e --> 
EX_dgsn_e,0.0,0.0,0.0,0.0,0.0,0.0,0.0,0.0,0.0,0.0,,,0,0.0,0.0,dgsn_e --> 
EX_dha_e,0.0,0.0,0.0,0.0,0.0,0.0,0.0,0.0,0.0,0.0,,,0,0.0,0.0,dha_e --> 
EX_dimp_e,0.0,0.0,0.0,0.0,0.0,0.0,0.0,0.0,0.0,0.0,,,0,0.0,0.0,dimp_e --> 
EX_din_e,0.0,0.0,0.0,0.0,0.0,0.0,0.0,0.0,0.0,0.0,,,0,0.0,0.0,din_e --> 
EX_dms_e,0.0,0.0,0.0,0.0,0.0,0.0,0.0,0.0,0.0,0.0,,,0,0.0,0.0,dms_e --> 
EX_dmso_e,0.0,0.0,0.0,0.0,0.0,0.0,0.0,0.0,0.0,0.0,,,0,0.0,0.0,dmso_e --> 
EX_dtmp_e,0.0,0.0,0.0,0.0,0.0,0.0,0.0,0.0,0.0,0.0,,,0,0.0,0.0,dtmp_e --> 
EX_dump_e,0.0,0.0,0.0,0.0,0.0,0.0,0.0,0.0,0.0,0.0,,,0,0.0,0.0,dump_e --> 
EX_duri_e,0.0,0.0,0.0,0.0,0.0,0.0,0.0,0.0,0.0,0.0,,,0,0.0,0.0,duri_e --> 
EX_etha_e,0.0,0.0,0.0,0.0,0.0,0.0,0.0,0.0,0.0,0.0,,,0,0.0,0.0,etha_e --> 
EX_etoh_e,0.0,0.0,0.0,0.0,0.0,0.0,0.0,0.0,0.0,0.0,,,0,0.0,0.0,etoh_e --> 
EX_f6p_e,0.0,0.0,0.0,0.0,0.0,0.0,0.0,0.0,0.0,0.0,,,0,0.0,0.0,f6p_e --> 
EX_fe2_e,0.0,0.0,0.0,0.0,0.0,0.0,0.0,0.0,0.0,0.0,,,0,0.0,0.0,fe2_e --> 
EX_fe3_e,0.0,0.0,0.0,0.0,0.0,0.0,0.0,0.0,0.0,0.0,,,0,0.0,0.0,fe3_e --> 
EX_for_e,0.0,0.0,0.0,0.0,0.0,0.0,0.0,0.0,0.0,0.0,,,0,0.0,0.0,for_e --> 
EX_fru_e,0.0,0.0,0.0,0.0,0.0,0.0,0.0,0.0,0.0,0.0,,,0,0.0,0.0,fru_e --> 
EX_fruur_e,0.0,0.0,0.0,0.0,0.0,0.0,0.0,0.0,0.0,0.0,,,0,0.0,0.0,fruur_e --> 
EX_fum_e,0.0,0.0,0.0,0.0,0.0,0.0,0.0,0.0,0.0,0.0,,,0,0.0,0.0,fum_e --> 
EX_g1p_e,0.0,0.0,0.0,0.0,0.0,0.0,0.0,0.0,0.0,0.0,,,0,0.0,0.0,g1p_e --> 
EX_g3pe_e,0.0,0.0,0.0,0.0,0.0,0.0,0.0,0.0,0.0,0.0,,,0,0.0,0.0,g3pe_e --> 
EX_g3pg_e,0.0,0.0,0.0,0.0,0.0,0.0,0.0,0.0,0.0,0.0,,,0,0.0,0.0,g3pg_e --> 
EX_g3pi_e,0.0,0.0,0.0,0.0,0.0,0.0,0.0,0.0,0.0,0.0,,,0,0.0,0.0,g3pi_e --> 
EX_g3ps_e,0.0,0.0,0.0,0.0,0.0,0.0,0.0,0.0,0.0,0.0,,,0,0.0,0.0,g3ps_e --> 
EX_g6p_e,0.0,0.0,0.0,0.0,0.0,0.0,0.0,0.0,0.0,0.0,,,0,0.0,0.0,g6p_e --> 
EX_gal1p_e,0.0,0.0,0.0,0.0,0.0,0.0,0.0,0.0,0.0,0.0,,,0,0.0,0.0,gal1p_e --> 
EX_gam_e,0.0,0.0,0.0,0.0,0.0,0.0,0.0,0.0,0.0,0.0,,,0,0.0,0.0,gam_e --> 
EX_gam6p_e,0.0,0.0,0.0,0.0,0.0,0.0,0.0,0.0,0.0,0.0,,,0,0.0,0.0,gam6p_e --> 
EX_glc_e,0.0,0.0,0.0,0.0,0.0,0.0,0.0,0.0,0.0,0.0,,,0,0.0,0.0,glc__D_e --> 
EX_glcn_e,0.0,0.0,0.0,0.0,0.0,0.0,0.0,0.0,0.0,0.0,,,0,0.0,0.0,glcn_e --> 
EX_glcur_e,0.0,0.0,0.0,0.0,0.0,0.0,0.0,0.0,0.0,0.0,,,0,0.0,0.0,glcur_e --> 
EX_glcur1p_e,0.0,0.0,0.0,0.0,0.0,0.0,0.0,0.0,0.0,0.0,,,0,0.0,0.0,glcur1p_e --> 
EX_gln_L_e,0.0,0.0,0.0,0.0,0.0,0.0,0.0,0.0,0.0,0.0,,,0,0.0,0.0,gln__L_e --> 
EX_glu_L_e,0.0,0.0,0.0,0.0,0.0,0.0,0.0,0.0,0.0,0.0,,,0,0.0,0.0,glu__L_e --> 
EX_gly_e,0.0,0.0,0.0,0.0,0.0,0.0,0.0,0.0,0.0,0.0,,,0,0.0,0.0,gly_e --> 
EX_glyald_e,0.0,0.0,0.0,0.0,0.0,0.0,0.0,0.0,0.0,0.0,,,0,0.0,0.0,glyald_e --> 
EX_glyc_e,0.0,0.0,0.0,0.0,0.0,0.0,0.0,0.0,0.0,0.0,,,0,0.0,0.0,glyc_e --> 
EX_glyc_R_e,0.0,0.0,0.0,0.0,0.0,0.0,0.0,0.0,0.0,0.0,,,0,0.0,0.0,glyc__R_e --> 
EX_glyc3p_e,0.0,0.0,0.0,0.0,0.0,0.0,0.0,0.0,0.0,0.0,,,0,0.0,0.0,glyc3p_e --> 
EX_gmp_e,0.0,0.0,0.0,0.0,0.0,0.0,0.0,0.0,0.0,0.0,,,0,0.0,0.0,gmp_e --> 
EX_gsn_e,0.0,0.0,0.0,0.0,0.0,0.0,0.0,0.0,0.0,0.0,,,0,0.0,0.0,gsn_e --> 
EX_gthrd_e,0.0,0.0,0.0,0.0,0.0,0.0,0.0,0.0,0.0,0.0,,,0,0.0,0.0,gthrd_e --> 
EX_gua_e,0.0,0.0,0.0,0.0,0.0,0.0,0.0,0.0,0.0,0.0,,,0,0.0,0.0,gua_e --> 
EX_h_e,3.350209733111427,3.4117896189046895,3.4748356924548798,3.5364155782482003,3.5979954640414435,3.659575349834734,3.7064679377430445,3.7382726043064203,3.7700772708697934,3.8026391913989643,,,0,3.4117896189046895,0.144,h_e --> 
EX_h2_e,0.0,0.0,0.0,0.0,0.0,0.0,0.0,0.0,0.0,0.0,,,0,0.0,0.0,h2_e --> 
EX_h2o_e,19.540621939367256,18.773952755140975,17.98902954271881,17.222360358492487,16.455691174266185,15.689021990039885,14.944983236402935,14.253675107394516,1000.0,1000.0,,,0,18.773952755140975,5.161,h2o_e --> 
EX_h2s_e,0.0,0.0,0.0,0.0,0.0,0.0,0.0,0.0,0.0,0.0,,,0,0.0,0.0,h2s_e --> 
EX_his_L_e,0.0,0.0,0.0,0.0,0.0,0.0,0.0,0.0,0.0,0.0,,,0,0.0,0.0,his__L_e --> 
EX_hom__L_e,0.0,0.0,0.0,0.0,0.0,0.0,0.0,0.0,0.0,0.0,,,0,0.0,0.0,hom__L_e --> 
EX_hxan_e,0.0,0.0,0.0,0.0,0.0,0.0,0.0,0.0,0.0,0.0,,,0,0.0,0.0,hxan_e --> 
EX_ile_L_e,0.0,0.0,0.0,0.0,0.0,0.0,0.0,0.0,0.0,0.0,,,0,0.0,0.0,ile__L_e --> 
EX_imp_e,0.0,0.0,0.0,0.0,0.0,0.0,0.0,0.0,0.0,0.0,,,0,0.0,0.0,imp_e --> 
EX_indole_e,0.0,0.0,0.0,0.0,0.0,0.0,0.0,0.0,0.0,0.0,,,0,0.0,0.0,indole_e --> 
EX_inost_e,0.0,0.0,0.0,0.0,0.0,0.0,0.0,0.0,0.0,0.0,,,0,0.0,0.0,inost_e --> 
EX_ins_e,0.0,0.0,0.0,0.0,0.0,0.0,0.0,0.0,0.0,0.0,,,0,0.0,0.0,ins_e --> 
EX_k_e,0.0,0.0,0.0,0.0,0.0,0.0,0.0,0.0,0.0,0.0,,,0,0.0,0.0,k_e --> 
EX_lac_D_e,0.0,0.0,0.0,0.0,0.0,0.0,0.0,0.0,0.0,0.0,,,0,0.0,0.0,lac__D_e --> 
EX_lac_L_e,0.0,0.0,0.0,0.0,0.0,0.0,0.0,0.0,0.0,0.0,,,0,0.0,0.0,lac__L_e --> 
EX_leu_L_e,0.0,0.0,0.0,0.0,0.0,0.0,0.0,0.0,0.0,0.0,,,0,0.0,0.0,leu__L_e --> 
EX_lys_L_e,0.0,0.4158,0.8415,1.2573,1.6731,2.0888999999999998,2.5146,2.9304,3.3462,3.7719,,,0,0.4158,2.999,lys__L_e --> 
EX_mal__L_e,0.0,0.0,0.0,0.0,0.0,0.0,0.0,0.0,0.0,0.0,,,0,0.0,0.0,mal__L_e --> 
EX_malt_e,0.0,0.0,0.0,0.0,0.0,0.0,0.0,0.0,0.0,0.0,,,0,0.0,0.0,malt_e --> 
EX_man_e,0.0,0.0,0.0,0.0,0.0,0.0,0.0,0.0,0.0,0.0,,,0,0.0,0.0,man_e --> 
EX_man6p_e,0.0,0.0,0.0,0.0,0.0,0.0,0.0,0.0,0.0,0.0,,,0,0.0,0.0,man6p_e --> 
EX_met_L_e,0.0,0.0,0.0,0.0,0.0,0.0,0.0,0.0,0.0,0.0,,,0,0.0,0.0,met__L_e --> 
EX_mg2_e,0.0,0.0,0.0,0.0,0.0,0.0,0.0,0.0,0.0,0.0,,,0,0.0,0.0,mg2_e --> 
EX_mn2_e,0.0,0.0,0.0,0.0,0.0,0.0,0.0,0.0,0.0,0.0,,,0,0.0,0.0,mn2_e --> 
EX_mnl_e,0.0,0.0,0.0,0.0,0.0,0.0,0.0,0.0,0.0,0.0,,,0,0.0,0.0,mnl_e --> 
EX_n2o_e,0.0,0.0,0.0,0.0,0.0,0.0,0.0,0.0,0.0,0.0,,,0,0.0,0.0,n2o_e --> 
EX_na1_e,0.0,0.0,0.0,0.0,0.0,0.0,0.0,0.0,0.0,0.0,,,0,0.0,0.0,na1_e --> 
EX_nac_e,0.0,0.0,0.0,0.0,0.0,0.0,0.0,0.0,0.0,0.0,,,0,0.0,0.0,nac_e --> 
EX_nh4_e,0.0,0.0,0.0,0.0,0.0,0.0,0.0,0.0,0.0,0.0,,,0,0.0,0.0,nh4_e --> 
EX_ni2_e,0.0,0.0,0.0,0.0,0.0,0.0,0.0,0.0,0.0,0.0,,,0,0.0,0.0,ni2_e --> 
EX_nmn_e,0.0,0.0,0.0,0.0,0.0,0.0,0.0,0.0,0.0,0.0,,,0,0.0,0.0,nmn_e --> 
EX_no_e,0.0,0.0,0.0,0.0,0.0,0.0,0.0,0.0,0.0,0.0,,,0,0.0,0.0,no_e --> 
EX_no2_e,0.0,0.0,0.0,0.0,0.0,0.0,0.0,0.0,0.0,0.0,,,0,0.0,0.0,no2_e --> 
EX_no3_e,0.0,0.0,0.0,0.0,0.0,0.0,0.0,0.0,0.0,0.0,,,0,0.0,0.0,no3_e --> 
EX_o2_e,-8.780331731683635,-7.903955865159973,-7.00671390657623,-6.130338040052583,-5.253962173528942,-4.377586307005292,-3.5731109898818625,-2.867728997245515,-2.1623470046091606,-1.4401702026243273,,,0,-7.903955865159973,-1.872,o2_e <=> 
EX_o2s_e,0.0,0.0,0.0,0.0,0.0,0.0,0.0,0.0,0.0,0.0,,,0,0.0,0.0,o2s_e --> 
EX_orn_e,0.0,0.0,0.0,0.0,0.0,0.0,0.0,0.0,0.0,0.0,,,0,0.0,0.0,orn_e --> 
EX_orot_e,0.0,0.0,0.0,0.0,0.0,0.0,0.0,0.0,0.0,0.0,,,0,0.0,0.0,orot_e --> 
EX_phe_L_e,0.0,0.0,0.0,0.0,0.0,0.0,0.0,0.0,0.0,0.0,,,0,0.0,0.0,phe__L_e --> 
EX_pheme_e,0.0,0.0,0.0,0.0,0.0,0.0,0.0,0.0,0.0,0.0,,,0,0.0,0.0,pheme_e --> 
EX_pi_e,0.0,0.0,0.0,0.0,0.0,0.0,0.0,0.0,0.0,0.0,,,0,0.0,0.0,pi_e --> 
EX_pnto__R_e,0.0,0.0,0.0,0.0,0.0,0.0,0.0,0.0,0.0,0.0,,,0,0.0,0.0,pnto__R_e --> 
EX_ppa_e,0.0,0.0,0.0,0.0,0.0,0.0,0.0,0.0,0.0,0.0,,,0,0.0,0.0,ppa_e --> 
EX_ppt_e,0.0,0.0,0.0,0.0,0.0,0.0,0.0,0.0,0.0,0.0,,,0,0.0,0.0,ppt_e --> 
EX_pro_L_e,0.0,0.0,0.0,0.0,0.0,0.0,0.0,0.0,0.0,0.0,,,0,0.0,0.0,pro__L_e --> 
EX_progly_e,0.0,0.0,0.0,0.0,0.0,0.0,0.0,0.0,0.0,0.0,,,0,0.0,0.0,progly_e --> 
EX_pydx_e,0.0,0.0,0.0,0.0,0.0,0.0,0.0,0.0,0.0,0.0,,,0,0.0,0.0,pydx_e --> 
EX_pyr_e,0.0,0.0,0.0,0.0,0.0,0.0,0.0,0.0,0.0,0.0,,,0,0.0,0.0,pyr_e --> 
EX_rib__D_e,0.0,0.0,0.0,0.0,0.0,0.0,0.0,0.0,0.0,0.0,,,0,0.0,0.0,rib__D_e --> 
EX_sbt__D_e,0.0,0.0,0.0,0.0,0.0,0.0,0.0,0.0,0.0,0.0,,,0,0.0,0.0,sbt__D_e --> 
EX_ser_L_e,0.0,0.0,0.0,0.0,0.0,0.0,0.0,0.0,0.0,0.0,,,0,0.0,0.0,ser__L_e --> 
EX_skm_e,0.0,0.0,0.0,0.0,0.0,0.0,0.0,0.0,0.0,0.0,,,0,0.0,0.0,skm_e --> 
EX_so3_e,0.0,0.0,0.0,0.0,0.0,0.0,0.0,0.0,0.0,0.0,,,0,0.0,0.0,so3_e --> 
EX_so4_e,0.0,0.0,0.0,0.0,0.0,0.0,0.0,0.0,0.0,0.0,,,0,0.0,0.0,so4_e --> 
EX_succ_e,0.0,0.0,0.0,0.0,0.0,0.0,0.0,0.0,0.0,0.0,,,0,0.0,0.0,succ_e --> 
EX_sucr_e,0.0,0.0,0.0,0.0,0.0,0.0,0.0,0.0,0.0,0.0,,,0,0.0,0.0,sucr_e --> 
EX_tcynt_e,0.0,0.0,0.0,0.0,0.0,0.0,0.0,0.0,0.0,0.0,,,0,0.0,0.0,tcynt_e --> 
EX_thr_L_e,0.0,0.0,0.0,0.0,0.0,0.0,0.0,0.0,0.0,0.0,,,0,0.0,0.0,thr__L_e --> 
EX_thymd_e,0.0,0.0,0.0,0.0,0.0,0.0,0.0,0.0,0.0,0.0,,,0,0.0,0.0,thymd_e --> 
EX_tma_e,0.0,0.0,0.0,0.0,0.0,0.0,0.0,0.0,0.0,0.0,,,0,0.0,0.0,tma_e --> 
EX_tmao_e,0.0,0.0,0.0,0.0,0.0,0.0,0.0,0.0,0.0,0.0,,,0,0.0,0.0,tmao_e --> 
EX_tre_e,0.0,0.0,0.0,0.0,0.0,0.0,0.0,0.0,0.0,0.0,,,0,0.0,0.0,tre_e --> 
EX_trp_L_e,0.0,0.0,0.0,0.0,0.0,0.0,0.0,0.0,0.0,0.0,,,0,0.0,0.0,trp__L_e --> 
EX_tsul_e,0.0,0.0,0.0,0.0,0.0,0.0,0.0,0.0,0.0,0.0,,,0,0.0,0.0,tsul_e --> 
EX_tyr_L_e,0.0,0.0,0.0,0.0,0.0,0.0,0.0,0.0,0.0,0.0,,,0,0.0,0.0,tyr__L_e --> 
EX_uacgam_e,0.0,0.0,0.0,0.0,0.0,0.0,0.0,0.0,0.0,0.0,,,0,0.0,0.0,uacgam_e --> 
EX_udpg_e,0.0,0.0,0.0,0.0,0.0,0.0,0.0,0.0,0.0,0.0,,,0,0.0,0.0,udpg_e --> 
EX_udpgal_e,0.0,0.0,0.0,0.0,0.0,0.0,0.0,0.0,0.0,0.0,,,0,0.0,0.0,udpgal_e --> 
EX_udpglcur_e,0.0,0.0,0.0,0.0,0.0,0.0,0.0,0.0,0.0,0.0,,,0,0.0,0.0,udpglcur_e --> 
EX_ump_e,0.0,0.0,0.0,0.0,0.0,0.0,0.0,0.0,0.0,0.0,,,0,0.0,0.0,ump_e --> 
EX_ura_e,0.0,0.0,0.0,0.0,0.0,0.0,0.0,0.0,0.0,0.0,,,0,0.0,0.0,ura_e --> 
EX_urea_e,0.0,0.0,0.0,0.0,0.0,0.0,0.0,0.0,0.0,0.0,,,0,0.0,0.0,urea_e --> 
EX_uri_e,0.0,0.0,0.0,0.0,0.0,0.0,0.0,0.0,0.0,0.0,,,0,0.0,0.0,uri_e --> 
EX_val_L_e,0.0,0.0,0.0,0.0,0.0,0.0,0.0,0.0,0.0,0.0,,,0,0.0,0.0,val__L_e --> 
EX_xan_e,0.06967692534495132,0.06230993329983306,0.054767536682224116,0.04740054463712409,0.04003355259202597,0.03266656054692109,0.024788207286955584,0.01680195677964691,0.00881570627232906,0.0006393069434132226,,,0,0.06230993329983306,-2.83,xan_e --> 
EX_xmp_e,0.0,0.0,0.0,0.0,0.0,0.0,0.0,0.0,0.0,0.0,,,0,0.0,0.0,xmp_e --> 
EX_xtsn_e,0.0,0.0,0.0,0.0,0.0,0.0,0.0,0.0,0.0,0.0,,,0,0.0,0.0,xtsn_e --> 
EX_xyl__D_e,0.0,0.0,0.0,0.0,0.0,0.0,0.0,0.0,0.0,0.0,,,0,0.0,0.0,xyl__D_e --> 
EX_zn2_e,0.0,0.0,0.0,0.0,0.0,0.0,0.0,0.0,0.0,0.0,,,0,0.0,0.0,zn2_e --> 
ACBCP,1.5089069975790708,0.820809722681882,1.1860328068564614,1.0264949714405875,0.8669571360247148,0.7074193006088396,0.5368075478010078,0.36385919775185527,0.1909108477027006,0.01384467979523368,,,0,0.820809722681882,-2.628,accoa_c + cbccp_c --> bccp_c + malcoa_c
BTNC,1.5089069975790708,0.820809722681882,1.1860328068564614,1.0264949714405875,0.8669571360247148,0.7074193006088396,0.5368075478010078,0.36385919775185527,0.1909108477027006,0.01384467979523368,,,0,0.820809722681882,-2.628,atp_c + bccp_c + co2_c + h2o_c --> adp_c + cbccp_c + 2.0 h_c + pi_c
5FTHFC,0.0,0.0,0.0,0.0,0.0,0.0,0.0,0.0,0.0,0.0,,Cgl0881,0,0.0,0.0,5fthf_c + atp_c --> adp_c + mlthf_c + pi_c
FOMETRi,0.0,0.0,0.0,0.0,0.0,0.0,0.0,0.0,0.0,0.0,,Cgl0881,0,0.0,0.0,5fthf_c + h_c --> h2o_c + methf_c
FTHFD,0.0,0.0,0.0,0.0,0.0,0.0,0.0,0.0,0.0,0.0,,Cgl0382,0,0.0,0.0,10fthf_c + h2o_c --> for_c + h_c + thf_c
GLYCL,0.0,0.0,0.0,0.0,0.0,0.0,0.0,0.0,0.0,0.0,,,0,0.0,0.0,gly_c + nad_c + thf_c --> co2_c + mlthf_c + nadh_c + nh4_c
MTHFC,0.2660462241767928,0.2379169631992563,0.20911795791273105,0.1809886969351947,0.1528594359576593,0.12473017498012284,0.09464839213496835,0.0641546270573283,0.03366086197968787,0.00244105487638952,down,Cgl0648,0,0.2379169631992563,-2.83,h2o_c + methf_c --> 10fthf_c + h_c
MTHFD,0.2660462241767928,0.2379169631992563,0.20911795791273105,0.1809886969351947,0.1528594359576593,0.12473017498012284,0.09464839213496835,0.0641546270573283,0.03366086197968787,0.00244105487638952,down,Cgl0648,0,0.2379169631992563,-2.83,mlthf_c + nadp_c --> methf_c + nadph_c
MTHFR2,0.03611684420347303,0.03229818397092103,0.02838860325664169,0.024569943024089817,0.020751282791537973,0.016932622558986074,0.012848899635486931,0.008709248468122235,0.0045695973007574865,0.0003313830103602678,,Cgl2171,0,0.03229818397092103,-2.83,2.0 h_c + mlthf_c + nadh_c --> 5mthf_c + nad_c
TMDS2,0.0033950151979577166,0.0030360577693320993,0.0026685537352630203,0.0023095963066374126,0.0,0.0015916814493861973,0.0,0.0008186770346126109,0.0004295461751092419,0.0,,Cgl1972,0,0.0030360577693320993,-2.866,dump_c + h_c + mlthf_c + nadph_c --> dtmp_c + nadp_c + thf_c
GLNS_num1,0.0,0.0,0.43377560663806347,0.3754267810919417,0.3170779555458213,0.25872912999969927,0.19633016755450874,0.0,0.06982308440144878,0.005063506120715628,,Cgl2214,0,0.0,-2.534,atp_c + glu__L_c + nh4_c --> adp_c + gln__L_c + h_c + pi_c
GLUDC,0.0,0.0,0.0,0.0,0.0,0.0,0.0,0.0,0.0,0.0,,,0,0.0,0.0,glu__L_c + h_c --> 4abut_c + co2_c
GLUDy,2.9777600353668,3.078719298865134,3.1820823543515218,3.2830416178498485,3.384000881348178,3.484960144846507,3.5739655308708578,3.6484597474227853,3.7229539639747173,3.799221852349311,,Cgl2079,0,3.078719298865134,0.274,akg_c + h_c + nadph_c + nh4_c --> glu__L_c + h2o_c + nadp_c
GLUN,0.0,0.0,0.0,0.0,0.0,0.0,0.0,0.0,0.0,0.0,,Cgl2482,0,0.0,0.0,gln__L_c + h2o_c --> glu__L_c + nh4_c
GLUSy,0.0,0.0,0.0,0.0,0.0,0.0,0.0,0.0,0.0,0.0,,Cgl0184 and Cgl0185,0,0.0,0.0,akg_c + gln__L_c + h_c + nadph_c --> 2.0 glu__L_c + nadp_c
ACPPAT120,0.0,0.0,0.0,0.0,0.0,0.0,0.0,0.0,0.0,0.0,,Cgl2255,0,0.0,0.0,ddcaACP_c + h_c + pi_c --> ACP_c + ddcap_c
ACPPAT140,0.0,0.0,0.0,0.0,0.0,0.0,0.0,0.0,0.0,0.0,,Cgl2255,0,0.0,0.0,h_c + myrsACP_c + pi_c --> ACP_c + ttdcap_c
ACPPAT141,0.0,0.0,0.0,0.0,0.0,0.0,0.0,0.0,0.0,0.0,,Cgl2255,0,0.0,0.0,h_c + pi_c + tdeACP_c --> ACP_c + ttdceap_c
ACPPAT160,0.0,0.0,0.0,0.0,0.0,0.0,0.0,0.0,0.0,0.0,,Cgl2255,0,0.0,0.0,h_c + palmACP_c + pi_c --> ACP_c + hdcap_c
ACPPAT161,0.0,0.0,0.0,0.0,0.0,0.0,0.0,0.0,0.0,0.0,,Cgl2255,0,0.0,0.0,h_c + hdeACP_c + pi_c --> ACP_c + hdceap_c
ACPPAT180,0.0,0.0,0.0,0.0,0.0,0.0,0.0,0.0,0.0,0.0,,Cgl2255,0,0.0,0.0,h_c + ocdcaACP_c + pi_c --> ACP_c + ocdcap_c
ACPPAT181,0.0,0.0,0.0,0.0,0.0,0.0,0.0,0.0,0.0,0.0,,Cgl2255,0,0.0,0.0,h_c + octeACP_c + pi_c --> ACP_c + ocdceap_c
AGPAT120,0.0,0.0,0.0,0.0,0.0,0.0,0.0,0.0,0.0,0.0,,Cgl2184,0,0.0,0.0,1ddecg3p_c + ddcaACP_c --> ACP_c + pa120_c
AGPAT140,0.0,0.0,0.0,0.0,0.0,0.0,0.0,0.0,0.0,0.0,,Cgl2184,0,0.0,0.0,1tdecg3p_c + myrsACP_c --> ACP_c + pa140_c
AGPAT141,0.0,0.0,0.0,0.0,0.0,0.0,0.0,0.0,0.0,0.0,,Cgl2184,0,0.0,0.0,1tdec7eg3p_c + tdeACP_c --> ACP_c + pa141_c
AGPAT160,0.0,0.0,0.0,0.0,0.0,0.0,0.0,0.0,0.0,0.0,,Cgl2184,0,0.0,0.0,1hdecg3p_c + palmACP_c --> ACP_c + pa160_c
AGPAT161,0.0,0.0,0.0,0.0,0.0,0.0,0.0,0.0,0.0,0.0,,Cgl2184,0,0.0,0.0,1hdec9eg3p_c + hdeACP_c --> ACP_c + pa161_c
AGPAT180,0.0,0.0,0.0,0.0,0.0,0.0,0.0,0.0,0.0,0.0,,Cgl2184,0,0.0,0.0,1odecg3p_c + ocdcaACP_c --> ACP_c + pa180_c
AGPAT181,0.0,0.0,0.0,0.0,0.0,0.0,0.0,0.0,0.0,0.0,,Cgl2184,0,0.0,0.0,1odec11eg3p_c + octeACP_c --> ACP_c + pa181_c
APH140,0.0,0.0,0.0,0.0,0.0,0.0,0.0,0.0,0.0,0.0,,Cgl2066,0,0.0,0.0,h2o_c + ttdcap_c --> 2.0 h_c + pi_c + ttdca_c
DASYN120,0.0,0.0,0.0,0.0,0.0,0.0,0.0,0.0,0.0,0.0,,Cgl2022,0,0.0,0.0,ctp_c + h_c + pa120_c --> cdpdddecg_c + ppi_c
DASYN140,0.0,0.0,0.0,0.0,0.0,0.0,0.0,0.0,0.0,0.0,,Cgl2022,0,0.0,0.0,ctp_c + h_c + pa140_c --> cdpdtdecg_c + ppi_c
DASYN141,0.0,0.0,0.0,0.0,0.0,0.0,0.0,0.0,0.0,0.0,,Cgl2022,0,0.0,0.0,ctp_c + h_c + pa141_c --> cdpdtdec7eg_c + ppi_c
DASYN160,0.0,0.0,0.0,0.0,0.0,0.0,0.0,0.0,0.0,0.0,,Cgl2022,0,0.0,0.0,ctp_c + h_c + pa160_c --> cdpdhdecg_c + ppi_c
DASYN161,0.0,0.0,0.0,0.0,0.0,0.0,0.0,0.0,0.0,0.0,,Cgl2022,0,0.0,0.0,ctp_c + h_c + pa161_c --> cdpdhdec9eg_c + ppi_c
DASYN180,0.0,0.0,0.0,0.0,0.0,0.0,0.0,0.0,0.0,0.0,,Cgl2022,0,0.0,0.0,ctp_c + h_c + pa180_c --> cdpdodecg_c + ppi_c
DASYN181,0.0,0.0,0.0,0.0,0.0,0.0,0.0,0.0,0.0,0.0,,Cgl2022,0,0.0,0.0,ctp_c + h_c + pa181_c --> cdpdodec11eg_c + ppi_c
G3PAT120_num1,0.0,0.0,0.0,0.0,0.0,0.0,0.0,0.0,0.0,0.0,,Cgl1392,0,0.0,0.0,ddcaACP_c + glyc3p_c --> 1ddecg3p_c + ACP_c
G3PAT140_num1,0.0,0.0,0.0,0.0,0.0,0.0,0.0,0.0,0.0,0.0,,Cgl1392,0,0.0,0.0,glyc3p_c + myrsACP_c --> 1tdecg3p_c + ACP_c
G3PAT141_num1,0.0,0.0,0.0,0.0,0.0,0.0,0.0,0.0,0.0,0.0,,Cgl1392,0,0.0,0.0,glyc3p_c + tdeACP_c --> 1tdec7eg3p_c + ACP_c
G3PAT160_num1,0.0,0.0,0.0,0.0,0.0,0.0,0.0,0.0,0.0,0.0,,Cgl1392,0,0.0,0.0,glyc3p_c + palmACP_c --> 1hdecg3p_c + ACP_c
G3PAT161_num1,0.0,0.0,0.0,0.0,0.0,0.0,0.0,0.0,0.0,0.0,,Cgl1392,0,0.0,0.0,glyc3p_c + hdeACP_c --> 1hdec9eg3p_c + ACP_c
G3PAT180_num1,0.0,0.0,0.0,0.0,0.0,0.0,0.0,0.0,0.0,0.0,,Cgl1392,0,0.0,0.0,glyc3p_c + ocdcaACP_c --> 1odecg3p_c + ACP_c
G3PAT181_num1,0.0,0.0,0.0,0.0,0.0,0.0,0.0,0.0,0.0,0.0,,Cgl1392,0,0.0,0.0,glyc3p_c + octeACP_c --> 1odec11eg3p_c + ACP_c
GPDDA2,0.0,0.0,0.0,0.0,0.0,0.0,0.0,0.0,0.0,0.0,,Cgl1387 and Cgl2907,0,0.0,0.0,g3pe_c + h2o_c --> etha_c + glyc3p_c + h_c
GPDDA3,0.0,0.0,0.0,0.0,0.0,0.0,0.0,0.0,0.0,0.0,,Cgl1387 and Cgl2907,0,0.0,0.0,g3ps_c + h2o_c --> glyc3p_c + h_c + ser__L_c
GPDDA4,0.0,0.0,0.0,0.0,0.0,0.0,0.0,0.0,0.0,0.0,,Cgl1387 and Cgl2907,0,0.0,0.0,g3pg_c + h2o_c --> glyc3p_c + glyc_c + h_c
GPDDA5,0.0,0.0,0.0,0.0,0.0,0.0,0.0,0.0,0.0,0.0,,Cgl1387 and Cgl2907,0,0.0,0.0,g3pi_c + h2o_c --> glyc3p_c + h_c + inost_c
LPLIPAL1A180pp_num1,0.0,0.0,0.0,0.0,0.0,0.0,0.0,0.0,0.0,0.0,,Cgl0080,0,0.0,0.0,1odecg3p_c + h2o_c --> glyc3p_c + h_c + ocdca_c
PGSA120,0.0,0.0,0.0,0.0,0.0,0.0,0.0,0.0,0.0,0.0,,Cgl1669 and Cgl1964,0,0.0,0.0,cdpdddecg_c + glyc3p_c --> cmp_c + h_c + pgp120_c
PGSA140,0.0,0.0,0.0,0.0,0.0,0.0,0.0,0.0,0.0,0.0,,Cgl1669 and Cgl1964,0,0.0,0.0,cdpdtdecg_c + glyc3p_c --> cmp_c + h_c + pgp140_c
PGSA141,0.0,0.0,0.0,0.0,0.0,0.0,0.0,0.0,0.0,0.0,,Cgl1669 and Cgl1964,0,0.0,0.0,cdpdtdec7eg_c + glyc3p_c --> cmp_c + h_c + pgp141_c
PGSA160,0.0,0.0,0.0,0.0,0.0,0.0,0.0,0.0,0.0,0.0,,Cgl1669 and Cgl1964,0,0.0,0.0,cdpdhdecg_c + glyc3p_c --> cmp_c + h_c + pgp160_c
PGSA161,0.0,0.0,0.0,0.0,0.0,0.0,0.0,0.0,0.0,0.0,,Cgl1669 and Cgl1964,0,0.0,0.0,cdpdhdec9eg_c + glyc3p_c --> cmp_c + h_c + pgp161_c
PGSA180,0.0,0.0,0.0,0.0,0.0,0.0,0.0,0.0,0.0,0.0,,Cgl1669 and Cgl1964,0,0.0,0.0,cdpdodecg_c + glyc3p_c --> cmp_c + h_c + pgp180_c
PGSA181,0.0,0.0,0.0,0.0,0.0,0.0,0.0,0.0,0.0,0.0,,Cgl1669 and Cgl1964,0,0.0,0.0,cdpdodec11eg_c + glyc3p_c --> cmp_c + h_c + pgp181_c
GHMT2r,0.3058554470312256,0.2735171279381295,0.24040884886662683,0.20807052977353147,0.17573221068043665,0.14339389158734106,0.10881088944900967,0.07375425905199641,0.038697628654982705,0.002806316581849823,down,Cgl0996,0,0.2735171279381295,-2.83,ser__L_c + thf_c --> gly_c + h2o_c + mlthf_c
GLYCK2,0.0,0.0,0.0,0.0,0.0,0.0,0.0,0.0,0.0,0.0,,Cgl2082,0,0.0,0.0,atp_c + glyc__R_c --> 2pg_c + adp_c + h_c
PGCD,0.49318590947390395,0.4410410042005389,0.3876545535635233,0.33550964829015995,0.2833647430167969,0.23121983774343316,0.17545542508548334,0.11892729614986769,0.06239916721425133,0.0045251304468349116,down,Cgl1284,0,0.4410410042005389,-2.83,3pg_c + nad_c --> 3php_c + h_c + nadh_c
PSERT,0.49318590947390395,0.4410410042005389,0.3876545535635233,0.33550964829015995,0.2833647430167969,0.23121983774343316,0.17545542508548334,0.11892729614986769,0.06239916721425133,0.0045251304468349116,down,Cgl0828,0,0.4410410042005389,-2.83,3php_c + glu__L_c --> akg_c + pser__L_c
PSP_L,0.49318590947390395,0.4410410042005389,0.3876545535635233,0.33550964829015995,0.2833647430167969,0.23121983774343316,0.17545542508548334,0.11892729614986769,0.06239916721425133,0.0045251304468349116,down,Cgl2522,0,0.4410410042005389,-2.83,h2o_c + pser__L_c --> pi_c + ser__L_c
SARCOX,0.0,0.0,0.0,0.0,0.0,0.0,0.0,0.0,0.0,0.0,,Cgl1581,0,0.0,0.0,h2o_c + o2_c + sarcs_c --> fald_c + gly_c + h2o2_c
SERD_L,0.0,0.0,0.0,0.0,0.0,0.0,0.0,0.0,0.0,0.0,,Cgl1645,0,0.0,0.0,ser__L_c --> nh4_c + pyr_c
ENO,7.094371332019837,7.03034828601844,6.964800881778928,6.900777835777551,6.8367547897761805,6.7727317437747985,6.8711277533052275,7.109296518687101,7.3474652840689645,7.5913047343408815,unchanged,Cgl0974,0,7.03034828601844,0.064,2pg_c --> h2o_c + pep_c
FBA,3.6131345704599234,3.4234227217775355,3.229193924317001,3.039482075634622,2.849770226952245,2.6600583782698637,2.6240412131585256,2.7259559608857855,2.827870708613042,2.932211997952855,unchanged,Cgl2770,0,3.4234227217775355,-0.275,fdp_c --> dhap_c + g3p_c
FBP,0.0,0.0,0.0,0.0,0.0,0.0,0.0,0.0,0.0,0.0,,Cgl1019,0,0.0,0.0,fdp_c + h2o_c --> f6p_c + pi_c
GAPD_num1,7.587557241493741,7.471389290218979,7.352455435342452,7.236287484067711,7.120119532792978,7.003951581518232,7.046583178390711,7.228223814836968,7.409864451283216,7.595829864787716,unchanged,Cgl0937,0,7.471389290218979,-0.011,g3p_c + nad_c + pi_c --> 13dpg_c + h_c + nadh_c
GLBRAN2,0.0,0.0,0.0,0.0,0.0,0.0,0.0,0.0,0.0,0.0,,Cgl1224,0,0.0,0.0,glycogen_c --> bglycogen_c
GLCP_num1,0.0,0.0,0.0,0.0,0.0,0.0,0.0,0.0,0.0,0.0,,Cgl1308,0,0.0,0.0,glycogen_c + pi_c --> g1p_c
GLCP2_num1,0.0,0.0,0.0,0.0,0.0,0.0,0.0,0.0,0.0,0.0,,Cgl1308,0,0.0,0.0,bglycogen_c + pi_c --> g1p_c
GLCS1,0.0,0.0,0.0,0.0,0.0,0.0,0.0,0.0,0.0,0.0,,Cgl1117,0,0.0,0.0,adpglc_c --> adp_c + glycogen_c + h_c
GLGC,0.0,0.0,0.0,0.0,0.0,0.0,0.0,0.0,0.0,0.0,,Cgl1118,0,0.0,0.0,atp_c + g1p_c + h_c --> adpglc_c + ppi_c
HEX1,0.0,0.0,0.0,0.0,0.0,0.0,0.0,0.0,0.0,0.0,,Cgl2185,0,0.0,0.0,atp_c + glc__D_c --> adp_c + g6p_c + h_c
PDH,4.467140133486924,3.8492961548657534,3.2167416053250335,2.59889762670387,1.981053648082711,1.3632096694615459,0.9072660813443278,0.6149636119270618,0.322661142509792,0.023399090487350765,,Cgl0366 and Cgl2207 and Cgl2248,0,3.8492961548657534,-3.585,coa_c + nad_c + pyr_c --> accoa_c + co2_c + nadh_c
PFK,3.6131345704599234,3.4234227217775355,3.229193924317001,3.039482075634622,2.849770226952245,2.6600583782698637,2.6240412131585256,2.7259559608857855,2.827870708613042,2.932211997952855,unchanged,Cgl1250,0,3.4234227217775355,-0.275,atp_c + f6p_c --> adp_c + fdp_c + h_c
PGI,2.8075808475846604,2.1001307805063942,1.3758366642119728,0.6683865971337029,0.0,0.0,0.0,0.0,0.0,0.0,unchanged,Cgl0851,0,2.1001307805063942,0.0,g6p_c --> f6p_c
PGK,7.587557241493741,7.471389290218979,7.352455435342452,7.236287484067711,7.120119532792978,7.003951581518232,7.046583178390711,7.228223814836968,7.409864451283216,7.595829864787716,unchanged,Cgl1587,0,7.471389290218979,-0.011,13dpg_c + adp_c --> 3pg_c + atp_c
PGM_num1,0.0,0.0,0.0,0.0,0.0,0.0,0.0,0.0,0.0,0.0,,Cgl1058,0,0.0,0.0,3pg_c --> 2pg_c
PPS,0.0,0.0,0.0,0.0,0.0,0.0,0.0,0.0,0.0,0.0,,Cgl0551 and Cgl0553,0,0.0,0.0,atp_c + h2o_c + pyr_c --> amp_c + 2.0 h_c + pep_c + pi_c
PYK_num1,0.9580172328268757,0.0,0.30071555286095464,0.0,0.0,0.0,0.0,0.0,0.0,2.9190736930788423,,Cgl2089,0,0.0,1.214,adp_c + h_c + pep_c --> atp_c + pyr_c
TPI,3.5834834877599415,3.3969066696389363,3.2058875463245764,3.0193107282035787,2.8327339100825824,2.6461570919615824,2.6134925676692013,2.718805871992965,2.824119176316725,2.9319399402672444,unchanged,Cgl1586,0,3.3969066696389363,-0.265,dhap_c --> g3p_c
GLYCK,0.0,0.0,0.0,0.0,0.0,0.0,0.0,0.0,0.0,0.0,,Cgl2081,0,0.0,0.0,atp_c + glyc__R_c --> 3pg_c + adp_c + h_c
ATPPRT,0.03194797856692774,0.028570095533276118,0.02511178671310905,0.02173390367945754,0.018356020645806055,0.014978137612154515,0.011365787327666585,0.0077039644390320605,0.004042141550397489,0.0002931324025097345,,Cgl1504,0,0.028570095533276118,-2.83,atp_c + prpp_c --> ppi_c + prbatp_c
HISTD,0.03194797856692774,0.028570095533276118,0.02511178671310905,0.02173390367945754,0.018356020645806055,0.014978137612154515,0.011365787327666585,0.0077039644390320605,0.004042141550397489,0.0002931324025097345,,Cgl2102,0,0.028570095533276118,-2.83,h2o_c + histd_c + 2.0 nad_c --> 3.0 h_c + his__L_c + 2.0 nadh_c
HISTP,0.03194797856692774,0.028570095533276118,0.02511178671310905,0.02173390367945754,0.018356020645806055,0.014978137612154515,0.011365787327666585,0.0077039644390320605,0.004042141550397489,0.0002931324025097345,,Cgl0799,0,0.028570095533276118,-2.83,h2o_c + hisp_c --> histd_c + pi_c
HSTPT_num1,0.03194797856692774,0.028570095533276118,0.02511178671310905,0.02173390367945754,0.018356020645806055,0.014978137612154515,0.011365787327666585,0.0077039644390320605,0.004042141550397489,0.0002931324025097345,,Cgl0218,0,0.028570095533276118,-2.83,glu__L_c + imacp_c --> akg_c + hisp_c
IG3PS,0.03194797856692774,0.028570095533276118,0.02511178671310905,0.02173390367945754,0.018356020645806055,0.014978137612154515,0.011365787327666585,0.0077039644390320605,0.004042141550397489,0.0002931324025097345,,Cgl2094 and Cgl2097,0,0.028570095533276118,-2.83,gln__L_c + prlp_c --> aicar_c + eig3p_c + glu__L_c + h_c
IGPDH,0.03194797856692774,0.028570095533276118,0.02511178671310905,0.02173390367945754,0.018356020645806055,0.014978137612154515,0.011365787327666585,0.0077039644390320605,0.004042141550397489,0.0002931324025097345,,Cgl2100,0,0.028570095533276118,-2.83,eig3p_c --> h2o_c + imacp_c
PRAMPC,0.03194797856692774,0.028570095533276118,0.02511178671310905,0.02173390367945754,0.018356020645806055,0.014978137612154515,0.011365787327666585,0.0077039644390320605,0.004042141550397489,0.0002931324025097345,,Cgl2093,0,0.028570095533276118,-2.83,h2o_c + prbamp_c --> prfp_c
PRATPP,0.03194797856692774,0.028570095533276118,0.02511178671310905,0.02173390367945754,0.018356020645806055,0.014978137612154515,0.011365787327666585,0.0077039644390320605,0.004042141550397489,0.0002931324025097345,,Cgl1505,0,0.028570095533276118,-2.83,h2o_c + prbatp_c --> h_c + ppi_c + prbamp_c
PRMICI,0.03194797856692774,0.028570095533276118,0.02511178671310905,0.02173390367945754,0.018356020645806055,0.014978137612154515,0.011365787327666585,0.0077039644390320605,0.004042141550397489,0.0002931324025097345,,Cgl2096,0,0.028570095533276118,-2.83,prfp_c --> prlp_c
PRPPS,0.22427446950522886,0.20056176656109953,0.17628447545163684,0.15257177250750925,0.1288590695633822,0.1051463666192545,0.07978770606978054,0.05408174836575329,0.028375790661725707,0.002057786345697616,down,Cgl0942,0,0.20056176656109953,-2.83,atp_c + r5p_c --> amp_c + h_c + prpp_c
CA2t3pp,0.0,0.0,0.0,0.0,0.0,0.0,0.0,0.0,0.0,0.0,,Cgl1082,0,0.0,0.0,ca2_c + h_e --> ca2_e + h_c
CAt6pp_num1,0.0,0.0,0.0,0.0,0.0,0.0,0.0,0.0,0.0,0.0,,Cgl0267,0,0.0,0.0,ca2_c + na1_e --> ca2_e + na1_c
COBALT2abcpp,0.0,0.0,0.0,0.0,0.0,0.0,0.0,0.0,0.0,0.0,,Cgl0061,0,0.0,0.0,atp_c + cobalt2_e + h2o_c --> adp_c + cobalt2_c + h_c + pi_c
COBALT2tpp,7.089262046313089e-05,6.339709208809286e-05,5.572309875174456e-05,4.822757037670678e-05,4.073204200166905e-05,3.323651362663121e-05,2.5220702010831935e-05,1.709511059967753e-05,8.969519188523025e-06,6.50461315198219e-07,,Cgl1434,0,6.339709208809286e-05,-2.83,cobalt2_e --> cobalt2_c
CYANSTpp_num1,0.0,0.0,0.0,0.0,0.0,0.0,0.0,0.0,0.0,0.0,,Cgl0701,0,0.0,0.0,cyan_c + tsul_c --> h_c + so3_c + tcynt_c
FDMO,0.0,0.0,0.0,0.0,0.0,0.0,0.0,0.0,0.0,0.0,,Cgl2944,0,0.0,0.0,fmnh2_c + isetac_c + o2_c --> fmn_c + gcald_c + h2o_c + h_c + so3_c
FE3abcpp_num1,0.0,0.0,0.0,0.0,0.0,0.0,0.0,0.0,0.0,0.0,,Cgl0336 and Cgl0036 and Cgl0038,0,0.0,0.0,atp_c + fe3_e + h2o_c --> adp_c + fe3_c + h_c + pi_c
FEROpp,0.00549944640181883,0.0049179859298749025,0.004322681160979941,0.0037412206890360326,0.0031597602170921283,0.0025782997451482153,0.0019564786577038473,0.001326141477941067,0.0006958042981782791,5.0459090325904524e-05,,Cgl2526,0,0.0049179859298749025,-2.83,4.0 fe2_c + 4.0 h_c + o2_c --> 4.0 fe3_c + 2.0 h2o_c
Kabcpp_num1,0.0,0.0,0.0,0.0,0.0,0.0,0.0,0.0,0.0,0.0,,Cgl0777,0,0.0,0.0,atp_c + h2o_c + k_e --> adp_c + h_c + k_c + pi_c
Kt2pp,0.5499473418823579,0.49180100903520696,0.4322702396916965,0.37412390684454744,0.31597757399739884,0.25783124115024936,0.19564882692518692,0.1326147992846021,0.06958077164401649,0.0050459338215125245,,Cgl0712,0,0.49180100903520696,-2.83,h_e + k_e --> h_c + k_c
Kt3pp,0.0,0.0,0.0,0.0,0.0,0.0,0.0,0.0,0.0,0.0,,Cgl0712,0,0.0,0.0,h_e + k_c --> h_c + k_e
MG2t3_2pp_num1,0.024442014026977855,0.021857742088863086,0.01921193986650754,0.016627667928392858,0.014043395990278191,0.011459124052163486,0.00869547138040379,0.005893969362965802,0.00309246734552778,0.00022426289910315423,,Cgl1125,0,0.021857742088863086,-2.83,2.0 h_c + mg2_e --> 2.0 h_e + mg2_c
MG2uabcpp,0.0,0.0,0.0,0.0,0.0,0.0,0.0,0.0,0.0,0.0,,,0,0.0,0.0,atp_c + h2o_c + mg2_e --> adp_c + h_c + mg2_c + pi_c
MN2tpp,0.0019480341104701183,0.0017420670457011617,0.0015311960031996151,0.0013252289384306653,0.001119261873661717,0.0009132948088927656,0.0006930310586086227,0.0004697507068136999,0.00024647035501877446,1.7873804371590084e-05,,Cgl1434,0,0.0017420670457011617,-2.83,mn2_e --> mn2_c
NAt3_1p5pp_num1,0.0,0.0,0.0,0.0,0.0,0.0,0.0,0.0,0.0,0.0,,Cgl0267,0,0.0,0.0,3.0 h_e + 2.0 na1_c --> 3.0 h_c + 2.0 na1_e
NAt3_2pp_num1,0.0,0.0,0.0,0.0,0.0,0.0,0.0,0.0,0.0,0.0,,Cgl0267,0,0.0,0.0,2.0 h_e + na1_c --> 2.0 h_c + na1_e
NAt3pp,0.0,0.0,0.0,0.0,0.0,0.0,0.0,0.0,0.0,0.0,,Cgl1258,0,0.0,0.0,h_e + na1_c --> h_c + na1_e
NH4tpp_num1,0.0,4.1922158132666025,4.636825178118876,5.071094790300161,5.505364402481449,0.0,6.366123937796915,0.0,0.0,0.0,,Cgl2061,0,4.1922158132666025,0.0,nh4_e --> nh4_c
NI2tpp,0.0009092572948501029,0.00081312085907956,0.0007146954605525774,0.0006185590247820376,0.0005224225890114985,0.0004262861532409578,0.0003234766486945689,0.00021925912623176343,0.00011504160376895669,8.342711723702765e-06,,,0,0.00081312085907956,-2.83,ni2_e --> ni2_c
NI2uabcpp,0.0,0.0,0.0,0.0,0.0,0.0,0.0,0.0,0.0,0.0,,,0,0.0,0.0,atp_c + h2o_c + ni2_e --> adp_c + h_c + ni2_c + pi_c
NO2t2rpp,0.0,0.0,0.0,0.0,0.0,0.0,0.0,0.0,0.0,0.0,,,0,0.0,0.0,h_e + no2_e --> h_c + no2_c
NO3t7pp,0.0,0.0,0.0,0.0,0.0,0.0,0.0,0.0,0.0,0.0,,Cgl1190,0,0.0,0.0,no2_c + no3_e --> no2_e + no3_c
O2tpp,8.780331731683635,7.903955865159973,7.00671390657623,6.130338040052583,5.253962173528942,4.377586307005292,3.5731109898818625,2.867728997245515,2.1623470046091606,1.4401702026243273,,,0,7.903955865159973,-1.872,o2_e --> o2_c
PIt2rpp,0.21574268895161985,0.1929320573770421,0.16957831552684244,0.1467676839521932,0.12395705237756749,0.10114642080294445,0.07675244663716876,0.05202438708860457,0.027296327540062393,0.0019795046689356083,,Cgl0460,0,0.1929320573770421,-2.83,h_e + pi_e --> h_c + pi_c
PIuabcpp,0.0,0.0,0.0,0.0,0.0,0.0,0.0,0.0,0.0,0.0,,Cgl2575 and Cgl2572 and Cgl2573 and Cgl2574,0,0.0,0.0,atp_c + h2o_c + pi_e --> adp_c + h_c + 2.0 pi_c
PPTHpp,0.0,0.0,0.0,0.0,0.0,0.0,0.0,0.0,0.0,0.0,,Cgl2457,0,0.0,0.0,h2o_c + ppt_c --> h2_c + pi_c
SFRD,0.0,0.0,0.0,0.0,0.0,0.0,0.0,0.0,0.0,0.0,,Cgl2817,0,0.0,0.0,fdxox_c + 3.0 h2o_c + h2s_c --> 6.0 fdxrd_c + 6.0 h_c + so3_c
SO3TRDRD,0.05739468609902088,0.05132630415148996,0.045113436919494314,0.039045054971964005,0.03297667302443334,0.026908291076902895,0.02041868766667267,0.013840206502266455,0.007261725337860158,0.0005266136695394644,,,0,0.05132630415148996,-2.83,aps_c + trdrd_c --> amp_c + 2.0 h_c + so3_c + trdox_c
SULabcpp,0.06961582819753356,0.06225529599830734,0.054719513032433206,0.047358980833207644,0.03999844863398174,0.03263791643475603,0.024766471414614674,0.016787223758274128,0.008807976101933478,0.0006387463585371452,,Cgl0213 and Cgl0214,0,0.06225529599830734,-2.83,atp_c + h2o_c + so4_e --> adp_c + h_c + pi_c + so4_c
ZN2abcpp_num1,0.0,0.0,0.0,0.0,0.0,0.0,0.0,0.0,0.0,0.0,,Cgl0027 and Cgl0028 and Cgl0029,0,0.0,0.0,atp_c + h2o_c + zn2_c --> adp_c + h_c + pi_c + zn2_e
ZN2t3pp,0.0,0.0,0.0,0.0,0.0,0.0,0.0,0.0,0.0,0.0,,Cgl1434,0,0.0,0.0,h_e + zn2_c --> h_c + zn2_e
ZN2tpp,0.0009605625868697241,0.0008590016052210572,0.0007550225049617098,0.0006534615233130461,0.0005519005416643832,0.0004503395600157188,0.0003417289783891458,0.00023163093073968558,0.00012153288309022394,8.81345335387099e-06,,,0,0.0008590016052210572,-2.83,zn2_e --> zn2_c
ZNabcpp,0.0,0.0,0.0,0.0,0.0,0.0,0.0,0.0,0.0,0.0,,,0,0.0,0.0,atp_c + h2o_c + zn2_e --> adp_c + h_c + pi_c + zn2_c
CD2tpp,0.0,0.0,0.0,0.0,0.0,0.0,0.0,0.0,0.0,0.0,,Cgl1434,0,0.0,0.0,cd2_e --> cd2_c
CU2tpp,0.001996907872062269,0.001785773348897564,0.0015696118132765612,0.001358477290111863,0.0011473427669471666,0.0009362082437824668,0.0007104183489811817,0.000481536169875749,0.0002526539907703134,1.8322235971892517e-05,,Cgl0386,0,0.001785773348897564,-2.83,cu2_e --> cu2_c
FE2tpp_num1,0.0409159028431359,0.03658983464665101,0.03216076482644038,0.027834696629955635,0.023508628433470923,0.019182560236986144,0.014556208902555042,0.009866497807805501,0.005176786713055905,0.0003754158303361062,,Cgl1434,0,0.03658983464665101,-2.83,fe2_e --> fe2_c
D52DGK,0.0,0.0,0.0,0.0,0.0,0.0,0.0,0.0,0.0,0.0,,Cgl0158,0,0.0,0.0,atp_c + d52dg_c --> 6p5d2dg_c + adp_c
D5GIS,0.0,0.0,0.0,0.0,0.0,0.0,0.0,0.0,0.0,0.0,,Cgl0161,0,0.0,0.0,d5dg_c --> d52dg_c
MI1PS,0.0,0.0,0.0,0.0,0.0,0.0,0.0,0.0,0.0,0.0,,Cgl2996,0,0.0,0.0,g6p_c --> mi3p__D_c
MI2DH_num1,0.0,0.0,0.0,0.0,0.0,0.0,0.0,0.0,0.0,0.0,,Cgl0164,0,0.0,0.0,inost_c + nad_c --> 2ins_c + h_c + nadh_c
MI2DHT,0.0,0.0,0.0,0.0,0.0,0.0,0.0,0.0,0.0,0.0,,Cgl0163,0,0.0,0.0,2ins_c --> h2o_c + thcd_c
THCDH,0.0,0.0,0.0,0.0,0.0,0.0,0.0,0.0,0.0,0.0,,Cgl0162,0,0.0,0.0,h2o_c + thcd_c --> d5dg_c
U23GAAT_num1,0.0,0.0,0.0,0.0,0.0,0.0,0.0,0.0,0.0,0.0,,Cgl1392,0,0.0,0.0,3hmrsACP_c + u3hga_c --> ACP_c + h_c + u23ga_c
UAGAAT_num1,0.0,0.0,0.0,0.0,0.0,0.0,0.0,0.0,0.0,0.0,,Cgl1392,0,0.0,0.0,3hmrsACP_c + uacgam_c --> ACP_c + u3aga_c
ACACT1r,0.0,0.0,0.0,0.0,0.0,0.0,0.0,0.0,0.0,0.0,,Cgl2392,0,0.0,0.0,2.0 accoa_c --> aacoa_c + coa_c
ACCOAC_num1,0.0,0.5285594394813097,0.0,0.0,0.0,0.0,0.0,0.0,0.0,0.0,unchanged,Cgl0831,0,0.5285594394813097,0.0,accoa_c + atp_c + hco3_c --> adp_c + h_c + malcoa_c + pi_c
ACOAD1f,0.0,0.0,0.0,0.0,0.0,0.0,0.0,0.0,0.0,0.0,,Cgl0288,0,0.0,0.0,btcoa_c + fad_c --> b2coa_c + fadh2_c
ACOAD2f,0.0,0.0,0.0,0.0,0.0,0.0,0.0,0.0,0.0,0.0,,Cgl0288,0,0.0,0.0,fad_c + hxcoa_c --> fadh2_c + hx2coa_c
ACOAD3f,0.0,0.0,0.0,0.0,0.0,0.0,0.0,0.0,0.0,0.0,,Cgl0288,0,0.0,0.0,fad_c + occoa_c --> fadh2_c + oc2coa_c
ACOAD4f,0.0,0.0,0.0,0.0,0.0,0.0,0.0,0.0,0.0,0.0,,Cgl0288,0,0.0,0.0,dcacoa_c + fad_c --> dc2coa_c + fadh2_c
ACOAD5f,0.0,0.0,0.0,0.0,0.0,0.0,0.0,0.0,0.0,0.0,,Cgl0288,0,0.0,0.0,ddcacoa_c + fad_c --> dd2coa_c + fadh2_c
ACOAD6f,0.0,0.0,0.0,0.0,0.0,0.0,0.0,0.0,0.0,0.0,,Cgl0288,0,0.0,0.0,fad_c + tdcoa_c --> fadh2_c + td2coa_c
ACOAD7f,0.0,0.0,0.0,0.0,0.0,0.0,0.0,0.0,0.0,0.0,,Cgl0288,0,0.0,0.0,fad_c + pmtcoa_c --> fadh2_c + hdd2coa_c
ACOAD8f,0.0,0.0,0.0,0.0,0.0,0.0,0.0,0.0,0.0,0.0,,Cgl0288,0,0.0,0.0,fad_c + stcoa_c --> fadh2_c + od2coa_c
ACOATA_num1,0.0,0.0,0.0,0.0,0.0,0.0,0.0,0.0,0.0,0.001842211620146317,,Cgl1392,0,0.0,0.0,ACP_c + accoa_c --> acACP_c + coa_c
KAS14_num1,0.0,0.0,0.0,0.0,0.0,0.0,0.0,0.0,0.0,0.0,,Cgl2491,0,0.0,0.0,acACP_c + h_c + malACP_c --> ACP_c + actACP_c + co2_c
KAS15_num1,0.20077936404258578,0.1795508157046672,0.15781682573965572,0.1365882774017378,0.11535972906382004,0.09413118072590197,0.07142910612361869,0.04841611739018704,0.02540312865675509,0.0,down,Cgl2491,0,0.1795508157046672,-2.866,accoa_c + h_c + malACP_c --> actACP_c + co2_c + coa_c
MACPD,0.0,0.0,0.0,0.0,0.0,0.0,0.0,0.0,0.0,0.0,,,0,0.0,0.0,h_c + malACP_c --> acACP_c + co2_c
MCOATA_num1,1.5088908617580852,1.3493547323943065,1.186020123759965,1.0264839943961916,0.8669478650324194,0.7074117356686447,0.5368018073342269,0.3638553067453928,0.19090880615655648,0.013844531744177426,down,Cgl1392,0,1.3493547323943065,-2.83,ACP_c + malcoa_c --> coa_c + malACP_c
TDCM_FREE,0.002040598866945254,0.0018248448630822814,0.0016039538591273376,0.001388199855264372,0.0011724458514014077,0.0009566918475384404,0.0007259618224104594,0.0004920718558872855,0.0002581818893641085,1.8723114114190628e-05,,,0,0.0018248448630822814,-2.83,atp_c + tmcm_c + tre_c --> adp_c + tdcm_c
TMCM_FREE,0.005323291388683573,0.00476045591452834,0.004184219595750373,0.003621384121595158,0.0030585486474399466,0.002495713173284727,0.0018938098909834936,0.0012836632987940429,0.0006735167066045844,4.884281460109464e-05,,,0,0.00476045591452834,-2.83,atp_c + freemyco_c + tre_c --> adp_c + tmcm_c
ACHACB,0.0,0.0,0.0,0.0,0.0,0.0,0.0,0.0,0.0,0.0,,Cgl0653,0,0.0,0.0,achms_c + ch4s_c --> ac_c + hcys__L_c
AHCYSNS,0.0,0.0,0.0,0.0,0.0,0.0,0.0,0.0,0.0,0.0,,Cgl2802,0,0.0,0.0,ahcys_c + h2o_c --> ade_c + rhcys_c
CYSTL,0.03611684420347303,0.03229818397092103,0.02838860325664169,0.024569943024089817,0.020751282791537973,0.016932622558986074,0.012848899635486931,0.008709248468122235,0.0045695973007574865,0.0003313830103602678,,Cgl2309,0,0.03229818397092103,-2.83,cyst__L_c + h2o_c --> hcys__L_c + nh4_c + pyr_c
HSST_num1,0.0,0.0,0.0,0.0,0.0,0.0,0.0,0.0,0.0,0.0003313830103602678,,Cgl0652,0,0.0,0.0,accoa_c + hom__L_c --> achms_c + coa_c
METAT,0.00011525619652391682,0.00010307007495300847,9.059380763041208e-05,7.840768605950414e-05,6.622156448859628e-05,5.403544291768823e-05,4.1003452382513496e-05,2.7792983444577694e-05,1.4582514506641729e-05,1.057510593993077e-06,,Cgl1603,0,0.00010307007495300847,-2.83,atp_c + h2o_c + met__L_c --> amet_c + pi_c + ppi_c
METS,0.03611684420347303,0.03229818397092103,0.02838860325664169,0.024569943024089817,0.020751282791537973,0.016932622558986074,0.012848899635486931,0.008709248468122235,0.0045695973007574865,0.0003313830103602678,,Cgl1507 and Cgl1139,0,0.03229818397092103,-2.83,5mthf_c + hcys__L_c --> h_c + met__L_c + thf_c
METSOXR1_num1,0.0,0.0,0.0,0.0,0.0,0.0,0.0,0.0,0.0,0.0,,Cgl3091,0,0.0,0.0,metsox_S__L_c + trdrd_c --> h2o_c + met__L_c + trdox_c
SHSL1_num1,0.03611684420347303,0.03229818397092103,0.0,0.0,0.020751282791537973,0.016932622558986074,0.0,0.0,0.0,0.0,,Cgl2446,0,0.03229818397092103,0.0,cys__L_c + suchms_c --> cyst__L_c + h_c + succ_c
GLYOX,0.0,0.0,0.0,0.0,0.0,0.0,0.0,0.0,0.0,0.0,,Cgl0052,0,0.0,0.0,h2o_c + lgt_S_c --> gthrd_c + h_c + lac__D_c
LGTHL,0.0,0.0,0.0,0.0,0.0,0.0,0.0,0.0,0.0,0.0,,Cgl0940,0,0.0,0.0,gthrd_c + mthgxl_c --> lgt_S_c
MCTP1App,0.0,0.0,0.0,0.0,0.0,0.0,0.0,0.0,0.0,0.0,,Cgl2986,0,0.0,0.0,murein5p5p_c --> ala__D_c + murein5px4p_c
MCTP1Bpp,0.0,0.0,0.0,0.0,0.0,0.0,0.0,0.0,0.0,0.0,,Cgl2986,0,0.0,0.0,murein5p5p_c --> alaala_c + murein5px3p_c
MCTP2App,0.0,0.0,0.0,0.0,0.0,0.0,0.0,0.0,0.0,0.0,,Cgl2986,0,0.0,0.0,murein5p5p5p_c --> 2.0 ala__D_c + murein5px4px4p_c
MDDCP3pp,0.0,0.0,0.0,0.0,0.0,0.0,0.0,0.0,0.0,0.0,,Cgl0680 and Cgl2699,0,0.0,0.0,h2o_c + murein5p5p_c --> ala__D_c + murein5p4p_c
MDDCP4pp,0.0,0.0,0.0,0.0,0.0,0.0,0.0,0.0,0.0,0.0,,Cgl0680 and Cgl2699,0,0.0,0.0,h2o_c + murein5p4p_c --> ala__D_c + murein4p4p_c
MDDCP5pp,0.0,0.0,0.0,0.0,0.0,0.0,0.0,0.0,0.0,0.0,,Cgl0680 and Cgl2699,0,0.0,0.0,h2o_c + murein5p3p_c --> ala__D_c + murein4p3p_c
MPTG_num1,0.0,0.0,0.0,0.0,0.0,0.0,0.0,0.0,0.0,0.0,,Cgl2986,0,0.0,0.0,2.0 uaagmda_c --> 2.0 h_c + murein5p5p_e + 2.0 udcpdp_c
MPTG2_num1,0.0,0.0,0.0,0.0,0.0,0.0,0.0,0.0,0.0,0.0,,Cgl2986,0,0.0,0.0,murein5p5p_e + uaagmda_c --> h_c + murein5p5p5p_e + udcpdp_c
AGM4PApp,0.0,0.0,0.0,0.0,0.0,0.0,0.0,0.0,0.0,0.0,,Cgl0686,0,0.0,0.0,anhgm4p_c + h2o_c --> LalaDgluMdapDala_c + anhgm_c
NHFRBO_num1,0.0,0.0,0.0,0.0,0.0,0.0,0.0,0.0,0.0,0.0,,Cgl2709,0,0.0,0.0,h_c + nadh_c + 2.0 no_c --> h2o_c + n2o_c + nad_c
NO3R1bpp,0.0,0.0,0.0,0.0,0.0,0.0,0.0,0.0,0.0,0.0,,Cgl1186 and Cgl1187 and Cgl1188 and Cgl1189,0,0.0,0.0,no3_e + q8h2_c --> h2o_e + no2_e + q8_c
NO3R2bpp,0.0,0.0,0.0,0.0,0.0,0.0,0.0,0.0,0.0,0.0,,Cgl1186 and Cgl1187 and Cgl1188 and Cgl1189,0,0.0,0.0,mql8_c + no3_e --> h2o_e + mqn8_c + no2_e
NTRIR3pp,0.0,0.0,0.0,0.0,0.0,0.0,0.0,0.0,0.0,0.0,,,0,0.0,0.0,2.0 h_e + no2_e + 3.0 q8h2_c --> 2.0 h2o_e + nh4_e + 3.0 q8_c
NTRIR4pp,0.0,0.0,0.0,0.0,0.0,0.0,0.0,0.0,0.0,0.0,,,0,0.0,0.0,2.0 h_e + 3.0 mql8_c + no2_e --> 2.0 h2o_e + 3.0 mqn8_c + nh4_e
3NTD2pp,0.0,0.0,0.0,0.0,0.0,0.0,0.0,0.0,0.0,0.0,,,0,0.0,0.0,3ump_c + h2o_c --> pi_c + uri_c
3NTD4pp,0.0,0.0,0.0,0.0,0.0,0.0,0.0,0.0,0.0,0.0,,,0,0.0,0.0,3cmp_c + h2o_c --> cytd_c + pi_c
3NTD7pp,0.0,0.0,0.0,0.0,0.0,0.0,0.0,0.0,0.0,0.0,,Cgl0328,0,0.0,0.0,3amp_c + h2o_c --> adn_c + pi_c
3NTD9pp,0.0,0.0,0.0,0.0,0.0,0.0,0.0,0.0,0.0,0.0,,Cgl0328,0,0.0,0.0,3gmp_c + h2o_c --> gsn_c + pi_c
ADK1,0.5651206785272895,0.624094661391342,0.4441968031440921,0.47476261469776954,0.32469556158890944,0.26494494081132314,0.2482780355229973,0.13627371140291103,0.088297883332347,0.005185153791737037,unchanged,Cgl0556,0,0.624094661391342,-2.83,amp_c + atp_c --> 2.0 adp_c
ADK2,0.0,0.0,0.0,0.0,0.0,0.0,0.0,0.0,0.0,0.0,,Cgl0556,0,0.0,0.0,atp_c + damp_c --> adp_c + dadp_c
ADK3,0.0,0.0,0.0,0.0,0.0,0.0,0.0,0.0,0.0,0.0,,Cgl0315,0,0.0,0.0,amp_c + gtp_c --> adp_c + gdp_c
ADK4,0.0,0.0,0.0,0.0,0.0,0.0,0.0,0.0,0.0,0.0,,Cgl0315,0,0.0,0.0,amp_c + itp_c --> adp_c + idp_c
ADNCYC,0.0,0.0,0.0,0.0,0.0,0.0,0.0,0.0,0.0,0.0,,Cgl0311,0,0.0,0.0,atp_c --> camp_c + ppi_c
ADNK1,0.0,0.0,0.0,0.0,0.0,0.0,0.0,0.0,0.0,0.0,,Cgl0556,0,0.0,0.0,adn_c + atp_c --> adp_c + amp_c + h_c
ADPRDP,0.0,0.0,0.0,0.0,0.0,0.0,0.0,0.0,0.0,0.0,,Cgl1418,0,0.0,0.0,adprib_c + h2o_c --> amp_c + 2.0 h_c + r5p_c
ADPT,0.0,0.0,0.0,0.0,0.0,0.0,0.0,0.0,0.0,0.0,,Cgl1654,0,0.0,0.0,ade_c + prpp_c --> amp_c + ppi_c
AMPN,0.0,0.0,0.0,0.0,0.0,0.0,0.0,0.0,0.0,0.0,,Cgl0095,0,0.0,0.0,amp_c + h2o_c --> ade_c + r5p_c
AP5AH,0.0,0.0,0.0,0.0,0.0,0.0,0.0,0.0,0.0,0.0,,Cgl1714,0,0.0,0.0,ap5a_c + h2o_c --> adp_c + atp_c + 2.0 h_c
ATPHs,0.0,0.0,0.0,0.0,0.0,0.0,0.0,0.0,0.0,0.0,,,0,0.0,0.0,atp_c + h2o_c + h_c --> itp_c + nh4_c
CYTDK2,0.0,0.0,0.0,0.0,0.0,0.0,0.0,0.0,0.0,0.0,,,0,0.0,0.0,cytd_c + gtp_c --> cmp_c + gdp_c + h_c
CYTK1,0.014064569689530803,0.012577512496526957,0.011055049179880361,0.009567991986876965,0.00808093479387318,0.006593877600869701,0.005003600074773756,0.003391543052135311,0.0017794860294968466,0.00012904669679556971,,Cgl1427,0,0.012577512496526957,-2.83,atp_c + cmp_c --> adp_c + cdp_c
CYTK2,0.0,0.0,0.0,0.0,0.0,0.0,0.0,0.0,0.0,0.0,,Cgl1427,0,0.0,0.0,atp_c + dcmp_c --> adp_c + dcdp_c
DCTPD_num1,0.0,0.0,0.0,0.0,0.0,0.0,0.0,0.0,0.0,0.0,,Cgl2848,0,0.0,0.0,dctp_c + h2o_c + h_c --> dutp_c + nh4_c
DGK1,0.0,0.0,0.0,0.0,0.0,0.0,0.0,0.0,0.0,0.0,,Cgl1606,0,0.0,0.0,atp_c + dgmp_c --> adp_c + dgdp_c
DTMPK,0.0,0.0,0.0,0.0,0.0,0.0,0.0,0.0,0.0,0.0,,Cgl0753,0,0.0,0.0,atp_c + dtmp_c --> adp_c + dtdp_c
DURIK1,0.0,0.0,0.0,0.0,0.0,0.0,0.0,0.0,0.0,0.0,,,0,0.0,0.0,atp_c + duri_c --> adp_c + dump_c + h_c
DUTPDP,0.0,0.0,0.0,0.0,0.0,0.0,0.0,0.0,0.0,0.0,,Cgl1905,0,0.0,0.0,dutp_c + h2o_c --> dump_c + h_c + ppi_c
GK1,0.02687257588197576,0.02403131886935811,0.021122412880249637,0.018281155867632078,0.015439898855014551,0.012598641842396969,0.009560166123852831,0.006480077246397139,0.003399988368941408,0.00024656404202246256,,Cgl1606,0,0.02403131886935811,-2.83,atp_c + gmp_c --> adp_c + gdp_c
GP4GH,0.0,0.0,0.0,0.0,0.0,0.0,0.0,0.0,0.0,0.0,,Cgl1002 and Cgl1003,0,0.0,0.0,gp4g_c + h2o_c --> 2.0 gdp_c + 2.0 h_c
GSNHYDRO_num1,0.0,0.0,0.0,0.0,0.0,0.0,0.0,0.0,0.0,0.0,,Cgl1143,0,0.0,0.0,gsn_c + h2o_c --> gua_c + rib__D_c
GSNK,0.0,0.0,0.0,0.0,0.0,0.0,0.0,0.0,0.0,0.0,,,0,0.0,0.0,atp_c + gsn_c --> adp_c + gmp_c + h_c
GTPHs,0.0,0.0,0.0,0.0,0.0,0.0,0.0,0.0,0.0,0.0,,,0,0.0,0.0,gtp_c + h2o_c + h_c --> nh4_c + xtp_c
GUAPRT,0.0,0.0,0.0,0.0,0.0,0.0,0.0,0.0,0.0,0.0,,Cgl2697,0,0.0,0.0,gua_c + prpp_c --> gmp_c + ppi_c
HXPRT_num1,0.0,0.0,0.0,0.0,0.0,0.0,0.0,0.0,0.0,0.0,,Cgl2698,0,0.0,0.0,hxan_c + prpp_c --> imp_c + ppi_c
INSH,0.0,0.0,0.0,0.0,0.0,0.0,0.0,0.0,0.0,0.0,,Cgl2835,0,0.0,0.0,h2o_c + ins_c --> hxan_c + rib__D_c
NDPK1,0.13276158240673522,0.0,0.10435341109639103,0.0,0.07627945356614331,0.062242474801024995,0.0,0.03201424802475255,0.0,0.0012181278239672385,,Cgl2370,0,0.0,-2.835,atp_c + gdp_c --> adp_c + gtp_c
NDPK2,0.42146340587572795,0.37690177312546674,0.33127914911924794,0.28671751636898823,0.2540634198106778,0.1975942508684688,0.14993948451362693,0.10662962246817555,0.05332464904762042,0.003867054701926579,down,Cgl2370,0,0.37690177312546674,-2.786,atp_c + udp_c --> adp_c + utp_c
NDPK3,0.010111289970336166,0.009042215920233583,0.007947687726081126,0.006878613675978978,0.005809539625876439,0.004740465575774211,0.0035971844406510684,0.0024382456060881353,0.0012793067715251882,9.277415518693888e-05,,Cgl2370,0,0.009042215920233583,-2.83,atp_c + cdp_c --> adp_c + ctp_c
NDPK4,0.0,0.0,0.0,0.0,0.0,0.0,0.0,0.0,0.0,0.0,,Cgl2370,0,0.0,0.0,atp_c + dtdp_c --> adp_c + dttp_c
NDPK5,0.0,0.0,0.0,0.0,0.0,0.0,0.0,0.0,0.0,0.0,,Cgl2370,0,0.0,0.0,atp_c + dgdp_c --> adp_c + dgtp_c
NDPK6,0.0,0.0,0.0,0.0,0.0,0.0,0.0,0.0,0.0,0.0,,Cgl2370,0,0.0,0.0,atp_c + dudp_c --> adp_c + dutp_c
NDPK7,0.0,0.0,0.0,0.0,0.0,0.0,0.0,0.0,0.0,0.0,,Cgl2370,0,0.0,0.0,atp_c + dcdp_c --> adp_c + dctp_c
NDPK8,0.0,0.0,0.0,0.0,0.0,0.0,0.0,0.0,0.0,0.0,,Cgl2370,0,0.0,0.0,atp_c + dadp_c --> adp_c + datp_c
NNATr,0.0011756164614866761,0.001051317677103106,0.0009240593978560548,0.0007997606134738682,0.0006754618290916826,0.000551163044709495,0.00041823637298897895,0.000283489216516806,0.0001487420600446314,1.0786637942167667e-05,,Cgl2352,0,0.001051317677103106,-2.83,atp_c + h_c + nicrnt_c --> dnad_c + ppi_c
NTD1,0.0,0.0,0.0,0.0,0.0,0.0,0.0,0.0,0.0,0.0,,Cgl0328,0,0.0,0.0,dump_c + h2o_c --> duri_c + pi_c
NTD10,0.06967692534495132,0.06230993329983306,0.054767536682224116,0.04740054463712409,0.04003355259202597,0.03266656054692109,0.024788207286955584,0.01680195677964691,0.00881570627232906,0.0006393069434132226,,Cgl0328,0,0.06230993329983306,-2.83,h2o_c + xmp_c --> pi_c + xtsn_c
NTD11,0.0,0.0,0.0,0.0,0.0,0.0,0.0,0.0,0.0,0.0,,Cgl0328,0,0.0,0.0,h2o_c + imp_c --> ins_c + pi_c
NTD12,0.0,0.0,0.0,0.0,0.0,0.0,0.0,0.0,0.0,0.0,,Cgl0328,0,0.0,0.0,dimp_c + h2o_c --> din_c + pi_c
NTD2,0.0,0.0,0.0,0.0,0.0,0.0,0.0,0.0,0.0,0.0,,Cgl0328,0,0.0,0.0,h2o_c + ump_c --> pi_c + uri_c
NTD3,0.0,0.0,0.0,0.0,0.0,0.0,0.0,0.0,0.0,0.0,,Cgl0328,0,0.0,0.0,dcmp_c + h2o_c --> dcyt_c + pi_c
NTD4,0.0,0.0,0.0,0.0,0.0,0.0,0.0,0.0,0.0,0.0,,Cgl0328,0,0.0,0.0,cmp_c + h2o_c --> cytd_c + pi_c
NTD5,0.0,0.0,0.0,0.0,0.0,0.0,0.0,0.0,0.0,0.0,,Cgl0328,0,0.0,0.0,dtmp_c + h2o_c --> pi_c + thymd_c
NTD6,0.0,0.0,0.0,0.0,0.0,0.0,0.0,0.0,0.0,0.0,,Cgl0328,0,0.0,0.0,damp_c + h2o_c --> dad_2_c + pi_c
NTD7,0.0,0.0,0.0,0.0,0.0,0.0,0.0,0.0,0.0,0.0,,Cgl0328,0,0.0,0.0,amp_c + h2o_c --> adn_c + pi_c
NTD8,0.0,0.0,0.0,0.0,0.0,0.0,0.0,0.0,0.0,0.0,,Cgl0328,0,0.0,0.0,dgmp_c + h2o_c --> dgsn_c + pi_c
NTD9,0.0,0.0,0.0,0.0,0.0,0.0,0.0,0.0,0.0,0.0,,Cgl0328,0,0.0,0.0,gmp_c + h2o_c --> gsn_c + pi_c
NTPP1,0.0,0.0,0.0,0.0,0.0,0.0,0.0,0.0,0.0,0.0,,Cgl2500,0,0.0,0.0,dgtp_c + h2o_c --> dgmp_c + h_c + ppi_c
NTPP10,0.0,0.0,0.0,0.0,0.0,0.0,0.0,0.0,0.0,0.0,,Cgl2500,0,0.0,0.0,ditp_c + h2o_c --> dimp_c + h_c + ppi_c
NTPP11,0.0,0.0,0.0,0.0,0.0,0.0,0.0,0.0,0.0,0.0,,Cgl2500,0,0.0,0.0,h2o_c + xtp_c --> h_c + ppi_c + xmp_c
NTPP3,0.0,0.0,0.0,0.0,0.0,0.0,0.0,0.0,0.0,0.0,,Cgl2500,0,0.0,0.0,dctp_c + h2o_c --> dcmp_c + h_c + ppi_c
NTPP4,0.0,0.0,0.0,0.0,0.0,0.0,0.0,0.0,0.0,0.0,,Cgl2500,0,0.0,0.0,ctp_c + h2o_c --> cmp_c + h_c + ppi_c
NTPP5,0.0,0.0,0.0,0.0,0.0,0.0,0.0,0.0,0.0,0.0,,Cgl2500,0,0.0,0.0,datp_c + h2o_c --> damp_c + h_c + ppi_c
NTPP9,0.0,0.0,0.0,0.0,0.0,0.0,0.0,0.0,0.0,0.0,,Cgl2500,0,0.0,0.0,h2o_c + itp_c --> h_c + imp_c + ppi_c
NTPTP1,0.0,0.0,0.0,0.0,0.0,0.0,0.0,0.0,0.0,0.0,,Cgl2273,0,0.0,0.0,dgtp_c + h2o_c --> dgsn_c + pppi_c
NTPTP2,0.0,0.0,0.0,0.0,0.0,0.0,0.0,0.0,0.0,0.0,,Cgl2273,0,0.0,0.0,gtp_c + h2o_c --> gsn_c + pppi_c
RNDR1,0.0033950151979577187,0.0030360577693320993,0.0026685537352630203,0.0023095963066374126,0.0019506388780118078,0.0015916814493861973,0.001207807894115975,0.0008186770346126109,0.0004295461751092419,3.115029514150916e-05,,Cgl2525 and Cgl2530,0,0.0030360577693320993,-2.83,adp_c + trdrd_c --> dadp_c + h2o_c + trdox_c
RNDR1b,0.0,0.0,0.0,0.0,0.0,0.0,0.0,0.0,0.0,0.0,,Cgl2530,0,0.0,0.0,adp_c + grxrd_c --> dadp_c + grxox_c + h2o_c
RNDR2,0.0039532797191946375,0.0035352965762933753,0.003107361453799235,0.0026893783108979867,0.0022713951679967414,0.0018534120250954895,0.001406415634122688,0.0009532974460471761,0.0005001792579716584,3.6272541608630836e-05,,Cgl2525 and Cgl2530,0,0.0035352965762933753,-2.83,gdp_c + trdrd_c --> dgdp_c + h2o_c + trdox_c
RNDR2b,0.0,0.0,0.0,0.0,0.0,0.0,0.0,0.0,0.0,0.0,,Cgl2530,0,0.0,0.0,gdp_c + grxrd_c --> dgdp_c + grxox_c + h2o_c
RNDR3,0.0039532797191946375,0.0035352965762933753,0.003107361453799235,0.0026893783108979867,0.0022713951679967414,0.0018534120250954895,0.001406415634122688,0.0009532974460471761,0.0005001792579716584,3.6272541608630836e-05,,Cgl2525 and Cgl2530,0,0.0035352965762933753,-2.83,cdp_c + trdrd_c --> dcdp_c + h2o_c + trdox_c
RNDR3b,0.0,0.0,0.0,0.0,0.0,0.0,0.0,0.0,0.0,0.0,,Cgl2530,0,0.0,0.0,cdp_c + grxrd_c --> dcdp_c + grxox_c + h2o_c
RNDR4,0.0033950151979577166,0.0030360577693320993,0.0026685537352630203,0.0023095963066374126,0.0019506388780118076,0.0015916814493861973,0.001207807894115975,0.0008186770346126109,0.0004295461751092419,3.115029514150916e-05,,Cgl2525 and Cgl2530,0,0.0030360577693320993,-2.83,trdrd_c + udp_c --> dudp_c + h2o_c + trdox_c
RNDR4b,0.0,0.0,0.0,0.0,0.0,0.0,0.0,0.0,0.0,0.0,,Cgl2530,0,0.0,0.0,grxrd_c + udp_c --> dudp_c + grxox_c + h2o_c
RNTR2c,0.0,0.0,0.0,0.0,0.0,0.0,0.0,0.0,0.0,0.0,,Cgl0205,0,0.0,0.0,fldrd_c + gtp_c --> dgtp_c + fldox_c + h2o_c
RNTR3c,0.0,0.0,0.0,0.0,0.0,0.0,0.0,0.0,0.0,0.0,,Cgl0205,0,0.0,0.0,ctp_c + fldrd_c --> dctp_c + fldox_c + h2o_c
RNTR4c,0.0,0.0,0.0,0.0,0.0,0.0,0.0,0.0,0.0,0.0,,Cgl0205,0,0.0,0.0,fldrd_c + utp_c --> dutp_c + fldox_c + h2o_c
TMDS,0.0,0.0,0.0,0.0,0.0019506388780118076,0.0,0.001207807894115975,0.0,0.0,3.115029514150916e-05,,Cgl0844,0,0.0,0.0,dump_c + mlthf_c --> dhf_c + dtmp_c
UMPK,0.08171337601637685,0.07307376127862794,0.0642284414280757,0.05558882669032708,0.04694921195257853,0.03830959721482985,0.02907028536037678,0.019704437377928277,0.010338589395479658,0.0007497450324965983,,Cgl2024,0,0.07307376127862794,-2.83,atp_c + ump_c --> adp_c + udp_c
UPPRT_num1,0.0,0.0,0.0,0.0,0.0,0.0,0.0,0.0,0.0,0.0,,Cgl0684,0,0.0,0.0,prpp_c + ura_c --> ppi_c + ump_c
URIDK2r,0.0,0.0,0.0,0.0,0.0,0.0,0.0,0.0,0.0,0.0,,Cgl0753,0,0.0,0.0,atp_c + dump_c --> adp_c + dudp_c
XTSNH_num1,0.06967692534495132,0.0,0.054767536682224116,0.04740054463712409,0.04003355259202597,0.03266656054692109,0.024788207286955584,0.01680195677964691,0.00881570627232906,0.0006393069434132226,,Cgl1391,0,0.0,-2.245,h2o_c + xtsn_c --> rib__D_c + xan_c
NTP1,0.0,0.0,0.0,0.0,0.0,0.0,0.0,0.0,0.0,0.0,,,0,0.0,0.0,atp_c + h2o_c --> adp_c + h_c + pi_c
NTP10,0.0,0.0,0.0,0.0,0.0,0.0,0.0,0.0,0.0,0.0,,,0,0.0,0.0,h2o_c + itp_c --> h_c + idp_c + pi_c
NTP11,0.0,0.0,0.0,0.0,0.0,0.0,0.0,0.0,0.0,0.0,,,0,0.0,0.0,ditp_c + h2o_c --> didp_c + h_c + pi_c
NTP12,0.0,0.0,0.0,0.0,0.0,0.0,0.0,0.0,0.0,0.0,,,0,0.0,0.0,h2o_c + xtp_c --> h_c + pi_c + xdp_c
NTP3,0.0,0.0,0.0,0.0,0.0,0.0,0.0,0.0,0.0,0.0,,,0,0.0,0.0,gtp_c + h2o_c --> gdp_c + h_c + pi_c
NTP5,0.0,0.0,0.0,0.0,0.0,0.0,0.0,0.0,0.0,0.0,,,0,0.0,0.0,ctp_c + h2o_c --> cdp_c + h_c + pi_c
NTPP2,0.0,0.0,0.0,0.0,0.0,0.0,0.0,0.0,0.0,0.0,,Cgl2500,0,0.0,0.0,gtp_c + h2o_c --> gmp_c + h_c + ppi_c
NTPP6,0.0,0.0,0.0,0.0,0.0,0.0,0.0,0.0,0.0,0.0,,Cgl2500,0,0.0,0.0,atp_c + h2o_c --> amp_c + h_c + ppi_c
NTPP7,0.0,0.0,0.0,0.0,0.0,0.0,0.0,0.0,0.0,0.0,,Cgl2500,0,0.0,0.0,dttp_c + h2o_c --> dtmp_c + h_c + ppi_c
NTPP8,0.0,0.0,0.0,0.0,0.0,0.0,0.0,0.0,0.0,0.0,,Cgl2500,0,0.0,0.0,h2o_c + utp_c --> h_c + ppi_c + ump_c
ATPS4rpp,28.21084959550172,25.519155928820958,22.763374317695455,20.07168065101475,17.37998698433407,14.688293317653354,12.120734563840312,9.775986254017914,7.43123794419549,5.030662293663025,,Cgl1213 and Cgl1211 and Cgl1210 and Cgl1208 and Cgl1212 and Cgl1209 and Cgl1207 and Cgl1206,0,25.519155928820958,-1.782,adp_c + 4.0 h_e + pi_c --> atp_c + h2o_c + 3.0 h_c
CAT,0.0,0.0,0.0,0.0,0.0,0.0,0.0,0.0,0.0,0.0,,Cgl0255,0,0.0,0.0,2.0 h2o2_c --> 2.0 h2o_c + o2_c
CRNCAL2,0.0,0.0,0.0,0.0,0.0,0.0,0.0,0.0,0.0,0.0,,Cgl1198,0,0.0,0.0,atp_c + coa_c + crn_c --> adp_c + crncoa_c + pi_c
CRNDCAL2,0.0,0.0,0.0,0.0,0.0,0.0,0.0,0.0,0.0,0.0,,Cgl1198,0,0.0,0.0,atp_c + coa_c + crn__D_c --> adp_c + crnDcoa_c + pi_c
CTBTCAL2,0.0,0.0,0.0,0.0,0.0,0.0,0.0,0.0,0.0,0.0,,Cgl1198,0,0.0,0.0,atp_c + coa_c + ctbt_c --> adp_c + ctbtcoa_c + pi_c
CYTBD2pp,0.0,0.0,0.0,0.0,0.0,0.0,0.0,0.0,0.0,0.0,,Cgl2194 and Cgl2523 and Cgl2195 and Cgl2192,0,0.0,0.0,2.0 h_c + mql8_c + 0.5 o2_c --> h2o_c + 2.0 h_e + mqn8_c
CYTBDpp,0.0,0.0,0.0,0.0,0.0,0.0,0.0,0.0,0.0,0.0,,Cgl2194 and Cgl2523 and Cgl2195 and Cgl2192,0,0.0,0.0,2.0 h_c + 0.5 o2_c + q8h2_c --> h2o_c + 2.0 h_e + q8_c
CYTBO3_4pp,17.549664570563632,15.798075758460197,14.004782450830499,12.253193638727094,10.5016048266237,8.750016014520288,7.142309022448317,5.732805711535148,4.323302400621965,2.880239487068003,,Cgl2194 and Cgl2523 and Cgl2195 and Cgl2192,0,15.798075758460197,-1.872,4.0 h_c + 0.5 o2_c + q8h2_c --> h2o_c + 4.0 h_e + q8_c
DMSOR1pp,0.0,0.0,0.0,0.0,0.0,0.0,0.0,0.0,0.0,0.0,,,0,0.0,0.0,dmso_e + mql8_c --> dms_e + h2o_e + mqn8_c
DMSOR2pp,0.0,0.0,0.0,0.0,0.0,0.0,0.0,0.0,0.0,0.0,,,0,0.0,0.0,2dmmql8_c + dmso_e --> 2dmmq8_c + dms_e + h2o_e
FDH4pp_num1,0.0,0.0,0.0,0.0,0.0,0.0,0.0,0.0,0.0,0.0,,Cgl0527,0,0.0,0.0,for_e + 2.0 h_c + q8_c --> co2_c + h_e + q8h2_c
FDH5pp_num1,0.0,0.0,0.0,0.0,0.0,0.0,0.0,0.0,0.0,0.0,,Cgl0527,0,0.0,0.0,for_e + 2.0 h_c + mqn8_c --> co2_c + h_e + mql8_c
G3PD5,0.0,0.0,0.0,0.0,0.0,0.0,0.0,0.0,0.0,0.0,,Cgl1646,0,0.0,0.0,glyc3p_c + q8_c --> dhap_c + q8h2_c
G3PD6,0.0,0.0,0.0,0.0,0.0,0.0,0.0,0.0,0.0,0.0,,,0,0.0,0.0,glyc3p_c + mqn8_c --> dhap_c + mql8_c
G3PD7,0.0,0.0,0.0,0.0,0.0,0.0,0.0,0.0,0.0,0.0,,,0,0.0,0.0,2dmmq8_c + glyc3p_c --> 2dmmql8_c + dhap_c
HYD1pp,0.0,0.0,0.0,0.0,0.0,0.0,0.0,0.0,0.0,0.0,,,0,0.0,0.0,h2_c + 2.0 h_c + q8_c --> 2.0 h_e + q8h2_c
HYD2pp,0.0,0.0,0.0,0.0,0.0,0.0,0.0,0.0,0.0,0.0,,,0,0.0,0.0,h2_c + 2.0 h_c + mqn8_c --> 2.0 h_e + mql8_c
HYD3pp,0.0,0.0,0.0,0.0,0.0,0.0,0.0,0.0,0.0,0.0,,,0,0.0,0.0,2dmmq8_c + h2_c + 2.0 h_c --> 2dmmql8_c + 2.0 h_e
LDH_D2,0.0,0.0,0.0,0.0,0.0,0.0,0.0,0.0,0.0,0.0,,Cgl0901,0,0.0,0.0,lac__D_c + q8_c --> pyr_c + q8h2_c
NADH10,0.0,0.0,0.0,0.0,0.0,0.0,0.0,0.0,0.0,0.0,,Cgl1465,0,0.0,0.0,h_c + mqn8_c + nadh_c --> mql8_c + nad_c
NADH16pp,15.570585278547934,0.0,12.743709278466744,0.0,9.95009064309245,8.55328132540529,0.0,0.0,4.3154372032189725,2.879669110157099,,Cgl2729 and Cgl2731 and Cgl0269,0,0.0,-1.976,4.0 h_c + nadh_c + q8_c --> 3.0 h_e + nad_c + q8h2_c
NADH17pp,0.0,0.0,0.0,0.0,0.0,0.0,0.0,0.0,0.0,0.0,,Cgl2729 and Cgl2731 and Cgl0269,0,0.0,0.0,4.0 h_c + mqn8_c + nadh_c --> 3.0 h_e + mql8_c + nad_c
NADH18pp,0.0,14.173775960860752,0.0,11.346899960779592,0.0,0.0,7.120193478037523,5.717815340628254,0.0,0.0,unchanged,Cgl2729 and Cgl2731 and Cgl0269,0,14.173775960860752,-1.31,2dmmq8_c + 4.0 h_c + nadh_c --> 2dmmql8_c + 3.0 h_e + nad_c
NADH5,0.0,0.0,0.0,0.0,0.0,0.0,0.0,0.0,0.0,0.0,,Cgl0335,0,0.0,0.0,h_c + nadh_c + q8_c --> nad_c + q8h2_c
NADH9,0.0,0.0,0.0,0.0,0.0,0.0,0.0,0.0,0.0,0.0,,,0,0.0,0.0,2dmmq8_c + h_c + nadh_c --> 2dmmql8_c + nad_c
NADPHQR2_num1,0.0,0.0,0.0,0.0,0.0,0.0,0.0,0.0,0.0,0.0,,Cgl1572,0,0.0,0.0,h_c + nadph_c + q8_c --> nadp_c + q8h2_c
NADPHQR3_num1,0.0,0.0,0.0,0.0,0.0,0.0,0.0,0.0,0.0,0.0,,Cgl1572,0,0.0,0.0,h_c + mqn8_c + nadph_c --> mql8_c + nadp_c
NADPHQR4_num1,0.0,0.0,0.0,0.0,0.0,0.0,0.0,0.0,0.0,0.0,,Cgl1572,0,0.0,0.0,2dmmq8_c + h_c + nadph_c --> 2dmmql8_c + nadp_c
NO3R1pp,0.0,0.0,0.0,0.0,0.0,0.0,0.0,0.0,0.0,0.0,,Cgl1186 and Cgl1187 and Cgl1188 and Cgl1189,0,0.0,0.0,2.0 h_c + no3_c + q8h2_c --> h2o_c + 2.0 h_e + no2_c + q8_c
NO3R2pp,0.0,0.0,0.0,0.0,0.0,0.0,0.0,0.0,0.0,0.0,,,0,0.0,0.0,2.0 h_c + mql8_c + no3_c --> h2o_c + 2.0 h_e + mqn8_c + no2_c
NTRIR2x,0.0,0.0,0.0,0.0,0.0,0.0,0.0,0.0,0.0,0.0,,,0,0.0,0.0,5.0 h_c + 3.0 nadh_c + no2_c --> 2.0 h2o_c + 3.0 nad_c + nh4_c
POX,0.0,0.0,0.0,0.0,0.0,0.0,0.0,0.0,0.0,0.0,,Cgl2610,0,0.0,0.0,h2o_c + pyr_c + q8_c --> ac_c + co2_c + q8h2_c
PPKr,0.0,0.0,0.0,0.0,0.0,0.0,0.0,0.0,0.0,0.0,,,0,0.0,0.0,atp_c + pi_c --> adp_c + ppi_c
SPODM,0.0,0.0,0.0,0.0,0.0,0.0,0.0,0.0,0.0,0.0,,Cgl2927,0,0.0,0.0,2.0 h_c + 2.0 o2s_c --> h2o2_c + o2_c
SUCDi,1.9180905446313024,15.743535395739695,1.2131347272753372,12.21170357830257,0.5164725077706214,0.19673468911499767,7.142309022448317,5.732805711535148,0.007865197402992819,0.0005703769109040456,,,0,15.743535395739695,-1.717,q8_c + succ_c --> fum_c + q8h2_c
TMAOR1pp,0.0,0.0,0.0,0.0,0.0,0.0,0.0,0.0,0.0,0.0,,,0,0.0,0.0,h_e + mql8_c + tmao_e --> h2o_e + mqn8_c + tma_e
TMAOR2pp,0.0,0.0,0.0,0.0,0.0,0.0,0.0,0.0,0.0,0.0,,,0,0.0,0.0,2dmmql8_c + h_e + tmao_e --> 2dmmq8_c + h2o_e + tma_e
TRDR,0.0720912759333256,0.06446901284274091,0.056665267297618824,0.0490430042070348,0.04142074111645044,0.03379847802586627,0.025647134723149993,0.01738415546358603,0.00912117620402196,0.0006614593430397445,,Cgl3090 and Cgl2976,0,0.06446901284274091,-2.83,h_c + nadph_c + trdox_c --> nadp_c + trdrd_c
L_LACD2,0.0,0.0,0.0,0.0,0.0,0.0,0.0,0.0,0.0,0.0,,Cgl2918,0,0.0,0.0,lac__L_c + q8_c --> pyr_c + q8h2_c
L_LACD3,0.0,0.0,0.0,0.0,0.0,0.0,0.0,0.0,0.0,0.0,,Cgl2918,0,0.0,0.0,lac__L_c + mqn8_c --> mql8_c + pyr_c
G6PDH2r,1.79648922217604,2.5109101087788854,3.242341016491328,3.9567619030941765,4.671182789697026,5.385603676299874,5.649025128515138,5.5007786968709205,5.352532265226704,5.200756156638576,unchanged,Cgl1576,0,2.5109101087788854,1.088,g6p_c + nadp_c --> 6pgl_c + h_c + nadph_c
GND,1.79648922217604,2.5109101087788854,3.242341016491328,3.9567619030941765,4.671182789697026,5.385603676299874,5.649025128515138,5.5007786968709205,5.352532265226704,5.200756156638576,unchanged,Cgl1452,0,2.5109101087788854,1.088,6pgc_c + nadp_c --> co2_c + nadph_c + ru5p__D_c
PGL,1.79648922217604,2.5109101087788854,3.242341016491328,3.9567619030941765,4.671182789697026,5.385603676299874,5.649025128515138,5.5007786968709205,5.352532265226704,5.200756156638576,unchanged,Cgl1578,0,2.5109101087788854,1.088,6pgl_c + h2o_c --> 6pgc_c + h_c
RPE,0.8677276087712046,1.3788921369455212,1.902227249124,2.4133917772983287,2.9245563054726604,3.435720833646986,3.6486404529435044,3.5876257278111927,3.526611002678878,3.464143545995796,unchanged,Cgl1598,0,1.3788921369455212,1.35,ru5p__D_c --> xu5p__D_c
RPI,0.0,0.0,0.0,0.0,0.0,0.0,0.0,0.0,0.0,0.0,,Cgl2423,0,0.0,0.0,r5p_c --> ru5p__D_c
TALA,0.48947195080791184,0.7391747250882508,0.9948228035181277,1.244525577798473,1.4942283520788198,1.7439311263591633,1.844103336210532,1.8072222626148293,1.770341189019125,1.7325819946235241,unchanged,Cgl1575,0,0.7391747250882508,1.256,g3p_c + s7p_c --> e4p_c + f6p_c
TKT1,0.48947195080791184,0.7391747250882508,0.9948228035181277,1.244525577798473,1.4942283520788198,1.7439311263591633,1.844103336210532,1.8072222626148293,1.770341189019125,1.7325819946235241,unchanged,Cgl1574,0,0.7391747250882508,1.256,r5p_c + xu5p__D_c --> g3p_c + s7p_c
TKT2,0.37825565796329275,0.6397174118572704,0.9074044456058723,1.168866199499856,1.430327953393841,1.691789707287823,1.8045371167329725,1.7804034651963636,1.756269813659753,1.731561551372272,unchanged,Cgl1575,0,0.6397174118572704,1.452,e4p_c + xu5p__D_c --> f6p_c + g3p_c
ADSL1r,0.052447600144933215,0.046902277197075036,0.04122492275044631,0.03567959980256996,0.030134276854692166,0.024588953906820615,0.01865871632050905,0.012647261722136132,0.0066358071237722135,0.0004812226540139421,,Cgl2598,0,0.046902277197075036,-2.83,dcamp_c --> amp_c + fum_c
ADSL2r,0.11704912280493254,0.10467343383299009,0.092003085599811,0.07962739662786858,0.06725170765592663,0.05487601868398417,0.04164130240365088,0.02822533130914812,0.014809360214645193,0.0010739612369398928,down,Cgl2598,0,0.10467343383299009,-2.83,25aics_c --> aicar_c + fum_c
ADSS,0.052447600144933215,0.046902277197075036,0.04122492275044631,0.03567959980256996,0.030134276854692166,0.024588953906820615,0.01865871632050905,0.012647261722136132,0.0066358071237722135,0.0004812226540139421,,Cgl2766,0,0.046902277197075036,-2.83,asp__L_c + gtp_c + imp_c --> dcamp_c + gdp_c + 2.0 h_c + pi_c
AICART,0.14899710137186029,0.1332435293662662,0.11711487231292006,0.10136130030732612,0.08560772830173267,0.06985415629613868,0.053007089731317465,0.03592929574818018,0.01885150176504268,0.0013670936394496274,down,Cgl0861,0,0.1332435293662662,-2.83,10fthf_c + aicar_c --> fprica_c + thf_c
AIRC2,0.11704912280493254,0.10467343383299009,0.092003085599811,0.07962739662786858,0.06725170765592663,0.05487601868398417,0.04164130240365088,0.02822533130914812,0.014809360214645193,0.0010739612369398928,down,Cgl0711,0,0.10467343383299009,-2.83,air_c + atp_c + hco3_c --> 5caiz_c + adp_c + h_c + pi_c
AIRC3,0.0,0.0,0.0,0.0,0.0,0.0,0.0,0.0,0.0,0.0,,Cgl0714,0,0.0,0.0,5aizc_c --> 5caiz_c
ASPCT,0.060988747384396115,0.05454036272050132,0.0479384450884187,0.041490060424524106,0.035041675760629575,0.028593291096734943,0.02169730803780515,0.014706881690376714,0.007716455342948188,0.0005595902729618779,,Cgl1612,0,0.05454036272050132,-2.83,asp__L_c + cbp_c --> cbasp_c + h_c + pi_c
CTPS2,0.020942098715346837,0.018727875371249036,0.016460932423720383,0.01424670907962266,0.012032485735524952,0.00981826239142721,0.007450344305665444,0.005049996620091191,0.0026496489345169145,0.00019215011357183272,,Cgl1417,0,0.018727875371249036,-2.83,atp_c + gln__L_c + h2o_c + utp_c --> adp_c + ctp_c + glu__L_c + 2.0 h_c + pi_c
DHORD2,0.060988747384396115,0.05454036272050132,0.0479384450884187,0.041490060424524106,0.035041675760629575,0.0,0.0,0.0,0.0,0.0,,Cgl1518,0,0.05454036272050132,0.0,dhor__S_c + q8_c --> orot_c + q8h2_c
DHORD5,0.0,0.0,0.0,0.0,0.0,0.028593291096734943,0.02169730803780515,0.014706881690376714,0.007716455342948188,0.0005595902729618779,,Cgl1518,0,0.0,0.0,dhor__S_c + mqn8_c --> mql8_c + orot_c
DHORTS,0.0,0.0,0.0,0.0,0.0,0.0,0.0,0.0,0.0,0.0,,Cgl1612,0,0.0,0.0,dhor__S_c + h2o_c --> cbasp_c + h_c
GARFT,0.11704912280493254,0.10467343383299009,0.092003085599811,0.07962739662786858,0.06725170765592663,0.05487601868398417,0.04164130240365088,0.02822533130914812,0.014809360214645193,0.0010739612369398928,down,Cgl0860 and Cgl2759,0,0.10467343383299009,-2.83,10fthf_c + gar_c --> fgam_c + h_c + thf_c
GART,0.0,0.0,0.0,0.0,0.0,0.0,0.0,0.0,0.0,0.0,,,0,0.0,0.0,atp_c + for_c + gar_c --> adp_c + fgam_c + h_c + pi_c
GLUPRT,0.11704912280493254,0.10467343383299009,0.092003085599811,0.07962739662786858,0.06725170765592663,0.05487601868398417,0.04164130240365088,0.02822533130914812,0.014809360214645193,0.0010739612369398928,down,Cgl2584,0,0.10467343383299009,-2.83,gln__L_c + h2o_c + prpp_c --> glu__L_c + ppi_c + pram_c
GMPS2,0.02687257588197576,0.02403131886935811,0.021122412880249637,0.018281155867632078,0.015439898855014551,0.012598641842396969,0.009560166123852831,0.006480077246397139,0.003399988368941408,0.00024656404202246256,,Cgl0607,0,0.02403131886935811,-2.83,atp_c + gln__L_c + h2o_c + xmp_c --> amp_c + glu__L_c + gmp_c + 2.0 h_c + ppi_c
IMPC,0.0,0.0,0.0,0.0,0.0,0.0,0.0,0.0,0.0,0.0,,,0,0.0,0.0,h2o_c + imp_c --> fprica_c
IMPD_num1,0.09654950122692707,0.0,0.07588994956247375,0.0,0.0,0.0,0.0,0.023282034026044045,0.0,0.0008858709854356853,,Cgl0603,0,0.0,-2.835,h2o_c + imp_c + nad_c --> h_c + nadh_c + xmp_c
OMPDC,0.060988747384396115,0.05454036272050132,0.0479384450884187,0.041490060424524106,0.035041675760629575,0.028593291096734943,0.02169730803780515,0.014706881690376714,0.007716455342948188,0.0005595902729618779,,Cgl1608,0,0.05454036272050132,-2.83,h_c + orot5p_c --> co2_c + ump_c
ORPT,0.0,0.0,0.0,0.0,0.0,0.0,0.0,0.0,0.0,0.0,,Cgl2773,0,0.0,0.0,orot5p_c + ppi_c --> orot_c + prpp_c
PRAGSr,0.11704912280493254,0.10467343383299009,0.092003085599811,0.07962739662786858,0.06725170765592663,0.05487601868398417,0.04164130240365088,0.02822533130914812,0.014809360214645193,0.0010739612369398928,down,Cgl2600,0,0.10467343383299009,-2.83,atp_c + gly_c + pram_c --> adp_c + gar_c + h_c + pi_c
PRAIS,0.11704912280493254,0.10467343383299009,0.092003085599811,0.07962739662786858,0.06725170765592663,0.05487601868398417,0.04164130240365088,0.02822533130914812,0.014809360214645193,0.0010739612369398928,down,Cgl2583,0,0.10467343383299009,-2.83,atp_c + fpram_c --> adp_c + air_c + 2.0 h_c + pi_c
PRASCSi,0.11704912280493254,0.10467343383299009,0.092003085599811,0.07962739662786858,0.06725170765592663,0.05487601868398417,0.04164130240365088,0.02822533130914812,0.014809360214645193,0.0010739612369398928,down,Cgl2597,0,0.10467343383299009,-2.83,5aizc_c + asp__L_c + atp_c --> 25aics_c + adp_c + h_c + pi_c
PRFGS,0.11704912280493254,0.10467343383299009,0.092003085599811,0.07962739662786858,0.06725170765592663,0.05487601868398417,0.04164130240365088,0.02822533130914812,0.014809360214645193,0.0010739612369398928,down,Cgl2588 and Cgl2589 and Cgl2590,0,0.10467343383299009,-2.83,atp_c + fgam_c + gln__L_c + h2o_c --> adp_c + fpram_c + glu__L_c + h_c + pi_c
ACALD,0.0,0.0,0.0,0.0,0.0,0.0,0.0,0.0,0.0,0.0,,Cgl0319,0,0.0,0.0,acald_c + coa_c + nad_c --> accoa_c + h_c + nadh_c
ACKr,0.05739468609902088,0.05132630415148996,0.045113436919494314,0.039045054971964206,0.03297667302443334,0.026908291076902895,0.033267587302159604,0.02254945497038869,0.011831322638617645,0.0008579966798997322,,Cgl2752,0,0.05132630415148996,-2.126,ac_c + atp_c --> actp_c + adp_c
ALCD2x_num1,0.0,0.0,0.0,0.0,0.0,0.0,0.0,0.0,0.0,0.0,,Cgl2807,0,0.0,0.0,etoh_c + nad_c --> acald_c + h_c + nadh_c
FHL,0.0,0.0,0.0,0.0,0.0,0.0,0.0,0.0,0.0,0.0,,Cgl1512 and Cgl2570 and Cgl2355,0,0.0,0.0,for_c + h_c --> co2_c + h2_c
LDH_D,0.0,0.0,0.0,0.0,0.0,0.0,0.0,0.0,0.0,0.0,,Cgl0901,0,0.0,0.0,lac__D_c + nad_c --> h_c + nadh_c + pyr_c
OAADC,0.0,0.0,0.0,0.0,0.0,0.0,0.0,0.0,0.0,0.0,,,0,0.0,0.0,h_c + oaa_c --> co2_c + pyr_c
PTAr,0.0,0.0,0.0,0.0,0.0,0.0,0.0,0.0,0.0,0.0,,Cgl2753,0,0.0,0.0,accoa_c + pi_c --> actp_c + coa_c
LDH,0.0,0.0,0.0,0.0,0.0,0.0,0.0,0.0,0.0,0.0,,Cgl2911,0,0.0,0.0,h_c + nadh_c + pyr_c --> lac__L_c + nad_c
ASAD,0.0,0.0,0.0,0.0,0.0,0.0,0.0,0.0,0.0,0.0,,Cgl0252,0,0.0,0.0,aspsa_c + nadp_c + pi_c --> 4pasp_c + h_c + nadph_c
ASPK,0.365589046011619,0.7427350500091957,1.1288607207686203,1.5060067247661983,1.8831527287637766,2.260298732761354,2.6446616668935046,3.0185584731213253,3.392455279349145,3.775254390487152,up,Cgl0251,0,0.7427350500091957,2.187,asp__L_c + atp_c --> 4pasp_c + adp_c
DAPDC_num1,0.0,0.0,0.0,0.0,0.0,0.0,0.0,0.0,0.0,0.0,,Cgl1180,0,0.0,0.0,26dap__M_c + h_c --> co2_c + lys__L_c
DAPDH,0.109653031561246,0.513859336701233,0.9276896014874102,1.3318959066273977,1.736102211767385,2.1403085169073717,2.5536100748924753,2.9568418311790903,3.3600735874657057,3.7729060998543833,up,Cgl2617,0,0.513859336701233,2.701,2.0 h_c + nadph_c + nh4_c + thdp_c --> 26dap__M_c + nadp_c
DAPE,0.0,0.0,0.0,0.0,0.0,0.0,0.0,0.0,0.0,0.0,,Cgl1943,0,0.0,0.0,26dap_LL_c --> 26dap__M_c
DHDPRy,0.109653031561246,0.513859336701233,0.9276896014874102,1.3318959066273977,1.736102211767385,2.1403085169073717,2.5536100748924753,2.9568418311790903,3.3600735874657057,3.7729060998543833,up,Cgl1973,0,0.513859336701233,2.701,23dhdp_c + h_c + nadph_c --> nadp_c + thdp_c
DHDPS,0.109653031561246,0.513859336701233,0.9276896014874102,1.3318959066273977,1.736102211767385,2.1403085169073717,2.5536100748924753,2.9568418311790903,3.3600735874657057,3.7729060998543833,up,Cgl1971,0,0.513859336701233,2.701,aspsa_c + pyr_c --> 23dhdp_c + 2.0 h2o_c + h_c
HSDy,0.0,0.0,0.0,0.0,0.0,0.0,0.0,0.0,0.0,0.0,,Cgl1183,0,0.0,0.0,hom__L_c + nadp_c --> aspsa_c + h_c + nadph_c
HSK,0.21981917024689998,0.19657752933704176,0.17278251602456837,0.14954087511471095,0.12629923420485367,0.10305759329499603,0.07820269236554263,0.053007393474112506,0.02781209458268207,0.002016907622408193,down,Cgl1183 and Cgl1184,0,0.19657752933704176,-2.83,atp_c + hom__L_c --> adp_c + h_c + phom_c
SDPDS,0.0,0.0,0.0,0.0,0.0,0.0,0.0,0.0,0.0,0.0,,Cgl1109,0,0.0,0.0,h2o_c + sl26da_c --> 26dap_LL_c + succ_c
SDPTA,0.0,0.0,0.0,0.0,0.0,0.0,0.0,0.0,0.0,0.0,,Cgl0814,0,0.0,0.0,akg_c + sl26da_c --> glu__L_c + sl2a6o_c
THDPS_num1,0.0,0.0,0.0,0.0,0.0,0.0,0.0,0.0,0.0,0.0,,Cgl1106,0,0.0,0.0,h2o_c + succoa_c + thdp_c --> coa_c + sl2a6o_c
THRS,0.21981917024689998,0.19657752933704176,0.17278251602456837,0.14954087511471095,0.12629923420485367,0.10305759329499603,0.07820269236554263,0.053007393474112506,0.02781209458268207,0.002016907622408193,down,Cgl2220,0,0.19657752933704176,-2.83,h2o_c + phom_c --> pi_c + thr__L_c
26DAHtex,0.0,0.0,0.0,0.0,0.0,0.0,0.0,0.0,0.0,0.0,,,0,0.0,0.0,26dap__M_e --> 26dap__M_c
3AMPtex,0.0,0.0,0.0,0.0,0.0,0.0,0.0,0.0,0.0,0.0,,,0,0.0,0.0,3amp_e --> 3amp_c
3CMPtex,0.0,0.0,0.0,0.0,0.0,0.0,0.0,0.0,0.0,0.0,,,0,0.0,0.0,3cmp_e --> 3cmp_c
3GMPtex,0.0,0.0,0.0,0.0,0.0,0.0,0.0,0.0,0.0,0.0,,,0,0.0,0.0,3gmp_e --> 3gmp_c
3UMPtex,0.0,0.0,0.0,0.0,0.0,0.0,0.0,0.0,0.0,0.0,,,0,0.0,0.0,3ump_e --> 3ump_c
ABUTt2pp,0.0,0.0,0.0,0.0,0.0,0.0,0.0,0.0,0.0,0.0,,Cgl1027,0,0.0,0.0,4abut_e + h_e --> 4abut_c + h_c
ABUTtex,0.0,0.0,0.0,0.0,0.0,0.0,0.0,0.0,0.0,0.0,,Cgl1027,0,0.0,0.0,4abut_e --> 4abut_c
ACALDtpp,0.0,0.0,0.0,0.0,0.0,0.0,0.0,0.0,0.0,0.0,,,0,0.0,0.0,acald_e --> acald_c
ACGAM1Ptex,0.0,0.0,0.0,0.0,0.0,0.0,0.0,0.0,0.0,0.0,,,0,0.0,0.0,acgam1p_e --> acgam1p_c
ACGAptspp,0.0,0.0,0.0,0.0,0.0,0.0,0.0,0.0,0.0,0.0,,Cgl3036,0,0.0,0.0,acgam_e + pep_c --> acgam6p_c + pyr_c
ACGAtex,0.0,0.0,0.0,0.0,0.0,0.0,0.0,0.0,0.0,0.0,,,0,0.0,0.0,acgam_e --> acgam_c
ACMANAptspp_num1,0.0,0.0,0.0,0.0,0.0,0.0,0.0,0.0,0.0,0.0,,Cgl1933,0,0.0,0.0,acmana_e + pep_c --> acmanap_c + pyr_c
ACMANAtex,0.0,0.0,0.0,0.0,0.0,0.0,0.0,0.0,0.0,0.0,,,0,0.0,0.0,acmana_e --> acmana_c
ACMUMptspp_num1,0.0,0.0,0.0,0.0,0.0,0.0,0.0,0.0,0.0,0.0,,Cgl1933,0,0.0,0.0,acmum_e + pep_c --> acmum6p_c + pyr_c
ACSERtex,0.0,0.0,0.0,0.0,0.0,0.0,0.0,0.0,0.0,0.0,,,0,0.0,0.0,acser_e --> acser_c
ACt2rpp,0.0,0.0,0.0,0.0,0.0,0.0,0.0,0.0,0.0,0.0,,Cgl0833,0,0.0,0.0,ac_e + h_e --> ac_c + h_c
ADEt2rpp,0.0,0.0,0.0,0.0,0.0,0.0,0.0,0.0,0.0,0.0,,,0,0.0,0.0,ade_e + h_e --> ade_c + h_c
ADNt2rpp,0.0,0.0,0.0,0.0,0.0,0.0,0.0,0.0,0.0,0.0,,,0,0.0,0.0,adn_e + h_e --> adn_c + h_c
AKGt2rpp,0.0,0.0,0.0,0.0,0.0,0.0,0.0,0.0,0.0,0.0,,,0,0.0,0.0,akg_e + h_e --> akg_c + h_c
ALAabcpp,0.0,0.0,0.0,0.0,0.0,0.0,0.0,0.0,0.0,0.0,,Cgl0407,0,0.0,0.0,ala__L_e + atp_c + h2o_c --> adp_c + ala__L_c + h_c + pi_c
ALAALAabcpp,0.0,0.0,0.0,0.0,0.0,0.0,0.0,0.0,0.0,0.0,,,0,0.0,0.0,alaala_e + atp_c + h2o_c --> adp_c + alaala_c + h_c + pi_c
ALAALAtex,0.0,0.0,0.0,0.0,0.0,0.0,0.0,0.0,0.0,0.0,,,0,0.0,0.0,alaala_e --> alaala_c
ALAtex,0.0,0.0,0.0,0.0,0.0,0.0,0.0,0.0,0.0,0.0,,,0,0.0,0.0,ala__L_e --> ala__L_c
AMPtex,0.0,0.0,0.0,0.0,0.0,0.0,0.0,0.0,0.0,0.0,,,0,0.0,0.0,amp_e --> amp_c
ARBabcpp,0.0,0.0,0.0,0.0,0.0,0.0,0.0,0.0,0.0,0.0,,Cgl0288 and Cgl0407,0,0.0,0.0,arab__L_e + atp_c + h2o_c --> adp_c + arab__L_c + h_c + pi_c
ARBt3ipp,0.0,0.0,0.0,0.0,0.0,0.0,0.0,0.0,0.0,0.0,,Cgl1253,0,0.0,0.0,arab__L_c + h_e --> arab__L_e + h_c
ARBTptspp,0.0,0.0,0.0,0.0,0.0,0.0,0.0,0.0,0.0,0.0,,Cgl2470,0,0.0,0.0,arbt_e + pep_c --> arbt6p_c + pyr_c
ARGabcpp,0.0,0.0,0.0,0.0,0.0,0.0,0.0,0.0,0.0,0.0,,,0,0.0,0.0,arg__L_e + atp_c + h2o_c --> adp_c + arg__L_c + h_c + pi_c
ARGORNt7pp,0.0,0.0,0.0,0.0,0.0,0.0,0.0,0.0,0.0,0.0,,Cgl0968,0,0.0,0.0,arg__L_e + orn_c --> arg__L_c + orn_e
ARGt3pp,0.0,0.0,0.0,0.0,0.0,0.0,0.0,0.0,0.0,0.0,,,0,0.0,0.0,arg__L_c + h_e --> arg__L_e + h_c
ASCBptspp,0.0,0.0,0.0,0.0,0.0,0.0,0.0,0.0,0.0,0.0,,Cgl2470,0,0.0,0.0,ascb__L_e + pep_c --> ascb6p_c + pyr_c
ASNabcpp,0.0,0.0,0.0,0.0,0.0,0.0,0.0,0.0,0.0,0.0,,,0,0.0,0.0,asn__L_e + atp_c + h2o_c --> adp_c + asn__L_c + h_c + pi_c
ASNt2rpp,0.0,0.0,0.0,0.0,0.0,0.0,0.0,0.0,0.0,0.0,,,0,0.0,0.0,asn__L_e + h_e --> asn__L_c + h_c
ASPabcpp,0.0,0.0,0.0,0.0,0.0,0.0,0.0,0.0,0.0,0.0,,,0,0.0,0.0,asp__L_e + atp_c + h2o_c --> adp_c + asp__L_c + h_c + pi_c
ASPt2pp,0.0,0.0,0.0,0.0,0.0,0.0,0.0,0.0,0.0,0.0,,,0,0.0,0.0,asp__L_e + h_e --> asp__L_c + h_c
ASPt2rpp,0.0,0.0,0.0,0.0,0.0,0.0,0.0,0.0,0.0,0.0,,,0,0.0,0.0,asp__L_e + h_e --> asp__L_c + h_c
BALAt2pp,0.0,0.0,0.0,0.0,0.0,0.0,0.0,0.0,0.0,0.0,,,0,0.0,0.0,ala_B_e + h_e --> ala_B_c + h_c
BALAtex,0.0,0.0,0.0,0.0,0.0,0.0,0.0,0.0,0.0,0.0,,,0,0.0,0.0,ala_B_e --> ala_B_c
BCCPE,0.0,0.0,0.0,0.0,0.0,0.0,0.0,0.0,0.0,0.0,,,0,0.0,0.0,atp_c + bccp_e + hco3_c --> adp_c + btnco2_c + h_c + pi_c
CGLYabcpp,0.0,0.0,0.0,0.0,0.0,0.0,0.0,0.0,0.0,0.0,,,0,0.0,0.0,atp_c + cgly_e + h2o_c --> adp_c + cgly_c + h_c + pi_c
CGLYtex,0.0,0.0,0.0,0.0,0.0,0.0,0.0,0.0,0.0,0.0,,,0,0.0,0.0,cgly_e --> cgly_c
CHTBSptspp,0.0,0.0,0.0,0.0,0.0,0.0,0.0,0.0,0.0,0.0,,Cgl1933,0,0.0,0.0,chtbs_e + pep_c --> chtbs6p_c + pyr_c
CITt3pp,0.0,0.0,0.0,0.0,0.0,0.0,0.0,0.0,0.0,0.0,,,0,0.0,0.0,cit_c + h_e --> cit_e + h_c
CITt7pp,0.0,0.0,0.0,0.0,0.0,0.0,0.0,0.0,0.0,0.0,,Cgl0067,0,0.0,0.0,cit_e + succ_c --> cit_c + succ_e
CITtex,0.0,0.0,0.0,0.0,0.0,0.0,0.0,0.0,0.0,0.0,,,0,0.0,0.0,cit_e --> cit_c
CLt3_2pp,0.0073326852591076045,0.006557395108090429,0.005763645667763335,0.004988355516746184,0.004213065365729038,0.003437775214711881,0.0026086702487652037,0.001768210353604603,0.0009277504584439916,6.727961339860845e-05,,,0,0.006557395108090429,-2.83,2.0 cl_e --> 2.0 cl_c + h_c
CRNabcpp,0.0,0.0,0.0,0.0,0.0,0.0,0.0,0.0,0.0,0.0,,,0,0.0,0.0,atp_c + crn_e + h2o_c --> adp_c + crn_c + h_c + pi_c
CRNDabcpp,0.0,0.0,0.0,0.0,0.0,0.0,0.0,0.0,0.0,0.0,,,0,0.0,0.0,atp_c + crn__D_e + h2o_c --> adp_c + crn__D_c + h_c + pi_c
CRNDt2rpp,0.0,0.0,0.0,0.0,0.0,0.0,0.0,0.0,0.0,0.0,,,0,0.0,0.0,crn__D_e + h_e --> crn__D_c + h_c
CRNt2rpp,0.0,0.0,0.0,0.0,0.0,0.0,0.0,0.0,0.0,0.0,,,0,0.0,0.0,crn_e + h_e --> crn_c + h_c
CRNt8pp,0.0,0.0,0.0,0.0,0.0,0.0,0.0,0.0,0.0,0.0,,,0,0.0,0.0,crn__D_c + crn_e --> crn__D_e + crn_c
CTBTabcpp,0.0,0.0,0.0,0.0,0.0,0.0,0.0,0.0,0.0,0.0,,,0,0.0,0.0,atp_c + ctbt_e + h2o_c --> adp_c + ctbt_c + h_c + pi_c
CTBTt2rpp,0.0,0.0,0.0,0.0,0.0,0.0,0.0,0.0,0.0,0.0,,Cgl3066,0,0.0,0.0,ctbt_e + h_e --> ctbt_c + h_c
CUt3,0.0,0.0,0.0,0.0,0.0,0.0,0.0,0.0,0.0,0.0,,Cgl2962,0,0.0,0.0,cu_c + h_e --> cu_e + h_c
CUtex,0.0,0.0,0.0,0.0,0.0,0.0,0.0,0.0,0.0,0.0,,,0,0.0,0.0,cu_e --> cu_c
CYANtex,0.0,0.0,0.0,0.0,0.0,0.0,0.0,0.0,0.0,0.0,,,0,0.0,0.0,cyan_e --> cyan_c
CYSabc2pp,0.0,0.0,0.0,0.0,0.0,0.0,0.0,0.0,0.0,0.0,,,0,0.0,0.0,atp_c + cys__L_c + h2o_c --> adp_c + cys__L_e + h_c + pi_c
CYSabcpp,0.0,0.0,0.0,0.0,0.0,0.0,0.0,0.0,0.0,0.0,,,0,0.0,0.0,atp_c + cys__L_e + h2o_c --> adp_c + cys__L_c + h_c + pi_c
CYStpp,0.0,0.0,0.0,0.0,0.0,0.0,0.0,0.0,0.0,0.0,,,0,0.0,0.0,cys__L_c --> cys__L_e
CYTDt2pp,0.0,0.0,0.0,0.0,0.0,0.0,0.0,0.0,0.0,0.0,,,0,0.0,0.0,cytd_e + h_e --> cytd_c + h_c
CYTDt2rpp,0.0,0.0,0.0,0.0,0.0,0.0,0.0,0.0,0.0,0.0,,,0,0.0,0.0,cytd_e + h_e --> cytd_c + h_c
DADNtex,0.0,0.0,0.0,0.0,0.0,0.0,0.0,0.0,0.0,0.0,,,0,0.0,0.0,dad_2_e --> dad_2_c
DALAt2pp,0.0,0.0,0.0,0.0,0.0,0.0,0.0,0.0,0.0,0.0,,Cgl0470,0,0.0,0.0,ala__D_e + h_e --> ala__D_c + h_c
DALAtex,0.0,0.0,0.0,0.0,0.0,0.0,0.0,0.0,0.0,0.0,,,0,0.0,0.0,ala__D_e --> ala__D_c
DAMPtex,0.0,0.0,0.0,0.0,0.0,0.0,0.0,0.0,0.0,0.0,,,0,0.0,0.0,damp_e --> damp_c
DAPabcpp,0.0,0.0,0.0,0.0,0.0,0.0,0.0,0.0,0.0,0.0,,,0,0.0,0.0,26dap__M_e + atp_c + h2o_c --> 26dap__M_c + adp_c + h_c + pi_c
DCMPtex,0.0,0.0,0.0,0.0,0.0,0.0,0.0,0.0,0.0,0.0,,,0,0.0,0.0,dcmp_e --> dcmp_c
DCYTtex,0.0,0.0,0.0,0.0,0.0,0.0,0.0,0.0,0.0,0.0,,,0,0.0,0.0,dcyt_e --> dcyt_c
DGMPtex,0.0,0.0,0.0,0.0,0.0,0.0,0.0,0.0,0.0,0.0,,,0,0.0,0.0,dgmp_e --> dgmp_c
DGSNtex,0.0,0.0,0.0,0.0,0.0,0.0,0.0,0.0,0.0,0.0,,,0,0.0,0.0,dgsn_e --> dgsn_c
DHAtpp,0.0,0.0,0.0,0.0,0.0,0.0,0.0,0.0,0.0,0.0,,,0,0.0,0.0,dha_e --> dha_c
DIMPtex,0.0,0.0,0.0,0.0,0.0,0.0,0.0,0.0,0.0,0.0,,,0,0.0,0.0,dimp_e --> dimp_c
DINStex,0.0,0.0,0.0,0.0,0.0,0.0,0.0,0.0,0.0,0.0,,,0,0.0,0.0,din_e --> din_c
D_LACt2pp,0.0,0.0,0.0,0.0,0.0,0.0,0.0,0.0,0.0,0.0,,,0,0.0,0.0,h_e + lac__D_e --> h_c + lac__D_c
DMSOtex,0.0,0.0,0.0,0.0,0.0,0.0,0.0,0.0,0.0,0.0,,,0,0.0,0.0,dmso_e --> dmso_c
DMStex,0.0,0.0,0.0,0.0,0.0,0.0,0.0,0.0,0.0,0.0,,,0,0.0,0.0,dms_e --> dms_c
DSERt2pp,0.0,0.0,0.0,0.0,0.0,0.0,0.0,0.0,0.0,0.0,,Cgl0470,0,0.0,0.0,h_e + ser__D_e --> h_c + ser__D_c
DTMPtex,0.0,0.0,0.0,0.0,0.0,0.0,0.0,0.0,0.0,0.0,,,0,0.0,0.0,dtmp_e --> dtmp_c
DUMPtex,0.0,0.0,0.0,0.0,0.0,0.0,0.0,0.0,0.0,0.0,,,0,0.0,0.0,dump_e --> dump_c
DURIt2pp,0.0,0.0,0.0,0.0,0.0,0.0,0.0,0.0,0.0,0.0,,,0,0.0,0.0,duri_e + h_e --> duri_c + h_c
DURItex,0.0,0.0,0.0,0.0,0.0,0.0,0.0,0.0,0.0,0.0,,,0,0.0,0.0,duri_e --> duri_c
ETHAtex,0.0,0.0,0.0,0.0,0.0,0.0,0.0,0.0,0.0,0.0,,,0,0.0,0.0,etha_e --> etha_c
ETOHtrpp,0.0,0.0,0.0,0.0,0.0,0.0,0.0,0.0,0.0,0.0,,,0,0.0,0.0,etoh_e --> etoh_c
EX_biomass,0.43418945663520164,0.3882822892729223,0.34128209411630395,0.29537492675402616,0.24946775939174867,0.2035605920294705,0.15446689416335668,0.10470083816767485,0.054934782171992394,0.003983820081174925,,,0,0.3882822892729223,-2.83,biomass_c --> 
EX_BIOTIN,0.0,0.0,0.0,0.0,0.0,0.0,0.0,0.0,0.0,0.0,,,0,0.0,0.0,btn_e --> 
EX_cl,0.0,0.0,0.0,0.0,0.0,0.0,0.0,0.0,0.0,0.0,,,0,0.0,0.0,cl_e --> 
F6Pt6_2pp,0.0,0.0,0.0,0.0,0.0,0.0,0.0,0.0,0.0,0.0,,,0,0.0,0.0,f6p_e + 2.0 pi_c --> f6p_c + 2.0 pi_e
F6Ptex,0.0,0.0,0.0,0.0,0.0,0.0,0.0,0.0,0.0,0.0,,,0,0.0,0.0,f6p_e --> f6p_c
FE3DHBZStonex,0.0,0.0,0.0,0.0,0.0,0.0,0.0,0.0,0.0,0.0,,Cgl0068,0,0.0,0.0,fe3dhbzs_c + h_e --> fe3dhbzs_e + h_c
FE3tex,0.0,0.0,0.0,0.0,0.0,0.0,0.0,0.0,0.0,0.0,,,0,0.0,0.0,fe3_e --> fe3_c
FRUpts2pp,0.0,0.0,0.0,0.0,0.0,0.0,0.0,0.0,0.0,0.0,,Cgl1933,0,0.0,0.0,fru_e + pep_c --> f6p_c + pyr_c
FRUtex,0.0,0.0,0.0,0.0,0.0,0.0,0.0,0.0,0.0,0.0,,,0,0.0,0.0,fru_e --> fru_c
FRUURt2rpp,0.0,0.0,0.0,0.0,0.0,0.0,0.0,0.0,0.0,0.0,,Cgl2908,0,0.0,0.0,fruur_e + h_e --> fruur_c + h_c
FUMt2_2pp,0.0,0.0,0.0,0.0,0.0,0.0,0.0,0.0,0.0,0.0,,Cgl2595,0,0.0,0.0,fum_e + 2.0 h_e --> fum_c + 2.0 h_c
FUMt2_3pp,0.0,0.0,0.0,0.0,0.0,0.0,0.0,0.0,0.0,0.0,,,0,0.0,0.0,fum_e + 3.0 h_e --> fum_c + 3.0 h_c
FUMtex,0.0,0.0,0.0,0.0,0.0,0.0,0.0,0.0,0.0,0.0,,,0,0.0,0.0,fum_e --> fum_c
G1Ptex,0.0,0.0,0.0,0.0,0.0,0.0,0.0,0.0,0.0,0.0,,,0,0.0,0.0,g1p_e --> g1p_c
G3PCabcpp,0.0,0.0,0.0,0.0,0.0,0.0,0.0,0.0,0.0,0.0,,Cgl1383 and Cgl1384 and Cgl1385 and Cgl1386,0,0.0,0.0,atp_c + g3pc_e + h2o_c --> adp_c + g3pc_c + h_c + pi_c
G3PEabcpp,0.0,0.0,0.0,0.0,0.0,0.0,0.0,0.0,0.0,0.0,,Cgl1383 and Cgl1384 and Cgl1385 and Cgl1386,0,0.0,0.0,atp_c + g3pe_e + h2o_c --> adp_c + g3pe_c + h_c + pi_c
G3PEtex,0.0,0.0,0.0,0.0,0.0,0.0,0.0,0.0,0.0,0.0,,,0,0.0,0.0,g3pe_e --> g3pe_c
G3PGabcpp,0.0,0.0,0.0,0.0,0.0,0.0,0.0,0.0,0.0,0.0,,Cgl1383 and Cgl1384 and Cgl1385 and Cgl1386,0,0.0,0.0,atp_c + g3pg_e + h2o_c --> adp_c + g3pg_c + h_c + pi_c
G3PGtex,0.0,0.0,0.0,0.0,0.0,0.0,0.0,0.0,0.0,0.0,,,0,0.0,0.0,g3pg_e --> g3pg_c
G3PIabcpp,0.0,0.0,0.0,0.0,0.0,0.0,0.0,0.0,0.0,0.0,,Cgl1383 and Cgl1384 and Cgl1385 and Cgl1386,0,0.0,0.0,atp_c + g3pi_e + h2o_c --> adp_c + g3pi_c + h_c + pi_c
G3PItex,0.0,0.0,0.0,0.0,0.0,0.0,0.0,0.0,0.0,0.0,,,0,0.0,0.0,g3pi_e --> g3pi_c
G3PSabcpp,0.0,0.0,0.0,0.0,0.0,0.0,0.0,0.0,0.0,0.0,,Cgl1383 and Cgl1384 and Cgl1385 and Cgl1386,0,0.0,0.0,atp_c + g3ps_e + h2o_c --> adp_c + g3ps_c + h_c + pi_c
G3PStex,0.0,0.0,0.0,0.0,0.0,0.0,0.0,0.0,0.0,0.0,,,0,0.0,0.0,g3ps_e --> g3ps_c
G6Pt6_2pp,0.0,0.0,0.0,0.0,0.0,0.0,0.0,0.0,0.0,0.0,,,0,0.0,0.0,g6p_e + 2.0 pi_c --> g6p_c + 2.0 pi_e
G6Ptex,0.0,0.0,0.0,0.0,0.0,0.0,0.0,0.0,0.0,0.0,,,0,0.0,0.0,g6p_e --> g6p_c
GAL1Ptex,0.0,0.0,0.0,0.0,0.0,0.0,0.0,0.0,0.0,0.0,,,0,0.0,0.0,gal1p_e --> gal1p_c
GALTptspp,0.0,0.0,0.0,0.0,0.0,0.0,0.0,0.0,0.0,0.0,,Cgl1933,0,0.0,0.0,galt_e + pep_c --> galt1p_c + pyr_c
GAM6Pt6_2pp,0.0,0.0,0.0,0.0,0.0,0.0,0.0,0.0,0.0,0.0,,,0,0.0,0.0,gam6p_e + 2.0 pi_c --> gam6p_c + 2.0 pi_e
GAMAN6Ptex,0.0,0.0,0.0,0.0,0.0,0.0,0.0,0.0,0.0,0.0,,,0,0.0,0.0,gam6p_e --> gam6p_c
GAMptspp,0.0,0.0,0.0,0.0,0.0,0.0,0.0,0.0,0.0,0.0,,Cgl1933,0,0.0,0.0,gam_e + pep_c --> gam6p_c + pyr_c
GAMtex,0.0,0.0,0.0,0.0,0.0,0.0,0.0,0.0,0.0,0.0,,,0,0.0,0.0,gam_e --> gam_c
GLCabcpp,0.020724628631980734,0.01853339855812663,0.016289996339656998,0.01409876626580297,0.0,0.009716306118094908,0.007372977322571629,0.0,0.0026221340525314704,0.00019015475953472038,,Cgl0030 and Cgl0031 and Cgl0032,0,0.01853339855812663,-4.304,atp_c + glc__D_e + h2o_c --> adp_c + glc__D_c + h_c + pi_c
GLCNt2rpp,0.0,0.0,0.0,0.0,0.0,0.0,0.0,0.0,0.0,0.0,,,0,0.0,0.0,glcn_e + h_e --> glcn_c + h_c
GLCptspp,4.649275371368019,4.651466601441873,4.653710003660343,4.655901233734197,4.67,4.660283693881905,4.6626270226774285,4.67,4.6673778659474685,4.669809845240465,unchanged,Cgl3036,0,4.651466601441873,0.005,glc__D_e + pep_c --> g6p_c + pyr_c
GLCUR1Ptex,0.0,0.0,0.0,0.0,0.0,0.0,0.0,0.0,0.0,0.0,,,0,0.0,0.0,glcur1p_e --> glcur1p_c
GLCURt2rpp,0.0,0.0,0.0,0.0,0.0,0.0,0.0,0.0,0.0,0.0,,,0,0.0,0.0,glcur_e + h_e --> glcur_c + h_c
GLNabcpp,0.0,0.0,0.0,0.0,0.0,0.0,0.0,0.0,0.0,0.0,,,0,0.0,0.0,atp_c + gln__L_e + h2o_c --> adp_c + gln__L_c + h_c + pi_c
GLNt2rpp,0.0,0.0,0.0,0.0,0.0,0.0,0.0,0.0,0.0,0.0,,,0,0.0,0.0,gln__L_e + h_e --> gln__L_c + h_c
GLUabcpp,0.0,0.0,0.0,0.0,0.0,0.0,0.0,0.0,0.0,0.0,,Cgl1951 and Cgl1950 and Cgl1952 and Cgl1953,0,0.0,0.0,atp_c + glu__L_e + h2o_c --> adp_c + glu__L_c + h_c + pi_c
GLUt4pp,0.0,0.0,0.0,0.0,0.0,0.0,0.0,0.0,0.0,0.0,,,0,0.0,0.0,glu__L_e + na1_e --> glu__L_c + na1_c
GLUtex,0.0,0.0,0.0,0.0,0.0,0.0,0.0,0.0,0.0,0.0,,,0,0.0,0.0,glu__L_e --> glu__L_c
GLYALDtpp,0.0,0.0,0.0,0.0,0.0,0.0,0.0,0.0,0.0,0.0,,,0,0.0,0.0,glyald_e --> glyald_c
GLYBabcpp_num1,0.0,0.0,0.0,0.0,0.0,0.0,0.0,0.0,0.0,0.0,,Cgl0892,0,0.0,0.0,atp_c + glyb_e + h2o_c --> adp_c + glyb_c + h_c + pi_c
GLYC2Pabcpp,0.0,0.0,0.0,0.0,0.0,0.0,0.0,0.0,0.0,0.0,,Cgl1383 and Cgl1384 and Cgl1385 and Cgl1386,0,0.0,0.0,atp_c + glyc2p_e + h2o_c --> adp_c + glyc2p_c + h_c + pi_c
GLYC3Pabcpp,0.0,0.0,0.0,0.0,0.0,0.0,0.0,0.0,0.0,0.0,,Cgl1383 and Cgl1384 and Cgl1385 and Cgl1386,0,0.0,0.0,atp_c + glyc3p_e + h2o_c --> adp_c + glyc3p_c + h_c + pi_c
GLYC3Pt6pp,0.0,0.0,0.0,0.0,0.0,0.0,0.0,0.0,0.0,0.0,,,0,0.0,0.0,glyc3p_e + pi_c --> glyc3p_c + pi_e
GLYC3Ptex,0.0,0.0,0.0,0.0,0.0,0.0,0.0,0.0,0.0,0.0,,,0,0.0,0.0,glyc3p_e --> glyc3p_c
GLYCAt2rpp,0.0,0.0,0.0,0.0,0.0,0.0,0.0,0.0,0.0,0.0,,,0,0.0,0.0,glyc__R_e + h_e --> glyc__R_c + h_c
GLYCtpp,0.0,0.0,0.0,0.0,0.0,0.0,0.0,0.0,0.0,0.0,,,0,0.0,0.0,glyc_c --> glyc_e
GLYtex,0.0,0.0,0.0,0.0,0.0,0.0,0.0,0.0,0.0,0.0,,,0,0.0,0.0,gly_e --> gly_c
GMPtex,0.0,0.0,0.0,0.0,0.0,0.0,0.0,0.0,0.0,0.0,,,0,0.0,0.0,gmp_e --> gmp_c
GSNt2pp,0.0,0.0,0.0,0.0,0.0,0.0,0.0,0.0,0.0,0.0,,,0,0.0,0.0,gsn_e + h_e --> gsn_c + h_c
GSNtex,0.0,0.0,0.0,0.0,0.0,0.0,0.0,0.0,0.0,0.0,,,0,0.0,0.0,gsn_e --> gsn_c
GTHRDabc2pp,0.0,0.0,0.0,0.0,0.0,0.0,0.0,0.0,0.0,0.0,,Cgl1993 and Cgl2320 and Cgl2321 and Cgl2322,0,0.0,0.0,atp_c + gthrd_c + h2o_c --> adp_c + gthrd_e + h_c + pi_c
GTHRDabcpp,0.0,0.0,0.0,0.0,0.0,0.0,0.0,0.0,0.0,0.0,,,0,0.0,0.0,atp_c + gthrd_e + h2o_c --> adp_c + gthrd_c + h_c + pi_c
GTHRDtex,0.0,0.0,0.0,0.0,0.0,0.0,0.0,0.0,0.0,0.0,,,0,0.0,0.0,gthrd_e --> gthrd_c
GUAt2pp,0.0,0.0,0.0,0.0,0.0,0.0,0.0,0.0,0.0,0.0,,,0,0.0,0.0,gua_e + h_e --> gua_c + h_c
GUAtpp,0.0,0.0,0.0,0.0,0.0,0.0,0.0,0.0,0.0,0.0,,,0,0.0,0.0,gua_e --> gua_c
H2Otpp,0.0,0.0,0.0,0.0,0.0,0.0,0.0,0.0,0.0,0.0,,,0,0.0,0.0,h2o_e --> h2o_c
H2St1pp,0.0,0.0,0.0,0.0,0.0,0.0,0.0,0.0,0.0,0.0,,,0,0.0,0.0,h2s_c --> h2s_e
H2Stex,0.0,0.0,0.0,0.0,0.0,0.0,0.0,0.0,0.0,0.0,,,0,0.0,0.0,h2s_e --> h2s_c
H2tpp,0.0,0.0,0.0,0.0,0.0,0.0,0.0,0.0,0.0,0.0,,,0,0.0,0.0,h2_e --> h2_c
HISabcpp,0.0,0.0,0.0,0.0,0.0,0.0,0.0,0.0,0.0,0.0,,,0,0.0,0.0,atp_c + h2o_c + his__L_e --> adp_c + h_c + his__L_c + pi_c
HISt2rpp,0.0,0.0,0.0,0.0,0.0,0.0,0.0,0.0,0.0,0.0,,,0,0.0,0.0,h_e + his__L_e --> h_c + his__L_c
HOMt2pp,0.0,0.0,0.0,0.0,0.0,0.0,0.0,0.0,0.0,0.0,,,0,0.0,0.0,h_e + hom__L_c --> h_c + hom__L_e
HOMtex,0.0,0.0,0.0,0.0,0.0,0.0,0.0,0.0,0.0,0.0,,,0,0.0,0.0,hom__L_e --> hom__L_c
HYXNtpp,0.0,0.0,0.0,0.0,0.0,0.0,0.0,0.0,0.0,0.0,,,0,0.0,0.0,hxan_e --> hxan_c
ILEt2rpp,0.0,0.0,0.0,0.0,0.0,0.0,0.0,0.0,0.0,0.0,,Cgl2310,0,0.0,0.0,h_e + ile__L_e --> h_c + ile__L_c
INDOLEt2pp,0.0,0.0,0.0,0.0,0.0,0.0,0.0,0.0,0.0,0.0,,,0,0.0,0.0,h_c + indole_c --> h_e + indole_e
INDOLEt2rpp,0.0,0.0,0.0,0.0,0.0,0.0,0.0,0.0,0.0,0.0,,,0,0.0,0.0,h_e + indole_e --> h_c + indole_c
INSt2pp,0.0,0.0,0.0,0.0,0.0,0.0,0.0,0.0,0.0,0.0,,,0,0.0,0.0,h_e + ins_e --> h_c + ins_c
INSt2rpp,0.0,0.0,0.0,0.0,0.0,0.0,0.0,0.0,0.0,0.0,,,0,0.0,0.0,h_e + ins_e --> h_c + ins_c
LEUt2rpp_num1,0.0,0.0,0.0,0.0,0.0,0.0,0.0,0.0,0.0,0.0,,Cgl0258,0,0.0,0.0,h_e + leu__L_e --> h_c + leu__L_c
L_LACt2rpp,0.0,0.0,0.0,0.0,0.0,0.0,0.0,0.0,0.0,0.0,,,0,0.0,0.0,h_e + lac__L_e --> h_c + lac__L_c
LYSabcpp,0.0,0.0,0.0,0.0,0.0,0.0,0.0,0.0,0.0,0.0,,Cgl1262,0,0.0,0.0,atp_c + h2o_c + lys__L_e --> adp_c + h_c + lys__L_c + pi_c
LYSt2pp,0.0,0.0,0.0,0.0,0.0,0.0,0.0,0.0,0.0,0.0,,Cgl0968,0,0.0,0.0,h_e + lys__L_e --> h_c + lys__L_c
LYSt3pp,0.0,0.0,0.0,0.0,0.0,0.0,0.0,0.0,0.0,0.0,,,0,0.0,0.0,h_e + lys__L_c --> h_c + lys__L_e
MALt3pp,0.0,0.0,0.0,0.0,0.0,0.0,0.0,0.0,0.0,0.0,,,0,0.0,0.0,h_e + mal__L_c --> h_c + mal__L_e
MALTabcpp,0.0,0.0,0.0,0.0,0.0,0.0,0.0,0.0,0.0,0.0,,Cgl2460 and Cgl2461 and Cgl2463,0,0.0,0.0,atp_c + h2o_c + malt_e --> adp_c + h_c + malt_c + pi_c
MALTptspp,0.0,0.0,0.0,0.0,0.0,0.0,0.0,0.0,0.0,0.0,,Cgl1933,0,0.0,0.0,malt_e + pep_c --> malt6p_c + pyr_c
MAN6Pt6_2pp,0.0,0.0,0.0,0.0,0.0,0.0,0.0,0.0,0.0,0.0,,,0,0.0,0.0,man6p_e + 2.0 pi_c --> man6p_c + 2.0 pi_e
MANptspp,0.0,0.0,0.0,0.0,0.0,0.0,0.0,0.0,0.0,0.0,,Cgl1360,0,0.0,0.0,man_e + pep_c --> man6p_c + pyr_c
METabcpp,0.0,0.0,0.0,0.0,0.0,0.0,0.0,0.0,0.0,0.0,,Cgl0635 and Cgl0636 and Cgl0637,0,0.0,0.0,atp_c + h2o_c + met__L_e --> adp_c + h_c + met__L_c + pi_c
METt2rpp,0.0,0.0,0.0,0.0,0.0,0.0,0.0,0.0,0.0,0.0,,,0,0.0,0.0,h_e + met__L_e --> h_c + met__L_c
MNLptspp,0.0,0.0,0.0,0.0,0.0,0.0,0.0,0.0,0.0,0.0,,Cgl3036,0,0.0,0.0,mnl_e + pep_c --> mnl1p_c + pyr_c
MNt2pp,0.0,0.0,0.0,0.0,0.0,0.0,0.0,0.0,0.0,0.0,,Cgl1469,0,0.0,0.0,h_e + mn2_e --> h_c + mn2_c
NACtpp,0.0,0.0,0.0,0.0,0.0,0.0,0.0,0.0,0.0,0.0,,,0,0.0,0.0,nac_e --> nac_c
NAtex,0.014665370518215209,0.013114790216180857,0.01152729133552667,0.009976711033492368,0.008426130731458077,0.006875550429423762,0.0052173404975304075,0.003536420707209206,0.0018555009168879832,0.0001345592267972169,,,0,0.013114790216180857,-2.83,na1_e --> na1_c
NMNt7pp,0.0,0.0,0.0,0.0,0.0,0.0,0.0,0.0,0.0,0.0,,,0,0.0,0.0,h2o_c + nmn_e --> h_c + ncam_c + r5p_c
NO3tex,0.0,0.0,0.0,0.0,0.0,0.0,0.0,0.0,0.0,0.0,,Cgl1190,0,0.0,0.0,no3_e --> no3_c
NOtex,0.0,0.0,0.0,0.0,0.0,0.0,0.0,0.0,0.0,0.0,,,0,0.0,0.0,no_e --> no_c
O2Stex,0.0,0.0,0.0,0.0,0.0,0.0,0.0,0.0,0.0,0.0,,,0,0.0,0.0,o2s_e --> o2s_c
ORNabcpp,0.0,0.0,0.0,0.0,0.0,0.0,0.0,0.0,0.0,0.0,,,0,0.0,0.0,atp_c + h2o_c + orn_e --> adp_c + h_c + orn_c + pi_c
OROTt2_2pp,0.0,0.0,0.0,0.0,0.0,0.0,0.0,0.0,0.0,0.0,,,0,0.0,0.0,2.0 h_e + orot_e --> 2.0 h_c + orot_c
PA120abcpp_num1,0.0,0.0,0.0,0.0,0.0,0.0,0.0,0.0,0.0,0.0,,Cgl1221 and Cgl1222 and Cgl1223,0,0.0,0.0,atp_c + h2o_c + pa120_c --> adp_c + h_c + pa120_e + pi_c
PA140abcpp_num1,0.0,0.0,0.0,0.0,0.0,0.0,0.0,0.0,0.0,0.0,,Cgl1221 and Cgl1222 and Cgl1223,0,0.0,0.0,atp_c + h2o_c + pa140_c --> adp_c + h_c + pa140_e + pi_c
PA141abcpp_num1,0.0,0.0,0.0,0.0,0.0,0.0,0.0,0.0,0.0,0.0,,Cgl1221 and Cgl1222 and Cgl1223,0,0.0,0.0,atp_c + h2o_c + pa141_c --> adp_c + h_c + pa141_e + pi_c
PA160abcpp_num1,0.0,0.0,0.0,0.0,0.0,0.0,0.0,0.0,0.0,0.0,,Cgl1221 and Cgl1222 and Cgl1223,0,0.0,0.0,atp_c + h2o_c + pa160_c --> adp_c + h_c + pa160_e + pi_c
PA161abcpp_num1,0.0,0.0,0.0,0.0,0.0,0.0,0.0,0.0,0.0,0.0,,Cgl1221 and Cgl1222 and Cgl1223,0,0.0,0.0,atp_c + h2o_c + pa161_c --> adp_c + h_c + pa161_e + pi_c
PA180abcpp_num1,0.0,0.0,0.0,0.0,0.0,0.0,0.0,0.0,0.0,0.0,,Cgl1221 and Cgl1222 and Cgl1223,0,0.0,0.0,atp_c + h2o_c + pa180_c --> adp_c + h_c + pa180_e + pi_c
PA181abcpp_num1,0.0,0.0,0.0,0.0,0.0,0.0,0.0,0.0,0.0,0.0,,Cgl1221 and Cgl1222 and Cgl1223,0,0.0,0.0,atp_c + h2o_c + pa181_c --> adp_c + h_c + pa181_e + pi_c
PGP120abcpp_num1,0.0,0.0,0.0,0.0,0.0,0.0,0.0,0.0,0.0,0.0,,Cgl1221 and Cgl1222 and Cgl1223,0,0.0,0.0,atp_c + h2o_c + pgp120_c --> adp_c + h_c + pgp120_e + pi_c
PGP140abcpp_num1,0.0,0.0,0.0,0.0,0.0,0.0,0.0,0.0,0.0,0.0,,Cgl1221 and Cgl1222 and Cgl1223,0,0.0,0.0,atp_c + h2o_c + pgp140_c --> adp_c + h_c + pgp140_e + pi_c
PGP141abcpp_num1,0.0,0.0,0.0,0.0,0.0,0.0,0.0,0.0,0.0,0.0,,Cgl1221 and Cgl1222 and Cgl1223,0,0.0,0.0,atp_c + h2o_c + pgp141_c --> adp_c + h_c + pgp141_e + pi_c
PGP160abcpp_num1,0.0,0.0,0.0,0.0,0.0,0.0,0.0,0.0,0.0,0.0,,Cgl1221 and Cgl1222 and Cgl1223,0,0.0,0.0,atp_c + h2o_c + pgp160_c --> adp_c + h_c + pgp160_e + pi_c
PGP161abcpp_num1,0.0,0.0,0.0,0.0,0.0,0.0,0.0,0.0,0.0,0.0,,Cgl1221 and Cgl1222 and Cgl1223,0,0.0,0.0,atp_c + h2o_c + pgp161_c --> adp_c + h_c + pgp161_e + pi_c
PGP180abcpp_num1,0.0,0.0,0.0,0.0,0.0,0.0,0.0,0.0,0.0,0.0,,Cgl1221 and Cgl1222 and Cgl1223,0,0.0,0.0,atp_c + h2o_c + pgp180_c --> adp_c + h_c + pgp180_e + pi_c
PGP181abcpp_num1,0.0,0.0,0.0,0.0,0.0,0.0,0.0,0.0,0.0,0.0,,Cgl1221 and Cgl1222 and Cgl1223,0,0.0,0.0,atp_c + h2o_c + pgp181_c --> adp_c + h_c + pgp181_e + pi_c
PHEMEabcpp_num1,0.0,0.0,0.0,0.0,0.0,0.0,0.0,0.0,0.0,0.0,,Cgl1221 and Cgl1222 and Cgl1223,0,0.0,0.0,atp_c + h2o_c + pheme_c --> adp_c + h_c + pheme_e + pi_c
PHEMEtiex,0.0,0.0,0.0,0.0,0.0,0.0,0.0,0.0,0.0,0.0,,,0,0.0,0.0,pheme_c --> pheme_e
PHEt2rpp,0.0,0.0,0.0,0.0,0.0,0.0,0.0,0.0,0.0,0.0,,,0,0.0,0.0,h_e + phe__L_e --> h_c + phe__L_c
PNTOt4pp,0.0,0.0,0.0,0.0,0.0,0.0,0.0,0.0,0.0,0.0,,,0,0.0,0.0,na1_e + pnto__R_e --> na1_c + pnto__R_c
PROabcpp,0.0,0.0,0.0,0.0,0.0,0.0,0.0,0.0,0.0,0.0,,Cgl1419,0,0.0,0.0,atp_c + h2o_c + pro__L_e --> adp_c + h_c + pi_c + pro__L_c
PROGLYabcpp,0.0,0.0,0.0,0.0,0.0,0.0,0.0,0.0,0.0,0.0,,,0,0.0,0.0,atp_c + h2o_c + progly_e --> adp_c + h_c + pi_c + progly_c
PROt3pp,0.0,0.0,0.0,0.0,0.0,0.0,0.0,0.0,0.0,0.0,,,0,0.0,0.0,h_e + pro__L_c --> h_c + pro__L_e
PROt4pp,0.0,0.0,0.0,0.0,0.0,0.0,0.0,0.0,0.0,0.0,,Cgl1163,0,0.0,0.0,na1_e + pro__L_e --> na1_c + pro__L_c
PSERtex_num1,0.0,0.0,0.0,0.0,0.0,0.0,0.0,0.0,0.0,0.0,,Cgl0296,0,0.0,0.0,pser__L_e --> pser__L_c
PTRCORNt7pp,0.0,0.0,0.0,0.0,0.0,0.0,0.0,0.0,0.0,0.0,,,0,0.0,0.0,orn_c + ptrc_e --> orn_e + ptrc_c
PTRCt2pp,0.0,0.0,0.0,0.0,0.0,0.0,0.0,0.0,0.0,0.0,,,0,0.0,0.0,h_e + ptrc_e --> h_c + ptrc_c
PYDXtpp,0.0,0.0,0.0,0.0,0.0,0.0,0.0,0.0,0.0,0.0,,,0,0.0,0.0,pydx_e --> pydx_c
PYRt2rpp,0.0,0.0,0.0,0.0,0.0,0.0,0.0,0.0,0.0,0.0,,,0,0.0,0.0,h_e + pyr_e --> h_c + pyr_c
RIBabcpp,0.0,0.0,0.0,0.0,0.0,0.0,0.0,0.0,0.0,0.0,,Cgl1252 and Cgl1253 and Cgl1254,0,0.0,0.0,atp_c + h2o_c + rib__D_e --> adp_c + h_c + pi_c + rib__D_c
SBTptspp,0.0,0.0,0.0,0.0,0.0,0.0,0.0,0.0,0.0,0.0,,Cgl3036,0,0.0,0.0,pep_c + sbt__D_e --> pyr_c + sbt6p_c
SERabcpp,0.0,0.0,0.0,0.0,0.0,0.0,0.0,0.0,0.0,0.0,,,0,0.0,0.0,atp_c + h2o_c + ser__L_e --> adp_c + h_c + pi_c + ser__L_c
SERt3pp,0.0,0.0,0.0,0.0,0.0,0.0,0.0,0.0,0.0,0.0,,,0,0.0,0.0,h_e + ser__L_c --> h_c + ser__L_e
SKMt2pp,0.0,0.0,0.0,0.0,0.0,0.0,0.0,0.0,0.0,0.0,,,0,0.0,0.0,h_e + skm_e --> h_c + skm_c
SPMDabcpp,0.0,0.0,0.0,0.0,0.0,0.0,0.0,0.0,0.0,0.0,,Cgl0426 and Cgl0427 and Cgl0428,0,0.0,0.0,atp_c + h2o_c + spmd_e --> adp_c + h_c + pi_c + spmd_c
SPMDt3pp,0.0,0.0,0.0,0.0,0.0,0.0,0.0,0.0,0.0,0.0,,,0,0.0,0.0,h_e + spmd_c --> h_c + spmd_e
SUCCt2_2pp,0.0,0.0,0.0,0.0,0.0,0.0,0.0,0.0,0.0,0.0,,,0,0.0,0.0,2.0 h_e + succ_e --> 2.0 h_c + succ_c
SUCCt2_3pp,0.0,0.0,0.0,0.0,0.0,0.0,0.0,0.0,0.0,0.0,,,0,0.0,0.0,3.0 h_e + succ_e --> 3.0 h_c + succ_c
SUCCt3pp,0.0,0.0,0.0,0.0,0.0,0.0,0.0,0.0,0.0,0.0,,,0,0.0,0.0,h_e + succ_c --> h_c + succ_e
SUCptspp,0.0,0.0,0.0,0.0,0.0,0.0,0.0,0.0,0.0,0.0,,Cgl3036,0,0.0,0.0,pep_c + sucr_e --> pyr_c + suc6p_c
THMabcpp,0.0,0.0,0.0,0.0,0.0,0.0,0.0,0.0,0.0,0.0,,Cgl1078 and Cgl1079 and Cgl1080,0,0.0,0.0,atp_c + h2o_c + thm_e --> adp_c + h_c + pi_c + thm_c
THMDt2pp,0.0,0.0,0.0,0.0,0.0,0.0,0.0,0.0,0.0,0.0,,,0,0.0,0.0,h_e + thymd_e --> h_c + thymd_c
THMDt2rpp,0.0,0.0,0.0,0.0,0.0,0.0,0.0,0.0,0.0,0.0,,,0,0.0,0.0,h_e + thymd_e --> h_c + thymd_c
THRabcpp,0.0,0.0,0.0,0.0,0.0,0.0,0.0,0.0,0.0,0.0,,,0,0.0,0.0,atp_c + h2o_c + thr__L_e --> adp_c + h_c + pi_c + thr__L_c
THRt2pp,0.0,0.0,0.0,0.0,0.0,0.0,0.0,0.0,0.0,0.0,,,0,0.0,0.0,h_e + thr__L_c --> h_c + thr__L_e
TREabcpp,0.0,0.0,0.0,0.0,0.0,0.0,0.0,0.0,0.0,0.0,,,0,0.0,0.0,atp_c + h2o_c + tre_e --> adp_c + h_c + pi_c + tre_c
TREptsp_num1,0.0,0.0,0.0,0.0,0.0,0.0,0.0,0.0,0.0,0.0,,Cgl1933,0,0.0,0.0,pep_c + tre_c --> pyr_c + tre6p_c
TREptspp_num1,0.0,0.0,0.0,0.0,0.0,0.0,0.0,0.0,0.0,0.0,,Cgl1933,0,0.0,0.0,pep_c + tre_e --> pyr_c + tre6p_c
TRPabcpp,0.0,0.0,0.0,0.0,0.0,0.0,0.0,0.0,0.0,0.0,,,0,0.0,0.0,atp_c + h2o_c + trp__L_e --> adp_c + h_c + pi_c + trp__L_c
TRPt2rpp,0.0,0.0,0.0,0.0,0.0,0.0,0.0,0.0,0.0,0.0,,Cgl1107,0,0.0,0.0,h_e + trp__L_e --> h_c + trp__L_c
TYRt2rpp,0.0,0.0,0.0,0.0,0.0,0.0,0.0,0.0,0.0,0.0,,,0,0.0,0.0,h_e + tyr__L_e --> h_c + tyr__L_c
URAt2pp_num1,0.0,0.0,0.0,0.0,0.0,0.0,0.0,0.0,0.0,0.0,,Cgl0824,0,0.0,0.0,h_e + ura_e --> h_c + ura_c
URAt2rpp_num1,0.0,0.0,0.0,0.0,0.0,0.0,0.0,0.0,0.0,0.0,,Cgl0824,0,0.0,0.0,h_e + ura_e --> h_c + ura_c
UREAtpp,0.0,0.0,0.0,0.0,0.0,0.0,0.0,0.0,0.0,0.0,,Cgl0090 and Cgl0087 and Cgl0088 and Cgl0089,0,0.0,0.0,urea_e --> urea_c
URIt2pp,0.0,0.0,0.0,0.0,0.0,0.0,0.0,0.0,0.0,0.0,,,0,0.0,0.0,h_e + uri_e --> h_c + uri_c
URIt2rpp,0.0,0.0,0.0,0.0,0.0,0.0,0.0,0.0,0.0,0.0,,,0,0.0,0.0,h_e + uri_e --> h_c + uri_c
VALt2rpp,0.0,0.0,0.0,0.0,0.0,0.0,0.0,0.0,0.0,0.0,,Cgl2310,0,0.0,0.0,h_e + val__L_e --> h_c + val__L_c
XANt2pp_num1,0.0,0.0,0.0,0.0,0.0,0.0,0.0,0.0,0.0,0.0,,Cgl0824,0,0.0,0.0,h_e + xan_e --> h_c + xan_c
XANtpp,0.0,0.0,0.0,0.0,0.0,0.0,0.0,0.0,0.0,0.0,,,0,0.0,0.0,xan_e --> xan_c
XTSNt2rpp,0.0,0.0,0.0,0.0,0.0,0.0,0.0,0.0,0.0,0.0,,,0,0.0,0.0,h_e + xtsn_e --> h_c + xtsn_c
XYLUt2pp,0.0,0.0,0.0,0.0,0.0,0.0,0.0,0.0,0.0,0.0,,Cgl0112,0,0.0,0.0,h_e + xylu__L_e --> h_c + xylu__L_c
CO2tpp,10.034947677050964,9.441720353198734,8.834368569254783,8.241141245402565,7.647913921550348,7.054686597698125,6.534052156133487,6.100668220736736,5.667284285339985,5.223581684814732,,,0,9.441720353198734,-0.737,co2_c --> co2_e
FORt2pp,0.0,0.0,0.0,0.0,0.0,0.0,0.0,0.0,0.0,0.0,,,0,0.0,0.0,for_e + h_e --> for_c + h_c
Biotinabcpp,0.0,0.0,0.0,0.0,0.0,0.0,0.0,0.0,0.0,0.0,,,0,0.0,0.0,atp_c + btn_c + h2o_c --> adp_c + btn_e + h_c + pi_c
Biotint3pp,0.0,0.0,0.0,0.0,0.0,0.0,0.0,0.0,0.0,0.0,,,0,0.0,0.0,btn_c + h_e --> btn_e + h_c
Biotintpp,1.0317526826869004e-06,9.226647203774348e-07,8.109794256320319e-07,7.0189146332257e-07,5.928035010131087e-07,4.837155387036459e-07,3.6705550999424205e-07,2.487977748152152e-07,1.3054003963618687e-07,9.466644095753783e-09,,,0,9.226647203774348e-07,-2.83,btn_e --> btn_c
ALATRS_num1,0.0,0.0,0.0,0.0,0.0,0.0,0.0,0.0,0.0,0.0,,Cgl1632 and cgtRNA_3529,0,0.0,0.0,ala__L_c + atp_c + trnaala_c --> alatrna_c + amp_c + ppi_c
ARGTRS_num1,0.0,0.0,0.0,0.0,0.0,0.0,0.0,0.0,0.0,0.0,,Cgl1179 and cgtRNA_3536,0,0.0,0.0,arg__L_c + atp_c + trnaarg_c --> amp_c + argtrna_c + ppi_c
ASNTRS_num1,0.0,0.0,0.0,0.0,0.0,0.0,0.0,0.0,0.0,0.0,,cgtRNA_3571,0,0.0,0.0,asn__L_c + atp_c + trnaasn_c --> amp_c + asntrna_c + ppi_c
ASPTRS,0.0,0.0,0.0,0.0,0.0,0.0,0.0,0.0,0.0,0.0,,Cgl1635,0,0.0,0.0,asp__L_c + atp_c + trnaasp_c --> amp_c + asptrna_c + ppi_c
CYSTRS_num1,0.0,0.0,0.0,0.0,0.0,0.0,0.0,0.0,0.0,0.0,,Cgl2641,0,0.0,0.0,atp_c + cys__L_c + trnacys_c --> amp_c + cystrna_c + ppi_c
FMETTRS_num1,0.0,0.0,0.0,0.0,0.0,0.0,0.0,0.0,0.0,0.0,,Cgl1600,0,0.0,0.0,10fthf_c + mettrna_c --> fmettrna_c + h_c + thf_c
GLNTRS,0.0,0.0,0.0,0.0,0.0,0.0,0.0,0.0,0.0,0.0,,Cgl1259 and Cgl1246 and Cgl1247,0,0.0,0.0,atp_c + gln__L_c + trnagln_c --> amp_c + glntrna_c + ppi_c
GLUTRS_num1,0.0,0.0,0.0,0.0,0.0,0.0,0.0,0.0,0.0,0.0,,Cgl0236 and Cgl1293,0,0.0,0.0,atp_c + glu__L_c + trnaglu_c --> amp_c + glutrna_c + ppi_c
GLYTRS_num1,0.0,0.0,0.0,0.0,0.0,0.0,0.0,0.0,0.0,0.0,,Cgl2278 and cgtRNA_3562,0,0.0,0.0,atp_c + gly_c + trnagly_c --> amp_c + glytrna_c + ppi_c
HISTRS,0.0,0.0,0.0,0.0,0.0,0.0,0.0,0.0,0.0,0.0,,cg1885 and cgtRNA_3576,0,0.0,0.0,atp_c + his__L_c + trnahis_c --> amp_c + histrna_c + ppi_c
ILETRS_num1,0.0,0.0,0.0,0.0,0.0,0.0,0.0,0.0,0.0,0.0,,Cgl2148 and cgtRNA_3528,0,0.0,0.0,atp_c + ile__L_c + trnaile_c --> amp_c + iletrna_c + ppi_c
LEUTRS_num1,0.0,0.0,0.0,0.0,0.0,0.0,0.0,0.0,0.0,0.0,,Cgl3018 and cgtRNA_3533,0,0.0,0.0,atp_c + leu__L_c + trnaleu_c --> amp_c + leutrna_c + ppi_c
LYSTRS_num1,0.0,0.0,0.0,0.0,0.0,0.0,0.0,0.0,0.0,0.0,,Cgl2687 and cgtRNA_3577,0,0.0,0.0,atp_c + lys__L_c + trnalys_c --> amp_c + lystrna_c + ppi_c
METTRS_num1,0.0,0.0,0.0,0.0,0.0,0.0,0.0,0.0,0.0,0.0,,Cgl0893 and cgtRNA_3545,0,0.0,0.0,atp_c + met__L_c + trnamet_c --> amp_c + mettrna_c + ppi_c
PHETRS,0.0,0.0,0.0,0.0,0.0,0.0,0.0,0.0,0.0,0.0,,Cgl1389 and Cgl1390,0,0.0,0.0,atp_c + phe__L_c + trnaphe_c --> amp_c + phetrna_c + ppi_c
PROTRS_num1,0.0,0.0,0.0,0.0,0.0,0.0,0.0,0.0,0.0,0.0,,Cgl1994 and cgtRNA_3540,0,0.0,0.0,atp_c + pro__L_c + trnapro_c --> amp_c + ppi_c + protrna_c
SERTRS_num1,0.0,0.0,0.0,0.0,0.0,0.0,0.0,0.0,0.0,0.0,,Cgl2893 and cgtRNA_3534,0,0.0,0.0,atp_c + ser__L_c + trnaser_c --> amp_c + ppi_c + sertrna_c
SERTRS2,0.0,0.0,0.0,0.0,0.0,0.0,0.0,0.0,0.0,0.0,,Cgl2893,0,0.0,0.0,atp_c + ser__L_c + trnasecys_c --> amp_c + ppi_c + sertrna_c
THRTRS_num1,0.0,0.0,0.0,0.0,0.0,0.0,0.0,0.0,0.0,0.0,,Cgl1671 and cgtRNA_3541,0,0.0,0.0,atp_c + thr__L_c + trnathr_c --> amp_c + ppi_c + thrtrna_c
TRPTRS,0.0,0.0,0.0,0.0,0.0,0.0,0.0,0.0,0.0,0.0,,Cgl0677 and cgtRNA_3546,0,0.0,0.0,atp_c + trnatrp_c + trp__L_c --> amp_c + ppi_c + trptrna_c
TYRTRS,0.0,0.0,0.0,0.0,0.0,0.0,0.0,0.0,0.0,0.0,,Cgl1406 and cgtRNA_3542,0,0.0,0.0,atp_c + trnatyr_c + tyr__L_c --> amp_c + ppi_c + tyrtrna_c
VALTRS_num1,0.0,0.0,0.0,0.0,0.0,0.0,0.0,0.0,0.0,0.0,,Cgl2376 and cgtRNA_3563,0,0.0,0.0,atp_c + trnaval_c + val__L_c --> amp_c + ppi_c + valtrna_c
ANPRT,0.01311300428748582,0.011726556797228883,0.010307098652442049,0.008920651162185161,0.007534203671928281,0.006147756181671379,0.004665071927668951,0.0031620817106795883,0.0016590914936902065,0.00012031579534394338,,Cgl3032,0,0.011726556797228883,-2.83,anth_c + prpp_c --> ppi_c + pran_c
ANS,0.01311300428748582,0.011726556797228883,0.010307098652442049,0.008920651162185161,0.007534203671928281,0.006147756181671379,0.004665071927668951,0.0031620817106795883,0.0016590914936902065,0.00012031579534394338,,Cgl3029 and Cgl3031,0,0.011726556797228883,-2.83,chor_c + gln__L_c --> anth_c + glu__L_c + h_c + pyr_c
CHORM,0.09798803236060935,0.0876276863587985,0.07702066545218285,0.06666031945037235,0.05629997344856191,0.04593962744675133,0.03486014409750797,0.023628922724341597,0.012397701351175086,0.0008990699453142022,,Cgl0853,0,0.0876276863587985,-2.83,chor_c --> pphn_c
CHORS,0.11121629284461912,0.0994573132309804,0.08741835791225533,0.075659378298617,0.0639003986849788,0.05214141907134039,0.039566219477559436,0.026818797418465767,0.014071375359371939,0.0010204432512521389,,Cgl1623,0,0.0994573132309804,-2.83,3psme_c --> chor_c + pi_c
DDPA,0.11121629284461912,0.0994573132309804,0.08741835791225533,0.075659378298617,0.0639003986849788,0.05214141907134039,0.039566219477559436,0.026818797418465767,0.014071375359371939,0.0010204432512521389,,Cgl0990 and Cgl2178,0,0.0994573132309804,-2.83,e4p_c + h2o_c + pep_c --> 2dda7p_c + pi_c
DHQS,0.11121629284461912,0.0994573132309804,0.08741835791225533,0.075659378298617,0.0639003986849788,0.05214141907134039,0.039566219477559436,0.026818797418465767,0.014071375359371939,0.0010204432512521389,,Cgl1621,0,0.0994573132309804,-2.83,2dda7p_c --> 3dhq_c + pi_c
DHQTi,0.11121629284461912,0.0994573132309804,0.08741835791225533,0.075659378298617,0.0639003986849788,0.05214141907134039,0.039566219477559436,0.026818797418465767,0.014071375359371939,0.0010204432512521389,,Cgl0423,0,0.0994573132309804,-2.83,3dhq_c --> 3dhsk_c + h2o_c
IGPS,0.01311300428748582,0.011726556797228883,0.010307098652442049,0.008920651162185161,0.007534203671928281,0.006147756181671379,0.004665071927668951,0.0031620817106795883,0.0016590914936902065,0.00012031579534394338,,Cgl3033,0,0.011726556797228883,-2.83,2cpr5p_c + h_c --> 3ig3p_c + co2_c + h2o_c
PHETA1_num1,0.0,0.0,0.04797404117054639,0.04152086834070977,0.03506769551087319,0.02861452268103651,0.02171341909767452,0.014717802098152299,0.0077221850986299925,0.0005600057895952913,,Cgl0218,0,0.0,-1.061,glu__L_c + phpyr_c --> akg_c + phe__L_c
PPND,0.03695399855825044,0.03304682538627643,0.029046624281636454,0.025139451109662578,0.021232277937688726,0.017325104765714815,0.013146724999833447,0.008911120626189298,0.004675516252545094,0.0003390641557189109,,Cgl0226,0,0.03304682538627643,-2.83,nad_c + pphn_c --> 34hpp_c + co2_c + nadh_c
PPNDH,0.06103403380235892,0.05458086097252207,0.04797404117054639,0.04152086834070977,0.03506769551087319,0.02861452268103651,0.02171341909767452,0.014717802098152299,0.0077221850986299925,0.0005600057895952913,,Cgl2899,0,0.05458086097252207,-2.83,h_c + pphn_c --> co2_c + h2o_c + phpyr_c
PRAIi,0.01311300428748582,0.011726556797228883,0.010307098652442049,0.008920651162185161,0.007534203671928281,0.006147756181671379,0.004665071927668951,0.0031620817106795883,0.0016590914936902065,0.00012031579534394338,,Cgl3033,0,0.011726556797228883,-2.83,pran_c --> 2cpr5p_c
PSCVT,0.11121629284461912,0.0994573132309804,0.08741835791225533,0.075659378298617,0.0639003986849788,0.05214141907134039,0.039566219477559436,0.026818797418465767,0.014071375359371939,0.0010204432512521389,,Cgl0764,0,0.0994573132309804,-2.83,pep_c + skm5p_c --> 3psme_c + pi_c
SHK3Dr_num1,0.0,0.0,0.08741835791225533,0.0,0.0,0.05214141907134039,0.039566219477559436,0.026818797418465767,0.0,0.0010204432512521389,,Cgl1132,0,0.0,-1.651,3dhsk_c + h_c + nadph_c --> nadp_c + skm_c
SHKK,0.11121629284461912,0.0994573132309804,0.08741835791225533,0.075659378298617,0.0639003986849788,0.05214141907134039,0.039566219477559436,0.026818797418465767,0.014071375359371939,0.0010204432512521389,,Cgl1622,0,0.0994573132309804,-2.83,atp_c + skm_c --> adp_c + h_c + skm5p_c
TRPS1,0.01311300428748582,0.011726556797228883,0.010307098652442049,0.008920651162185161,0.007534203671928281,0.006147756181671379,0.004665071927668951,0.0031620817106795883,0.0016590914936902065,0.00012031579534394338,,Cgl3034 and Cgl3035,0,0.011726556797228883,-2.83,3ig3p_c + ser__L_c --> g3p_c + h2o_c + trp__L_c
TRPS2,0.0,0.0,0.0,0.0,0.0,0.0,0.0,0.0,0.0,0.0,,Cgl3034 and Cgl3035,0,0.0,0.0,indole_c + ser__L_c --> h2o_c + trp__L_c
TRPS3,0.0,0.0,0.0,0.0,0.0,0.0,0.0,0.0,0.0,0.0,,Cgl3034 and Cgl3035,0,0.0,0.0,3ig3p_c --> g3p_c + indole_c
TYRRRpp,0.0,0.0,0.0,0.0,0.0,0.0,0.0,0.0,0.0,0.0,,,0,0.0,0.0,atp_c + h2o_c + tyr__L_e --> adp_c + h_c + pi_c + tyr__L_c
TYRTA_num1,0.03695399855825044,0.03304682538627643,0.029046624281636454,0.025139451109662578,0.021232277937688726,0.017325104765714815,0.013146724999833447,0.008911120626189298,0.004675516252545094,0.0003390641557189109,,Cgl0218,0,0.03304682538627643,-2.83,34hpp_c + glu__L_c --> akg_c + tyr__L_c
INPSHE,0.0,0.0,0.0,0.0,0.0,0.0,0.0,0.0,0.0,0.0,,Cgl3033,0,0.0,0.0,2cpr5p_c --> 3ig3p_c + co2_c + h2o_c
AGPSC,0.01510508734522665,0.013508015462935927,0.011872918059638317,0.010275846177347649,0.00867877429505699,0.007081702412766308,0.005373773804562295,0.003642454420467262,0.0019111350363722071,0.00013859376217966054,,,0,0.013508015462935927,-2.83,glyc3p_c + 0.004 hdeACP_c + 0.004 myrsACP_c + 0.01 ocdcaACP_c + 0.544 octeACP_c + 0.438 palmACP_c --> 1ag3p_SC_c + ACP_c
ARATH,0.042856670317177575,0.038325403362683794,0.03368624909974978,0.02915498214525615,0.024623715190762552,0.020092448236268885,0.01524665478839412,0.010334496231340345,0.005422337674286509,0.00039322296111237093,,,0,0.038325403362683794,-2.83,6.6402 udpara_c + 0.71115 udpgal_c --> arabino_c + 7.3514 udp_c
ATPM,0.0,0.0,0.0,0.0,0.0,0.0,0.0,0.0,0.0,0.0,,,0,0.0,0.0,atp_c + h2o_c --> adp_c + h_c + pi_c
DNA,0.004511228454439745,0.004034252985545663,0.0035459209578683985,0.003068945488974332,0.0025919700200802685,0.0021149945511861985,0.0016049110303572758,0.0010878417085621417,0.000570772386767001,4.139189064340747e-05,,,0,0.004034252985545663,-2.83,4.4671 atp_c + 0.75257 damp_c + 0.87632 dcmp_c + 0.87632 dgmp_c + 0.75257 dtmp_c + 1.2103 h2o_c --> 4.4671 amp_c + dna_c + 4.4671 h_c + 4.4671 ppi_c
FREENTCO,0.1705691893521324,0.15253478477879523,0.134070989620379,0.11603658504704244,0.09800218047370601,0.07996777590036931,0.06068155851449408,0.04113120854925249,0.021580858584010664,0.0015650240957869952,,,0,0.15253478477879523,-2.83,0.012 hdeACP_c + 0.007 myrsACP_c + 0.009 ocdcaACP_c + 0.521 octeACP_c + 0.437 palmACP_c + 0.014 tdeACP_c --> ACP_c + freemyco_c
IONS,0.027017004749668786,0.024160477167718318,0.021235937024292897,0.018379409442342523,0.01552288186039217,0.012666354278441773,0.009611548022420707,0.0065149049541454,0.003418261885870055,0.00024788922073102856,,,0,0.024160477167718318,-2.83,0.54282 ca2_c + 0.54282 cl_c + 0.002624 cobalt2_c + 0.073913 cu2_c + 0.70023 fe2_c + 0.81422 fe3_c + 20.3556 k_c + 0.90469 mg2_c + 0.072104 mn2_c + 0.033655 ni2_c + 0.45235 so4_c + 0.035554 zn2_c --> ions_c
MYCOLI,0.04601539861419867,0.041150157017144307,0.036169076334445896,0.03130383473739169,0.026438593140337523,0.021573351543283284,0.01637040144343254,0.011096194829010182,0.005821988214587754,0.00042220525220291864,,,0,0.041150157017144307,-2.83,3.5911 freemyco_c + 0.044346 tdcm_c + 0.071339 tmcm_c --> mycoli_c
PA,0.01510508734522665,0.013508015462935927,0.011872918059638317,0.010275846177347649,0.00867877429505699,0.007081702412766308,0.005373773804562295,0.003642454420467262,0.0019111350363722071,0.00013859376217966054,,,0,0.013508015462935927,-2.83,1ag3p_SC_c + 0.004 hdeACP_c + 0.004 myrsACP_c + 0.01 ocdcaACP_c + 0.544 octeACP_c + 0.438 palmACP_c --> ACP_c + pa_c
PEPTH,0.042856670317177575,0.038325403362683794,0.03368624909974978,0.029154982145256154,0.024623715190762552,0.020092448236268885,0.015246654788394121,0.010334496231340346,0.00542233767428651,0.000393222961112371,,,0,0.038325403362683794,-2.83,0.89721 alaala_c + 2.2426 atp_c + 0.48358 glc__D_c + 0.48358 gly_c + 2.2426 h2o_c + 0.48358 uacgam_c + 0.48358 uamr_c + 0.48358 ugmd_c --> 2.2426 adp_c + 0.49233 ala__L_c + 2.2426 h_c + peptid_c + 2.2426 pi_c + 0.48358 udp_c + 0.48358 ump_c
PPTHTH,0.012631439672431286,0.011295908359527856,0.009928578682031515,0.008593047369128129,0.007257516056224753,0.005921984743321356,0.004493750885000373,0.0030459567839739967,0.0015981626829476027,0.00011589729380154092,,,0,0.011295908359527856,-2.83,1.0585 apg_c + 0.0065396 clpn_c + 0.03083 pa_c + 0.060725 pim_c + 0.039238 pit_c --> phosph_c
RNA,0.022556142272198727,0.020171264927728316,0.01772960478934199,0.01534472744487166,0.012959850100401344,0.010574972755930993,0.00802455515178638,0.005439208542810709,0.002853861933835005,0.00020695945321703738,,,0,0.020171264927728316,-2.83,1.9309 atp_c + 0.6972 ctp_c + 1.0161 gtp_c + 0.7062 utp_c --> 1.243 adp_c + 1.8644 h2o_c + 1.243 h_c + 3.1074 ppi_c + rna_c
PROTEIN,0.23458387963086674,0.20978115524837446,0.18438788980915669,0.15958516542666526,0.13478244104417397,0.10997971666168231,0.08345537357857835,0.05656776884523137,0.02968016411188405,0.0021523783134571885,,,0,0.20978115524837446,-2.83,1.3527 ala__L_c + 0.38519 arg__L_c + 0.39281 asn__L_c + 0.39281 asp__L_c + 40.0656 atp_c + 0.089437 cys__L_c + 0.69314 gln__L_c + 1.1139 glu__L_c + 0.71651 gly_c + 30.7601 h2o_c + 0.13619 his__L_c + 0.38316 ile__L_c + 0.71347 leu__L_c + 0.37909 lys__L_c + 0.15347 met__L_c + 0.26018 phe__L_c + 0.32319 pro__L_c + 0.498 ser__L_c + 0.5539 thr__L_c + 0.055899 trp__L_c + 0.15753 tyr__L_c + 0.55492 val__L_c --> 40.0656 adp_c + 40.0656 h_c + 40.0656 pi_c + protein_c
SOL_POOL,0.0011631935543257052,0.0010402082529621587,0.0009142947301375783,0.000791309428774036,0.0006683241274104947,0.0005453388260469515,0.0004138168094636325,0.0002804935454512009,0.00014717028143876762,1.0672653997467625e-05,,,0,0.0010402082529621587,-2.83,0.12386 accoa_c + 0.099086 amet_c + 0.000887 btn_c + 0.099086 chor_c + 0.074314 coa_c + 0.013872 malcoa_c + 0.79269 nad_c + 0.019817 nadh_c + 0.049543 nadp_c + 0.14863 nadph_c + 0.099086 pydx5p_c + 0.043598 succoa_c + 0.024558 udcpdp_c --> soluble_pool_c
ACHBS,0.0898831593193629,0.08037974744496716,0.07065006385927648,0.06114665198488106,0.0516432401104857,0.04213982823609019,0.03197676094036808,0.02167450631073885,0.011372251681109492,0.0008247052745842564,,Cgl1271 and Cgl1272,0,0.08037974744496716,-2.83,2obut_c + h_c + pyr_c --> 2ahbut_c + co2_c
ACLS,0.2978412105379971,0.2663502425041057,0.23410948951702737,0.20261852148313747,0.17112755344924743,0.13963658541535717,0.10595975107777143,0.07182169881753629,0.037683646557300714,0.00273278352896449,down,Cgl1271 and Cgl1272,0,0.2663502425041057,-2.83,h_c + 2.0 pyr_c --> alac__S_c + co2_c
DHAD1,0.2978412105379971,0.2663502425041057,0.23410948951702737,0.20261852148313747,0.17112755344924743,0.13963658541535717,0.10595975107777143,0.07182169881753629,0.037683646557300714,0.00273278352896449,down,Cgl1268,0,0.2663502425041057,-2.83,23dhmb_c --> 3mob_c + h2o_c
DHAD2,0.0898831593193629,0.08037974744496716,0.07065006385927648,0.06114665198488106,0.0516432401104857,0.04213982823609019,0.03197676094036808,0.02167450631073885,0.011372251681109492,0.0008247052745842564,,Cgl1268,0,0.08037974744496716,-2.83,23dhmp_c --> 3mop_c + h2o_c
ILETA,0.0898831593193629,0.08037974744496716,0.07065006385927648,0.06114665198488106,0.0516432401104857,0.04213982823609019,0.03197676094036808,0.02167450631073885,0.011372251681109492,0.0008247052745842564,,Cgl2204,0,0.08037974744496716,-2.83,3mop_c + glu__L_c --> akg_c + ile__L_c
IPMD,0.1673685606002345,0.14967256083505773,0.13155522774213904,0.11385922797696287,0.09616322821178681,0.07846722844661048,0.0595429053871083,0.04035940603800723,0.021175906688905913,0.0015356573553023003,down,Cgl1286,0,0.14967256083505773,-2.83,3c2hmp_c + nad_c --> 3c4mop_c + h_c + nadh_c
IPPMIa,0.0,0.0,0.0,0.0,0.0,0.0,0.0,0.0,0.0,0.0,,Cgl1315 and Cgl1316,0,0.0,0.0,3c2hmp_c --> 2ippm_c + h2o_c
IPPMIb,0.0,0.0,0.0,0.0,0.0,0.0,0.0,0.0,0.0,0.0,,Cgl1315 and Cgl1316,0,0.0,0.0,2ippm_c + h2o_c --> 3c3hmp_c
IPPS,0.1673685606002345,0.14967256083505773,0.13155522774213904,0.11385922797696287,0.09616322821178681,0.07846722844661048,0.0595429053871083,0.04035940603800723,0.021175906688905913,0.0015356573553023003,down,Cgl0248,0,0.14967256083505773,-2.83,3mob_c + accoa_c + h2o_c --> 3c3hmp_c + coa_c + h_c
KARA1,0.0,0.0,0.0,0.0,0.0,0.0,0.0,0.0,0.0,0.0,,Cgl1273,0,0.0,0.0,23dhmb_c + nadp_c --> alac__S_c + h_c + nadph_c
KARA2,0.0898831593193629,0.08037974744496716,0.07065006385927648,0.06114665198488106,0.0516432401104857,0.04213982823609019,0.03197676094036808,0.02167450631073885,0.011372251681109492,0.0008247052745842564,,Cgl1273,0,0.08037974744496716,-2.83,2ahbut_c + h_c + nadph_c --> 23dhmp_c + nadp_c
OMCDC,0.1673685606002345,0.14967256083505773,0.13155522774213904,0.11385922797696287,0.09616322821178681,0.07846722844661048,0.0595429053871083,0.04035940603800723,0.021175906688905913,0.0015356573553023003,,,0,0.14967256083505773,-2.83,3c4mop_c + h_c --> 4mop_c + co2_c
THRD_L_num1,0.0,0.0,0.0,0.0,0.0,0.0,0.0,0.0,0.0,0.0,,Cgl0978,0,0.0,0.0,thr__L_c --> 2obut_c + nh4_c
VALTA,0.13017528648476057,0.11641175867042795,0.0,0.0,0.0,0.0,0.0,0.0,0.016470116668966694,0.0,unchanged,Cgl2204,0,0.11641175867042795,-3.904,3mob_c + glu__L_c --> akg_c + val__L_c
LEUTAi,0.1673685606002345,0.14967256083505773,0.13155522774213904,0.11385922797696287,0.09616322821178681,0.07846722844661048,0.0595429053871083,0.04035940603800723,0.021175906688905913,0.0015356573553023003,down,Cgl2204,0,0.14967256083505773,-2.83,4mop_c + glu__L_c --> akg_c + leu__L_c
ALAR_reverse,0.0,0.0,0.0,0.0,0.0,0.0,0.0,0.0,0.0,0.0,,Cgl0588,0,0.0,0.0,ala__D_c --> ala__L_c
ALATA_L_reverse,0.0,0.0,0.0,0.0,0.0,0.0,0.0,0.0,0.0,0.0,,Cgl2844,0,0.0,0.0,akg_c + ala__L_c --> glu__L_c + pyr_c
ASPTA_reverse,0.8722006483709843,1.195782238811834,1.5270681528346022,1.8506497432754376,2.174231333716274,2.497812924157113,2.8248934057524324,3.140723252993122,3.456553100233819,3.779902705742147,up,Cgl0240,0,1.195782238811834,1.529,glu__L_c + oaa_c --> akg_c + asp__L_c
2METS_reverse,0.0,0.0,0.0,0.0,0.0,0.0,0.0,0.0,0.0,0.0,,Cgl0659,0,0.0,0.0,coa_c + hcat_c --> h2o_c + oaa_c + ppcoa_c
ACHMSC_reverse,0.0,0.0,0.0,0.0,0.0,0.0,0.0,0.0,0.0,0.0,,,0,0.0,0.0,ac_c + cyst__L_c + h_c --> achms_c + cys__L_c
ALCD19_reverse_num1,0.0,0.0,0.0,0.0,0.0,0.0,0.0,0.0,0.0,0.0,,Cgl0331,0,0.0,0.0,glyc_c + nad_c --> glyald_c + h_c + nadh_c
AMANAPEr_reverse,0.0,0.0,0.0,0.0,0.0,0.0,0.0,0.0,0.0,0.0,,Cgl2648,0,0.0,0.0,acgam6p_c --> acmanap_c
APG_reverse,0.0,0.0,0.0,0.0,0.0,0.0,0.0,0.0,0.0,0.0,,,0,0.0,0.0,apg_c + cmp_c --> cdpdag_c + glyc3p_c
ARAI_reverse_num1,0.0,0.0,0.0,0.0,0.0,0.0,0.0,0.0,0.0,0.0,,Cgl1023,0,0.0,0.0,rbl__L_c --> arab__L_c
CBMKr_reverse,0.0,0.0,0.0,0.0,0.0,0.0,0.0,0.0,0.0,0.0,,,0,0.0,0.0,adp_c + cbp_c + 2.0 h_c --> atp_c + co2_c + nh4_c
DHACOAH_reverse,0.0,0.0,0.0,0.0,0.0,0.0,0.0,0.0,0.0,0.0,,Cgl0919,0,0.0,0.0,3hadpcoa_c --> 23dhacoa_c + h2o_c
G3PD2_reverse,0.028475466238495166,0.025464734461496163,0.022382318594568674,0.019371586817569772,0.01636085504057089,0.013350123263571963,0.01013040911633519,0.006866599676303738,0.0036027902362722446,0.0002612710476685916,,Cgl1320,0,0.025464734461496163,-2.83,dhap_c + h_c + nadph_c --> glyc3p_c + nadp_c
GLCATr_reverse,0.0,0.0,0.0,0.0,0.0,0.0,0.0,0.0,0.0,0.0,,Cgl0143,0,0.0,0.0,acglc__D_c + coa_c --> accoa_c + glc__D_c
GUI1_reverse,0.0,0.0,0.0,0.0,0.0,0.0,0.0,0.0,0.0,0.0,,Cgl2484,0,0.0,0.0,fruur_c --> glcur_c
HCO3E_reverse,0.0,0.0,0.0,0.0,0.0,0.0,0.0,0.0,0.0,0.0,,Cgl2670,0,0.0,0.0,h_c + hco3_c --> co2_c + h2o_c
HPYRI_reverse_num1,0.0,0.0,0.0,0.0,0.0,0.0,0.0,0.0,0.0,0.0,,Cgl2109,0,0.0,0.0,2h3oppan_c --> hpyr_c
MALGT_reverse,0.0,0.0,0.0,0.0,0.0,0.0,0.0,0.0,0.0,0.0,,Cgl2303,0,0.0,0.0,tre_c --> malt_c
MALTATr_reverse,0.0,0.0,0.0,0.0,0.0,0.0,0.0,0.0,0.0,0.0,,Cgl0143,0,0.0,0.0,acmalt_c + coa_c --> accoa_c + malt_c
MAN1PG_reverse,0.0,0.0,0.0,0.0,0.0,0.0,0.0,0.0,0.0,0.0,,Cgl0742,0,0.0,0.0,gdpmann_c + ppi_c --> gtp_c + man1p_c
MAN6PI_reverse,0.0,0.0,0.0,0.0,0.0,0.0,0.0,0.0,0.0,0.0,,Cgl0748,0,0.0,0.0,f6p_c --> man6p_c
MCITL2_reverse_num1,0.0,0.0,0.0,0.0,0.0,0.0,0.0,0.0,0.0,0.0,,Cgl0695,0,0.0,0.0,pyr_c + succ_c --> micit_c
MM_COA_ADD5_reverse,0.0,0.0,0.0,0.0,0.0,0.0,0.0,0.0,0.0,0.0,,Cgl0707,0,0.0,0.0,adp_c + h_c + mmcoa__S_c + pi_c --> atp_c + hco3_c + ppcoa_c
PGMT_reverse,0.037841411351689655,0.03384041137898319,0.029744149502164762,0.02574314952945844,0.0336496857487011,0.01774114958404578,0.01346243026616043,0.01412266783715058,0.004787794033037543,0.00034720643751034785,,Cgl2541,0,0.03384041137898319,-2.397,g6p_c --> g1p_c
PMANM_reverse_num1,0.0,0.0,0.0,0.0,0.0,0.0,0.0,0.0,0.0,0.0,,Cgl0687,0,0.0,0.0,man6p_c --> man1p_c
UDPG4E_reverse,0.0,0.0,0.0,0.0,0.0,0.0,0.0,0.0,0.0,0.0,,Cgl1921,0,0.0,0.0,udpgal_c --> udpg_c
XYLI1_reverse,0.0,0.0,0.0,0.0,0.0,0.0,0.0,0.0,0.0,0.0,,Cgl0172,0,0.0,0.0,xylu__D_c --> xyl__D_c
MCITD_reverse_num1,0.0,0.0,0.0,0.0,0.0,0.0,0.0,0.0,0.0,0.0,,Cgl0657,0,0.0,0.0,2mcacn_c + h2o_c --> 2mcit_c
ACOTA_reverse,0.09035936459501355,0.08080560319012135,0.07102437127558905,0.06147060987069718,0.05191684846580537,0.04236308706091341,0.03214617534873259,0.02178933888149467,0.011432502414256616,0.0008290746025605744,,Cgl1397,0,0.08080560319012135,-2.83,acg5sa_c + glu__L_c --> acorn_c + akg_c
AGPR_reverse,0.09035936459501355,0.08080560319012135,0.07102437127558905,0.06147060987069718,0.05191684846580537,0.04236308706091341,0.03214617534873259,0.02178933888149467,0.011432502414256616,0.0008290746025605744,,Cgl1394,0,0.08080560319012135,-2.83,acg5p_c + h_c + nadph_c --> acg5sa_c + nadp_c + pi_c
ARGSL_reverse,0.0,0.0,0.0,0.0,0.0,0.0,0.0,0.0,0.0,0.0,,Cgl1401,0,0.0,0.0,arg__L_c + fum_c --> argsuc_c
GLUNATF_reverse,0.0,0.0,0.0,0.0,0.0,0.0,0.0,0.0,0.0,0.0,,Cgl1395,0,0.0,0.0,acglu_c + orn_c --> acorn_c + glu__L_c
OCBT_reverse,0.0,0.0,0.0,0.0,0.0,0.0,0.0,0.0,0.0,0.0,,Cgl1398,0,0.0,0.0,citr__L_c + h_c + pi_c --> cbp_c + orn_c
BAMPN_reverse,0.0,0.0,0.0,0.0,0.0,0.0,0.0,0.0,0.0,0.0,,,0,0.0,0.0,amp_c + bccp_c + h_c --> apo_c + btamp_c
3OAR100_reverse,0.0,0.0,0.0,0.0,0.0,0.0,0.0,0.0,0.0,0.0,,Cgl0286 and Cgl0744,0,0.0,0.0,3hdecACP_c + nadp_c --> 3odecACP_c + h_c + nadph_c
3OAR120_reverse,0.0,0.0,0.0,0.0,0.0,0.0,0.0,0.0,0.0,0.0,,Cgl0286 and Cgl0744,0,0.0,0.0,3hddecACP_c + nadp_c --> 3oddecACP_c + h_c + nadph_c
3OAR140_reverse,0.0,0.0,0.0,0.0,0.0,0.0,0.0,0.0,0.0,0.0,,Cgl0286 and Cgl0744,0,0.0,0.0,3hmrsACP_c + nadp_c --> 3omrsACP_c + h_c + nadph_c
3OAR160_reverse,0.0,0.0,0.0,0.0,0.0,0.0,0.0,0.0,0.0,0.0,,Cgl0286 and Cgl0744,0,0.0,0.0,3hpalmACP_c + nadp_c --> 3opalmACP_c + h_c + nadph_c
3OAR180_reverse,0.0,0.0,0.0,0.0,0.0,0.0,0.0,0.0,0.0,0.0,,Cgl0286 and Cgl0744,0,0.0,0.0,3hoctaACP_c + nadp_c --> 3ooctdACP_c + h_c + nadph_c
3OAR40_reverse,0.0,0.0,0.0,0.0,0.0,0.0,0.0,0.0,0.0,0.0,,Cgl0286 and Cgl0744,0,0.0,0.0,3haACP_c + nadp_c --> actACP_c + h_c + nadph_c
3OAR60_reverse,0.0,0.0,0.0,0.0,0.0,0.0,0.0,0.0,0.0,0.0,,Cgl0286 and Cgl0744,0,0.0,0.0,3hhexACP_c + nadp_c --> 3ohexACP_c + h_c + nadph_c
3OAR80_reverse,0.0,0.0,0.0,0.0,0.0,0.0,0.0,0.0,0.0,0.0,,Cgl0286 and Cgl0744,0,0.0,0.0,3hoctACP_c + nadp_c --> 3ooctACP_c + h_c + nadph_c
ALAALAr_reverse,0.0,0.0,0.0,0.0,0.0,0.0,0.0,0.0,0.0,0.0,,Cgl1321,0,0.0,0.0,adp_c + alaala_c + h_c + pi_c --> 2.0 ala__D_c + atp_c
CDPDAG_reverse,0.0,0.0,0.0,0.0,0.0,0.0,0.0,0.0,0.0,0.0,,,0,0.0,0.0,cdpdag_c + ppi_c --> ctp_c + pa_c
GLUR_reverse,0.020724628631980734,0.018533398558126628,0.016289996339656998,0.01409876626580297,0.011907536191948955,0.009716306118094908,0.007372977322571629,0.004997555687551565,0.0026221340525314704,0.00019015475953472038,,Cgl2509,0,0.018533398558126628,-2.83,glu__L_c --> glu__D_c
PGAMT_reverse,0.0621738858959422,0.05560019567437989,0.048869989018971,0.04229629879740892,0.035722608575846866,0.029148918354284726,0.02211893196771489,0.014992667062654695,0.007866402157594411,0.0005704642786041611,,Cgl0583,0,0.05560019567437989,-2.83,gam6p_c --> gam1p_c
T2DECAI_reverse,0.0,0.0,0.0,0.0,0.0,0.0,0.0,0.0,0.0,0.0,,,0,0.0,0.0,cdec3eACP_c --> tdec2eACP_c
G1PTT_reverse,0.0,0.0,0.0,0.0,0.0,0.0,0.0,0.0,0.0,0.0,,Cgl0332,0,0.0,0.0,dtdpglu_c + ppi_c --> dttp_c + g1p_c + h_c
GALUi_reverse_num1,0.0,0.0,0.0,0.0,0.0,0.0,0.0,0.0,0.0,0.0,,Cgl0367,0,0.0,0.0,ppi_c + udpg_c --> g1p_c + h_c + utp_c
PAPPT3_reverse,0.0,0.0,0.0,0.0,0.0,0.0,0.0,0.0,0.0,0.0,,Cgl2161,0,0.0,0.0,uagmda_c + ump_c --> udcpp_c + ugmda_c
ACONTa_reverse,0.0,0.0,0.0,0.0,0.0,0.0,0.0,0.0,0.0,0.0,,Cgl1540,0,0.0,0.0,acon_C_c + h2o_c --> cit_c
ACONTb_reverse,0.0,0.0,0.0,0.0,0.0,0.0,0.0,0.0,0.0,0.0,,Cgl1540,0,0.0,0.0,icit_c --> acon_C_c + h2o_c
FUM_reverse,0.0,0.0,0.0,0.0,0.0,0.0,0.0,0.0,0.0,0.0,,Cgl1010,0,0.0,0.0,mal__L_c --> fum_c + h2o_c
MDH_reverse,0.0,0.0,0.0,0.0,0.0,0.0,0.6280988125505937,1.9860413442479485,3.3439838759452947,4.734258372683059,,Cgl2380,0,0.0,0.0,h_c + nadh_c + oaa_c --> mal__L_c + nad_c
PYRC_reverse,0.0,0.6332328733142998,0.0,0.0,0.0,0.0,0.0,0.0,0.0,0.0,unchanged,Cgl0689,0,0.6332328733142998,0.0,adp_c + h_c + oaa_c + pi_c --> atp_c + hco3_c + pyr_c
AMAOTr_reverse,0.0,0.0,0.0,0.0,0.0,0.0,0.0,0.0,0.0,0.0,,Cgl2604,0,0.0,0.0,amob_c + dann_c --> 8aonn_c + amet_c
DHFR_reverse,0.0,0.0,0.0,0.0,0.0,0.0,0.0,0.0,0.0,0.0,,Cgl0843,0,0.0,0.0,nadp_c + thf_c --> dhf_c + h_c + nadph_c
DHPTPE_reverse,0.0,0.0,0.0,0.0,0.0,0.0,0.0,0.0,0.0,0.0,,Cgl2693,0,0.0,0.0,dhmptp_c --> ahdt_c
G1SAT_reverse,0.0,0.0,0.0,0.0,0.0,0.0,0.0,0.0,0.0,0.0,,Cgl0437,0,0.0,0.0,5aop_c --> glu1sa_c
GTHOr_reverse,0.0,0.0,0.0,0.0,0.0,0.0,0.0,0.0,0.0,0.0,,Cgl2003,0,0.0,0.0,2.0 gthrd_c + nadp_c --> gthox_c + h_c + nadph_c
ICHORS_reverse,0.0,0.0,0.0,0.0,0.0,0.0,0.0,0.0,0.0,0.0,,Cgl1292,0,0.0,0.0,ichor_c --> chor_c
IPDDI_reverse,0.0,0.0,0.0,0.0,0.0,0.0,0.0,0.0,0.0,0.0,,Cgl2305,0,0.0,0.0,dmpp_c --> ipdp_c
OHPBAT_reverse,0.0,0.0,0.0,0.0,0.0,0.0,0.0,0.0,0.0,0.0,,Cgl0828,0,0.0,0.0,akg_c + phthr_c --> glu__L_c + ohpb_c
PY5PSH_reverse,0.0,0.0,0.0,0.0,0.0,0.0,0.0,0.0,0.0,0.0,,Cgl0788 and Cgl0789,0,0.0,0.0,glu__L_c + 3.0 h2o_c + h_c + pi_c + pydx5p_c --> g3p_c + gln__L_c + r5p_c
TRATF_reverse_num1,0.0,0.0,0.0,0.0,0.0,0.0,0.0,0.0,0.0,0.0,,Cgl2441,0,0.0,0.0,2saa_c + glu__L_c --> akg_c + tau_c
NAMNPP_reverse,0.0,0.0,0.0,0.0,0.0,0.0,0.0,0.0,0.0,0.0,,Cgl2517,0,0.0,0.0,adp_c + nicrnt_c + pi_c + ppi_c --> atp_c + h2o_c + nac_c + prpp_c
RBFK_reverse,0.0,0.0,0.0,0.0,0.0,0.0,0.0,0.0,0.0,0.0,,Cgl1978,0,0.0,0.0,adp_c + fmn_c + h_c --> atp_c + ribflv_c
SERAT_reverse,0.0,0.0,0.0,0.0,0.0,0.0,0.0,0.0,0.0,0.0,,Cgl2563,0,0.0,0.0,acser_c + coa_c --> accoa_c + ser__L_c
EX_ca2_e_reverse,0.014665370518215209,0.013114790216180857,0.01152729133552667,0.009976711033492368,0.008426130731458077,0.006875550429423762,0.0052173404975304075,0.003536420707209206,0.0018555009168879832,0.0001345592267972169,,,0,0.013114790216180857,-2.83, --> ca2_e
EX_co2_e_reverse,0.0,0.0,0.0,0.0,0.0,0.0,0.0,0.0,0.0,0.0,,,0,0.0,0.0, --> co2_e
EX_cobalt2_e_reverse,7.089262046313089e-05,6.339709208809286e-05,5.572309875174456e-05,4.822757037670678e-05,4.073204200166905e-05,3.323651362663121e-05,2.5220702010831935e-05,1.709511059967753e-05,8.969519188523025e-06,6.50461315198219e-07,,,0,6.339709208809286e-05,-2.83, --> cobalt2_e
EX_cu2_e_reverse,0.001996907872062269,0.001785773348897564,0.0015696118132765612,0.001358477290111863,0.0011473427669471666,0.0009362082437824668,0.0007104183489811817,0.000481536169875749,0.0002526539907703134,1.8322235971892517e-05,,,0,0.001785773348897564,-2.83, --> cu2_e
EX_glc_e_reverse,4.67,4.67,4.67,4.67,4.67,4.67,4.67,4.67,4.67,4.67,,,0,4.67,0.0, --> glc__D_e
EX_h2o_e_reverse,0.0,0.0,0.0,0.0,0.0,0.0,0.0,0.0,986.4376330216139,987.1454008679797,,,0,0.0,0.0, --> h2o_e
EX_k_e_reverse,0.5499473418823579,0.49180100903520696,0.4322702396916965,0.37412390684454744,0.31597757399739884,0.25783124115024936,0.19564882692518692,0.1326147992846021,0.06958077164401649,0.0050459338215125245,,,0,0.49180100903520696,-2.83, --> k_e
EX_mg2_e_reverse,0.024442014026977855,0.021857742088863086,0.01921193986650754,0.016627667928392858,0.014043395990278191,0.011459124052163486,0.00869547138040379,0.005893969362965802,0.00309246734552778,0.00022426289910315423,,,0,0.021857742088863086,-2.83, --> mg2_e
EX_mn2_e_reverse,0.0019480341104701183,0.0017420670457011617,0.0015311960031996151,0.0013252289384306653,0.001119261873661717,0.0009132948088927656,0.0006930310586086227,0.0004697507068136999,0.00024647035501877446,1.7873804371590084e-05,,,0,0.0017420670457011617,-2.83, --> mn2_e
EX_na1_e_reverse,0.0,0.0,0.0,0.0,0.0,0.0,0.0,0.0,0.0,0.0,,,0,0.0,0.0, --> na1_e
EX_nh4_e_reverse,3.7579462010853133,4.1922158132666025,4.636825178118876,5.071094790300161,5.505364402481449,5.939634014662735,6.366123937796915,6.766994544869477,7.167865151942044,7.578280297278239,,,0,4.1922158132666025,0.773, --> nh4_e
EX_ni2_e_reverse,0.0009092572948501029,0.00081312085907956,0.0007146954605525774,0.0006185590247820376,0.0005224225890114985,0.0004262861532409578,0.0003234766486945689,0.00021925912623176343,0.00011504160376895669,8.342711723702765e-06,,,0,0.00081312085907956,-2.83, --> ni2_e
EX_o2_e_reverse,0.0,0.0,0.0,0.0,0.0,0.0,0.0,0.0,0.0,0.0,,,0,0.0,0.0, --> o2_e
EX_pi_e_reverse,0.21574268895161985,0.1929320573770421,0.16957831552684244,0.1467676839521932,0.12395705237756749,0.10114642080294445,0.07675244663716876,0.05202438708860457,0.027296327540062393,0.0019795046689356083,,,0,0.1929320573770421,-2.83, --> pi_e
EX_so4_e_reverse,0.06961582819753356,0.06225529599830734,0.054719513032433206,0.047358980833207644,0.03999844863398174,0.03263791643475603,0.024766471414614674,0.016787223758274128,0.008807976101933478,0.0006387463585371452,,,0,0.06225529599830734,-2.83, --> so4_e
EX_zn2_e_reverse,0.0009605625868697241,0.0008590016052210572,0.0007550225049617098,0.0006534615233130461,0.0005519005416643832,0.0004503395600157188,0.0003417289783891458,0.00023163093073968558,0.00012153288309022394,8.81345335387099e-06,,,0,0.0008590016052210572,-2.83, --> zn2_e
ACBCP_reverse,0.0,0.0,0.0,0.0,0.0,0.0,0.0,0.0,0.0,0.0,,,0,0.0,0.0,bccp_c + malcoa_c --> accoa_c + cbccp_c
MTHFC_reverse,0.0,0.0,0.0,0.0,0.0,0.0,0.0,0.0,0.0,0.0,,Cgl0648,0,0.0,0.0,10fthf_c + h_c --> h2o_c + methf_c
MTHFD_reverse,0.0,0.0,0.0,0.0,0.0,0.0,0.0,0.0,0.0,0.0,,Cgl0648,0,0.0,0.0,methf_c + nadph_c --> mlthf_c + nadp_c
GHMT2r_reverse,0.0,0.0,0.0,0.0,0.0,0.0,0.0,0.0,0.0,0.0,,Cgl0996,0,0.0,0.0,gly_c + h2o_c + mlthf_c --> ser__L_c + thf_c
ENO_reverse,0.0,0.0,0.0,0.0,0.0,0.0,0.0,0.0,0.0,0.0,,Cgl0974,0,0.0,0.0,h2o_c + pep_c --> 2pg_c
FBA_reverse,0.0,0.0,0.0,0.0,0.0,0.0,0.0,0.0,0.0,0.0,,Cgl2770,0,0.0,0.0,dhap_c + g3p_c --> fdp_c
GAPD_reverse_num1,0.0,0.0,0.0,0.0,0.0,0.0,0.0,0.0,0.0,0.0,,Cgl0937,0,0.0,0.0,13dpg_c + h_c + nadh_c --> g3p_c + nad_c + pi_c
PGI_reverse,0.0,0.0,0.0,0.0,0.03906346994456847,0.7465135370228371,1.002480307817264,0.8466770998627524,0.6908738919082414,0.5313610837643366,,Cgl0851,0,0.0,0.0,f6p_c --> g6p_c
PGK_reverse,0.0,0.0,0.0,0.0,0.0,0.0,0.0,0.0,0.0,0.0,,Cgl1587,0,0.0,0.0,3pg_c + atp_c --> 13dpg_c + adp_c
PGM_reverse_num1,0.0,0.0,0.0,0.0,0.0,0.0,0.0,0.0,0.0,0.0,,Cgl1058,0,0.0,0.0,2pg_c --> 3pg_c
TPI_reverse,0.0,0.0,0.0,0.0,0.0,0.0,0.0,0.0,0.0,0.0,,Cgl1586,0,0.0,0.0,g3p_c --> dhap_c
PRMICI_reverse,0.0,0.0,0.0,0.0,0.0,0.0,0.0,0.0,0.0,0.0,,Cgl2096,0,0.0,0.0,prlp_c --> prfp_c
PRPPS_reverse,0.0,0.0,0.0,0.0,0.0,0.0,0.0,0.0,0.0,0.0,,Cgl0942,0,0.0,0.0,amp_c + h_c + prpp_c --> atp_c + r5p_c
CAt6pp_reverse_num1,0.0,0.013114790216180857,0.01152729133552667,0.009976711033492368,0.008426130731458077,0.006875550429423762,0.0052173404975304075,0.003536420707209206,0.0018555009168879832,0.0001345592267972169,,Cgl0267,0,0.013114790216180857,-2.157,ca2_e + na1_c --> ca2_c + na1_e
MG2t3_2pp_reverse_num1,0.0,0.0,0.0,0.0,0.0,0.0,0.0,0.0,0.0,0.0,,Cgl1125,0,0.0,0.0,2.0 h_e + mg2_c --> 2.0 h_c + mg2_e
NH4tpp_reverse_num1,0.0,0.0,0.0,0.0,0.0,0.0,0.0,0.0,0.0,0.0,,Cgl2061,0,0.0,0.0,nh4_c --> nh4_e
NO2t2rpp_reverse,0.0,0.0,0.0,0.0,0.0,0.0,0.0,0.0,0.0,0.0,,,0,0.0,0.0,h_c + no2_c --> h_e + no2_e
O2tpp_reverse,0.0,0.0,0.0,0.0,0.0,0.0,0.0,0.0,0.0,0.0,,,0,0.0,0.0,o2_c --> o2_e
PIt2rpp_reverse,0.0,0.0,0.0,0.0,0.0,0.0,0.0,0.0,0.0,0.0,,Cgl0460,0,0.0,0.0,h_c + pi_c --> h_e + pi_e
D5GIS_reverse,0.0,0.0,0.0,0.0,0.0,0.0,0.0,0.0,0.0,0.0,,Cgl0161,0,0.0,0.0,d52dg_c --> d5dg_c
MI2DH_reverse_num1,0.0,0.0,0.0,0.0,0.0,0.0,0.0,0.0,0.0,0.0,,Cgl0164,0,0.0,0.0,2ins_c + h_c + nadh_c --> inost_c + nad_c
MI2DHT_reverse,0.0,0.0,0.0,0.0,0.0,0.0,0.0,0.0,0.0,0.0,,Cgl0163,0,0.0,0.0,h2o_c + thcd_c --> 2ins_c
UAGAAT_reverse_num1,0.0,0.0,0.0,0.0,0.0,0.0,0.0,0.0,0.0,0.0,,Cgl1392,0,0.0,0.0,ACP_c + u3aga_c --> 3hmrsACP_c + uacgam_c
ACACT1r_reverse,0.0,0.0,0.0,0.0,0.0,0.0,0.0,0.0,0.0,0.0,,Cgl2392,0,0.0,0.0,aacoa_c + coa_c --> 2.0 accoa_c
ACOAD1f_reverse,0.0,0.0,0.0,0.0,0.0,0.0,0.0,0.0,0.0,0.0,,Cgl0288,0,0.0,0.0,b2coa_c + fadh2_c --> btcoa_c + fad_c
ACOAD2f_reverse,0.0,0.0,0.0,0.0,0.0,0.0,0.0,0.0,0.0,0.0,,Cgl0288,0,0.0,0.0,fadh2_c + hx2coa_c --> fad_c + hxcoa_c
ACOAD3f_reverse,0.0,0.0,0.0,0.0,0.0,0.0,0.0,0.0,0.0,0.0,,Cgl0288,0,0.0,0.0,fadh2_c + oc2coa_c --> fad_c + occoa_c
ACOAD4f_reverse,0.0,0.0,0.0,0.0,0.0,0.0,0.0,0.0,0.0,0.0,,Cgl0288,0,0.0,0.0,dc2coa_c + fadh2_c --> dcacoa_c + fad_c
ACOAD5f_reverse,0.0,0.0,0.0,0.0,0.0,0.0,0.0,0.0,0.0,0.0,,Cgl0288,0,0.0,0.0,dd2coa_c + fadh2_c --> ddcacoa_c + fad_c
ACOAD6f_reverse,0.0,0.0,0.0,0.0,0.0,0.0,0.0,0.0,0.0,0.0,,Cgl0288,0,0.0,0.0,fadh2_c + td2coa_c --> fad_c + tdcoa_c
ACOAD7f_reverse,0.0,0.0,0.0,0.0,0.0,0.0,0.0,0.0,0.0,0.0,,Cgl0288,0,0.0,0.0,fadh2_c + hdd2coa_c --> fad_c + pmtcoa_c
ACOAD8f_reverse,0.0,0.0,0.0,0.0,0.0,0.0,0.0,0.0,0.0,0.0,,Cgl0288,0,0.0,0.0,fadh2_c + od2coa_c --> fad_c + stcoa_c
ACOATA_reverse_num1,0.0,0.0,0.0,0.0,0.0,0.0,0.0,0.0,0.0,0.0,,Cgl1392,0,0.0,0.0,acACP_c + coa_c --> ACP_c + accoa_c
MCOATA_reverse_num1,0.0,0.0,0.0,0.0,0.0,0.0,0.0,0.0,0.0,0.0,,Cgl1392,0,0.0,0.0,coa_c + malACP_c --> ACP_c + malcoa_c
TDCM_FREE_reverse,0.0,0.0,0.0,0.0,0.0,0.0,0.0,0.0,0.0,0.0,,,0,0.0,0.0,adp_c + tdcm_c --> atp_c + tmcm_c + tre_c
ADK1_reverse,0.0,0.0,0.0,0.0,0.0,0.0,0.0,0.0,0.0,0.0,,Cgl0556,0,0.0,0.0,2.0 adp_c --> amp_c + atp_c
ADK2_reverse,0.0033950151979577187,0.0030360577693320993,0.0026685537352630203,0.0023095963066374126,0.0019506388780118078,0.0015916814493861973,0.001207807894115975,0.0008186770346126109,0.0004295461751092419,3.115029514150916e-05,,Cgl0556,0,0.0030360577693320993,-2.83,adp_c + dadp_c --> atp_c + damp_c
ADK3_reverse,0.0,0.11872460364162973,0.0,0.09031643233126806,0.0,0.0,0.04723115447691186,0.0,0.016797341572602122,0.0,unchanged,Cgl0315,0,0.11872460364162973,-2.821,adp_c + gdp_c --> amp_c + gtp_c
ADK4_reverse,0.0,0.0,0.0,0.0,0.0,0.0,0.0,0.0,0.0,0.0,,Cgl0315,0,0.0,0.0,adp_c + idp_c --> amp_c + itp_c
CYTK1_reverse,0.0,0.0,0.0,0.0,0.0,0.0,0.0,0.0,0.0,0.0,,Cgl1427,0,0.0,0.0,adp_c + cdp_c --> atp_c + cmp_c
CYTK2_reverse,0.0039532797191946375,0.0035352965762933753,0.003107361453799235,0.0026893783108979867,0.0022713951679967414,0.0018534120250954895,0.001406415634122688,0.0009532974460471761,0.0005001792579716584,3.6272541608630836e-05,,Cgl1427,0,0.0035352965762933753,-2.83,adp_c + dcdp_c --> atp_c + dcmp_c
DGK1_reverse,0.0039532797191946375,0.0035352965762933753,0.003107361453799235,0.0026893783108979867,0.0022713951679967414,0.0018534120250954895,0.001406415634122688,0.0009532974460471761,0.0005001792579716584,3.6272541608630836e-05,,Cgl1606,0,0.0035352965762933753,-2.83,adp_c + dgdp_c --> atp_c + dgmp_c
DTMPK_reverse,0.0,0.0,0.0,0.0,0.0,0.0,0.0,0.0,0.0,0.0,,Cgl0753,0,0.0,0.0,adp_c + dtdp_c --> atp_c + dtmp_c
GK1_reverse,0.0,0.0,0.0,0.0,0.0,0.0,0.0,0.0,0.0,0.0,,Cgl1606,0,0.0,0.0,adp_c + gdp_c --> atp_c + gmp_c
NDPK1_reverse,0.0,0.0,0.0,0.0,0.0,0.0,0.0,0.0,0.0,0.0,,Cgl2370,0,0.0,0.0,adp_c + gtp_c --> atp_c + gdp_c
NDPK2_reverse,0.0,0.0,0.0,0.0,0.0,0.0,0.0,0.0,0.0,0.0,,Cgl2370,0,0.0,0.0,adp_c + utp_c --> atp_c + udp_c
NDPK3_reverse,0.0,0.0,0.0,0.0,0.0,0.0,0.0,0.0,0.0,0.0,,Cgl2370,0,0.0,0.0,adp_c + ctp_c --> atp_c + cdp_c
NDPK4_reverse,0.0,0.0,0.0,0.0,0.0,0.0,0.0,0.0,0.0,0.0,,Cgl2370,0,0.0,0.0,adp_c + dttp_c --> atp_c + dtdp_c
NDPK5_reverse,0.0,0.0,0.0,0.0,0.0,0.0,0.0,0.0,0.0,0.0,,Cgl2370,0,0.0,0.0,adp_c + dgtp_c --> atp_c + dgdp_c
NDPK6_reverse,0.0,0.0,0.0,0.0,0.0,0.0,0.0,0.0,0.0,0.0,,Cgl2370,0,0.0,0.0,adp_c + dutp_c --> atp_c + dudp_c
NDPK7_reverse,0.0,0.0,0.0,0.0,0.0,0.0,0.0,0.0,0.0,0.0,,Cgl2370,0,0.0,0.0,adp_c + dctp_c --> atp_c + dcdp_c
NDPK8_reverse,0.0,0.0,0.0,0.0,0.0,0.0,0.0,0.0,0.0,0.0,,Cgl2370,0,0.0,0.0,adp_c + datp_c --> atp_c + dadp_c
NNATr_reverse,0.0,0.0,0.0,0.0,0.0,0.0,0.0,0.0,0.0,0.0,,Cgl2352,0,0.0,0.0,dnad_c + ppi_c --> atp_c + h_c + nicrnt_c
UMPK_reverse,0.0,0.0,0.0,0.0,0.0,0.0,0.0,0.0,0.0,0.0,,Cgl2024,0,0.0,0.0,adp_c + udp_c --> atp_c + ump_c
URIDK2r_reverse,0.0033950151979577166,0.0030360577693320993,0.0026685537352630203,0.0023095963066374126,0.0019506388780118076,0.0015916814493861973,0.001207807894115975,0.0008186770346126109,0.0004295461751092419,3.115029514150916e-05,,Cgl0753,0,0.0030360577693320993,-2.83,adp_c + dudp_c --> atp_c + dump_c
ATPS4rpp_reverse,0.0,0.0,0.0,0.0,0.0,0.0,0.0,0.0,0.0,0.0,,Cgl1213 and Cgl1211 and Cgl1210 and Cgl1208 and Cgl1212 and Cgl1209 and Cgl1207 and Cgl1206,0,0.0,0.0,atp_c + h2o_c + 3.0 h_c --> adp_c + 4.0 h_e + pi_c
PPKr_reverse,1.0165053124112586,0.9090294656619011,0.7989946701804272,0.6915188234310788,0.595950512873679,0.47656712993238026,0.3616311177280429,0.2501185658478067,0.12861090259246571,0.009326744844491565,,,0,0.9090294656619011,-2.812,adp_c + ppi_c --> atp_c + pi_c
G6PDH2r_reverse,0.0,0.0,0.0,0.0,0.0,0.0,0.0,0.0,0.0,0.0,,Cgl1576,0,0.0,0.0,6pgl_c + h_c + nadph_c --> g6p_c + nadp_c
RPE_reverse,0.0,0.0,0.0,0.0,0.0,0.0,0.0,0.0,0.0,0.0,,Cgl1598,0,0.0,0.0,xu5p__D_c --> ru5p__D_c
RPI_reverse,0.9287616134048354,1.1320179718333643,1.340113767367328,1.5433701257958479,1.7466264842243655,1.9498828426528876,2.0003846755716337,1.9131529690597278,1.8259212625478258,1.73661261064278,unchanged,Cgl2423,0,1.1320179718333643,0.687,ru5p__D_c --> r5p_c
TALA_reverse,0.0,0.0,0.0,0.0,0.0,0.0,0.0,0.0,0.0,0.0,,Cgl1575,0,0.0,0.0,e4p_c + f6p_c --> g3p_c + s7p_c
TKT1_reverse,0.0,0.0,0.0,0.0,0.0,0.0,0.0,0.0,0.0,0.0,,Cgl1574,0,0.0,0.0,g3p_c + s7p_c --> r5p_c + xu5p__D_c
TKT2_reverse,0.0,0.0,0.0,0.0,0.0,0.0,0.0,0.0,0.0,0.0,,Cgl1575,0,0.0,0.0,f6p_c + g3p_c --> e4p_c + xu5p__D_c
ADSL1r_reverse,0.0,0.0,0.0,0.0,0.0,0.0,0.0,0.0,0.0,0.0,,Cgl2598,0,0.0,0.0,amp_c + fum_c --> dcamp_c
ADSL2r_reverse,0.0,0.0,0.0,0.0,0.0,0.0,0.0,0.0,0.0,0.0,,Cgl2598,0,0.0,0.0,aicar_c + fum_c --> 25aics_c
AICART_reverse,0.0,0.0,0.0,0.0,0.0,0.0,0.0,0.0,0.0,0.0,,Cgl0861,0,0.0,0.0,fprica_c + thf_c --> 10fthf_c + aicar_c
AIRC3_reverse,0.11704912280493254,0.10467343383299009,0.092003085599811,0.07962739662786858,0.06725170765592663,0.05487601868398417,0.04164130240365088,0.02822533130914812,0.014809360214645193,0.0010739612369398928,down,Cgl0714,0,0.10467343383299009,-2.83,5caiz_c --> 5aizc_c
DHORTS_reverse,0.060988747384396115,0.05454036272050132,0.0479384450884187,0.041490060424524106,0.035041675760629575,0.028593291096734943,0.02169730803780515,0.014706881690376714,0.007716455342948188,0.0005595902729618779,,Cgl1612,0,0.05454036272050132,-2.83,cbasp_c + h_c --> dhor__S_c + h2o_c
GARFT_reverse,0.0,0.0,0.0,0.0,0.0,0.0,0.0,0.0,0.0,0.0,,Cgl0860 and Cgl2759,0,0.0,0.0,fgam_c + h_c + thf_c --> 10fthf_c + gar_c
IMPC_reverse,0.14899710137186029,0.1332435293662662,0.11711487231292006,0.10136130030732612,0.08560772830173267,0.06985415629613868,0.053007089731317465,0.03592929574818018,0.01885150176504268,0.0013670936394496274,,,0,0.1332435293662662,-2.83,fprica_c --> h2o_c + imp_c
ORPT_reverse,0.060988747384396115,0.05454036272050132,0.0479384450884187,0.041490060424524106,0.035041675760629575,0.028593291096734943,0.02169730803780515,0.014706881690376714,0.007716455342948188,0.0005595902729618779,,Cgl2773,0,0.05454036272050132,-2.83,orot_c + prpp_c --> orot5p_c + ppi_c
PRAGSr_reverse,0.0,0.0,0.0,0.0,0.0,0.0,0.0,0.0,0.0,0.0,,Cgl2600,0,0.0,0.0,adp_c + gar_c + h_c + pi_c --> atp_c + gly_c + pram_c
ACALD_reverse,0.0,0.0,0.0,0.0,0.0,0.0,0.0,0.0,0.0,0.0,,Cgl0319,0,0.0,0.0,accoa_c + h_c + nadh_c --> acald_c + coa_c + nad_c
ACKr_reverse,0.0,0.0,0.0,0.0,0.0,0.0,0.0,0.0,0.0,0.0,,Cgl2752,0,0.0,0.0,actp_c + adp_c --> ac_c + atp_c
ALCD2x_reverse_num1,0.0,0.0,0.0,0.0,0.0,0.0,0.0,0.0,0.0,0.0,,Cgl2807,0,0.0,0.0,acald_c + h_c + nadh_c --> etoh_c + nad_c
LDH_D_reverse,0.0,0.0,0.0,0.0,0.0,0.0,0.0,0.0,0.0,0.0,,Cgl0901,0,0.0,0.0,h_c + nadh_c + pyr_c --> lac__D_c + nad_c
PTAr_reverse,0.05739468609902088,0.05132630415148996,0.045113436919494314,0.039045054971964206,0.03297667302443334,0.026908291076902895,0.033267587302159604,0.02254945497038869,0.011831322638617645,0.0008579966798997322,,Cgl2753,0,0.05132630415148996,-2.126,actp_c + coa_c --> accoa_c + pi_c
ASAD_reverse,0.365589046011619,0.7427350500091957,1.1288607207686203,1.5060067247661983,1.8831527287637766,2.260298732761354,2.6446616668935046,3.0185584731213253,3.392455279349145,3.775254390487152,up,Cgl0252,0,0.7427350500091957,2.187,4pasp_c + h_c + nadph_c --> aspsa_c + nadp_c + pi_c
ASPK_reverse,0.0,0.0,0.0,0.0,0.0,0.0,0.0,0.0,0.0,0.0,,Cgl0251,0,0.0,0.0,4pasp_c + adp_c --> asp__L_c + atp_c
DAPE_reverse,0.0,0.0,0.0,0.0,0.0,0.0,0.0,0.0,0.0,0.0,,Cgl1943,0,0.0,0.0,26dap__M_c --> 26dap_LL_c
HSDy_reverse,0.255936014450373,0.2288757133079628,0.20117111928121006,0.17411081813880078,0.14705051699639166,0.1199902158539821,0.09105159200102957,0.061716641942234744,0.032381691883439555,0.002348290632768461,down,Cgl1183,0,0.2288757133079628,-2.83,aspsa_c + h_c + nadph_c --> hom__L_c + nadp_c
SDPTA_reverse,0.0,0.0,0.0,0.0,0.0,0.0,0.0,0.0,0.0,0.0,,Cgl0814,0,0.0,0.0,glu__L_c + sl2a6o_c --> akg_c + sl26da_c
26DAHtex_reverse,0.0,0.0,0.0,0.0,0.0,0.0,0.0,0.0,0.0,0.0,,,0,0.0,0.0,26dap__M_c --> 26dap__M_e
3AMPtex_reverse,0.0,0.0,0.0,0.0,0.0,0.0,0.0,0.0,0.0,0.0,,,0,0.0,0.0,3amp_c --> 3amp_e
3CMPtex_reverse,0.0,0.0,0.0,0.0,0.0,0.0,0.0,0.0,0.0,0.0,,,0,0.0,0.0,3cmp_c --> 3cmp_e
3GMPtex_reverse,0.0,0.0,0.0,0.0,0.0,0.0,0.0,0.0,0.0,0.0,,,0,0.0,0.0,3gmp_c --> 3gmp_e
3UMPtex_reverse,0.0,0.0,0.0,0.0,0.0,0.0,0.0,0.0,0.0,0.0,,,0,0.0,0.0,3ump_c --> 3ump_e
ABUTtex_reverse,0.0,0.0,0.0,0.0,0.0,0.0,0.0,0.0,0.0,0.0,,Cgl1027,0,0.0,0.0,4abut_c --> 4abut_e
ACALDtpp_reverse,0.0,0.0,0.0,0.0,0.0,0.0,0.0,0.0,0.0,0.0,,,0,0.0,0.0,acald_c --> acald_e
ACGAM1Ptex_reverse,0.0,0.0,0.0,0.0,0.0,0.0,0.0,0.0,0.0,0.0,,,0,0.0,0.0,acgam1p_c --> acgam1p_e
ACGAtex_reverse,0.0,0.0,0.0,0.0,0.0,0.0,0.0,0.0,0.0,0.0,,,0,0.0,0.0,acgam_c --> acgam_e
ACMANAtex_reverse,0.0,0.0,0.0,0.0,0.0,0.0,0.0,0.0,0.0,0.0,,,0,0.0,0.0,acmana_c --> acmana_e
ACSERtex_reverse,0.0,0.0,0.0,0.0,0.0,0.0,0.0,0.0,0.0,0.0,,,0,0.0,0.0,acser_c --> acser_e
ACt2rpp_reverse,0.0,0.0,0.0,0.0,0.0,0.0,0.0,0.0,0.0,0.0,,Cgl0833,0,0.0,0.0,ac_c + h_c --> ac_e + h_e
ADEt2rpp_reverse,0.0,0.0,0.0,0.0,0.0,0.0,0.0,0.0,0.0,0.0,,,0,0.0,0.0,ade_c + h_c --> ade_e + h_e
ADNt2rpp_reverse,0.0,0.0,0.0,0.0,0.0,0.0,0.0,0.0,0.0,0.0,,,0,0.0,0.0,adn_c + h_c --> adn_e + h_e
AKGt2rpp_reverse,0.0,0.0,0.0,0.0,0.0,0.0,0.0,0.0,0.0,0.0,,,0,0.0,0.0,akg_c + h_c --> akg_e + h_e
ALAALAtex_reverse,0.0,0.0,0.0,0.0,0.0,0.0,0.0,0.0,0.0,0.0,,,0,0.0,0.0,alaala_c --> alaala_e
ALAtex_reverse,0.0,0.0,0.0,0.0,0.0,0.0,0.0,0.0,0.0,0.0,,,0,0.0,0.0,ala__L_c --> ala__L_e
AMPtex_reverse,0.0,0.0,0.0,0.0,0.0,0.0,0.0,0.0,0.0,0.0,,,0,0.0,0.0,amp_c --> amp_e
ARGORNt7pp_reverse,0.0,0.0,0.0,0.0,0.0,0.0,0.0,0.0,0.0,0.0,,Cgl0968,0,0.0,0.0,arg__L_c + orn_e --> arg__L_e + orn_c
ASNt2rpp_reverse,0.0,0.0,0.0,0.0,0.0,0.0,0.0,0.0,0.0,0.0,,,0,0.0,0.0,asn__L_c + h_c --> asn__L_e + h_e
BALAtex_reverse,0.0,0.0,0.0,0.0,0.0,0.0,0.0,0.0,0.0,0.0,,,0,0.0,0.0,ala_B_c --> ala_B_e
BCCPE_reverse,0.0,0.0,0.0,0.0,0.0,0.0,0.0,0.0,0.0,0.0,,,0,0.0,0.0,adp_c + btnco2_c + h_c + pi_c --> atp_c + bccp_e + hco3_c
CGLYtex_reverse,0.0,0.0,0.0,0.0,0.0,0.0,0.0,0.0,0.0,0.0,,,0,0.0,0.0,cgly_c --> cgly_e
CITtex_reverse,0.0,0.0,0.0,0.0,0.0,0.0,0.0,0.0,0.0,0.0,,,0,0.0,0.0,cit_c --> cit_e
CRNDt2rpp_reverse,0.0,0.0,0.0,0.0,0.0,0.0,0.0,0.0,0.0,0.0,,,0,0.0,0.0,crn__D_c + h_c --> crn__D_e + h_e
CRNt2rpp_reverse,0.0,0.0,0.0,0.0,0.0,0.0,0.0,0.0,0.0,0.0,,,0,0.0,0.0,crn_c + h_c --> crn_e + h_e
CTBTt2rpp_reverse,0.0,0.0,0.0,0.0,0.0,0.0,0.0,0.0,0.0,0.0,,Cgl3066,0,0.0,0.0,ctbt_c + h_c --> ctbt_e + h_e
CUtex_reverse,0.0,0.0,0.0,0.0,0.0,0.0,0.0,0.0,0.0,0.0,,,0,0.0,0.0,cu_c --> cu_e
CYANtex_reverse,0.0,0.0,0.0,0.0,0.0,0.0,0.0,0.0,0.0,0.0,,,0,0.0,0.0,cyan_c --> cyan_e
CYTDt2rpp_reverse,0.0,0.0,0.0,0.0,0.0,0.0,0.0,0.0,0.0,0.0,,,0,0.0,0.0,cytd_c + h_c --> cytd_e + h_e
DADNtex_reverse,0.0,0.0,0.0,0.0,0.0,0.0,0.0,0.0,0.0,0.0,,,0,0.0,0.0,dad_2_c --> dad_2_e
DALAtex_reverse,0.0,0.0,0.0,0.0,0.0,0.0,0.0,0.0,0.0,0.0,,,0,0.0,0.0,ala__D_c --> ala__D_e
DAMPtex_reverse,0.0,0.0,0.0,0.0,0.0,0.0,0.0,0.0,0.0,0.0,,,0,0.0,0.0,damp_c --> damp_e
DCMPtex_reverse,0.0,0.0,0.0,0.0,0.0,0.0,0.0,0.0,0.0,0.0,,,0,0.0,0.0,dcmp_c --> dcmp_e
DCYTtex_reverse,0.0,0.0,0.0,0.0,0.0,0.0,0.0,0.0,0.0,0.0,,,0,0.0,0.0,dcyt_c --> dcyt_e
DGMPtex_reverse,0.0,0.0,0.0,0.0,0.0,0.0,0.0,0.0,0.0,0.0,,,0,0.0,0.0,dgmp_c --> dgmp_e
DGSNtex_reverse,0.0,0.0,0.0,0.0,0.0,0.0,0.0,0.0,0.0,0.0,,,0,0.0,0.0,dgsn_c --> dgsn_e
DHAtpp_reverse,0.0,0.0,0.0,0.0,0.0,0.0,0.0,0.0,0.0,0.0,,,0,0.0,0.0,dha_c --> dha_e
DIMPtex_reverse,0.0,0.0,0.0,0.0,0.0,0.0,0.0,0.0,0.0,0.0,,,0,0.0,0.0,dimp_c --> dimp_e
DINStex_reverse,0.0,0.0,0.0,0.0,0.0,0.0,0.0,0.0,0.0,0.0,,,0,0.0,0.0,din_c --> din_e
D_LACt2pp_reverse,0.0,0.0,0.0,0.0,0.0,0.0,0.0,0.0,0.0,0.0,,,0,0.0,0.0,h_c + lac__D_c --> h_e + lac__D_e
DMSOtex_reverse,0.0,0.0,0.0,0.0,0.0,0.0,0.0,0.0,0.0,0.0,,,0,0.0,0.0,dmso_c --> dmso_e
DMStex_reverse,0.0,0.0,0.0,0.0,0.0,0.0,0.0,0.0,0.0,0.0,,,0,0.0,0.0,dms_c --> dms_e
DTMPtex_reverse,0.0,0.0,0.0,0.0,0.0,0.0,0.0,0.0,0.0,0.0,,,0,0.0,0.0,dtmp_c --> dtmp_e
DUMPtex_reverse,0.0,0.0,0.0,0.0,0.0,0.0,0.0,0.0,0.0,0.0,,,0,0.0,0.0,dump_c --> dump_e
DURItex_reverse,0.0,0.0,0.0,0.0,0.0,0.0,0.0,0.0,0.0,0.0,,,0,0.0,0.0,duri_c --> duri_e
ETHAtex_reverse,0.0,0.0,0.0,0.0,0.0,0.0,0.0,0.0,0.0,0.0,,,0,0.0,0.0,etha_c --> etha_e
ETOHtrpp_reverse,0.0,0.0,0.0,0.0,0.0,0.0,0.0,0.0,0.0,0.0,,,0,0.0,0.0,etoh_c --> etoh_e
EX_BIOTIN_reverse,1.0317526826869004e-06,9.226647203774348e-07,8.109794256320319e-07,7.0189146332257e-07,5.928035010131087e-07,4.837155387036459e-07,3.6705550999424205e-07,2.487977748152152e-07,1.3054003963618687e-07,9.466644095753783e-09,,,0,9.226647203774348e-07,-2.83, --> btn_e
EX_cl_reverse,0.014665370518215209,0.013114790216180857,0.01152729133552667,0.009976711033492368,0.008426130731458077,0.006875550429423762,0.0052173404975304075,0.003536420707209206,0.0018555009168879832,0.0001345592267972169,,,0,0.013114790216180857,-2.83, --> cl_e
F6Ptex_reverse,0.0,0.0,0.0,0.0,0.0,0.0,0.0,0.0,0.0,0.0,,,0,0.0,0.0,f6p_c --> f6p_e
FE3tex_reverse,0.0,0.0,0.0,0.0,0.0,0.0,0.0,0.0,0.0,0.0,,,0,0.0,0.0,fe3_c --> fe3_e
FRUtex_reverse,0.0,0.0,0.0,0.0,0.0,0.0,0.0,0.0,0.0,0.0,,,0,0.0,0.0,fru_c --> fru_e
FRUURt2rpp_reverse,0.0,0.0,0.0,0.0,0.0,0.0,0.0,0.0,0.0,0.0,,Cgl2908,0,0.0,0.0,fruur_c + h_c --> fruur_e + h_e
FUMtex_reverse,0.0,0.0,0.0,0.0,0.0,0.0,0.0,0.0,0.0,0.0,,,0,0.0,0.0,fum_c --> fum_e
G1Ptex_reverse,0.0,0.0,0.0,0.0,0.0,0.0,0.0,0.0,0.0,0.0,,,0,0.0,0.0,g1p_c --> g1p_e
G3PEtex_reverse,0.0,0.0,0.0,0.0,0.0,0.0,0.0,0.0,0.0,0.0,,,0,0.0,0.0,g3pe_c --> g3pe_e
G3PGtex_reverse,0.0,0.0,0.0,0.0,0.0,0.0,0.0,0.0,0.0,0.0,,,0,0.0,0.0,g3pg_c --> g3pg_e
G3PItex_reverse,0.0,0.0,0.0,0.0,0.0,0.0,0.0,0.0,0.0,0.0,,,0,0.0,0.0,g3pi_c --> g3pi_e
G3PStex_reverse,0.0,0.0,0.0,0.0,0.0,0.0,0.0,0.0,0.0,0.0,,,0,0.0,0.0,g3ps_c --> g3ps_e
G6Ptex_reverse,0.0,0.0,0.0,0.0,0.0,0.0,0.0,0.0,0.0,0.0,,,0,0.0,0.0,g6p_c --> g6p_e
GAL1Ptex_reverse,0.0,0.0,0.0,0.0,0.0,0.0,0.0,0.0,0.0,0.0,,,0,0.0,0.0,gal1p_c --> gal1p_e
GAMAN6Ptex_reverse,0.0,0.0,0.0,0.0,0.0,0.0,0.0,0.0,0.0,0.0,,,0,0.0,0.0,gam6p_c --> gam6p_e
GAMtex_reverse,0.0,0.0,0.0,0.0,0.0,0.0,0.0,0.0,0.0,0.0,,,0,0.0,0.0,gam_c --> gam_e
GLCNt2rpp_reverse,0.0,0.0,0.0,0.0,0.0,0.0,0.0,0.0,0.0,0.0,,,0,0.0,0.0,glcn_c + h_c --> glcn_e + h_e
GLCUR1Ptex_reverse,0.0,0.0,0.0,0.0,0.0,0.0,0.0,0.0,0.0,0.0,,,0,0.0,0.0,glcur1p_c --> glcur1p_e
GLCURt2rpp_reverse,0.0,0.0,0.0,0.0,0.0,0.0,0.0,0.0,0.0,0.0,,,0,0.0,0.0,glcur_c + h_c --> glcur_e + h_e
GLNt2rpp_reverse,0.0,0.0,0.0,0.0,0.0,0.0,0.0,0.0,0.0,0.0,,,0,0.0,0.0,gln__L_c + h_c --> gln__L_e + h_e
GLUtex_reverse,0.0,0.0,0.0,0.0,0.0,0.0,0.0,0.0,0.0,0.0,,,0,0.0,0.0,glu__L_c --> glu__L_e
GLYALDtpp_reverse,0.0,0.0,0.0,0.0,0.0,0.0,0.0,0.0,0.0,0.0,,,0,0.0,0.0,glyald_c --> glyald_e
GLYC3Ptex_reverse,0.0,0.0,0.0,0.0,0.0,0.0,0.0,0.0,0.0,0.0,,,0,0.0,0.0,glyc3p_c --> glyc3p_e
GLYCAt2rpp_reverse,0.0,0.0,0.0,0.0,0.0,0.0,0.0,0.0,0.0,0.0,,,0,0.0,0.0,glyc__R_c + h_c --> glyc__R_e + h_e
GLYCtpp_reverse,0.0,0.0,0.0,0.0,0.0,0.0,0.0,0.0,0.0,0.0,,,0,0.0,0.0,glyc_e --> glyc_c
GLYtex_reverse,0.0,0.0,0.0,0.0,0.0,0.0,0.0,0.0,0.0,0.0,,,0,0.0,0.0,gly_c --> gly_e
GMPtex_reverse,0.0,0.0,0.0,0.0,0.0,0.0,0.0,0.0,0.0,0.0,,,0,0.0,0.0,gmp_c --> gmp_e
GSNtex_reverse,0.0,0.0,0.0,0.0,0.0,0.0,0.0,0.0,0.0,0.0,,,0,0.0,0.0,gsn_c --> gsn_e
GTHRDtex_reverse,0.0,0.0,0.0,0.0,0.0,0.0,0.0,0.0,0.0,0.0,,,0,0.0,0.0,gthrd_c --> gthrd_e
GUAtpp_reverse,0.0,0.0,0.0,0.0,0.0,0.0,0.0,0.0,0.0,0.0,,,0,0.0,0.0,gua_c --> gua_e
H2Otpp_reverse,19.540621939367256,18.773952755140975,17.98902954271881,17.222360358492487,16.455691174266185,15.689021990039885,14.944983236402935,14.253675107394516,13.562366978386107,12.854599132020363,,,0,18.773952755140975,-0.469,h2o_c --> h2o_e
H2Stex_reverse,0.0,0.0,0.0,0.0,0.0,0.0,0.0,0.0,0.0,0.0,,,0,0.0,0.0,h2s_c --> h2s_e
H2tpp_reverse,0.0,0.0,0.0,0.0,0.0,0.0,0.0,0.0,0.0,0.0,,,0,0.0,0.0,h2_c --> h2_e
HISt2rpp_reverse,0.0,0.0,0.0,0.0,0.0,0.0,0.0,0.0,0.0,0.0,,,0,0.0,0.0,h_c + his__L_c --> h_e + his__L_e
HOMtex_reverse,0.0,0.0,0.0,0.0,0.0,0.0,0.0,0.0,0.0,0.0,,,0,0.0,0.0,hom__L_c --> hom__L_e
HYXNtpp_reverse,0.0,0.0,0.0,0.0,0.0,0.0,0.0,0.0,0.0,0.0,,,0,0.0,0.0,hxan_c --> hxan_e
ILEt2rpp_reverse,0.0,0.0,0.0,0.0,0.0,0.0,0.0,0.0,0.0,0.0,,Cgl2310,0,0.0,0.0,h_c + ile__L_c --> h_e + ile__L_e
INDOLEt2rpp_reverse,0.0,0.0,0.0,0.0,0.0,0.0,0.0,0.0,0.0,0.0,,,0,0.0,0.0,h_c + indole_c --> h_e + indole_e
INSt2rpp_reverse,0.0,0.0,0.0,0.0,0.0,0.0,0.0,0.0,0.0,0.0,,,0,0.0,0.0,h_c + ins_c --> h_e + ins_e
LEUt2rpp_reverse_num1,0.0,0.0,0.0,0.0,0.0,0.0,0.0,0.0,0.0,0.0,,Cgl0258,0,0.0,0.0,h_c + leu__L_c --> h_e + leu__L_e
L_LACt2rpp_reverse,0.0,0.0,0.0,0.0,0.0,0.0,0.0,0.0,0.0,0.0,,,0,0.0,0.0,h_c + lac__L_c --> h_e + lac__L_e
LYSt2pp_reverse,0.0,0.4158,0.8415,1.2573,1.6731,2.0888999999999998,2.5146,2.9304,3.3462,3.7719,,Cgl0968,0,0.4158,2.999,h_c + lys__L_c --> h_e + lys__L_e
METt2rpp_reverse,0.0,0.0,0.0,0.0,0.0,0.0,0.0,0.0,0.0,0.0,,,0,0.0,0.0,h_c + met__L_c --> h_e + met__L_e
NAtex_reverse,0.0,0.0,0.0,0.0,0.0,0.0,0.0,0.0,0.0,0.0,,,0,0.0,0.0,na1_c --> na1_e
NO3tex_reverse,0.0,0.0,0.0,0.0,0.0,0.0,0.0,0.0,0.0,0.0,,Cgl1190,0,0.0,0.0,no3_c --> no3_e
NOtex_reverse,0.0,0.0,0.0,0.0,0.0,0.0,0.0,0.0,0.0,0.0,,,0,0.0,0.0,no_c --> no_e
O2Stex_reverse,0.0,0.0,0.0,0.0,0.0,0.0,0.0,0.0,0.0,0.0,,,0,0.0,0.0,o2s_c --> o2s_e
PHEt2rpp_reverse,0.0,0.0,0.0,0.0,0.0,0.0,0.0,0.0,0.0,0.0,,,0,0.0,0.0,h_c + phe__L_c --> h_e + phe__L_e
PSERtex_reverse_num1,0.0,0.0,0.0,0.0,0.0,0.0,0.0,0.0,0.0,0.0,,Cgl0296,0,0.0,0.0,pser__L_c --> pser__L_e
PTRCORNt7pp_reverse,0.0,0.0,0.0,0.0,0.0,0.0,0.0,0.0,0.0,0.0,,,0,0.0,0.0,orn_e + ptrc_c --> orn_c + ptrc_e
PYRt2rpp_reverse,0.0,0.0,0.0,0.0,0.0,0.0,0.0,0.0,0.0,0.0,,,0,0.0,0.0,h_c + pyr_c --> h_e + pyr_e
THMDt2rpp_reverse,0.0,0.0,0.0,0.0,0.0,0.0,0.0,0.0,0.0,0.0,,,0,0.0,0.0,h_c + thymd_c --> h_e + thymd_e
TRPt2rpp_reverse,0.0,0.0,0.0,0.0,0.0,0.0,0.0,0.0,0.0,0.0,,Cgl1107,0,0.0,0.0,h_c + trp__L_c --> h_e + trp__L_e
TYRt2rpp_reverse,0.0,0.0,0.0,0.0,0.0,0.0,0.0,0.0,0.0,0.0,,,0,0.0,0.0,h_c + tyr__L_c --> h_e + tyr__L_e
URAt2rpp_reverse_num1,0.0,0.0,0.0,0.0,0.0,0.0,0.0,0.0,0.0,0.0,,Cgl0824,0,0.0,0.0,h_c + ura_c --> h_e + ura_e
UREAtpp_reverse,0.0,0.0,0.0,0.0,0.0,0.0,0.0,0.0,0.0,0.0,,Cgl0090 and Cgl0087 and Cgl0088 and Cgl0089,0,0.0,0.0,urea_c --> urea_e
URIt2rpp_reverse,0.0,0.0,0.0,0.0,0.0,0.0,0.0,0.0,0.0,0.0,,,0,0.0,0.0,h_c + uri_c --> h_e + uri_e
VALt2rpp_reverse,0.0,0.0,0.0,0.0,0.0,0.0,0.0,0.0,0.0,0.0,,Cgl2310,0,0.0,0.0,h_c + val__L_c --> h_e + val__L_e
XANtpp_reverse,0.06967692534495132,0.06230993329983306,0.054767536682224116,0.04740054463712409,0.04003355259202597,0.03266656054692109,0.024788207286955584,0.01680195677964691,0.00881570627232906,0.0006393069434132226,,,0,0.06230993329983306,-2.83,xan_c --> xan_e
XTSNt2rpp_reverse,0.0,0.0,0.0,0.0,0.0,0.0,0.0,0.0,0.0,0.0,,,0,0.0,0.0,h_c + xtsn_c --> h_e + xtsn_e
PHETA1_reverse_num1,0.0,0.0,0.0,0.0,0.0,0.0,0.0,0.0,0.0,0.0,,Cgl0218,0,0.0,0.0,akg_c + phe__L_c --> glu__L_c + phpyr_c
PSCVT_reverse,0.0,0.0,0.0,0.0,0.0,0.0,0.0,0.0,0.0,0.0,,Cgl0764,0,0.0,0.0,3psme_c + pi_c --> pep_c + skm5p_c
SHK3Dr_reverse_num1,0.0,0.0,0.0,0.0,0.0,0.0,0.0,0.0,0.0,0.0,,Cgl1132,0,0.0,0.0,nadp_c + skm_c --> 3dhsk_c + h_c + nadph_c
TYRTA_reverse_num1,0.0,0.0,0.0,0.0,0.0,0.0,0.0,0.0,0.0,0.0,,Cgl0218,0,0.0,0.0,akg_c + tyr__L_c --> 34hpp_c + glu__L_c
ILETA_reverse,0.0,0.0,0.0,0.0,0.0,0.0,0.0,0.0,0.0,0.0,,Cgl2204,0,0.0,0.0,akg_c + ile__L_c --> 3mop_c + glu__L_c
IPPMIa_reverse,0.1673685606002345,0.14967256083505773,0.13155522774213904,0.11385922797696287,0.09616322821178681,0.07846722844661048,0.0595429053871083,0.04035940603800723,0.021175906688905913,0.0015356573553023003,down,Cgl1315 and Cgl1316,0,0.14967256083505773,-2.83,2ippm_c + h2o_c --> 3c2hmp_c
IPPMIb_reverse,0.1673685606002345,0.14967256083505773,0.13155522774213904,0.11385922797696287,0.09616322821178681,0.07846722844661048,0.0595429053871083,0.04035940603800723,0.021175906688905913,0.0015356573553023003,down,Cgl1315 and Cgl1316,0,0.14967256083505773,-2.83,3c3hmp_c --> 2ippm_c + h2o_c
KARA1_reverse,0.2978412105379971,0.2663502425041057,0.23410948951702737,0.20261852148313747,0.17112755344924743,0.13963658541535717,0.10595975107777143,0.07182169881753629,0.037683646557300714,0.00273278352896449,down,Cgl1273,0,0.2663502425041057,-2.83,alac__S_c + h_c + nadph_c --> 23dhmb_c + nadp_c
KARA2_reverse,0.0,0.0,0.0,0.0,0.0,0.0,0.0,0.0,0.0,0.0,,Cgl1273,0,0.0,0.0,23dhmp_c + nadp_c --> 2ahbut_c + h_c + nadph_c
LEUTAi_reverse,0.0,0.0,0.0,0.0,0.0,0.0,0.0,0.0,0.0,0.0,,Cgl2204,0,0.0,0.0,akg_c + leu__L_c --> 4mop_c + glu__L_c
ADNUC_num2,0.0,0.0,0.0,0.0,0.0,0.0,0.0,0.0,0.0,0.0,,Cgl0761,0,0.0,0.0,adn_c + h2o_c --> ade_c + rib__D_c
ADNUC_num3,0.0,0.0,0.0,0.0,0.0,0.0,0.0,0.0,0.0,0.0,,Cgl0918,0,0.0,0.0,adn_c + h2o_c --> ade_c + rib__D_c
ALCD19_num2,0.0,0.0,0.0,0.0,0.0,0.0,0.0,0.0,0.0,0.0,,cg1423,0,0.0,0.0,glyald_c + h_c + nadh_c --> glyc_c + nad_c
ALCD19_num3,0.0,0.0,0.0,0.0,0.0,0.0,0.0,0.0,0.0,0.0,,Cgl2469,0,0.0,0.0,glyald_c + h_c + nadh_c --> glyc_c + nad_c
ARAI_num2,0.0,0.0,0.0,0.0,0.0,0.0,0.0,0.0,0.0,0.0,,Cgl3006,0,0.0,0.0,arab__L_c --> rbl__L_c
FFSD_num2,0.0,0.0,0.0,0.0,0.0,0.0,0.0,0.0,0.0,0.0,,Cgl1116,0,0.0,0.0,h2o_c + suc6p_c --> fru_c + g6p_c
GNK_num2,0.0,0.0,0.0,0.0,0.0,0.0,0.0,0.0,0.0,0.0,,Cgl3008,0,0.0,0.0,atp_c + glcn_c --> 6pgc_c + adp_c + h_c
HPYRI_num2,0.0,0.0,0.0,0.0,0.0,0.0,0.0,0.0,0.0,0.0,,Cgl2471,0,0.0,0.0,hpyr_c --> 2h3oppan_c
MCITL2_num2,0.0,0.0,0.0,0.0,0.0,0.0,0.0,0.0,0.0,0.0,,Cgl0658,0,0.0,0.0,micit_c --> pyr_c + succ_c
MSDH_num2,0.0,0.0,0.0,0.0,0.0,0.0,0.0,0.0,0.0,0.0,,Cgl0295,0,0.0,0.0,2mop_c + coa_c + h2o_c + nad_c --> hco3_c + nadh_c + ppcoa_c
PGLYCP_num2,0.0,0.0,0.0,0.0,0.0,0.0,0.0,0.0,0.0,0.0,,Cgl1462,0,0.0,0.0,2pglyc_c + h2o_c --> glyclt_c + pi_c
PMANM_num2,0.0,0.0,0.0,0.0,0.0,0.0,0.0,0.0,0.0,0.0,,Cgl0746,0,0.0,0.0,man1p_c --> man6p_c
RBK_num2,0.0,0.0,0.0,0.04740054463712409,0.0,0.0,0.024788207286955584,0.0,0.00881570627232906,0.0006393069434132226,,Cgl2325,0,0.0,0.0,atp_c + rib__D_c --> adp_c + h_c + r5p_c
UDPGPpp_num2,0.0,0.0,0.0,0.0,0.0,0.0,0.0,0.0,0.0,0.0,,Cgl2922,0,0.0,0.0,h2o_c + udpg_c --> g1p_c + 2.0 h_c + ump_c
MCITD_num2,0.0,0.0,0.0,0.0,0.0,0.0,0.0,0.0,0.0,0.0,,Cgl0694,0,0.0,0.0,2mcit_c --> 2mcacn_c + h2o_c
MCITD_num3,0.0,0.0,0.0,0.0,0.0,0.0,0.0,0.0,0.0,0.0,,Cgl2538,0,0.0,0.0,2mcit_c --> 2mcacn_c + h2o_c
ME1_num2,0.0,0.0,0.0,0.0,0.0,0.0,0.0,0.0,0.0,0.0,,Cgl3007,0,0.0,0.0,mal__L_c + nad_c --> co2_c + nadh_c + pyr_c
AMPTASEPG_num2,0.0,0.0,0.0,0.0,0.0,0.0,0.0,0.0,0.0,0.0,,Cgl2205,0,0.0,0.0,h2o_c + progly_c --> gly_c + pro__L_c
SPMDAT2_num2,0.0,0.0,0.0,0.0,0.0,0.0,0.0,0.0,0.0,0.0,,Cgl0178,0,0.0,0.0,accoa_c + spmd_c --> coa_c + h_c + n8aspmd_c
SPMDAT2_num3,0.0,0.0,0.0,0.0,0.0,0.0,0.0,0.0,0.0,0.0,,Cgl0536,0,0.0,0.0,accoa_c + spmd_c --> coa_c + h_c + n8aspmd_c
SPMDAT2_num4,0.0,0.0,0.0,0.0,0.0,0.0,0.0,0.0,0.0,0.0,,Cgl0569,0,0.0,0.0,accoa_c + spmd_c --> coa_c + h_c + n8aspmd_c
SPMDAT2_num5,0.0,0.0,0.0,0.0,0.0,0.0,0.0,0.0,0.0,0.0,,cg1175,0,0.0,0.0,accoa_c + spmd_c --> coa_c + h_c + n8aspmd_c
SPMDAT2_num6,0.0,0.0,0.0,0.0,0.0,0.0,0.0,0.0,0.0,0.0,,Cgl2739,0,0.0,0.0,accoa_c + spmd_c --> coa_c + h_c + n8aspmd_c
SSALy_num2,0.0,0.0,0.0,0.0,0.0,0.0,0.0,0.0,0.0,0.0,,Cgl0480,0,0.0,0.0,h2o_c + nadp_c + sucsal_c --> 2.0 h_c + nadph_c + succ_c
SSALy_num3,0.0,0.0,0.0,0.0,0.0,0.0,0.0,0.0,0.0,0.0,,Cgl2713,0,0.0,0.0,h2o_c + nadp_c + sucsal_c --> 2.0 h_c + nadph_c + succ_c
3OAS100_num2,0.20077936404258578,0.0,0.0,0.0,0.0,0.0,0.0,0.0,0.0,0.0,,Cgl2683,0,0.0,0.0,h_c + malACP_c + ocACP_c --> 3odecACP_c + ACP_c + co2_c
3OAS100_num3,0.0,0.0,0.0,0.0,0.0,0.0,0.0,0.0,0.0,0.0,,Cgl2872,0,0.0,0.0,h_c + malACP_c + ocACP_c --> 3odecACP_c + ACP_c + co2_c
3OAS120_num2,0.0,0.0,0.0,0.0,0.0,0.0,0.0,0.0,0.0,0.0,,Cgl2683,0,0.0,0.0,dcaACP_c + h_c + malACP_c --> 3oddecACP_c + ACP_c + co2_c
3OAS120_num3,0.0,0.0,0.0,0.0,0.0,0.0,0.0,0.0,0.0,0.0,,Cgl2872,0,0.0,0.0,dcaACP_c + h_c + malACP_c --> 3oddecACP_c + ACP_c + co2_c
3OAS121_num2,0.0,0.0,0.0,0.0,0.0,0.0,0.0,0.0,0.0,0.0,,Cgl2683,0,0.0,0.0,cdec3eACP_c + h_c + malACP_c --> 3ocddec5eACP_c + ACP_c + co2_c
3OAS121_num3,0.0,0.0,0.0,0.0,0.0,0.0,0.0,0.0,0.0,0.0,,Cgl2872,0,0.0,0.0,cdec3eACP_c + h_c + malACP_c --> 3ocddec5eACP_c + ACP_c + co2_c
3OAS140_num2,0.09092284173660087,0.0,0.0,0.0,0.0,0.0,0.0,0.0,0.0,0.0,,Cgl2683,0,0.0,0.0,ddcaACP_c + h_c + malACP_c --> 3omrsACP_c + ACP_c + co2_c
3OAS140_num3,0.0,0.08130950348328832,0.07146727622394472,0.0618539379706325,0.05224059971732034,0.04262726146400804,0.03234663752639014,0.021925216268913784,0.011503795011437305,0.0008342446764019219,,Cgl2872,0,0.08130950348328832,-2.157,ddcaACP_c + h_c + malACP_c --> 3omrsACP_c + ACP_c + co2_c
3OAS141_num2,0.10985652230598492,0.0,0.0,0.0,0.0,0.0,0.0,0.0,0.0,0.0,,Cgl2683,0,0.0,0.0,cddec5eACP_c + h_c + malACP_c --> 3ocmrs7eACP_c + ACP_c + co2_c
3OAS141_num3,0.0,0.09824131222137887,0.086349549515711,0.07473433943110529,0.0631191293464997,0.05150391926189393,0.039082468597228553,0.026490901121273253,0.013899333645317783,0.001007966943744395,,Cgl2872,0,0.09824131222137887,-2.157,cddec5eACP_c + h_c + malACP_c --> 3ocmrs7eACP_c + ACP_c + co2_c
3OAS160_num2,0.0,0.0,0.0,0.0,0.0,0.0,0.0,0.0,0.0,0.0,,Cgl2683,0,0.0,0.0,h_c + malACP_c + myrsACP_c --> 3opalmACP_c + ACP_c + co2_c
3OAS160_num3,0.08960801671237412,0.08013369586613327,0.07043379595212496,0.06095947510588442,0.051485154259643943,0.04201083341340332,0.031878876426352176,0.021608158173705278,0.011337439921058253,0.0008221807576339757,,Cgl2872,0,0.08013369586613327,-2.83,h_c + malACP_c + myrsACP_c --> 3opalmACP_c + ACP_c + co2_c
3OAS161_num2,0.10746855365505506,0.09610582523447574,0.0844725556610257,0.07310982724044669,0.06174709881986781,0.05038437039928876,0.03823292677802564,0.025915064201583717,0.013597201625141634,0.000986056606403377,,Cgl2683,0,0.09610582523447574,-2.83,h_c + malACP_c + tdeACP_c --> 3ocpalm9eACP_c + ACP_c + co2_c
3OAS161_num3,0.0,0.0,0.0,0.0,0.0,0.0,0.0,0.0,0.0,0.0,,Cgl2872,0,0.0,0.0,h_c + malACP_c + tdeACP_c --> 3ocpalm9eACP_c + ACP_c + co2_c
3OAS180_num2,0.0,0.0,0.0,0.0,0.0,0.0,0.0,0.0,0.0,0.0,,Cgl2683,0,0.0,0.0,h_c + malACP_c + palmACP_c --> 3ooctdACP_c + ACP_c + co2_c
3OAS180_num3,0.0,0.0016429733722678754,0.0014440972677761772,0.0012498461889703348,0.0010555951101644937,0.0008613440313586498,0.0006536095027216926,0.00044302996535261767,0.00023245042798354009,1.6857092105676166e-05,,Cgl2872,0,0.0016429733722678754,-2.157,h_c + malACP_c + palmACP_c --> 3ooctdACP_c + ACP_c + co2_c
3OAS181_num2,0.10530088268406756,0.09416734369342661,0.08276872044110395,0.07163518145046335,0.06050164245982284,0.049368103469182155,0.0374617578854152,0.025392350063628933,0.013322942241842517,0.0009661675671564953,,Cgl2683,0,0.09416734369342661,-2.83,h_c + hdeACP_c + malACP_c --> 3ocvac11eACP_c + ACP_c + co2_c
3OAS181_num3,0.0,0.0,0.0,0.0,0.0,0.0,0.0,0.0,0.0,0.0,,Cgl2872,0,0.0,0.0,h_c + hdeACP_c + malACP_c --> 3ocvac11eACP_c + ACP_c + co2_c
3OAS60_num2,0.0,0.0,0.0,0.0,0.0,0.0,0.0,0.0,0.0,0.0,,Cgl2683,0,0.0,0.0,butACP_c + h_c + malACP_c --> 3ohexACP_c + ACP_c + co2_c
3OAS60_num3,0.0,0.0,0.0,0.0,0.0,0.0,0.0,0.0,0.0,0.0,,Cgl2872,0,0.0,0.0,butACP_c + h_c + malACP_c --> 3ohexACP_c + ACP_c + co2_c
3OAS80_num2,0.0,0.0,0.0,0.0,0.0,0.0,0.0,0.0,0.0,0.0,,Cgl2683,0,0.0,0.0,h_c + hexACP_c + malACP_c --> 3ooctACP_c + ACP_c + co2_c
3OAS80_num3,0.20077936404258578,0.1795508157046672,0.15781682573965572,0.1365882774017378,0.11535972906382004,0.09413118072590197,0.07142910612361869,0.04841611739018704,0.02540312865675509,0.001842211620146317,down,Cgl2872,0,0.1795508157046672,-2.83,h_c + hexACP_c + malACP_c --> 3ooctACP_c + ACP_c + co2_c
AACPS1_num2,0.0,0.0,0.0,0.0,0.0,0.0,0.0,0.0,0.0,0.0,,Cgl2683,0,0.0,0.0,ACP_c + atp_c + ttdca_c --> amp_c + myrsACP_c + ppi_c
AACPS1_num3,0.0,0.0,0.0,0.0,0.0,0.0,0.0,0.0,0.0,0.0,,Cgl2872,0,0.0,0.0,ACP_c + atp_c + ttdca_c --> amp_c + myrsACP_c + ppi_c
AACPS2_num2,0.0,0.0,0.0,0.0,0.0,0.0,0.0,0.0,0.0,0.0,,Cgl2683,0,0.0,0.0,ACP_c + atp_c + ttdcea_c --> amp_c + ppi_c + tdeACP_c
AACPS2_num3,0.0,0.0,0.0,0.0,0.0,0.0,0.0,0.0,0.0,0.0,,Cgl2872,0,0.0,0.0,ACP_c + atp_c + ttdcea_c --> amp_c + ppi_c + tdeACP_c
AACPS3_num2,0.0,0.0,0.0,0.0,0.0,0.0,0.0,0.0,0.0,0.0,,Cgl2683,0,0.0,0.0,ACP_c + atp_c + hdca_c --> amp_c + palmACP_c + ppi_c
AACPS3_num3,0.0,0.0,0.0,0.0,0.0,0.0,0.0,0.0,0.0,0.0,,Cgl2872,0,0.0,0.0,ACP_c + atp_c + hdca_c --> amp_c + palmACP_c + ppi_c
AACPS4_num2,0.0,0.0,0.0,0.0,0.0,0.0,0.0,0.0,0.0,0.0,,Cgl2683,0,0.0,0.0,ACP_c + atp_c + hdcea_c --> amp_c + hdeACP_c + ppi_c
AACPS4_num3,0.0,0.0,0.0,0.0,0.0,0.0,0.0,0.0,0.0,0.0,,Cgl2872,0,0.0,0.0,ACP_c + atp_c + hdcea_c --> amp_c + hdeACP_c + ppi_c
AACPS5_num2,0.0,0.0,0.0,0.0,0.0,0.0,0.0,0.0,0.0,0.0,,Cgl2683,0,0.0,0.0,ACP_c + atp_c + ocdcea_c --> amp_c + octeACP_c + ppi_c
AACPS5_num3,0.0,0.0,0.0,0.0,0.0,0.0,0.0,0.0,0.0,0.0,,Cgl2872,0,0.0,0.0,ACP_c + atp_c + ocdcea_c --> amp_c + octeACP_c + ppi_c
AACPS6_num2,0.0,0.0,0.0,0.0,0.0,0.0,0.0,0.0,0.0,0.0,,Cgl2683,0,0.0,0.0,ACP_c + atp_c + ocdca_c --> amp_c + ocdcaACP_c + ppi_c
AACPS6_num3,0.0,0.0,0.0,0.0,0.0,0.0,0.0,0.0,0.0,0.0,,Cgl2872,0,0.0,0.0,ACP_c + atp_c + ocdca_c --> amp_c + ocdcaACP_c + ppi_c
AACPS7_num2,0.0,0.0,0.0,0.0,0.0,0.0,0.0,0.0,0.0,0.0,,Cgl2683,0,0.0,0.0,ACP_c + atp_c + ddca_c --> amp_c + ddcaACP_c + ppi_c
AACPS7_num3,0.0,0.0,0.0,0.0,0.0,0.0,0.0,0.0,0.0,0.0,,Cgl2872,0,0.0,0.0,ACP_c + atp_c + ddca_c --> amp_c + ddcaACP_c + ppi_c
AACPS8_num2,0.0,0.0,0.0,0.0,0.0,0.0,0.0,0.0,0.0,0.0,,Cgl2683,0,0.0,0.0,ACP_c + atp_c + dca_c --> amp_c + dcaACP_c + ppi_c
AACPS8_num3,0.0,0.0,0.0,0.0,0.0,0.0,0.0,0.0,0.0,0.0,,Cgl2872,0,0.0,0.0,ACP_c + atp_c + dca_c --> amp_c + dcaACP_c + ppi_c
AACPS9_num2,0.0,0.0,0.0,0.0,0.0,0.0,0.0,0.0,0.0,0.0,,Cgl2683,0,0.0,0.0,ACP_c + atp_c + octa_c --> amp_c + ocACP_c + ppi_c
AACPS9_num3,0.0,0.0,0.0,0.0,0.0,0.0,0.0,0.0,0.0,0.0,,Cgl2872,0,0.0,0.0,ACP_c + atp_c + octa_c --> amp_c + ocACP_c + ppi_c
FA100ACPHi_num2,0.0,0.0,0.0,0.0,0.0,0.0,0.0,0.0,0.0,0.0,,Cgl0297,0,0.0,0.0,dcaACP_c + h2o_c --> ACP_c + dca_c + h_c
FA120ACPHi_num2,0.0,0.0,0.0,0.0,0.0,0.0,0.0,0.0,0.0,0.0,,Cgl0297,0,0.0,0.0,ddcaACP_c + h2o_c --> ACP_c + ddca_c + h_c
FA140ACPHi_num2,0.0,0.0,0.0,0.0,0.0,0.0,0.0,0.0,0.0,0.0,,Cgl0297,0,0.0,0.0,h2o_c + myrsACP_c --> ACP_c + h_c + ttdca_c
FA141ACPHi_num2,0.0,0.0,0.0,0.0,0.0,0.0,0.0,0.0,0.0,0.0,,Cgl0297,0,0.0,0.0,h2o_c + tdeACP_c --> ACP_c + h_c + ttdcea_c
FA160ACPHi_num2,0.0,0.0,0.0,0.0,0.0,0.0,0.0,0.0,0.0,0.0,,Cgl0297,0,0.0,0.0,h2o_c + palmACP_c --> ACP_c + h_c + hdca_c
FA161ACPHi_num2,0.0,0.0,0.0,0.0,0.0,0.0,0.0,0.0,0.0,0.0,,Cgl0297,0,0.0,0.0,h2o_c + hdeACP_c --> ACP_c + h_c + hdcea_c
FA80ACPHi_num2,0.0,0.0,0.0,0.0,0.0,0.0,0.0,0.0,0.0,0.0,,Cgl0297,0,0.0,0.0,h2o_c + ocACP_c --> ACP_c + h_c + octa_c
FACOAL100t2pp_num2,0.0,0.0,0.0,0.0,0.0,0.0,0.0,0.0,0.0,0.0,,0341,0,0.0,0.0,atp_c + coa_c + dca_e + h_e --> amp_c + dcacoa_c + h_c + ppi_c
FACOAL120t2pp_num2,0.0,0.0,0.0,0.0,0.0,0.0,0.0,0.0,0.0,0.0,,0341,0,0.0,0.0,atp_c + coa_c + ddca_e + h_e --> amp_c + ddcacoa_c + h_c + ppi_c
FACOAL140t2pp_num2,0.0,0.0,0.0,0.0,0.0,0.0,0.0,0.0,0.0,0.0,,0341,0,0.0,0.0,atp_c + coa_c + h_e + ttdca_e --> amp_c + h_c + ppi_c + tdcoa_c
FACOAL141t2pp_num2,0.0,0.0,0.0,0.0,0.0,0.0,0.0,0.0,0.0,0.0,,0341,0,0.0,0.0,atp_c + coa_c + h_e + ttdcea_e --> amp_c + h_c + ppi_c + tdecoa_c
FACOAL160t2pp_num2,0.0,0.0,0.0,0.0,0.0,0.0,0.0,0.0,0.0,0.0,,0341,0,0.0,0.0,atp_c + coa_c + h_e + hdca_e --> amp_c + h_c + pmtcoa_c + ppi_c
FACOAL161t2pp_num2,0.0,0.0,0.0,0.0,0.0,0.0,0.0,0.0,0.0,0.0,,0341,0,0.0,0.0,atp_c + coa_c + h_e + hdcea_e --> amp_c + h_c + hdcoa_c + ppi_c
FACOAL180t2pp_num2,0.0,0.0,0.0,0.0,0.0,0.0,0.0,0.0,0.0,0.0,,0341,0,0.0,0.0,atp_c + coa_c + h_e + ocdca_e --> amp_c + h_c + ppi_c + stcoa_c
FACOAL181t2pp_num2,0.0,0.0,0.0,0.0,0.0,0.0,0.0,0.0,0.0,0.0,,0341,0,0.0,0.0,atp_c + coa_c + h_e + ocdcea_e --> amp_c + h_c + odecoa_c + ppi_c
FACOAL60t2pp_num2,0.0,0.0,0.0,0.0,0.0,0.0,0.0,0.0,0.0,0.0,,0341,0,0.0,0.0,atp_c + coa_c + h_e + hxa_e --> amp_c + h_c + hxcoa_c + ppi_c
FACOAL80t2pp_num2,0.0,0.0,0.0,0.0,0.0,0.0,0.0,0.0,0.0,0.0,,0341,0,0.0,0.0,atp_c + coa_c + h_e + octa_e --> amp_c + h_c + occoa_c + ppi_c
MI1PP_num2,0.0,0.0,0.0,0.0,0.0,0.0,0.0,0.0,0.0,0.0,,Cgl2095,0,0.0,0.0,h2o_c + mi1p__D_c --> inost_c + pi_c
TDPGDH_num2,0.0,0.0,0.0,0.0,0.0,0.0,0.0,0.0,0.0,0.0,,Cgl0334,0,0.0,0.0,dtdpglu_c --> dtdp4d6dg_c + h2o_c
TDPGDH_num3,0.0,0.0,0.0,0.0,0.0,0.0,0.0,0.0,0.0,0.0,,Cgl0347,0,0.0,0.0,dtdpglu_c --> dtdp4d6dg_c + h2o_c
UAGCVT_num2,0.0,0.0,0.0,0.0,0.0,0.0,0.0,0.0,0.0,0.0,,Cgl2558,0,0.0,0.0,pep_c + uacgam_c --> pi_c + uaccg_c
UAMDH_num2,0.0,0.037066797116253256,0.032579992679313996,0.02819753253160594,0.02381507238389791,0.019432612236189816,0.014745954645143259,0.00999511137510313,0.005244268105062941,0.00038030951906944076,,Cgl0397,0,0.037066797116253256,-2.157,h_c + nadph_c + uaccg_c --> nadp_c + uamr_c
UDPGD_num2,0.0,0.0,0.0,0.0,0.0,0.0,0.0,0.0,0.0,0.0,,Cgl2847,0,0.0,0.0,h2o_c + 2.0 nad_c + udpg_c --> 3.0 h_c + 2.0 nadh_c + udpglcur_c
GALUi_num2,0.037841411351689655,0.0,0.0,0.0,0.0,0.0,0.0,0.0,0.0,0.0,,Cgl0882,0,0.0,0.0,g1p_c + h_c + utp_c --> ppi_c + udpg_c
CS_num2,0.0,0.0,0.0,0.0,0.0,0.0,0.0,0.0,0.0,0.0,,Cgl0829,0,0.0,0.0,accoa_c + h2o_c + oaa_c --> cit_c + coa_c + h_c
ACPS1_num2,0.0,0.0,0.0,0.0,0.0,0.0,0.0,0.0,0.0,0.0,,Cgl2683,0,0.0,0.0,apoACP_c + coa_c --> ACP_c + h_c + pap_c
ACPS1_num3,0.0,0.0,0.0,0.0,0.0,0.0,0.0,0.0,0.0,0.0,,Cgl2872,0,0.0,0.0,apoACP_c + coa_c --> ACP_c + h_c + pap_c
BMOCOS_num2,0.0,0.0,0.0,0.0,0.0,0.0,0.0,0.0,0.0,0.0,,Cgl0883,0,0.0,0.0,moco_c + mptamp_c --> amp_c + bmoco_c + cu2_c
BMOCOS_num3,0.0,0.0,0.0,0.0,0.0,0.0,0.0,0.0,0.0,0.0,,Cgl1196,0,0.0,0.0,moco_c + mptamp_c --> amp_c + bmoco_c + cu2_c
BWCOS_num2,0.0,0.0,0.0,0.0,0.0,0.0,0.0,0.0,0.0,0.0,,Cgl0883,0,0.0,0.0,mptamp_c + wco_c --> amp_c + bwco_c + cu2_c
BWCOS_num3,0.0,0.0,0.0,0.0,0.0,0.0,0.0,0.0,0.0,0.0,,Cgl1196,0,0.0,0.0,mptamp_c + wco_c --> amp_c + bwco_c + cu2_c
CPMPS_num2,0.0,0.0,0.0,0.0,0.0,0.0,0.0,0.0,0.0,0.0,,Cgl0210,0,0.0,0.0,gtp_c + h2o_c --> cpmp_c + ppi_c
DHPPDA2_num2,0.0,0.0,0.0,0.0,0.0,0.0,0.0,0.0,0.0,0.0,,Cgl1896,0,0.0,0.0,25drapp_c + h2o_c + h_c --> 5apru_c + nh4_c
DHPS2_num2,0.0,0.0,0.0,0.0,0.0,0.0,0.0,0.0,0.0,0.0,,Cgl2694,0,0.0,0.0,4abz_c + 6hmhptpp_c --> dhpt_c + ppi_c
DMATT_num2,0.0,0.0,0.0,0.0,0.0,0.0,0.0,0.0,0.0,0.0,,Cgl2172,0,0.0,0.0,dmpp_c + ipdp_c --> grdp_c + ppi_c
GRTT_num2,0.0,0.0,0.0,0.0,0.0,0.0,0.0,0.0,0.0,0.0,,Cgl2528,0,0.0,0.0,grdp_c + ipdp_c --> frdp_c + ppi_c
GTPDPDP_num2,0.0,0.0,0.0,0.0,0.0,0.0,0.0,0.0,0.0,0.0,,Cgl0373,0,0.0,0.0,gdptp_c + h2o_c --> h_c + pi_c + ppgpp_c
MOCOS_num2,0.0,0.0,0.0,0.0,0.0,0.0,0.0,0.0,0.0,0.0,,Cgl0883,0,0.0,0.0,2.0 h_c + mobd_c + mptamp_c --> amp_c + cu2_c + h2o_c + moco_c
MOCOS_num3,0.0,0.0,0.0,0.0,0.0,0.0,0.0,0.0,0.0,0.0,,Cgl1196,0,0.0,0.0,2.0 h_c + mobd_c + mptamp_c --> amp_c + cu2_c + h2o_c + moco_c
MSDHD_num2,0.0,0.0,0.0,0.0,0.0,0.0,0.0,0.0,0.0,0.0,,Cgl0295,0,0.0,0.0,coa_c + msa_c + nad_c --> accoa_c + co2_c + nadh_c
NADDP_num2,0.0,0.0,0.0,0.0,0.0,0.0,0.0,0.0,0.0,0.0,,Cgl1244,0,0.0,0.0,h2o_c + nad_c --> amp_c + 2.0 h_c + nmn_c
NADPPPS_num2,0.0,0.0,0.0,0.0,0.0,0.0,0.0,0.0,0.0,0.0,,Cgl0415,0,0.0,0.0,h2o_c + nadp_c --> nad_c + pi_c
NADPPPS_num3,0.0,0.0,0.0,0.0,0.0,0.0,0.0,0.0,0.0,0.0,,Cgl1153,0,0.0,0.0,h2o_c + nadp_c --> nad_c + pi_c
PANTS_num2,0.0,0.0,0.0,0.0,0.00017085305322757735,0.0,0.0,0.0,3.762319942809902e-05,0.0,,Cgl2688,0,0.0,0.0,ala_B_c + atp_c + pant__R_c --> amp_c + h_c + pnto__R_c + ppi_c
TMPPP_num2,0.0,0.0,0.0,0.0,0.0,0.0,0.0,0.0,0.0,0.0,,Cgl2038,0,0.0,0.0,2mahmp_c + 4mpetz_c + h_c --> ppi_c + thmmp_c
TMPPP_num3,0.0,0.0,0.0,0.0,0.0,0.0,0.0,0.0,0.0,0.0,,Cgl0097,0,0.0,0.0,2mahmp_c + 4mpetz_c + h_c --> ppi_c + thmmp_c
TRATF_num2,0.0,0.0,0.0,0.0,0.0,0.0,0.0,0.0,0.0,0.0,,Cgl0202,0,0.0,0.0,akg_c + tau_c --> 2saa_c + glu__L_c
UPP3MT_num2,0.0,0.0,0.0,0.0,0.0,0.0,0.0,0.0,0.0,0.0,,Cgl1998,0,0.0,0.0,2.0 amet_c + uppg3_c --> 2.0 ahcys_c + dscL_c + h_c
WCOS_num2,0.0,0.0,0.0,0.0,0.0,0.0,0.0,0.0,0.0,0.0,,Cgl0883,0,0.0,0.0,2.0 h_c + mptamp_c + tungs_c --> amp_c + cu2_c + h2o_c + wco_c
WCOS_num3,0.0,0.0,0.0,0.0,0.0,0.0,0.0,0.0,0.0,0.0,,Cgl1196,0,0.0,0.0,2.0 h_c + mptamp_c + tungs_c --> amp_c + cu2_c + h2o_c + wco_c
AMPTASECG_num2,0.0,0.0,0.0,0.0,0.0,0.0,0.0,0.0,0.0,0.0,,Cgl2205,0,0.0,0.0,cgly_c + h2o_c --> cys__L_c + gly_c
MCPST_num2,0.0,0.0,0.0,0.0,0.0,0.0,0.0,0.0,0.0,0.0,,Cgl1424,0,0.0,0.0,cyan_c + mercppyr_c --> h_c + pyr_c + tcynt_c
MCPST_num3,0.0,0.0,0.0,0.0,0.0,0.0,0.0,0.0,0.0,0.0,,Cgl2776,0,0.0,0.0,cyan_c + mercppyr_c --> h_c + pyr_c + tcynt_c
GLNS_num2,0.5518625154814063,0.4935136899352835,0.0,0.0,0.0,0.0,0.0,0.13307662597797917,0.0,0.0,unchanged,Cgl2229,0,0.4935136899352835,-2.974,atp_c + glu__L_c + nh4_c --> adp_c + gln__L_c + h_c + pi_c
G3PAT120_num2,0.0,0.0,0.0,0.0,0.0,0.0,0.0,0.0,0.0,0.0,,Cgl2254,0,0.0,0.0,ddcaACP_c + glyc3p_c --> 1ddecg3p_c + ACP_c
G3PAT120_num3,0.0,0.0,0.0,0.0,0.0,0.0,0.0,0.0,0.0,0.0,,cg3050,0,0.0,0.0,ddcaACP_c + glyc3p_c --> 1ddecg3p_c + ACP_c
G3PAT120_num4,0.0,0.0,0.0,0.0,0.0,0.0,0.0,0.0,0.0,0.0,,Cgl2858,0,0.0,0.0,ddcaACP_c + glyc3p_c --> 1ddecg3p_c + ACP_c
G3PAT120_num5,0.0,0.0,0.0,0.0,0.0,0.0,0.0,0.0,0.0,0.0,,Cgl2892,0,0.0,0.0,ddcaACP_c + glyc3p_c --> 1ddecg3p_c + ACP_c
G3PAT140_num2,0.0,0.0,0.0,0.0,0.0,0.0,0.0,0.0,0.0,0.0,,Cgl2254,0,0.0,0.0,glyc3p_c + myrsACP_c --> 1tdecg3p_c + ACP_c
G3PAT140_num3,0.0,0.0,0.0,0.0,0.0,0.0,0.0,0.0,0.0,0.0,,cg3050,0,0.0,0.0,glyc3p_c + myrsACP_c --> 1tdecg3p_c + ACP_c
G3PAT140_num4,0.0,0.0,0.0,0.0,0.0,0.0,0.0,0.0,0.0,0.0,,Cgl2858,0,0.0,0.0,glyc3p_c + myrsACP_c --> 1tdecg3p_c + ACP_c
G3PAT140_num5,0.0,0.0,0.0,0.0,0.0,0.0,0.0,0.0,0.0,0.0,,Cgl2892,0,0.0,0.0,glyc3p_c + myrsACP_c --> 1tdecg3p_c + ACP_c
G3PAT141_num2,0.0,0.0,0.0,0.0,0.0,0.0,0.0,0.0,0.0,0.0,,Cgl2254,0,0.0,0.0,glyc3p_c + tdeACP_c --> 1tdec7eg3p_c + ACP_c
G3PAT141_num3,0.0,0.0,0.0,0.0,0.0,0.0,0.0,0.0,0.0,0.0,,cg3050,0,0.0,0.0,glyc3p_c + tdeACP_c --> 1tdec7eg3p_c + ACP_c
G3PAT141_num4,0.0,0.0,0.0,0.0,0.0,0.0,0.0,0.0,0.0,0.0,,Cgl2858,0,0.0,0.0,glyc3p_c + tdeACP_c --> 1tdec7eg3p_c + ACP_c
G3PAT141_num5,0.0,0.0,0.0,0.0,0.0,0.0,0.0,0.0,0.0,0.0,,Cgl2892,0,0.0,0.0,glyc3p_c + tdeACP_c --> 1tdec7eg3p_c + ACP_c
G3PAT160_num2,0.0,0.0,0.0,0.0,0.0,0.0,0.0,0.0,0.0,0.0,,Cgl2254,0,0.0,0.0,glyc3p_c + palmACP_c --> 1hdecg3p_c + ACP_c
G3PAT160_num3,0.0,0.0,0.0,0.0,0.0,0.0,0.0,0.0,0.0,0.0,,cg3050,0,0.0,0.0,glyc3p_c + palmACP_c --> 1hdecg3p_c + ACP_c
G3PAT160_num4,0.0,0.0,0.0,0.0,0.0,0.0,0.0,0.0,0.0,0.0,,Cgl2858,0,0.0,0.0,glyc3p_c + palmACP_c --> 1hdecg3p_c + ACP_c
G3PAT160_num5,0.0,0.0,0.0,0.0,0.0,0.0,0.0,0.0,0.0,0.0,,Cgl2892,0,0.0,0.0,glyc3p_c + palmACP_c --> 1hdecg3p_c + ACP_c
G3PAT161_num2,0.0,0.0,0.0,0.0,0.0,0.0,0.0,0.0,0.0,0.0,,Cgl2254,0,0.0,0.0,glyc3p_c + hdeACP_c --> 1hdec9eg3p_c + ACP_c
G3PAT161_num3,0.0,0.0,0.0,0.0,0.0,0.0,0.0,0.0,0.0,0.0,,cg3050,0,0.0,0.0,glyc3p_c + hdeACP_c --> 1hdec9eg3p_c + ACP_c
G3PAT161_num4,0.0,0.0,0.0,0.0,0.0,0.0,0.0,0.0,0.0,0.0,,Cgl2858,0,0.0,0.0,glyc3p_c + hdeACP_c --> 1hdec9eg3p_c + ACP_c
G3PAT161_num5,0.0,0.0,0.0,0.0,0.0,0.0,0.0,0.0,0.0,0.0,,Cgl2892,0,0.0,0.0,glyc3p_c + hdeACP_c --> 1hdec9eg3p_c + ACP_c
G3PAT180_num2,0.0,0.0,0.0,0.0,0.0,0.0,0.0,0.0,0.0,0.0,,Cgl2254,0,0.0,0.0,glyc3p_c + ocdcaACP_c --> 1odecg3p_c + ACP_c
G3PAT180_num3,0.0,0.0,0.0,0.0,0.0,0.0,0.0,0.0,0.0,0.0,,cg3050,0,0.0,0.0,glyc3p_c + ocdcaACP_c --> 1odecg3p_c + ACP_c
G3PAT180_num4,0.0,0.0,0.0,0.0,0.0,0.0,0.0,0.0,0.0,0.0,,Cgl2858,0,0.0,0.0,glyc3p_c + ocdcaACP_c --> 1odecg3p_c + ACP_c
G3PAT180_num5,0.0,0.0,0.0,0.0,0.0,0.0,0.0,0.0,0.0,0.0,,Cgl2892,0,0.0,0.0,glyc3p_c + ocdcaACP_c --> 1odecg3p_c + ACP_c
G3PAT181_num2,0.0,0.0,0.0,0.0,0.0,0.0,0.0,0.0,0.0,0.0,,Cgl2254,0,0.0,0.0,glyc3p_c + octeACP_c --> 1odec11eg3p_c + ACP_c
G3PAT181_num3,0.0,0.0,0.0,0.0,0.0,0.0,0.0,0.0,0.0,0.0,,cg3050,0,0.0,0.0,glyc3p_c + octeACP_c --> 1odec11eg3p_c + ACP_c
G3PAT181_num4,0.0,0.0,0.0,0.0,0.0,0.0,0.0,0.0,0.0,0.0,,Cgl2858,0,0.0,0.0,glyc3p_c + octeACP_c --> 1odec11eg3p_c + ACP_c
G3PAT181_num5,0.0,0.0,0.0,0.0,0.0,0.0,0.0,0.0,0.0,0.0,,Cgl2892,0,0.0,0.0,glyc3p_c + octeACP_c --> 1odec11eg3p_c + ACP_c
LPLIPAL1A180pp_num2,0.0,0.0,0.0,0.0,0.0,0.0,0.0,0.0,0.0,0.0,,Cgl0081,0,0.0,0.0,1odecg3p_c + h2o_c --> glyc3p_c + h_c + ocdca_c
GAPD_num2,0.0,0.0,0.0,0.0,0.0,0.0,0.0,0.0,0.0,0.0,,Cgl1588,0,0.0,0.0,g3p_c + nad_c + pi_c --> 13dpg_c + h_c + nadh_c
GLCP_num2,0.0,0.0,0.0,0.0,0.0,0.0,0.0,0.0,0.0,0.0,,Cgl2087,0,0.0,0.0,glycogen_c + pi_c --> g1p_c
GLCP2_num2,0.0,0.0,0.0,0.0,0.0,0.0,0.0,0.0,0.0,0.0,,Cgl2087,0,0.0,0.0,bglycogen_c + pi_c --> g1p_c
PGM_num2,7.094371332019837,7.03034828601844,6.964800881778928,6.900777835777551,6.8367547897761805,6.7727317437747985,6.8711277533052275,7.109296518687101,7.3474652840689645,7.5913047343408815,unchanged,Cgl2236,0,7.03034828601844,0.064,3pg_c --> 2pg_c
PGM_num3,0.0,0.0,0.0,0.0,0.0,0.0,0.0,0.0,0.0,0.0,,Cgl2350,0,0.0,0.0,3pg_c --> 2pg_c
PGM_num4,0.0,0.0,0.0,0.0,0.0,0.0,0.0,0.0,0.0,0.0,,cg3506,0,0.0,0.0,3pg_c --> 2pg_c
PGM_num5,0.0,0.0,0.0,0.0,0.0,0.0,0.0,0.0,0.0,0.0,,Cgl0402,0,0.0,0.0,3pg_c --> 2pg_c
PYK_num2,0.0,0.0,0.0,0.0,0.0,0.0,2.114622337027537,0.0,0.0,0.0,,Cgl2910,0,0.0,0.0,adp_c + h_c + pep_c --> atp_c + pyr_c
HSTPT_num2,0.0,0.0,0.0,0.0,0.0,0.0,0.0,0.0,0.0,0.0,,Cgl2101,0,0.0,0.0,glu__L_c + imacp_c --> akg_c + hisp_c
CAt6pp_num2,0.0,0.0,0.0,0.0,0.0,0.0,0.0,0.0,0.0,0.0,,Cgl2731,0,0.0,0.0,ca2_c + na1_e --> ca2_e + na1_c
CAt6pp_num3,0.0,0.0,0.0,0.0,0.0,0.0,0.0,0.0,0.0,0.0,,Cgl2729,0,0.0,0.0,ca2_c + na1_e --> ca2_e + na1_c
CAt6pp_num4,0.0,0.0,0.0,0.0,0.0,0.0,0.0,0.0,0.0,0.0,,Cgl0269,0,0.0,0.0,ca2_c + na1_e --> ca2_e + na1_c
CAt6pp_num5,0.0,0.0,0.0,0.0,0.0,0.0,0.0,0.0,0.0,0.0,,Cgl2732,0,0.0,0.0,ca2_c + na1_e --> ca2_e + na1_c
CAt6pp_num6,0.0,0.0,0.0,0.0,0.0,0.0,0.0,0.0,0.0,0.0,,Cgl2730,0,0.0,0.0,ca2_c + na1_e --> ca2_e + na1_c
CAt6pp_num7,0.0,0.0,0.0,0.0,0.0,0.0,0.0,0.0,0.0,0.0,,Cgl0268,0,0.0,0.0,ca2_c + na1_e --> ca2_e + na1_c
CAt6pp_num8,0.0,0.0,0.0,0.0,0.0,0.0,0.0,0.0,0.0,0.0,,Cgl2733,0,0.0,0.0,ca2_c + na1_e --> ca2_e + na1_c
CAt6pp_num9,0.0,0.0,0.0,0.0,0.0,0.0,0.0,0.0,0.0,0.0,,Cgl2734,0,0.0,0.0,ca2_c + na1_e --> ca2_e + na1_c
CYANSTpp_num2,0.0,0.0,0.0,0.0,0.0,0.0,0.0,0.0,0.0,0.0,,Cgl1424,0,0.0,0.0,cyan_c + tsul_c --> h_c + so3_c + tcynt_c
CYANSTpp_num3,0.0,0.0,0.0,0.0,0.0,0.0,0.0,0.0,0.0,0.0,,Cgl2776,0,0.0,0.0,cyan_c + tsul_c --> h_c + so3_c + tcynt_c
CYANSTpp_num4,0.0,0.0,0.0,0.0,0.0,0.0,0.0,0.0,0.0,0.0,,Cgl0054,0,0.0,0.0,cyan_c + tsul_c --> h_c + so3_c + tcynt_c
CYANSTpp_num5,0.0,0.0,0.0,0.0,0.0,0.0,0.0,0.0,0.0,0.0,,Cgl0055,0,0.0,0.0,cyan_c + tsul_c --> h_c + so3_c + tcynt_c
FE3abcpp_num2,0.0,0.0,0.0,0.0,0.0,0.0,0.0,0.0,0.0,0.0,,Cgl0389 and Cgl0390 and Cgl0391,0,0.0,0.0,atp_c + fe3_e + h2o_c --> adp_c + fe3_c + h_c + pi_c
Kabcpp_num2,0.0,0.0,0.0,0.0,0.0,0.0,0.0,0.0,0.0,0.0,,Cgl2784,0,0.0,0.0,atp_c + h2o_c + k_e --> adp_c + h_c + k_c + pi_c
Kabcpp_num3,0.0,0.0,0.0,0.0,0.0,0.0,0.0,0.0,0.0,0.0,,Cgl1141,0,0.0,0.0,atp_c + h2o_c + k_e --> adp_c + h_c + k_c + pi_c
Kabcpp_num4,0.0,0.0,0.0,0.0,0.0,0.0,0.0,0.0,0.0,0.0,,Cgl2887,0,0.0,0.0,atp_c + h2o_c + k_e --> adp_c + h_c + k_c + pi_c
Kabcpp_num5,0.0,0.0,0.0,0.0,0.0,0.0,0.0,0.0,0.0,0.0,,Cgl1509,0,0.0,0.0,atp_c + h2o_c + k_e --> adp_c + h_c + k_c + pi_c
MG2t3_2pp_num2,0.0,0.0,0.0,0.0,0.0,0.0,0.0,0.0,0.0,0.0,,Cgl0224,0,0.0,0.0,2.0 h_c + mg2_e --> 2.0 h_e + mg2_c
NAt3_1p5pp_num2,0.0,0.0,0.0,0.0,0.0,0.0,0.0,0.0,0.0,0.0,,Cgl2731,0,0.0,0.0,3.0 h_e + 2.0 na1_c --> 3.0 h_c + 2.0 na1_e
NAt3_1p5pp_num3,0.0,0.0,0.0,0.0,0.0,0.0,0.0,0.0,0.0,0.0,,Cgl2729,0,0.0,0.0,3.0 h_e + 2.0 na1_c --> 3.0 h_c + 2.0 na1_e
NAt3_1p5pp_num4,0.0,0.0,0.0,0.0,0.0,0.0,0.0,0.0,0.0,0.0,,Cgl0269,0,0.0,0.0,3.0 h_e + 2.0 na1_c --> 3.0 h_c + 2.0 na1_e
NAt3_1p5pp_num5,0.0,0.0,0.0,0.0,0.0,0.0,0.0,0.0,0.0,0.0,,Cgl2732,0,0.0,0.0,3.0 h_e + 2.0 na1_c --> 3.0 h_c + 2.0 na1_e
NAt3_1p5pp_num6,0.0,0.0,0.0,0.0,0.0,0.0,0.0,0.0,0.0,0.0,,Cgl2730,0,0.0,0.0,3.0 h_e + 2.0 na1_c --> 3.0 h_c + 2.0 na1_e
NAt3_1p5pp_num7,0.0,0.0,0.0,0.0,0.0,0.0,0.0,0.0,0.0,0.0,,Cgl0268,0,0.0,0.0,3.0 h_e + 2.0 na1_c --> 3.0 h_c + 2.0 na1_e
NAt3_1p5pp_num8,0.0,0.0,0.0,0.0,0.0,0.0,0.0,0.0,0.0,0.0,,Cgl2733,0,0.0,0.0,3.0 h_e + 2.0 na1_c --> 3.0 h_c + 2.0 na1_e
NAt3_1p5pp_num9,0.0,0.0,0.0,0.0,0.0,0.0,0.0,0.0,0.0,0.0,,Cgl2734,0,0.0,0.0,3.0 h_e + 2.0 na1_c --> 3.0 h_c + 2.0 na1_e
NAt3_2pp_num2,0.0,0.0,0.0,0.0,0.0,0.0,0.0,0.0,0.0,0.0,,Cgl2731,0,0.0,0.0,2.0 h_e + na1_c --> 2.0 h_c + na1_e
NAt3_2pp_num3,0.0,0.0,0.0,0.0,0.0,0.0,0.0,0.0,0.0,0.0,,Cgl2729,0,0.0,0.0,2.0 h_e + na1_c --> 2.0 h_c + na1_e
NAt3_2pp_num4,0.0,0.0,0.0,0.0,0.0,0.0,0.0,0.0,0.0,0.0,,Cgl0269,0,0.0,0.0,2.0 h_e + na1_c --> 2.0 h_c + na1_e
NAt3_2pp_num5,0.0,0.0,0.0,0.0,0.0,0.0,0.0,0.0,0.0,0.0,,Cgl2732,0,0.0,0.0,2.0 h_e + na1_c --> 2.0 h_c + na1_e
NAt3_2pp_num6,0.0,0.0,0.0,0.0,0.0,0.0,0.0,0.0,0.0,0.0,,Cgl2730,0,0.0,0.0,2.0 h_e + na1_c --> 2.0 h_c + na1_e
NAt3_2pp_num7,0.0,0.0,0.0,0.0,0.0,0.0,0.0,0.0,0.0,0.0,,Cgl0268,0,0.0,0.0,2.0 h_e + na1_c --> 2.0 h_c + na1_e
NAt3_2pp_num8,0.0,0.0,0.0,0.0,0.0,0.0,0.0,0.0,0.0,0.0,,Cgl2733,0,0.0,0.0,2.0 h_e + na1_c --> 2.0 h_c + na1_e
NAt3_2pp_num9,0.0,0.0,0.0,0.0,0.0,0.0,0.0,0.0,0.0,0.0,,Cgl2734,0,0.0,0.0,2.0 h_e + na1_c --> 2.0 h_c + na1_e
NH4tpp_num2,3.7579462010853133,0.0,0.0,0.0,0.0,5.939634014662735,0.0,6.766994544869477,7.167865151942044,7.578280297278239,,Cgl1583,0,0.0,2.517,nh4_e --> nh4_c
ZN2abcpp_num2,0.0,0.0,0.0,0.0,0.0,0.0,0.0,0.0,0.0,0.0,,Cgl2628 and Cgl2629 and Cgl2630,0,0.0,0.0,atp_c + h2o_c + zn2_c --> adp_c + h_c + pi_c + zn2_e
FE2tpp_num2,0.0,0.0,0.0,0.0,0.0,0.0,0.0,0.0,0.0,0.0,,Cgl0039,0,0.0,0.0,fe2_e --> fe2_c
MI2DH_num2,0.0,0.0,0.0,0.0,0.0,0.0,0.0,0.0,0.0,0.0,,Cgl2110,0,0.0,0.0,inost_c + nad_c --> 2ins_c + h_c + nadh_c
MI2DH_num3,0.0,0.0,0.0,0.0,0.0,0.0,0.0,0.0,0.0,0.0,,Cgl3062,0,0.0,0.0,inost_c + nad_c --> 2ins_c + h_c + nadh_c
MI2DH_num4,0.0,0.0,0.0,0.0,0.0,0.0,0.0,0.0,0.0,0.0,,Cgl3063,0,0.0,0.0,inost_c + nad_c --> 2ins_c + h_c + nadh_c
U23GAAT_num2,0.0,0.0,0.0,0.0,0.0,0.0,0.0,0.0,0.0,0.0,,Cgl2254,0,0.0,0.0,3hmrsACP_c + u3hga_c --> ACP_c + h_c + u23ga_c
U23GAAT_num3,0.0,0.0,0.0,0.0,0.0,0.0,0.0,0.0,0.0,0.0,,cg3050,0,0.0,0.0,3hmrsACP_c + u3hga_c --> ACP_c + h_c + u23ga_c
U23GAAT_num4,0.0,0.0,0.0,0.0,0.0,0.0,0.0,0.0,0.0,0.0,,Cgl2858,0,0.0,0.0,3hmrsACP_c + u3hga_c --> ACP_c + h_c + u23ga_c
U23GAAT_num5,0.0,0.0,0.0,0.0,0.0,0.0,0.0,0.0,0.0,0.0,,Cgl2892,0,0.0,0.0,3hmrsACP_c + u3hga_c --> ACP_c + h_c + u23ga_c
UAGAAT_num2,0.0,0.0,0.0,0.0,0.0,0.0,0.0,0.0,0.0,0.0,,Cgl2254,0,0.0,0.0,3hmrsACP_c + uacgam_c --> ACP_c + u3aga_c
UAGAAT_num3,0.0,0.0,0.0,0.0,0.0,0.0,0.0,0.0,0.0,0.0,,cg3050,0,0.0,0.0,3hmrsACP_c + uacgam_c --> ACP_c + u3aga_c
UAGAAT_num4,0.0,0.0,0.0,0.0,0.0,0.0,0.0,0.0,0.0,0.0,,Cgl2858,0,0.0,0.0,3hmrsACP_c + uacgam_c --> ACP_c + u3aga_c
UAGAAT_num5,0.0,0.0,0.0,0.0,0.0,0.0,0.0,0.0,0.0,0.0,,Cgl2892,0,0.0,0.0,3hmrsACP_c + uacgam_c --> ACP_c + u3aga_c
ACCOAC_num2,0.0,0.0,0.0,0.0,0.0,0.0,0.0,0.0,0.0,0.0,,Cgl2870,0,0.0,0.0,accoa_c + atp_c + hco3_c --> adp_c + h_c + malcoa_c + pi_c
ACOATA_num2,0.0,0.0,0.0,0.0,0.0,0.0,0.0,0.0,0.0,0.0,,Cgl2254,0,0.0,0.0,ACP_c + accoa_c --> acACP_c + coa_c
ACOATA_num3,0.0,0.0,0.0,0.0,0.0,0.0,0.0,0.0,0.0,0.0,,cg3050,0,0.0,0.0,ACP_c + accoa_c --> acACP_c + coa_c
ACOATA_num4,0.0,0.0,0.0,0.0,0.0,0.0,0.0,0.0,0.0,0.0,,Cgl2858,0,0.0,0.0,ACP_c + accoa_c --> acACP_c + coa_c
ACOATA_num5,0.0,0.0,0.0,0.0,0.0,0.0,0.0,0.0,0.0,0.0,,Cgl2892,0,0.0,0.0,ACP_c + accoa_c --> acACP_c + coa_c
KAS14_num2,0.0,0.0,0.0,0.0,0.0,0.0,0.0,0.0,0.0,0.001842211620146317,,Cgl2683,0,0.0,0.0,acACP_c + h_c + malACP_c --> ACP_c + actACP_c + co2_c
KAS14_num3,0.0,0.0,0.0,0.0,0.0,0.0,0.0,0.0,0.0,0.0,,Cgl2872,0,0.0,0.0,acACP_c + h_c + malACP_c --> ACP_c + actACP_c + co2_c
KAS15_num2,0.0,0.0,0.0,0.0,0.0,0.0,0.0,0.0,0.0,0.0,,Cgl2683,0,0.0,0.0,accoa_c + h_c + malACP_c --> actACP_c + co2_c + coa_c
KAS15_num3,0.0,0.0,0.0,0.0,0.0,0.0,0.0,0.0,0.0,0.0,,Cgl2872,0,0.0,0.0,accoa_c + h_c + malACP_c --> actACP_c + co2_c + coa_c
MCOATA_num2,0.0,0.0,0.0,0.0,0.0,0.0,0.0,0.0,0.0,0.0,,Cgl2254,0,0.0,0.0,ACP_c + malcoa_c --> coa_c + malACP_c
MCOATA_num3,0.0,0.0,0.0,0.0,0.0,0.0,0.0,0.0,0.0,0.0,,cg3050,0,0.0,0.0,ACP_c + malcoa_c --> coa_c + malACP_c
MCOATA_num4,0.0,0.0,0.0,0.0,0.0,0.0,0.0,0.0,0.0,0.0,,Cgl2858,0,0.0,0.0,ACP_c + malcoa_c --> coa_c + malACP_c
MCOATA_num5,0.0,0.0,0.0,0.0,0.0,0.0,0.0,0.0,0.0,0.0,,Cgl2892,0,0.0,0.0,ACP_c + malcoa_c --> coa_c + malACP_c
HSST_num2,0.0,0.0,0.0,0.0,0.0,0.0,0.012848899635486931,0.008709248468122235,0.0045695973007574865,0.0,,Cgl0839,0,0.0,0.0,accoa_c + hom__L_c --> achms_c + coa_c
METSOXR1_num2,0.0,0.0,0.0,0.0,0.0,0.0,0.0,0.0,0.0,0.0,,Cgl2926,0,0.0,0.0,metsox_S__L_c + trdrd_c --> h2o_c + met__L_c + trdox_c
SHSL1_num2,0.0,0.0,0.02838860325664169,0.024569943024089616,0.0,0.0,0.0,0.0,0.0,0.0,,Cgl2786,0,0.0,0.0,cys__L_c + suchms_c --> cyst__L_c + h_c + succ_c
MPTG_num2,0.0,0.0,0.0,0.0,0.0,0.0,0.0,0.0,0.0,0.0,,Cgl0325,0,0.0,0.0,2.0 uaagmda_c --> 2.0 h_c + murein5p5p_e + 2.0 udcpdp_c
MPTG_num3,0.0,0.0,0.0,0.0,0.0,0.0,0.0,0.0,0.0,0.0,,Cgl0327,0,0.0,0.0,2.0 uaagmda_c --> 2.0 h_c + murein5p5p_e + 2.0 udcpdp_c
MPTG_num4,0.0,0.0,0.0,0.0,0.0,0.0,0.0,0.0,0.0,0.0,,Cgl0349,0,0.0,0.0,2.0 uaagmda_c --> 2.0 h_c + murein5p5p_e + 2.0 udcpdp_c
MPTG2_num2,0.0,0.0,0.0,0.0,0.0,0.0,0.0,0.0,0.0,0.0,,Cgl0325,0,0.0,0.0,murein5p5p_e + uaagmda_c --> h_c + murein5p5p5p_e + udcpdp_c
MPTG2_num3,0.0,0.0,0.0,0.0,0.0,0.0,0.0,0.0,0.0,0.0,,Cgl0327,0,0.0,0.0,murein5p5p_e + uaagmda_c --> h_c + murein5p5p5p_e + udcpdp_c
MPTG2_num4,0.0,0.0,0.0,0.0,0.0,0.0,0.0,0.0,0.0,0.0,,Cgl0349,0,0.0,0.0,murein5p5p_e + uaagmda_c --> h_c + murein5p5p5p_e + udcpdp_c
NHFRBO_num2,0.0,0.0,0.0,0.0,0.0,0.0,0.0,0.0,0.0,0.0,,Cgl0100,0,0.0,0.0,h_c + nadh_c + 2.0 no_c --> h2o_c + n2o_c + nad_c
DCTPD_num2,0.0,0.0,0.0,0.0,0.0,0.0,0.0,0.0,0.0,0.0,,Cgl0228,0,0.0,0.0,dctp_c + h2o_c + h_c --> dutp_c + nh4_c
GSNHYDRO_num2,0.0,0.0,0.0,0.0,0.0,0.0,0.0,0.0,0.0,0.0,,Cgl1144,0,0.0,0.0,gsn_c + h2o_c --> gua_c + rib__D_c
HXPRT_num2,0.0,0.0,0.0,0.0,0.0,0.0,0.0,0.0,0.0,0.0,,Cgl1468,0,0.0,0.0,hxan_c + prpp_c --> imp_c + ppi_c
UPPRT_num2,0.0,0.0,0.0,0.0,0.0,0.0,0.0,0.0,0.0,0.0,,Cgl1613,0,0.0,0.0,prpp_c + ura_c --> ppi_c + ump_c
XTSNH_num2,0.0,0.06230993329983306,0.0,0.0,0.0,0.0,0.0,0.0,0.0,0.0,,Cgl1178,0,0.06230993329983306,0.0,h2o_c + xtsn_c --> rib__D_c + xan_c
XTSNH_num3,0.0,0.0,0.0,0.0,0.0,0.0,0.0,0.0,0.0,0.0,,Cgl2793,0,0.0,0.0,h2o_c + xtsn_c --> rib__D_c + xan_c
FDH4pp_num2,0.0,0.0,0.0,0.0,0.0,0.0,0.0,0.0,0.0,0.0,,Cgl0529,0,0.0,0.0,for_e + 2.0 h_c + q8_c --> co2_c + h_e + q8h2_c
FDH5pp_num2,0.0,0.0,0.0,0.0,0.0,0.0,0.0,0.0,0.0,0.0,,Cgl0529,0,0.0,0.0,for_e + 2.0 h_c + mqn8_c --> co2_c + h_e + mql8_c
NADPHQR2_num2,0.0,0.0,0.0,0.0,0.0,0.0,0.0,0.0,0.0,0.0,,Cgl2537,0,0.0,0.0,h_c + nadph_c + q8_c --> nadp_c + q8h2_c
NADPHQR2_num3,0.0,0.0,0.0,0.0,0.0,0.0,0.0,0.0,0.0,0.0,,Cgl3004,0,0.0,0.0,h_c + nadph_c + q8_c --> nadp_c + q8h2_c
NADPHQR2_num4,0.0,0.0,0.0,0.0,0.0,0.0,0.0,0.0,0.0,0.0,,Cgl0203,0,0.0,0.0,h_c + nadph_c + q8_c --> nadp_c + q8h2_c
NADPHQR3_num2,0.0,0.0,0.0,0.0,0.0,0.0,0.0,0.0,0.0,0.0,,Cgl2537,0,0.0,0.0,h_c + mqn8_c + nadph_c --> mql8_c + nadp_c
NADPHQR3_num3,0.0,0.0,0.0,0.0,0.0,0.0,0.0,0.0,0.0,0.0,,Cgl3004,0,0.0,0.0,h_c + mqn8_c + nadph_c --> mql8_c + nadp_c
NADPHQR3_num4,0.0,0.0,0.0,0.0,0.0,0.0,0.0,0.0,0.0,0.0,,Cgl0203,0,0.0,0.0,h_c + mqn8_c + nadph_c --> mql8_c + nadp_c
NADPHQR4_num2,0.0,0.0,0.0,0.0,0.0,0.0,0.0,0.0,0.0,0.0,,Cgl2537,0,0.0,0.0,2dmmq8_c + h_c + nadph_c --> 2dmmql8_c + nadp_c
NADPHQR4_num3,0.0,0.0,0.0,0.0,0.0,0.0,0.0,0.0,0.0,0.0,,Cgl3004,0,0.0,0.0,2dmmq8_c + h_c + nadph_c --> 2dmmql8_c + nadp_c
NADPHQR4_num4,0.0,0.0,0.0,0.0,0.0,0.0,0.0,0.0,0.0,0.0,,Cgl0203,0,0.0,0.0,2dmmq8_c + h_c + nadph_c --> 2dmmql8_c + nadp_c
IMPD_num2,0.0,0.0,0.0,0.06568170050475616,0.0,0.04526520238931807,0.03434837341080842,0.0,0.0,0.0,,Cgl0604,0,0.0,0.0,h2o_c + imp_c + nad_c --> h_c + nadh_c + xmp_c
IMPD_num3,0.0,0.08634125216919117,0.0,0.0,0.05547345144704051,0.0,0.0,0.0,0.012215694641270468,0.0,,Cgl2679,0,0.08634125216919117,-2.821,h2o_c + imp_c + nad_c --> h_c + nadh_c + xmp_c
ALCD2x_num2,0.0,0.0,0.0,0.0,0.0,0.0,0.0,0.0,0.0,0.0,,Cgl0222,0,0.0,0.0,etoh_c + nad_c --> acald_c + h_c + nadh_c
DAPDC_num2,0.08892840292926527,0.49532593814310627,0.9113996051477532,1.3177971403615947,1.724194675575436,2.1305922107892767,2.5462370975699034,2.951844275491539,3.3574514534131743,3.7727159450948484,up,Cgl2135,0,0.49532593814310627,2.753,26dap__M_c + h_c --> co2_c + lys__L_c
THDPS_num2,0.0,0.0,0.0,0.0,0.0,0.0,0.0,0.0,0.0,0.0,,Cgl1108,0,0.0,0.0,h2o_c + succoa_c + thdp_c --> coa_c + sl2a6o_c
ACMANAptspp_num2,0.0,0.0,0.0,0.0,0.0,0.0,0.0,0.0,0.0,0.0,,Cgl1937,0,0.0,0.0,acmana_e + pep_c --> acmanap_c + pyr_c
ACMUMptspp_num2,0.0,0.0,0.0,0.0,0.0,0.0,0.0,0.0,0.0,0.0,,Cgl1937,0,0.0,0.0,acmum_e + pep_c --> acmum6p_c + pyr_c
GLYBabcpp_num2,0.0,0.0,0.0,0.0,0.0,0.0,0.0,0.0,0.0,0.0,,Cgl2312,0,0.0,0.0,atp_c + glyb_e + h2o_c --> adp_c + glyb_c + h_c + pi_c
LEUt2rpp_num2,0.0,0.0,0.0,0.0,0.0,0.0,0.0,0.0,0.0,0.0,,Cgl0259,0,0.0,0.0,h_e + leu__L_e --> h_c + leu__L_c
LEUt2rpp_num3,0.0,0.0,0.0,0.0,0.0,0.0,0.0,0.0,0.0,0.0,,Cgl2310,0,0.0,0.0,h_e + leu__L_e --> h_c + leu__L_c
PA120abcpp_num2,0.0,0.0,0.0,0.0,0.0,0.0,0.0,0.0,0.0,0.0,,Cgl1458 and Cgl1459 and Cgl1460 and Cgl1461,0,0.0,0.0,atp_c + h2o_c + pa120_c --> adp_c + h_c + pa120_e + pi_c
PA140abcpp_num2,0.0,0.0,0.0,0.0,0.0,0.0,0.0,0.0,0.0,0.0,,Cgl1458 and Cgl1459 and Cgl1460 and Cgl1461,0,0.0,0.0,atp_c + h2o_c + pa140_c --> adp_c + h_c + pa140_e + pi_c
PA141abcpp_num2,0.0,0.0,0.0,0.0,0.0,0.0,0.0,0.0,0.0,0.0,,Cgl1458 and Cgl1459 and Cgl1460 and Cgl1461,0,0.0,0.0,atp_c + h2o_c + pa141_c --> adp_c + h_c + pa141_e + pi_c
PA160abcpp_num2,0.0,0.0,0.0,0.0,0.0,0.0,0.0,0.0,0.0,0.0,,Cgl1458 and Cgl1459 and Cgl1460 and Cgl1461,0,0.0,0.0,atp_c + h2o_c + pa160_c --> adp_c + h_c + pa160_e + pi_c
PA161abcpp_num2,0.0,0.0,0.0,0.0,0.0,0.0,0.0,0.0,0.0,0.0,,Cgl1458 and Cgl1459 and Cgl1460 and Cgl1461,0,0.0,0.0,atp_c + h2o_c + pa161_c --> adp_c + h_c + pa161_e + pi_c
PA180abcpp_num2,0.0,0.0,0.0,0.0,0.0,0.0,0.0,0.0,0.0,0.0,,Cgl1458 and Cgl1459 and Cgl1460 and Cgl1461,0,0.0,0.0,atp_c + h2o_c + pa180_c --> adp_c + h_c + pa180_e + pi_c
PA181abcpp_num2,0.0,0.0,0.0,0.0,0.0,0.0,0.0,0.0,0.0,0.0,,Cgl1458 and Cgl1459 and Cgl1460 and Cgl1461,0,0.0,0.0,atp_c + h2o_c + pa181_c --> adp_c + h_c + pa181_e + pi_c
PGP120abcpp_num2,0.0,0.0,0.0,0.0,0.0,0.0,0.0,0.0,0.0,0.0,,Cgl1458 and Cgl1459 and Cgl1460 and Cgl1461,0,0.0,0.0,atp_c + h2o_c + pgp120_c --> adp_c + h_c + pgp120_e + pi_c
PGP140abcpp_num2,0.0,0.0,0.0,0.0,0.0,0.0,0.0,0.0,0.0,0.0,,Cgl1458 and Cgl1459 and Cgl1460 and Cgl1461,0,0.0,0.0,atp_c + h2o_c + pgp140_c --> adp_c + h_c + pgp140_e + pi_c
PGP141abcpp_num2,0.0,0.0,0.0,0.0,0.0,0.0,0.0,0.0,0.0,0.0,,Cgl1458 and Cgl1459 and Cgl1460 and Cgl1461,0,0.0,0.0,atp_c + h2o_c + pgp141_c --> adp_c + h_c + pgp141_e + pi_c
PGP160abcpp_num2,0.0,0.0,0.0,0.0,0.0,0.0,0.0,0.0,0.0,0.0,,Cgl1458 and Cgl1459 and Cgl1460 and Cgl1461,0,0.0,0.0,atp_c + h2o_c + pgp160_c --> adp_c + h_c + pgp160_e + pi_c
PGP161abcpp_num2,0.0,0.0,0.0,0.0,0.0,0.0,0.0,0.0,0.0,0.0,,Cgl1458 and Cgl1459 and Cgl1460 and Cgl1461,0,0.0,0.0,atp_c + h2o_c + pgp161_c --> adp_c + h_c + pgp161_e + pi_c
PGP180abcpp_num2,0.0,0.0,0.0,0.0,0.0,0.0,0.0,0.0,0.0,0.0,,Cgl1458 and Cgl1459 and Cgl1460 and Cgl1461,0,0.0,0.0,atp_c + h2o_c + pgp180_c --> adp_c + h_c + pgp180_e + pi_c
PGP181abcpp_num2,0.0,0.0,0.0,0.0,0.0,0.0,0.0,0.0,0.0,0.0,,Cgl1458 and Cgl1459 and Cgl1460 and Cgl1461,0,0.0,0.0,atp_c + h2o_c + pgp181_c --> adp_c + h_c + pgp181_e + pi_c
PHEMEabcpp_num2,0.0,0.0,0.0,0.0,0.0,0.0,0.0,0.0,0.0,0.0,,Cgl1458 and Cgl1459 and Cgl1460 and Cgl1461,0,0.0,0.0,atp_c + h2o_c + pheme_c --> adp_c + h_c + pheme_e + pi_c
PSERtex_num2,0.0,0.0,0.0,0.0,0.0,0.0,0.0,0.0,0.0,0.0,,Cgl0575,0,0.0,0.0,pser__L_e --> pser__L_c
PSERtex_num3,0.0,0.0,0.0,0.0,0.0,0.0,0.0,0.0,0.0,0.0,,Cgl0876,0,0.0,0.0,pser__L_e --> pser__L_c
PSERtex_num4,0.0,0.0,0.0,0.0,0.0,0.0,0.0,0.0,0.0,0.0,,Cgl1093,0,0.0,0.0,pser__L_e --> pser__L_c
TREptsp_num2,0.0,0.0,0.0,0.0,0.0,0.0,0.0,0.0,0.0,0.0,,Cgl2875,0,0.0,0.0,pep_c + tre_c --> pyr_c + tre6p_c
TREptsp_num3,0.0,0.0,0.0,0.0,0.0,0.0,0.0,0.0,0.0,0.0,,Cgl2878,0,0.0,0.0,pep_c + tre_c --> pyr_c + tre6p_c
TREptspp_num2,0.0,0.0,0.0,0.0,0.0,0.0,0.0,0.0,0.0,0.0,,Cgl2875,0,0.0,0.0,pep_c + tre_e --> pyr_c + tre6p_c
TREptspp_num3,0.0,0.0,0.0,0.0,0.0,0.0,0.0,0.0,0.0,0.0,,Cgl2878,0,0.0,0.0,pep_c + tre_e --> pyr_c + tre6p_c
URAt2pp_num2,0.0,0.0,0.0,0.0,0.0,0.0,0.0,0.0,0.0,0.0,,Cgl2358,0,0.0,0.0,h_e + ura_e --> h_c + ura_c
URAt2rpp_num2,0.0,0.0,0.0,0.0,0.0,0.0,0.0,0.0,0.0,0.0,,Cgl2358,0,0.0,0.0,h_e + ura_e --> h_c + ura_c
XANt2pp_num2,0.0,0.0,0.0,0.0,0.0,0.0,0.0,0.0,0.0,0.0,,Cgl2358,0,0.0,0.0,h_e + xan_e --> h_c + xan_c
ALATRS_num2,0.0,0.0,0.0,0.0,0.0,0.0,0.0,0.0,0.0,0.0,,cgtRNA_3530,0,0.0,0.0,ala__L_c + atp_c + trnaala_c --> alatrna_c + amp_c + ppi_c
ALATRS_num3,0.0,0.0,0.0,0.0,0.0,0.0,0.0,0.0,0.0,0.0,,cgtRNA_3532,0,0.0,0.0,ala__L_c + atp_c + trnaala_c --> alatrna_c + amp_c + ppi_c
ALATRS_num4,0.0,0.0,0.0,0.0,0.0,0.0,0.0,0.0,0.0,0.0,,cgtRNA_3580,0,0.0,0.0,ala__L_c + atp_c + trnaala_c --> alatrna_c + amp_c + ppi_c
ARGTRS_num2,0.0,0.0,0.0,0.0,0.0,0.0,0.0,0.0,0.0,0.0,,cgtRNA_3537,0,0.0,0.0,arg__L_c + atp_c + trnaarg_c --> amp_c + argtrna_c + ppi_c
ARGTRS_num3,0.0,0.0,0.0,0.0,0.0,0.0,0.0,0.0,0.0,0.0,,cgtRNA_3549,0,0.0,0.0,arg__L_c + atp_c + trnaarg_c --> amp_c + argtrna_c + ppi_c
ARGTRS_num4,0.0,0.0,0.0,0.0,0.0,0.0,0.0,0.0,0.0,0.0,,cgtRNA_3552,0,0.0,0.0,arg__L_c + atp_c + trnaarg_c --> amp_c + argtrna_c + ppi_c
ARGTRS_num5,0.0,0.0,0.0,0.0,0.0,0.0,0.0,0.0,0.0,0.0,,cgtRNA_3575,0,0.0,0.0,arg__L_c + atp_c + trnaarg_c --> amp_c + argtrna_c + ppi_c
ASNTRS_num2,0.0,0.0,0.0,0.0,0.0,0.0,0.0,0.0,0.0,0.0,,cgtRNA_3572,0,0.0,0.0,asn__L_c + atp_c + trnaasn_c --> amp_c + asntrna_c + ppi_c
CYSTRS_num2,0.0,0.0,0.0,0.0,0.0,0.0,0.0,0.0,0.0,0.0,,Cgl0368 and cgtRNA_3564,0,0.0,0.0,atp_c + cys__L_c + trnacys_c --> amp_c + cystrna_c + ppi_c
FMETTRS_num2,0.0,0.0,0.0,0.0,0.0,0.0,0.0,0.0,0.0,0.0,,Cgl0893,0,0.0,0.0,10fthf_c + mettrna_c --> fmettrna_c + h_c + thf_c
GLUTRS_num2,0.0,0.0,0.0,0.0,0.0,0.0,0.0,0.0,0.0,0.0,,cgtRNA_3556,0,0.0,0.0,atp_c + glu__L_c + trnaglu_c --> amp_c + glutrna_c + ppi_c
GLUTRS_num3,0.0,0.0,0.0,0.0,0.0,0.0,0.0,0.0,0.0,0.0,,cgtRNA_3557,0,0.0,0.0,atp_c + glu__L_c + trnaglu_c --> amp_c + glutrna_c + ppi_c
GLUTRS_num4,0.0,0.0,0.0,0.0,0.0,0.0,0.0,0.0,0.0,0.0,,cgtRNA_3584,0,0.0,0.0,atp_c + glu__L_c + trnaglu_c --> amp_c + glutrna_c + ppi_c
GLYTRS_num2,0.0,0.0,0.0,0.0,0.0,0.0,0.0,0.0,0.0,0.0,,cgtRNA_3565,0,0.0,0.0,atp_c + gly_c + trnagly_c --> amp_c + glytrna_c + ppi_c
GLYTRS_num3,0.0,0.0,0.0,0.0,0.0,0.0,0.0,0.0,0.0,0.0,,cgtRNA_3567,0,0.0,0.0,atp_c + gly_c + trnagly_c --> amp_c + glytrna_c + ppi_c
GLYTRS_num4,0.0,0.0,0.0,0.0,0.0,0.0,0.0,0.0,0.0,0.0,,cgtRNA_3574,0,0.0,0.0,atp_c + gly_c + trnagly_c --> amp_c + glytrna_c + ppi_c
GLYTRS_num5,0.0,0.0,0.0,0.0,0.0,0.0,0.0,0.0,0.0,0.0,,cgtRNA_3587,0,0.0,0.0,atp_c + gly_c + trnagly_c --> amp_c + glytrna_c + ppi_c
ILETRS_num2,0.0,0.0,0.0,0.0,0.0,0.0,0.0,0.0,0.0,0.0,,cgtRNA_2531,0,0.0,0.0,atp_c + ile__L_c + trnaile_c --> amp_c + iletrna_c + ppi_c
LEUTRS_num2,0.0,0.0,0.0,0.0,0.0,0.0,0.0,0.0,0.0,0.0,,cgtRNA_3551,0,0.0,0.0,atp_c + leu__L_c + trnaleu_c --> amp_c + leutrna_c + ppi_c
LEUTRS_num3,0.0,0.0,0.0,0.0,0.0,0.0,0.0,0.0,0.0,0.0,,cgtRNA_3558,0,0.0,0.0,atp_c + leu__L_c + trnaleu_c --> amp_c + leutrna_c + ppi_c
LEUTRS_num4,0.0,0.0,0.0,0.0,0.0,0.0,0.0,0.0,0.0,0.0,,cgtRNA_3560,0,0.0,0.0,atp_c + leu__L_c + trnaleu_c --> amp_c + leutrna_c + ppi_c
LEUTRS_num5,0.0,0.0,0.0,0.0,0.0,0.0,0.0,0.0,0.0,0.0,,cgtRNA_3561,0,0.0,0.0,atp_c + leu__L_c + trnaleu_c --> amp_c + leutrna_c + ppi_c
LEUTRS_num6,0.0,0.0,0.0,0.0,0.0,0.0,0.0,0.0,0.0,0.0,,cgtRNA_3579,0,0.0,0.0,atp_c + leu__L_c + trnaleu_c --> amp_c + leutrna_c + ppi_c
LYSTRS_num2,0.0,0.0,0.0,0.0,0.0,0.0,0.0,0.0,0.0,0.0,,cgtRNA_3578,0,0.0,0.0,atp_c + lys__L_c + trnalys_c --> amp_c + lystrna_c + ppi_c
LYSTRS_num3,0.0,0.0,0.0,0.0,0.0,0.0,0.0,0.0,0.0,0.0,,cgtRNA_3585,0,0.0,0.0,atp_c + lys__L_c + trnalys_c --> amp_c + lystrna_c + ppi_c
METTRS_num2,0.0,0.0,0.0,0.0,0.0,0.0,0.0,0.0,0.0,0.0,,cgtRNA_3547,0,0.0,0.0,atp_c + met__L_c + trnamet_c --> amp_c + mettrna_c + ppi_c
METTRS_num3,0.0,0.0,0.0,0.0,0.0,0.0,0.0,0.0,0.0,0.0,,cgtRNA_3548,0,0.0,0.0,atp_c + met__L_c + trnamet_c --> amp_c + mettrna_c + ppi_c
METTRS_num4,0.0,0.0,0.0,0.0,0.0,0.0,0.0,0.0,0.0,0.0,,cgtRNA_3570,0,0.0,0.0,atp_c + met__L_c + trnamet_c --> amp_c + mettrna_c + ppi_c
PROTRS_num2,0.0,0.0,0.0,0.0,0.0,0.0,0.0,0.0,0.0,0.0,,cgtRNA_3559,0,0.0,0.0,atp_c + pro__L_c + trnapro_c --> amp_c + ppi_c + protrna_c
PROTRS_num3,0.0,0.0,0.0,0.0,0.0,0.0,0.0,0.0,0.0,0.0,,cgtRNA_3573,0,0.0,0.0,atp_c + pro__L_c + trnapro_c --> amp_c + ppi_c + protrna_c
SERTRS_num2,0.0,0.0,0.0,0.0,0.0,0.0,0.0,0.0,0.0,0.0,,cgtRNA_3535,0,0.0,0.0,atp_c + ser__L_c + trnaser_c --> amp_c + ppi_c + sertrna_c
SERTRS_num3,0.0,0.0,0.0,0.0,0.0,0.0,0.0,0.0,0.0,0.0,,cgtRNA_3538,0,0.0,0.0,atp_c + ser__L_c + trnaser_c --> amp_c + ppi_c + sertrna_c
SERTRS_num4,0.0,0.0,0.0,0.0,0.0,0.0,0.0,0.0,0.0,0.0,,cgtRNA_3579,0,0.0,0.0,atp_c + ser__L_c + trnaser_c --> amp_c + ppi_c + sertrna_c
THRTRS_num2,0.0,0.0,0.0,0.0,0.0,0.0,0.0,0.0,0.0,0.0,,cgtRNA_3543,0,0.0,0.0,atp_c + thr__L_c + trnathr_c --> amp_c + ppi_c + thrtrna_c
THRTRS_num3,0.0,0.0,0.0,0.0,0.0,0.0,0.0,0.0,0.0,0.0,,cgtRNA_3544,0,0.0,0.0,atp_c + thr__L_c + trnathr_c --> amp_c + ppi_c + thrtrna_c
THRTRS_num4,0.0,0.0,0.0,0.0,0.0,0.0,0.0,0.0,0.0,0.0,,cgtRNA_3586,0,0.0,0.0,atp_c + thr__L_c + trnathr_c --> amp_c + ppi_c + thrtrna_c
VALTRS_num2,0.0,0.0,0.0,0.0,0.0,0.0,0.0,0.0,0.0,0.0,,cgtRNA_3566,0,0.0,0.0,atp_c + trnaval_c + val__L_c --> amp_c + ppi_c + valtrna_c
VALTRS_num3,0.0,0.0,0.0,0.0,0.0,0.0,0.0,0.0,0.0,0.0,,cgtRNA_3568,0,0.0,0.0,atp_c + trnaval_c + val__L_c --> amp_c + ppi_c + valtrna_c
VALTRS_num4,0.0,0.0,0.0,0.0,0.0,0.0,0.0,0.0,0.0,0.0,,cgtRNA_3569,0,0.0,0.0,atp_c + trnaval_c + val__L_c --> amp_c + ppi_c + valtrna_c
PHETA1_num2,0.06103403380235892,0.05458086097252207,0.0,0.0,0.0,0.0,0.0,0.0,0.0,0.0,,Cgl2101,0,0.05458086097252207,0.0,glu__L_c + phpyr_c --> akg_c + phe__L_c
SHK3Dr_num2,0.11121629284461912,0.0994573132309804,0.0,0.075659378298617,0.0639003986849788,0.0,0.0,0.0,0.014071375359371939,0.0,,Cgl1629,0,0.0994573132309804,-3.904,3dhsk_c + h_c + nadph_c --> nadp_c + skm_c
TYRTA_num2,0.0,0.0,0.0,0.0,0.0,0.0,0.0,0.0,0.0,0.0,,Cgl2101,0,0.0,0.0,34hpp_c + glu__L_c --> akg_c + tyr__L_c
THRD_L_num2,0.0898831593193629,0.08037974744496716,0.07065006385927648,0.06114665198488106,0.0516432401104857,0.04213982823609019,0.03197676094036808,0.02167450631073885,0.011372251681109492,0.0008247052745842564,,Cgl2127,0,0.08037974744496716,-2.83,thr__L_c --> 2obut_c + nh4_c
ALCD19_reverse_num2,0.0,0.0,0.0,0.0,0.0,0.0,0.0,0.0,0.0,0.0,,cg1423,0,0.0,0.0,glyc_c + nad_c --> glyald_c + h_c + nadh_c
ALCD19_reverse_num3,0.0,0.0,0.0,0.0,0.0,0.0,0.0,0.0,0.0,0.0,,Cgl2469,0,0.0,0.0,glyc_c + nad_c --> glyald_c + h_c + nadh_c
ARAI_reverse_num2,0.0,0.0,0.0,0.0,0.0,0.0,0.0,0.0,0.0,0.0,,Cgl3006,0,0.0,0.0,rbl__L_c --> arab__L_c
HPYRI_reverse_num2,0.0,0.0,0.0,0.0,0.0,0.0,0.0,0.0,0.0,0.0,,Cgl2471,0,0.0,0.0,2h3oppan_c --> hpyr_c
MCITL2_reverse_num2,0.0,0.0,0.0,0.0,0.0,0.0,0.0,0.0,0.0,0.0,,Cgl0658,0,0.0,0.0,pyr_c + succ_c --> micit_c
PMANM_reverse_num2,0.0,0.0,0.0,0.0,0.0,0.0,0.0,0.0,0.0,0.0,,Cgl0746,0,0.0,0.0,man6p_c --> man1p_c
MCITD_reverse_num2,0.0,0.0,0.0,0.0,0.0,0.0,0.0,0.0,0.0,0.0,,Cgl0694,0,0.0,0.0,2mcacn_c + h2o_c --> 2mcit_c
MCITD_reverse_num3,0.0,0.0,0.0,0.0,0.0,0.0,0.0,0.0,0.0,0.0,,Cgl2538,0,0.0,0.0,2mcacn_c + h2o_c --> 2mcit_c
GALUi_reverse_num2,0.0,0.0,0.0,0.0,0.0,0.0,0.0,0.0,0.0,0.0,,Cgl0882,0,0.0,0.0,ppi_c + udpg_c --> g1p_c + h_c + utp_c
TRATF_reverse_num2,0.0,0.0,0.0,0.0,0.0,0.0,0.0,0.0,0.0,0.0,,Cgl0202,0,0.0,0.0,2saa_c + glu__L_c --> akg_c + tau_c
GAPD_reverse_num2,0.0,0.0,0.0,0.0,0.0,0.0,0.0,0.0,0.0,0.0,,Cgl1588,0,0.0,0.0,13dpg_c + h_c + nadh_c --> g3p_c + nad_c + pi_c
PGM_reverse_num2,0.0,0.0,0.0,0.0,0.0,0.0,0.0,0.0,0.0,0.0,,Cgl2236,0,0.0,0.0,2pg_c --> 3pg_c
PGM_reverse_num3,0.0,0.0,0.0,0.0,0.0,0.0,0.0,0.0,0.0,0.0,,Cgl2350,0,0.0,0.0,2pg_c --> 3pg_c
PGM_reverse_num4,0.0,0.0,0.0,0.0,0.0,0.0,0.0,0.0,0.0,0.0,,cg3506,0,0.0,0.0,2pg_c --> 3pg_c
PGM_reverse_num5,0.0,0.0,0.0,0.0,0.0,0.0,0.0,0.0,0.0,0.0,,Cgl0402,0,0.0,0.0,2pg_c --> 3pg_c
CAt6pp_reverse_num2,0.0,0.0,0.0,0.0,0.0,0.0,0.0,0.0,0.0,0.0,,Cgl2731,0,0.0,0.0,ca2_e + na1_c --> ca2_c + na1_e
CAt6pp_reverse_num3,0.0,0.0,0.0,0.0,0.0,0.0,0.0,0.0,0.0,0.0,,Cgl2729,0,0.0,0.0,ca2_e + na1_c --> ca2_c + na1_e
CAt6pp_reverse_num4,0.0,0.0,0.0,0.0,0.0,0.0,0.0,0.0,0.0,0.0,,Cgl0269,0,0.0,0.0,ca2_e + na1_c --> ca2_c + na1_e
CAt6pp_reverse_num5,0.0,0.0,0.0,0.0,0.0,0.0,0.0,0.0,0.0,0.0,,Cgl2732,0,0.0,0.0,ca2_e + na1_c --> ca2_c + na1_e
CAt6pp_reverse_num6,0.0,0.0,0.0,0.0,0.0,0.0,0.0,0.0,0.0,0.0,,Cgl2730,0,0.0,0.0,ca2_e + na1_c --> ca2_c + na1_e
CAt6pp_reverse_num7,0.014665370518215209,0.0,0.0,0.0,0.0,0.0,0.0,0.0,0.0,0.0,,Cgl0268,0,0.0,0.0,ca2_e + na1_c --> ca2_c + na1_e
CAt6pp_reverse_num8,0.0,0.0,0.0,0.0,0.0,0.0,0.0,0.0,0.0,0.0,,Cgl2733,0,0.0,0.0,ca2_e + na1_c --> ca2_c + na1_e
CAt6pp_reverse_num9,0.0,0.0,0.0,0.0,0.0,0.0,0.0,0.0,0.0,0.0,,Cgl2734,0,0.0,0.0,ca2_e + na1_c --> ca2_c + na1_e
MG2t3_2pp_reverse_num2,0.0,0.0,0.0,0.0,0.0,0.0,0.0,0.0,0.0,0.0,,Cgl0224,0,0.0,0.0,2.0 h_e + mg2_c --> 2.0 h_c + mg2_e
NH4tpp_reverse_num2,0.0,0.0,0.0,0.0,0.0,0.0,0.0,0.0,0.0,0.0,,Cgl1583,0,0.0,0.0,nh4_c --> nh4_e
MI2DH_reverse_num2,0.0,0.0,0.0,0.0,0.0,0.0,0.0,0.0,0.0,0.0,,Cgl2110,0,0.0,0.0,2ins_c + h_c + nadh_c --> inost_c + nad_c
MI2DH_reverse_num3,0.0,0.0,0.0,0.0,0.0,0.0,0.0,0.0,0.0,0.0,,Cgl3062,0,0.0,0.0,2ins_c + h_c + nadh_c --> inost_c + nad_c
MI2DH_reverse_num4,0.0,0.0,0.0,0.0,0.0,0.0,0.0,0.0,0.0,0.0,,Cgl3063,0,0.0,0.0,2ins_c + h_c + nadh_c --> inost_c + nad_c
UAGAAT_reverse_num2,0.0,0.0,0.0,0.0,0.0,0.0,0.0,0.0,0.0,0.0,,Cgl2254,0,0.0,0.0,ACP_c + u3aga_c --> 3hmrsACP_c + uacgam_c
UAGAAT_reverse_num3,0.0,0.0,0.0,0.0,0.0,0.0,0.0,0.0,0.0,0.0,,cg3050,0,0.0,0.0,ACP_c + u3aga_c --> 3hmrsACP_c + uacgam_c
UAGAAT_reverse_num4,0.0,0.0,0.0,0.0,0.0,0.0,0.0,0.0,0.0,0.0,,Cgl2858,0,0.0,0.0,ACP_c + u3aga_c --> 3hmrsACP_c + uacgam_c
UAGAAT_reverse_num5,0.0,0.0,0.0,0.0,0.0,0.0,0.0,0.0,0.0,0.0,,Cgl2892,0,0.0,0.0,ACP_c + u3aga_c --> 3hmrsACP_c + uacgam_c
ACOATA_reverse_num2,0.0,0.0,0.0,0.0,0.0,0.0,0.0,0.0,0.0,0.0,,Cgl2254,0,0.0,0.0,acACP_c + coa_c --> ACP_c + accoa_c
ACOATA_reverse_num3,0.0,0.0,0.0,0.0,0.0,0.0,0.0,0.0,0.0,0.0,,cg3050,0,0.0,0.0,acACP_c + coa_c --> ACP_c + accoa_c
ACOATA_reverse_num4,0.0,0.0,0.0,0.0,0.0,0.0,0.0,0.0,0.0,0.0,,Cgl2858,0,0.0,0.0,acACP_c + coa_c --> ACP_c + accoa_c
ACOATA_reverse_num5,0.0,0.0,0.0,0.0,0.0,0.0,0.0,0.0,0.0,0.0,,Cgl2892,0,0.0,0.0,acACP_c + coa_c --> ACP_c + accoa_c
MCOATA_reverse_num2,0.0,0.0,0.0,0.0,0.0,0.0,0.0,0.0,0.0,0.0,,Cgl2254,0,0.0,0.0,coa_c + malACP_c --> ACP_c + malcoa_c
MCOATA_reverse_num3,0.0,0.0,0.0,0.0,0.0,0.0,0.0,0.0,0.0,0.0,,cg3050,0,0.0,0.0,coa_c + malACP_c --> ACP_c + malcoa_c
MCOATA_reverse_num4,0.0,0.0,0.0,0.0,0.0,0.0,0.0,0.0,0.0,0.0,,Cgl2858,0,0.0,0.0,coa_c + malACP_c --> ACP_c + malcoa_c
MCOATA_reverse_num5,0.0,0.0,0.0,0.0,0.0,0.0,0.0,0.0,0.0,0.0,,Cgl2892,0,0.0,0.0,coa_c + malACP_c --> ACP_c + malcoa_c
ALCD2x_reverse_num2,0.0,0.0,0.0,0.0,0.0,0.0,0.0,0.0,0.0,0.0,,Cgl0222,0,0.0,0.0,acald_c + h_c + nadh_c --> etoh_c + nad_c
LEUt2rpp_reverse_num2,0.0,0.0,0.0,0.0,0.0,0.0,0.0,0.0,0.0,0.0,,Cgl0259,0,0.0,0.0,h_c + leu__L_c --> h_e + leu__L_e
LEUt2rpp_reverse_num3,0.0,0.0,0.0,0.0,0.0,0.0,0.0,0.0,0.0,0.0,,Cgl2310,0,0.0,0.0,h_c + leu__L_c --> h_e + leu__L_e
PSERtex_reverse_num2,0.0,0.0,0.0,0.0,0.0,0.0,0.0,0.0,0.0,0.0,,Cgl0575,0,0.0,0.0,pser__L_c --> pser__L_e
PSERtex_reverse_num3,0.0,0.0,0.0,0.0,0.0,0.0,0.0,0.0,0.0,0.0,,Cgl0876,0,0.0,0.0,pser__L_c --> pser__L_e
PSERtex_reverse_num4,0.0,0.0,0.0,0.0,0.0,0.0,0.0,0.0,0.0,0.0,,Cgl1093,0,0.0,0.0,pser__L_c --> pser__L_e
URAt2rpp_reverse_num2,0.0,0.0,0.0,0.0,0.0,0.0,0.0,0.0,0.0,0.0,,Cgl2358,0,0.0,0.0,h_c + ura_c --> h_e + ura_e
PHETA1_reverse_num2,0.0,0.0,0.0,0.0,0.0,0.0,0.0,0.0,0.0,0.0,,Cgl2101,0,0.0,0.0,akg_c + phe__L_c --> glu__L_c + phpyr_c
SHK3Dr_reverse_num2,0.0,0.0,0.0,0.0,0.0,0.0,0.0,0.0,0.0,0.0,,Cgl1629,0,0.0,0.0,nadp_c + skm_c --> 3dhsk_c + h_c + nadph_c
TYRTA_reverse_num2,0.0,0.0,0.0,0.0,0.0,0.0,0.0,0.0,0.0,0.0,,Cgl2101,0,0.0,0.0,akg_c + tyr__L_c --> 34hpp_c + glu__L_c
EX_fe2_e_reverse,0.0409159028431359,0.03658983464665101,0.03216076482644038,0.027834696629955635,0.023508628433470923,0.019182560236986144,0.014556208902555042,0.009866497807805501,0.005176786713055905,0.0003754158303361062,,,0,0.03658983464665101,-2.83, --> fe2_e
EX_fe3_e_reverse,0.0,0.0,0.0,0.0,0.0,0.0,0.0,0.0,0.0,0.0,,,0,0.0,0.0, --> fe3_e
