,reaction,product = 0.0,product = 0.78,product = 1.56,product = 2.34,product = 3.11,product = 3.89,product = 4.67,product = 5.45,product = 6.23,product = 7.01,manipulation,gpr,direction,mean_flux,result,equation
0,ALAR,0.07690286635054948,0.07027987458173562,0.06365688281292163,0.05703389104410753,0.05049580942617558,0.043872817657361424,0.03724982588854755,0.02752845222101956,0.014320952497458564,0.001113452773897716,,Cgl0588,0,0.07027987458173562,-2.295,ala__L_c --> ala__D_c
1,ALATA_L,0.39384948446194634,0.4788949609755881,0.43376515100446894,0.38863534103334907,0.2586086768122895,0.2989543083984303,0.25382449842731186,0.18758196611138478,0.09758457920165371,0.007587192291923672,unchanged,Cgl2844,0,0.4788949609755881,-2.158,glu__L_c + pyr_c --> akg_c + ala__L_c
2,ASNN,0.0,0.0,0.0,0.0,0.0,0.0,0.0,0.0,0.0,0.0,,Cgl2143,0,0.0,0.0,asn__L_c + h2o_c --> asp__L_c + nh4_c
3,ASNS1,0.0,0.0,0.0,0.0,0.0,0.0,0.0,0.03298526417161106,0.0,0.0,,Cgl2196,0,0.0,0.0,asp__L_c + atp_c + gln__L_c + h2o_c --> amp_c + asn__L_c + glu__L_c + h_c + ppi_c
4,ASNS2,0.09214689375780039,0.08421106317252967,0.07627523258725878,0.06833940200198778,0.06050531283447655,0.05256948224920548,0.044633651663934744,0.0,0.01715971524752395,0.0013341663234370182,,Cgl2196,0,0.08421106317252967,-3.772,asp__L_c + atp_c + nh4_c --> amp_c + asn__L_c + h_c + ppi_c
5,ASPT,0.0,0.0,0.0,0.0,0.0,0.0,0.0,0.0,0.0,0.0,,Cgl1503,0,0.0,0.0,asp__L_c --> fum_c + nh4_c
6,ASPTA,0.0,0.0,0.0,0.0,0.0,0.0,0.0,0.0,0.0,0.0,,Cgl0240,0,0.0,0.0,akg_c + asp__L_c --> glu__L_c + oaa_c
7,DAAD,0.0,0.0,0.0,0.0,0.0,0.0,0.0,0.0,0.0,0.0,,Cgl3012,0,0.0,0.0,ala__D_c + fad_c + h2o_c --> fadh2_c + nh4_c + pyr_c
8,VPAMT,0.0,0.1189643929016577,0.10775349931855513,0.09654260573545241,0.0,0.07426454797415825,0.0630536543910559,0.04659805706094654,0.024241412349879053,0.0018847676388118175,unchanged,Cgl2844,0,0.1189643929016577,-1.64,3mob_c + ala__L_c --> pyr_c + val__L_c
9,2METS,0.0,0.0,0.0,0.0,0.0,0.0,0.0,0.0,0.0,0.0,,Cgl0659,0,0.0,0.0,h2o_c + oaa_c + ppcoa_c --> coa_c + hcat_c
10,ACHMSC,0.0,0.03300640667069262,0.0,0.026785531605131925,0.02371497147661792,0.02060453394383752,0.0,0.012928527468628048,0.006725726032607773,0.0,,,0,0.03300640667069262,-0.748,achms_c + cys__L_c --> ac_c + cyst__L_c + h_c
11,ACNML,0.0,0.0,0.0,0.0,0.0,0.0,0.0,0.0,0.0,0.0,,Cgl2646,0,0.0,0.0,acnam_c --> acmana_c + pyr_c
12,ADNUC_num1,0.0,0.0,0.0,0.0,0.0,0.0,0.0,0.0,0.0,0.0,,Cgl0102,0,0.0,0.0,adn_c + h2o_c --> ade_c + rib__D_c
13,AGDC,0.0,0.0,0.0,0.0,0.0,0.0,0.0,0.0,0.0,0.0,,Cgl2645,0,0.0,0.0,acgam6p_c + h2o_c --> ac_c + gam6p_c
14,ALCD19_num1,0.0,0.0,0.0,0.0,0.0,0.0,0.0,0.0,0.0,0.0,,Cgl0331,0,0.0,0.0,glyald_c + h_c + nadh_c --> glyc_c + nad_c
15,ALDD19x,0.0,0.0,0.0,0.0,0.0,0.0,0.0,0.0,0.0,0.0,,Cgl2796,0,0.0,0.0,h2o_c + nad_c + pacald_c --> 2.0 h_c + nadh_c + pac_c
16,ALDD2x,0.0,0.0,0.0,0.0,0.0,0.0,0.0,0.0,0.0,0.0,,Cgl2668,0,0.0,0.0,acald_c + h2o_c + nad_c --> ac_c + 2.0 h_c + nadh_c
17,AMALT1,0.0,0.0,0.0,0.0,0.0,0.0,0.0,0.0,0.0,0.0,,Cgl2297,0,0.0,0.0,malt_c + malttr_c --> glc__D_c + maltttr_c
18,AMALT2,0.0,0.0,0.0,0.0,0.0,0.0,0.0,0.0,0.0,0.0,,Cgl2297,0,0.0,0.0,malt_c + maltttr_c --> glc__D_c + maltpt_c
19,AMALT3,0.0,0.0,0.0,0.0,0.0,0.0,0.0,0.0,0.0,0.0,,Cgl2297,0,0.0,0.0,malt_c + maltpt_c --> glc__D_c + malthx_c
20,AMALT4,0.0,0.0,0.0,0.0,0.0,0.0,0.0,0.0,0.0,0.0,,Cgl2297,0,0.0,0.0,malt_c + malthx_c --> glc__D_c + malthp_c
21,AMANAPEr,0.0,0.0,0.0,0.0,0.0,0.0,0.0,0.0,0.0,0.0,,Cgl2648,0,0.0,0.0,acmanap_c --> acgam6p_c
22,APG,0.013452983456150291,0.012294392067762649,0.011135800679374985,0.009977209290987301,0.008833471638348162,0.007674880249960468,0.006516288861572824,0.004815682820126168,0.002505232199622007,0.00019478157911787116,,,0,0.012294392067762649,-2.295,cdpdag_c + glyc3p_c --> apg_c + cmp_c
23,ARAI_num1,0.0,0.0,0.0,0.0,0.0,0.0,0.0,0.0,0.0,0.0,,Cgl1023,0,0.0,0.0,arab__L_c --> rbl__L_c
24,BETALDHx,0.0,0.0,0.0,0.0,0.0,0.0,0.0,0.0,0.0,0.0,,Cgl0546,0,0.0,0.0,betald_c + h2o_c + nad_c --> glyb_c + 2.0 h_c + nadh_c
25,BETALDHy,0.0,0.0,0.0,0.0,0.0,0.0,0.0,0.0,0.0,0.0,,Cgl0546,0,0.0,0.0,betald_c + h2o_c + nadp_c --> glyb_c + 2.0 h_c + nadph_c
26,CBMKr,0.15134811197940906,0.13831378247475878,0.12527945297010823,0.1122451234654575,0.09937790074932772,0.08634357124467687,0.07330924174002655,0.05417716487152642,0.028184243645187224,0.0021913224188483205,,,0,0.13831378247475878,-2.295,atp_c + co2_c + nh4_c --> adp_c + cbp_c + 2.0 h_c
27,DHACOAH,0.0,0.0,0.0,0.0,0.0,0.0,0.0,0.0,0.0,0.0,,Cgl0919,0,0.0,0.0,23dhacoa_c + h2o_c --> 3hadpcoa_c
28,DHAPT,0.0,0.0,0.0,0.0,0.0,0.0,0.0,0.0,0.0,0.0,,Cgl1528,0,0.0,0.0,dha_c + pep_c --> dhap_c + pyr_c
29,DHPTDNRN,0.0,0.0,0.0,0.0,0.0,0.0,0.0,0.0,0.0,0.0,,Cgl2838,0,0.0,0.0,dhptdn_c + 3.0 h_c + nadh_c --> nad_c + thptdn_c
30,DRPA,0.0,0.0,0.0,0.0,0.0,0.0,0.0,0.0,0.0,0.0,,Cgl0383,0,0.0,0.0,2dr5p_c --> acald_c + g3p_c
31,FFSD_num1,0.0,0.0,0.0,0.0,0.0,0.0,0.0,0.0,0.0,0.0,,Cgl2643,0,0.0,0.0,h2o_c + suc6p_c --> fru_c + g6p_c
32,FRUK,0.0,0.0,0.0,0.0,0.0,0.0,0.0,0.0,0.0,0.0,,Cgl1935,0,0.0,0.0,atp_c + f1p_c --> adp_c + fdp_c + h_c
33,G3PD2,0.0,0.0,0.0,0.0,0.0,0.0,0.0,0.0,0.0,0.0,,Cgl1320,0,0.0,0.0,glyc3p_c + nadp_c --> dhap_c + h_c + nadph_c
34,G3PT,0.0,0.0,0.0,0.0,0.0,0.0,0.0,0.0,0.0,0.0,,Cgl1506,0,0.0,0.0,glyc3p_c + h2o_c --> glyc_c + pi_c
35,G6PDA,0.0,0.0,0.0,0.0,0.0,0.0,0.0,0.0,0.0,0.0,,Cgl2644,0,0.0,0.0,gam6p_c + h2o_c --> f6p_c + nh4_c
36,GLCATr,0.0,0.0,0.0,0.0,0.0,0.0,0.0,0.0,0.0,0.0,,Cgl0143,0,0.0,0.0,accoa_c + glc__D_c --> acglc__D_c + coa_c
37,GLCRD,0.0,0.0,0.0,0.0,0.0,0.0,0.0,0.0,0.0,0.0,,Cgl0422,0,0.0,0.0,glcr_c --> 5dh4dglc_c + h2o_c
38,GLYCDx,0.0,0.0,0.0,0.0,0.0,0.0,0.0,0.0,0.0,0.0,,Cgl2674,0,0.0,0.0,dha_c + h_c + nadh_c --> glyc_c + nad_c
39,GLYK,8.26045628818313e-05,7.549053233921127e-05,6.837650179659108e-05,6.12624712539708e-05,5.423964623112759e-05,4.7125615688507244e-05,4.0011585145887196e-05,2.9569453915607542e-05,1.5382729893468822e-05,1.1960058713302589e-06,,Cgl2890,0,7.549053233921127e-05,-2.295,atp_c + glyc_c --> adp_c + glyc3p_c + h_c
40,GNK_num1,0.0,0.0,0.0,0.0,0.0,0.0,0.0,0.0,0.0,0.0,,Cgl2485,0,0.0,0.0,atp_c + glcn_c --> 6pgc_c + adp_c + h_c
41,GUI1,0.0,0.0,0.0,0.0,0.0,0.0,0.0,0.0,0.0,0.0,,Cgl2484,0,0.0,0.0,glcur_c --> fruur_c
42,HCO3E,0.1170491228049323,1.4859263072861555,0.09688822598347285,0.4824108656153018,0.8974539173186431,1.3452801980333269,1.769459821708121,0.04189936393215851,4.6895952134572,0.0016947179819717456,unchanged,Cgl2670,0,1.4859263072861555,1.477,co2_c + h2o_c --> h_c + hco3_c
43,HEX7,0.0,0.0,0.0,0.0,0.0,0.0,0.0,0.0,0.0,0.0,,,0,0.0,0.0,atp_c + fru_c --> adp_c + f6p_c + h_c
44,HPYRI_num1,0.0,0.0,0.0,0.0,0.0,0.0,0.0,0.0,0.0,0.0,,Cgl2109,0,0.0,0.0,hpyr_c --> 2h3oppan_c
45,HSST_2,0.036116844203472886,0.0,0.029895969137912298,0.0,0.0,0.0,0.017494096411057248,0.0,0.0,0.0005229245965875652,,,0,0.0,-6.98,hom__L_c + succoa_c --> coa_c + suchms_c
46,HXCT,0.0,0.0,0.0,0.0,0.0,0.0,0.0,0.0,0.0,0.0,,Cgl2569 and Cgl2360,0,0.0,0.0,accoa_c + hxa_c --> ac_c + hxcoa_c
47,MALGT,0.0,0.0,0.0,0.0,0.0,0.0,0.0,0.0,0.0,0.0,,Cgl2303,0,0.0,0.0,malt_c --> tre_c
48,MALTATr,0.0,0.0,0.0,0.0,0.0,0.0,0.0,0.0,0.0,0.0,,Cgl0143,0,0.0,0.0,accoa_c + malt_c --> acmalt_c + coa_c
49,MAN1PG,0.0,0.0,0.0,0.0,0.0,0.0,0.0,0.0,0.0,0.0,,Cgl0742,0,0.0,0.0,gtp_c + man1p_c --> gdpmann_c + ppi_c
50,MAN6PI,0.0,0.0,0.0,0.0,0.0,0.0,0.0,0.0,0.0,0.0,,Cgl0748,0,0.0,0.0,man6p_c --> f6p_c
51,MCITL2_num1,0.0,0.0,0.0,0.0,0.0,0.0,0.0,0.0,0.0,0.0,,Cgl0695,0,0.0,0.0,micit_c --> pyr_c + succ_c
52,MM_COA_ADD5,0.0,0.0,0.0,0.0,0.0,0.0,0.0,0.0,0.0,0.0,,Cgl0707,0,0.0,0.0,atp_c + hco3_c + ppcoa_c --> adp_c + h_c + mmcoa__S_c + pi_c
53,MMM2,0.0,0.0,0.0,0.0,0.0,0.0,0.0,0.0,0.0,0.0,,Cgl1529 and Cgl1530,0,0.0,0.0,succoa_c --> mmcoa__R_c
54,MSDH_num1,0.0,0.0,0.0,0.0,0.0,0.0,0.0,0.0,0.0,0.0,,Cgl0160,0,0.0,0.0,2mop_c + coa_c + h2o_c + nad_c --> hco3_c + nadh_c + ppcoa_c
55,PFK_2,0.0,0.0,0.0,0.0,0.0,0.0,0.0,0.0,0.0,0.0,,Cgl1250,0,0.0,0.0,atp_c + tag6p__D_c --> adp_c + h_c + tagdp__D_c
56,PGLYCP_num1,0.0,0.0,0.0,0.0,0.0,0.0,0.0,0.0,0.0,0.0,,Cgl2239,0,0.0,0.0,2pglyc_c + h2o_c --> glyclt_c + pi_c
57,PGMT,0.0,0.0,0.0,0.0,0.0,0.0,0.0,0.0,0.0,0.0,,Cgl2541,0,0.0,0.0,g1p_c --> g6p_c
58,PMANM_num1,0.0,0.0,0.0,0.0,0.0,0.0,0.0,0.0,0.0,0.0,,Cgl0687,0,0.0,0.0,man1p_c --> man6p_c
59,PPASUCC,0.0,0.0,0.0,0.0,0.0,0.0,0.0,0.0,0.0,0.0,,,0,0.0,0.0,oaa_c + ppa_c --> pyr_c + succ_c
60,RBK_num1,0.06967692534493172,0.06367624260143878,0.05767555985793979,0.0,0.04575112620096332,0.0397504434574551,0.0,0.0,0.0,0.0010088306130014034,,Cgl1366,0,0.06367624260143878,-7.565,atp_c + rib__D_c --> adp_c + h_c + r5p_c
61,SUCptsp,0.0,0.0,0.0,0.0,0.0,0.0,0.0,0.0,0.0,0.0,,Cgl3036,0,0.0,0.0,h2o_c + sucr_e --> f6p_c + g6p_c
62,TRE6p,0.02072462863198065,0.0,0.017154955579336297,0.015370119053014077,0.0,0.011823328519937828,0.0,0.0,0.003859367488503813,0.0003000654765336195,,,0,0.0,-3.187,h2o_c + tre6p_c --> g6p_c + glc__D_c
63,TRE6PP,0.007363890255628797,0.006729700831177915,0.00609551140672702,0.0054613219822761145,0.004835263191472007,0.004201073767021096,0.003566884342570213,0.0026360070915804096,0.001371313288462421,0.00010661948534444531,,Cgl2626,0,0.006729700831177915,-2.295,h2o_c + tre6p_c --> pi_c + tre_c
64,TRE6PS,0.028088518887609448,0.006729700831177915,0.02325046698606332,0.020831441035290194,0.004835263191472007,0.016024402286958925,0.003566884342570213,0.0026360070915804096,0.005230680776966234,0.0004066849618780648,,Cgl2624,0,0.006729700831177915,-2.811,g6p_c + udpg_c --> h_c + tre6p_c + udp_c
65,UACGAMPpp,0.0,0.0,0.0,0.0,0.0,0.0,0.0,0.0,0.0,0.0,,,0,0.0,0.0,h2o_c + uacgam_c --> acgam1p_c + 2.0 h_c + ump_c
66,UDPARA,0.28457686224012135,0.26006867020967267,0.23556047817922343,0.21105228614877386,0.18685830170845788,0.1623501096780081,0.13784191764755935,0.10186825182399553,0.052994276018782864,0.004120300213570743,,,0,0.26006867020967267,-2.295,h_c + r5p_c + utp_c --> ppi_c + udpara_c
67,UDPG4E,0.03047752109606071,0.027852750642993994,0.025227980189927224,0.022603209736860412,0.020012090187038013,0.01738731973397118,0.014762549280904464,0.010909853209938621,0.005675563897285839,0.00044127458463311857,,Cgl1921,0,0.027852750642993994,-2.295,udpg_c --> udpgal_c
68,UDPGALPpp,0.0,0.0,0.0,0.0,0.0,0.0,0.0,0.0,0.0,0.0,,,0,0.0,0.0,h2o_c + udpgal_c --> gal1p_c + 2.0 h_c + ump_c
69,UDPGPpp_num1,0.0,0.0,0.0,0.0,0.0,0.0,0.0,0.0,0.0,0.0,,Cgl0276,0,0.0,0.0,h2o_c + udpg_c --> g1p_c + 2.0 h_c + ump_c
70,UGLCURPpp,0.0,0.0,0.0,0.0,0.0,0.0,0.0,0.0,0.0,0.0,,,0,0.0,0.0,h2o_c + udpglcur_c --> glcur1p_c + 2.0 h_c + ump_c
71,XYLI1,0.0,0.0,0.0,0.0,0.0,0.0,0.0,0.0,0.0,0.0,,Cgl0172,0,0.0,0.0,xyl__D_c --> xylu__D_c
72,XYLI2,0.0,0.0,0.0,0.0,0.0,0.0,0.0,0.0,0.0,0.0,,Cgl0172,0,0.0,0.0,fru_c --> glc__D_c
73,XYLK,0.0,0.0,0.0,0.0,0.0,0.0,0.0,0.0,0.0,0.0,,Cgl0112,0,0.0,0.0,atp_c + xylu__D_c --> adp_c + h_c + xu5p__D_c
74,GALKr,0.0,0.0,0.0,0.0,0.0,0.0,0.0,0.0,0.0,0.0,,Cgl2233,0,0.0,0.0,atp_c + gal_c --> adp_c + gal1p_c + h_c
75,M1PD,0.0,0.0,0.0,0.0,0.0,0.0,0.0,0.0,0.0,0.0,,Cgl0109,0,0.0,0.0,f6p_c + h_c + nadh_c --> mnl1p_c + nad_c
76,MAN2D,0.0,0.0,0.0,0.0,0.0,0.0,0.0,0.0,0.0,0.0,,Cgl0109,0,0.0,0.0,fru_c + h_c + nadh_c --> mnl_c + nad_c
77,MCITD_num1,0.0,0.0,0.0,0.0,0.0,0.0,0.0,0.0,0.0,0.0,,Cgl0657,0,0.0,0.0,2mcit_c --> 2mcacn_c + h2o_c
78,HDPA1,0.0,0.0,0.0,0.0,0.0,0.0,0.0,0.0,0.0,0.0,,,0,0.0,0.0,dha_c + pi_c --> dhap_c + h2o_c
79,HDPA2,0.0,0.0,0.0,0.0,0.0,0.0,0.0,0.0,0.0,0.0,,,0,0.0,0.0,atp_c + dha_c --> adp_c + dhap_c
80,ICL,0.0,0.0,0.0,0.0,0.0,0.0,0.0,0.6413095081028637,1.7276871535166796,2.283116990005243,,Cgl2331,0,0.0,0.0,icit_c --> glx_c + succ_c
81,MALS,0.0,0.0,0.0,0.0,0.0,0.0,0.0,0.6413095081028637,1.7276871535166796,2.283116990005243,,Cgl2330,0,0.0,0.0,accoa_c + glx_c + h2o_c --> coa_c + h_c + mal__L_c
82,ME1_num1,0.0,0.0,0.0,0.0,0.0,0.0,0.0,0.0,0.0,0.0,,Cgl0234,0,0.0,0.0,mal__L_c + nad_c --> co2_c + nadh_c + pyr_c
83,ME2,0.0,0.0,0.0,0.0,0.0,0.0,0.0,0.0,0.0,0.0,,Cgl3007,0,0.0,0.0,mal__L_c + nadp_c --> co2_c + nadph_c + pyr_c
84,PPA,0.0,0.0,0.0,0.0,0.0,0.0,0.0,0.0,0.0,0.0,,Cgl2700,0,0.0,0.0,h2o_c + ppi_c --> h_c + 2.0 pi_c
85,PPA2,0.0,0.0,0.0,0.0,0.0,0.0,0.0,0.0,0.0,0.0,,Cgl2700,0,0.0,0.0,h2o_c + pppi_c --> h_c + pi_c + ppi_c
86,PPC,1.223196884871736,1.8900533094682386,2.556909734064739,2.8281630706186762,3.0614757902782106,3.2704254857492905,3.5030218382602696,5.19205085523652,0.0,4.674493298689003,unchanged,Cgl1585,0,1.8900533094682386,0.799,co2_c + h2o_c + pep_c --> h_c + oaa_c + pi_c
87,PPCK,0.0,0.0,0.0,0.0,0.0,0.0,0.0,0.0,0.0,0.0,,Cgl2864,0,0.0,0.0,atp_c + oaa_c --> adp_c + co2_c + pep_c
88,ABTA,0.0,0.0,0.0,0.0,0.0,0.0,0.0,0.7421438429033611,0.0,0.0,,Cgl0479,0,0.0,0.0,4abut_c + akg_c --> glu__L_c + sucsal_c
89,ACGK,0.09035936459501318,0.08257747873889845,0.07479559288278356,0.06701370702666855,0.059331588937939515,0.05154970308182444,0.04376781722570969,0.03234539320858141,0.016826839225563887,0.0013082852425465364,,Cgl1396,0,0.08257747873889845,-2.295,acglu_c + atp_c --> acg5p_c + adp_c
90,ACGS,0.0,0.0,0.0,0.0,0.0,0.0,0.0,0.0,0.0,0.0,,Cgl1395,0,0.0,0.0,accoa_c + glu__L_c --> acglu_c + coa_c + h_c
91,ACODA,0.0,0.0,0.0,0.0,0.0,0.0,0.0,0.0,0.0,0.0,,Cgl2829,0,0.0,0.0,acorn_c + h2o_c --> ac_c + orn_c
92,ACOTA,0.0,0.0,0.0,0.0,0.0,0.0,0.0,0.0,0.0,0.0,,Cgl1397,0,0.0,0.0,acorn_c + akg_c --> acg5sa_c + glu__L_c
93,AGPR,0.0,0.0,0.0,0.0,0.0,0.0,0.0,0.0,0.0,0.0,,Cgl1394,0,0.0,0.0,acg5sa_c + nadp_c + pi_c --> acg5p_c + h_c + nadph_c
94,AMPTASEPG_num1,0.0,0.0,0.0,0.0,0.0,0.0,0.0,0.0,0.0,0.0,,Cgl2426,0,0.0,0.0,h2o_c + progly_c --> gly_c + pro__L_c
95,ARGSL,0.09035936459501318,0.08257747873889845,0.07479559288278356,0.06701370702666855,0.059331588937939515,0.05154970308182444,0.04376781722570969,0.03234539320858141,0.016826839225563887,0.0013082852425465364,,Cgl1401,0,0.08257747873889845,-2.295,argsuc_c --> arg__L_c + fum_c
96,CBPS,0.0,0.0,0.0,0.0,0.0,0.0,0.0,0.0,0.0,0.0,,Cgl1609 and Cgl1610,0,0.0,0.0,2.0 atp_c + gln__L_c + h2o_c + hco3_c --> 2.0 adp_c + cbp_c + glu__L_c + 2.0 h_c + pi_c
97,CSND,0.0,0.0,0.0,0.0,0.0,0.0,0.0,0.0,0.0,0.0,,Cgl0076,0,0.0,0.0,crtn_c + h2o_c --> nh3_c + nmeth_c
98,G5SADs,0.07581516405789951,0.06928584686420881,0.06275652967051797,0.05622721247682704,0.04978160447792692,0.04325228728423594,0.036722970090545225,0.027139094034324428,0.014118399151873082,0.001097704269421883,,,0,0.06928584686420881,-2.295,glu5sa_c --> 1pyr5c_c + h2o_c + h_c
99,G5SD,0.07581516405789951,0.06928584686420881,0.06275652967051797,0.05622721247682704,0.04978160447792692,0.04325228728423594,0.036722970090545225,0.027139094034324428,0.014118399151873082,0.001097704269421883,,Cgl2354,0,0.06928584686420881,-2.295,glu5p_c + h_c + nadph_c --> glu5sa_c + nadp_c + pi_c
100,GLU5K,0.07581516405789951,0.06928584686420881,0.06275652967051797,0.05622721247682704,0.04978160447792692,0.04325228728423594,0.036722970090545225,0.027139094034324428,0.014118399151873082,0.001097704269421883,,Cgl2356,0,0.06928584686420881,-2.295,atp_c + glu__L_c --> adp_c + glu5p_c
101,GLUNATF,0.09035936459501318,0.08257747873889845,0.07479559288278356,0.06701370702666855,0.059331588937939515,0.05154970308182444,0.04376781722570969,0.03234539320858141,0.016826839225563887,0.0013082852425465364,,Cgl1395,0,0.08257747873889845,-2.295,acorn_c + glu__L_c --> acglu_c + orn_c
102,OCBT,0.09035936459501318,0.08257747873889845,0.07479559288278356,0.06701370702666855,0.059331588937939515,0.05154970308182444,0.04376781722570969,0.03234539320858141,0.016826839225563887,0.0013082852425465364,,Cgl1398,0,0.08257747873889845,-2.295,cbp_c + orn_c --> citr__L_c + h_c + pi_c
103,ORNC,0.0,0.0,0.0,0.0,0.0,0.0,0.0,0.0,0.0,0.0,,Cgl1582,0,0.0,0.0,orn_c --> nh3_c + pro__L_c
104,P5CD,0.0,0.0,0.0,0.0,0.0,0.0,0.0,0.0,0.0,0.0,,Cgl0099,0,0.0,0.0,1pyr5c_c + 2.0 h2o_c + nad_c --> glu__L_c + h_c + nadh_c
105,P5CR,0.07581516405789951,0.06928584686420881,0.06275652967051797,0.05622721247682704,0.04978160447792692,0.04325228728423594,0.036722970090545225,0.027139094034324428,0.014118399151873082,0.001097704269421883,,Cgl0410,0,0.06928584686420881,-2.295,1pyr5c_c + 2.0 h_c + nadph_c --> nadp_c + pro__L_c
106,PROD2,0.0,0.0,0.0,0.0,0.0,0.0,0.0,0.0,0.0,0.0,,Cgl0099,0,0.0,0.0,fad_c + pro__L_c --> 1pyr5c_c + fadh2_c + h_c
107,SPMDAT1,0.0,0.0,0.0,0.0,0.0,0.0,0.0,0.0,0.0,0.0,,Cgl1237,0,0.0,0.0,accoa_c + spmd_c --> N1aspmd_c + coa_c + h_c
108,SPMDAT2_num1,0.0,0.0,0.0,0.0,0.0,0.0,0.0,0.0,0.0,0.0,,Cgl0120,0,0.0,0.0,accoa_c + spmd_c --> coa_c + h_c + n8aspmd_c
109,SPMS,0.0,0.0,0.0,0.0,0.0,0.0,0.0,0.0,0.0,0.0,,Cgl2702,0,0.0,0.0,ametam_c + ptrc_c --> 5mta_c + h_c + spmd_c
110,SSALy_num1,0.0,0.0,0.0,0.0,0.0,0.0,0.0,0.0,0.0,0.0,,Cgl0051,0,0.0,0.0,h2o_c + nadp_c + sucsal_c --> 2.0 h_c + nadph_c + succ_c
111,UREAAH,0.0,0.0,0.0,0.0,0.0,0.0,0.0,0.0,0.0,0.0,,Cgl0084 and Cgl0085 and Cgl0086,0,0.0,0.0,h2o_c + urea_c --> co2_c + 2.0 nh4_c
112,ARGSS,0.09035936459501318,0.08257747873889845,0.07479559288278356,0.06701370702666855,0.059331588937939515,0.05154970308182444,0.04376781722570969,0.03234539320858141,0.016826839225563887,0.0013082852425465364,,Cgl1400,0,0.08257747873889845,-2.295,asp__L_c + atp_c + citr__L_c --> amp_c + argsuc_c + h_c + ppi_c
113,CG_biomass_cgl_ATCC13032,0.43418945663519987,0.39679640051304477,0.3594033443908889,0.32201028826873246,0.28509663030198773,0.24770357417983097,0.21031051805767578,0.15542416400149098,0.08085532930627383,0.006286494611057512,,,0,0.39679640051304477,-2.295,0.098705 arabino_c + 47.7 atp_c + 0.01039 dna_c + 47.7 h2o_c + 0.062224 ions_c + 0.10598 mycoli_c + 0.098705 peptid_c + 0.029092 phosph_c + 0.54028 protein_c + 0.05195 rna_c + 0.002679 soluble_pool_c --> 47.7 adp_c + biomass_c + 47.7 h_c + 47.7 pi_c
114,BAMPN,0.0,0.0,0.0,0.0,0.0,0.0,0.0,0.0,0.0,0.0,,,0,0.0,0.0,apo_c + btamp_c --> amp_c + bccp_c + h_c
115,BIOTIN_t,0.0,0.0,0.0,0.0,0.0,0.0,0.0,0.0,0.0,0.0,,,0,0.0,0.0,atp_c + btn_e + h2o_c --> adp_c + btn_c + h_c + pi_c
116,BTNAMP,0.0,0.0,0.0,0.0,0.0,0.0,0.0,0.0,0.0,0.0,,,0,0.0,0.0,atp_c + btn_c + h_c --> btamp_c + ppi_c
117,3HAD100,0.20077936404258495,0.18348793995781523,0.16619651587304507,0.14890509178827468,0.1318353526276678,0.11454392854289726,0.09725250445812747,0.07187177009525725,0.037389396148343385,0.0029070222014297943,down,Cgl0289,0,0.18348793995781523,-2.295,3hdecACP_c --> h2o_c + tdec2eACP_c
118,3HAD120,0.0909228417366005,0.08309242837237395,0.07526201500814725,0.06743160164392044,0.059701578194619485,0.0518711648303926,0.04404075146616604,0.03254709770031148,0.01693177067690007,0.0013164436534888336,,Cgl0289,0,0.08309242837237395,-2.295,3hddecACP_c --> h2o_c + tddec2eACP_c
119,3HAD121,0.10985652230598446,0.10039551158544129,0.09093450086489782,0.08147349014435425,0.0721337744330483,0.06267276371250466,0.05321175299196143,0.03932467239494577,0.02045762547144331,0.0015905785479409604,down,Cgl0289,0,0.10039551158544129,-2.295,3hcddec5eACP_c --> h2o_c + t3c5ddeceACP_c
120,3HAD140,0.0909228417366005,0.08309242837237395,0.07526201500814725,0.06743160164392044,0.059701578194619485,0.0518711648303926,0.04404075146616604,0.03254709770031148,0.01693177067690007,0.0013164436534888336,,Cgl0289,0,0.08309242837237395,-2.295,3hmrsACP_c --> h2o_c + tmrs2eACP_c
121,3HAD141,0.10985652230598446,0.10039551158544129,0.09093450086489782,0.08147349014435425,0.0721337744330483,0.06267276371250466,0.05321175299196143,0.03932467239494577,0.02045762547144331,0.0015905785479409604,down,Cgl0289,0,0.10039551158544129,-2.295,3hcmrs7eACP_c --> h2o_c + t3c7mrseACP_c
122,3HAD160,0.08960801671237376,0.08189083807821813,0.07417365944406235,0.06645648080990645,0.05883824036336782,0.05112106172921185,0.04340388309505621,0.032076437768164906,0.016686922238760074,0.0012974067093554122,,Cgl0289,0,0.08189083807821813,-2.295,3hpalmACP_c --> h2o_c + tpalm2eACP_c
123,3HAD161,0.10746855365505462,0.09821319842526001,0.08895784319546512,0.07970248796567012,0.07056579113625701,0.061310435906461944,0.05205508067666728,0.03846986575337323,0.020012934821559074,0.0015560038897450164,,Cgl0289,0,0.09821319842526001,-2.295,3hcpalm9eACP_c --> h2o_c + t3c9palmeACP_c
124,3HAD180,0.0018372244510737167,0.0016789998881366313,0.0015207753251995427,0.0013625507622624516,0.0012063547193630134,0.0010481301564259208,0.0008899055934888351,0.0006576600836973917,0.00034213034363455934,2.6600603571730484e-05,,Cgl0289,0,0.0016789998881366313,-2.295,3hoctaACP_c --> h2o_c + toctd2eACP_c
125,3HAD181,0.10530088268406713,0.09623221057389647,0.08716353846372563,0.07809486635355463,0.06914245927043698,0.060073787160265915,0.05100511505009522,0.0376939177349508,0.019609268294174677,0.0015246188533987561,,Cgl0289,0,0.09623221057389647,-2.295,3hcvac11eACP_c --> h2o_c + t3c11vaceACP_c
126,3HAD40,0.20077936404258495,0.18348793995781523,0.16619651587304507,0.14890509178827468,0.1318353526276678,0.11454392854289726,0.09725250445812747,0.07187177009525725,0.037389396148343385,0.0029070222014297943,,Cgl0289,0,0.18348793995781523,-2.295,3haACP_c --> but2eACP_c + h2o_c
127,3HAD60,0.20077936404258495,0.18348793995781523,0.16619651587304507,0.14890509178827468,0.1318353526276678,0.11454392854289726,0.09725250445812747,0.07187177009525725,0.037389396148343385,0.0029070222014297943,,Cgl0289,0,0.18348793995781523,-2.295,3hhexACP_c --> h2o_c + thex2eACP_c
128,3HAD80,0.20077936404258495,0.18348793995781523,0.16619651587304507,0.14890509178827468,0.1318353526276678,0.11454392854289726,0.09725250445812747,0.07187177009525725,0.037389396148343385,0.0029070222014297943,,Cgl0289,0,0.18348793995781523,-2.295,3hoctACP_c --> h2o_c + toct2eACP_c
129,3OAR100,0.20077936404258495,0.18348793995781523,0.16619651587304507,0.14890509178827468,0.1318353526276678,0.11454392854289726,0.09725250445812747,0.07187177009525725,0.037389396148343385,0.0029070222014297943,,Cgl0286 and Cgl0744,0,0.18348793995781523,-2.295,3odecACP_c + h_c + nadph_c --> 3hdecACP_c + nadp_c
130,3OAR120,0.0909228417366005,0.08309242837237395,0.07526201500814725,0.06743160164392044,0.059701578194619485,0.0518711648303926,0.04404075146616604,0.03254709770031148,0.01693177067690007,0.0013164436534888336,,Cgl0286 and Cgl0744,0,0.08309242837237395,-2.295,3oddecACP_c + h_c + nadph_c --> 3hddecACP_c + nadp_c
131,3OAR140,0.0909228417366005,0.08309242837237395,0.07526201500814725,0.06743160164392044,0.059701578194619485,0.0518711648303926,0.04404075146616604,0.03254709770031148,0.01693177067690007,0.0013164436534888336,,Cgl0286 and Cgl0744,0,0.08309242837237395,-2.295,3omrsACP_c + h_c + nadph_c --> 3hmrsACP_c + nadp_c
132,3OAR160,0.08960801671237376,0.08189083807821813,0.07417365944406235,0.06645648080990645,0.05883824036336782,0.05112106172921185,0.04340388309505621,0.032076437768164906,0.016686922238760074,0.0012974067093554122,,Cgl0286 and Cgl0744,0,0.08189083807821813,-2.295,3opalmACP_c + h_c + nadph_c --> 3hpalmACP_c + nadp_c
133,3OAR180,0.0018372244510737167,0.0016789998881366313,0.0015207753251995427,0.0013625507622624516,0.0012063547193630134,0.0010481301564259208,0.0008899055934888351,0.0006576600836973917,0.00034213034363455934,2.6600603571730484e-05,,Cgl0286 and Cgl0744,0,0.0016789998881366313,-2.295,3ooctdACP_c + h_c + nadph_c --> 3hoctaACP_c + nadp_c
134,3OAR40,0.20077936404258495,0.18348793995781523,0.16619651587304507,0.14890509178827468,0.1318353526276678,0.11454392854289726,0.09725250445812747,0.07187177009525725,0.037389396148343385,0.0029070222014297943,,Cgl0286 and Cgl0744,0,0.18348793995781523,-2.295,actACP_c + h_c + nadph_c --> 3haACP_c + nadp_c
135,3OAR60,0.20077936404258495,0.18348793995781523,0.16619651587304507,0.14890509178827468,0.1318353526276678,0.11454392854289726,0.09725250445812747,0.07187177009525725,0.037389396148343385,0.0029070222014297943,,Cgl0286 and Cgl0744,0,0.18348793995781523,-2.295,3ohexACP_c + h_c + nadph_c --> 3hhexACP_c + nadp_c
136,3OAR80,0.20077936404258495,0.18348793995781523,0.16619651587304507,0.14890509178827468,0.1318353526276678,0.11454392854289726,0.09725250445812747,0.07187177009525725,0.037389396148343385,0.0029070222014297943,,Cgl0286 and Cgl0744,0,0.18348793995781523,-2.295,3ooctACP_c + h_c + nadph_c --> 3hoctACP_c + nadp_c
137,3OAS100_num1,0.20077936404258495,0.18348793995781523,0.16619651587304507,0.0,0.1318353526276678,0.11454392854289726,0.09725250445812747,0.07187177009525725,0.037389396148343385,0.0029070222014297943,unchanged,Cgl2491,0,0.18348793995781523,-2.295,h_c + malACP_c + ocACP_c --> 3odecACP_c + ACP_c + co2_c
138,3OAS120_num1,0.0,0.0,0.0,0.0,0.0,0.0,0.0,0.0,0.0,0.0,,Cgl2491,0,0.0,0.0,dcaACP_c + h_c + malACP_c --> 3oddecACP_c + ACP_c + co2_c
139,3OAS121_num1,0.0,0.0,0.09093450086489782,0.08147349014435425,0.0721337744330483,0.06267276371250466,0.05321175299196143,0.03932467239494577,0.02045762547144331,0.0015905785479409604,,Cgl2491,0,0.0,-0.567,cdec3eACP_c + h_c + malACP_c --> 3ocddec5eACP_c + ACP_c + co2_c
140,3OAS140_num1,0.0,0.0,0.0,0.0,0.0,0.0,0.0,0.0,0.0,0.0,,Cgl2491,0,0.0,0.0,ddcaACP_c + h_c + malACP_c --> 3omrsACP_c + ACP_c + co2_c
141,3OAS141_num1,0.10985652230598446,0.10039551158544129,0.0,0.08147349014435425,0.0721337744330483,0.0,0.0,0.0,0.0,0.0,unchanged,Cgl2491,0,0.10039551158544129,0.0,cddec5eACP_c + h_c + malACP_c --> 3ocmrs7eACP_c + ACP_c + co2_c
142,3OAS160_num1,0.08960801671237376,0.08189083807821813,0.07417365944406235,0.06645648080990645,0.05883824036336782,0.05112106172921185,0.04340388309505621,0.032076437768164906,0.016686922238760074,0.0012974067093554122,,Cgl2491,0,0.08189083807821813,-2.295,h_c + malACP_c + myrsACP_c --> 3opalmACP_c + ACP_c + co2_c
143,3OAS161_num1,0.10746855365505462,0.09821319842526001,0.08895784319546512,0.07970248796567012,0.07056579113625701,0.061310435906461944,0.05205508067666728,0.03846986575337323,0.020012934821559074,0.0015560038897450164,,Cgl2491,0,0.09821319842526001,-2.295,h_c + malACP_c + tdeACP_c --> 3ocpalm9eACP_c + ACP_c + co2_c
144,3OAS180_num1,0.0018372244510737167,0.0016789998881366313,0.0015207753251995427,0.0013625507622624516,0.0012063547193630134,0.0010481301564259208,0.0008899055934888351,0.0006576600836973917,0.00034213034363455934,2.6600603571730484e-05,,Cgl2491,0,0.0016789998881366313,-2.295,h_c + malACP_c + palmACP_c --> 3ooctdACP_c + ACP_c + co2_c
145,3OAS181_num1,0.10530088268406713,0.09623221057389647,0.08716353846372563,0.07809486635355463,0.06914245927043698,0.060073787160265915,0.05100511505009522,0.0376939177349508,0.019609268294174677,0.0015246188533987561,,Cgl2491,0,0.09623221057389647,-2.295,h_c + hdeACP_c + malACP_c --> 3ocvac11eACP_c + ACP_c + co2_c
146,3OAS60_num1,0.20077936404258495,0.18348793995781523,0.16619651587304507,0.14890509178827468,0.1318353526276678,0.11454392854289726,0.09725250445812747,0.07187177009525725,0.037389396148343385,0.0029070222014297943,,Cgl2491,0,0.18348793995781523,-2.295,butACP_c + h_c + malACP_c --> 3ohexACP_c + ACP_c + co2_c
147,3OAS80_num1,0.0,0.0,0.0,0.0,0.0,0.11454392854289726,0.09725250445812747,0.07187177009525725,0.037389396148343385,0.0029070222014297943,,Cgl2491,0,0.0,0.0,h_c + hexACP_c + malACP_c --> 3ooctACP_c + ACP_c + co2_c
148,AACPS1_num1,0.0,0.0,0.0,0.0,0.0,0.0,0.0,0.0,0.0,0.0,,Cgl2491,0,0.0,0.0,ACP_c + atp_c + ttdca_c --> amp_c + myrsACP_c + ppi_c
149,AACPS2_num1,0.0,0.0,0.0,0.0,0.0,0.0,0.0,0.0,0.0,0.0,,Cgl2491,0,0.0,0.0,ACP_c + atp_c + ttdcea_c --> amp_c + ppi_c + tdeACP_c
150,AACPS3_num1,0.0,0.0,0.0,0.0,0.0,0.0,0.0,0.0,0.0,0.0,,Cgl2491,0,0.0,0.0,ACP_c + atp_c + hdca_c --> amp_c + palmACP_c + ppi_c
151,AACPS4_num1,0.0,0.0,0.0,0.0,0.0,0.0,0.0,0.0,0.0,0.0,,Cgl2491,0,0.0,0.0,ACP_c + atp_c + hdcea_c --> amp_c + hdeACP_c + ppi_c
152,AACPS5_num1,0.0,0.0,0.0,0.0,0.0,0.0,0.0,0.0,0.0,0.0,,Cgl2491,0,0.0,0.0,ACP_c + atp_c + ocdcea_c --> amp_c + octeACP_c + ppi_c
153,AACPS6_num1,0.0,0.0,0.0,0.0,0.0,0.0,0.0,0.0,0.0,0.0,,Cgl2491,0,0.0,0.0,ACP_c + atp_c + ocdca_c --> amp_c + ocdcaACP_c + ppi_c
154,AACPS7_num1,0.0,0.0,0.0,0.0,0.0,0.0,0.0,0.0,0.0,0.0,,Cgl2491,0,0.0,0.0,ACP_c + atp_c + ddca_c --> amp_c + ddcaACP_c + ppi_c
155,AACPS8_num1,0.0,0.0,0.0,0.0,0.0,0.0,0.0,0.0,0.0,0.0,,Cgl2491,0,0.0,0.0,ACP_c + atp_c + dca_c --> amp_c + dcaACP_c + ppi_c
156,AACPS9_num1,0.0,0.0,0.0,0.0,0.0,0.0,0.0,0.0,0.0,0.0,,Cgl2491,0,0.0,0.0,ACP_c + atp_c + octa_c --> amp_c + ocACP_c + ppi_c
157,ALAALAr,0.03845143317527474,0.03513993729086781,0.031828441406460815,0.028516945522053767,0.02524790471308779,0.021936408828680712,0.018624912944273774,0.01376422611050978,0.007160476248729282,0.000556726386948858,,Cgl1321,0,0.03513993729086781,-2.295,2.0 ala__D_c + atp_c --> adp_c + alaala_c + h_c + pi_c
158,CDPDAG,0.014715660060125535,0.013448325042902502,0.012180990025679442,0.010913655008456364,0.00966256787606946,0.00839523285884637,0.007127897841623335,0.0052676754988474775,0.0027403694906399318,0.00021306348243241435,,,0,0.013448325042902502,-2.295,ctp_c + pa_c --> cdpdag_c + ppi_c
159,CLPN,8.26045628818313e-05,7.549053233921127e-05,6.837650179659108e-05,6.12624712539708e-05,5.423964623112759e-05,4.7125615688507244e-05,4.0011585145887196e-05,2.9569453915607542e-05,1.5382729893468822e-05,1.1960058713302589e-06,,,0,7.549053233921127e-05,-2.295,apg_c --> clpn_c + glyc_c + pi_c
160,EAR100x,0.0909228417366005,0.08309242837237395,0.07526201500814725,0.06743160164392044,0.059701578194619485,0.0518711648303926,0.04404075146616604,0.03254709770031148,0.01693177067690007,0.0,,Cgl0719,0,0.08309242837237395,-2.333,h_c + nadh_c + tdec2eACP_c --> dcaACP_c + nad_c
161,EAR100y,0.0,0.0,0.0,0.0,0.0,0.0,0.0,0.0,0.0,0.0013164436534888336,,Cgl0719,0,0.0,0.0,h_c + nadph_c + tdec2eACP_c --> dcaACP_c + nadp_c
162,EAR120x,0.0909228417366005,0.08309242837237395,0.07526201500814725,0.06743160164392044,0.059701578194619485,0.0518711648303926,0.04404075146616604,0.03254709770031148,0.01693177067690007,0.0,,Cgl0719,0,0.08309242837237395,-2.333,h_c + nadh_c + tddec2eACP_c --> ddcaACP_c + nad_c
163,EAR120y,0.0,0.0,0.0,0.0,0.0,0.0,0.0,0.0,0.0,0.0013164436534888336,,Cgl0719,0,0.0,0.0,h_c + nadph_c + tddec2eACP_c --> ddcaACP_c + nadp_c
164,EAR121x,0.10985652230598446,0.10039551158544129,0.09093450086489782,0.08147349014435425,0.0721337744330483,0.06267276371250466,0.05321175299196143,0.03932467239494577,0.02045762547144331,0.0,down,Cgl0719,0,0.10039551158544129,-2.333,h_c + nadh_c + t3c5ddeceACP_c --> cddec5eACP_c + nad_c
165,EAR121y,0.0,0.0,0.0,0.0,0.0,0.0,0.0,0.0,0.0,0.0015905785479409604,,Cgl0719,0,0.0,0.0,h_c + nadph_c + t3c5ddeceACP_c --> cddec5eACP_c + nadp_c
166,EAR140x,0.0909228417366005,0.08309242837237395,0.07526201500814725,0.06743160164392044,0.059701578194619485,0.0518711648303926,0.04404075146616604,0.03254709770031148,0.01693177067690007,0.0,,Cgl0719,0,0.08309242837237395,-2.333,h_c + nadh_c + tmrs2eACP_c --> myrsACP_c + nad_c
167,EAR140y,0.0,0.0,0.0,0.0,0.0,0.0,0.0,0.0,0.0,0.0013164436534888336,,Cgl0719,0,0.0,0.0,h_c + nadph_c + tmrs2eACP_c --> myrsACP_c + nadp_c
168,EAR141x,0.10985652230598446,0.10039551158544129,0.09093450086489782,0.08147349014435425,0.0721337744330483,0.06267276371250466,0.05321175299196143,0.03932467239494577,0.02045762547144331,0.0,down,Cgl0719,0,0.10039551158544129,-2.333,h_c + nadh_c + t3c7mrseACP_c --> nad_c + tdeACP_c
169,EAR141y,0.0,0.0,0.0,0.0,0.0,0.0,0.0,0.0,0.0,0.0015905785479409604,,Cgl0719,0,0.0,0.0,h_c + nadph_c + t3c7mrseACP_c --> nadp_c + tdeACP_c
170,EAR160x,0.08960801671237376,0.08189083807821813,0.07417365944406235,0.06645648080990645,0.05883824036336782,0.05112106172921185,0.04340388309505621,0.032076437768164906,0.0,0.0,,Cgl0719,0,0.08189083807821813,-2.937,h_c + nadh_c + tpalm2eACP_c --> nad_c + palmACP_c
171,EAR160y,0.0,0.0,0.0,0.0,0.0,0.0,0.0,0.0,0.016686922238760074,0.0012974067093554122,,Cgl0719,0,0.0,0.0,h_c + nadph_c + tpalm2eACP_c --> nadp_c + palmACP_c
172,EAR161x,0.10746855365505462,0.09821319842526001,0.08895784319546512,0.07970248796567012,0.07056579113625701,0.061310435906461944,0.05205508067666728,0.03846986575337323,0.020012934821559074,0.0,,Cgl0719,0,0.09821319842526001,-2.333,h_c + nadh_c + t3c9palmeACP_c --> hdeACP_c + nad_c
173,EAR161y,0.0,0.0,0.0,0.0,0.0,0.0,0.0,0.0,0.0,0.0015560038897450164,,Cgl0719,0,0.0,0.0,h_c + nadph_c + t3c9palmeACP_c --> hdeACP_c + nadp_c
174,EAR180x,0.0018372244510737167,0.0016789998881366313,0.0015207753251995427,0.0013625507622624516,0.0012063547193630134,0.0010481301564259208,0.0008899055934888351,0.0006576600836973917,0.00034213034363455934,0.0,,Cgl0719,0,0.0016789998881366313,-2.333,h_c + nadh_c + toctd2eACP_c --> nad_c + ocdcaACP_c
175,EAR180y,0.0,0.0,0.0,0.0,0.0,0.0,0.0,0.0,0.0,2.6600603571730484e-05,,Cgl0719,0,0.0,0.0,h_c + nadph_c + toctd2eACP_c --> nadp_c + ocdcaACP_c
176,EAR181x,0.10530088268406713,0.09623221057389647,0.08716353846372563,0.07809486635355463,0.06914245927043698,0.060073787160265915,0.05100511505009522,0.0376939177349508,0.019609268294174677,0.0015246188533987561,,Cgl0719,0,0.09623221057389647,-2.295,h_c + nadh_c + t3c11vaceACP_c --> nad_c + octeACP_c
177,EAR181y,0.0,0.0,0.0,0.0,0.0,0.0,0.0,0.0,0.0,0.0,,Cgl0719,0,0.0,0.0,h_c + nadph_c + t3c11vaceACP_c --> nadp_c + octeACP_c
178,EAR40x,0.20077936404258495,0.18348793995781523,0.16619651587304507,0.14890509178827468,0.1318353526276678,0.11454392854289726,0.09725250445812747,0.07187177009525725,0.037389396148343385,0.0,,Cgl0719,0,0.18348793995781523,-2.333,but2eACP_c + h_c + nadh_c --> butACP_c + nad_c
179,EAR40y,0.0,0.0,0.0,0.0,0.0,0.0,0.0,0.0,0.0,0.0029070222014297943,,Cgl0719,0,0.0,0.0,but2eACP_c + h_c + nadph_c --> butACP_c + nadp_c
180,EAR60x,0.20077936404258495,0.18348793995781523,0.16619651587304507,0.14890509178827468,0.1318353526276678,0.11454392854289726,0.09725250445812747,0.07187177009525725,0.037389396148343385,0.0,,Cgl0719,0,0.18348793995781523,-2.333,h_c + nadh_c + thex2eACP_c --> hexACP_c + nad_c
181,EAR60y,0.0,0.0,0.0,0.0,0.0,0.0,0.0,0.0,0.0,0.0029070222014297943,,Cgl0719,0,0.0,0.0,h_c + nadph_c + thex2eACP_c --> hexACP_c + nadp_c
182,EAR80x,0.20077936404258495,0.18348793995781523,0.16619651587304507,0.14890509178827468,0.1318353526276678,0.11454392854289726,0.09725250445812747,0.07187177009525725,0.037389396148343385,0.0,,Cgl0719,0,0.18348793995781523,-2.333,h_c + nadh_c + toct2eACP_c --> nad_c + ocACP_c
183,EAR80y,0.0,0.0,0.0,0.0,0.0,0.0,0.0,0.0,0.0,0.0029070222014297943,,Cgl0719,0,0.0,0.0,h_c + nadph_c + toct2eACP_c --> nadp_c + ocACP_c
184,FA100ACPHi_num1,0.0,0.0,0.0,0.0,0.0,0.0,0.0,0.0,0.0,0.0,,Cgl2254,0,0.0,0.0,dcaACP_c + h2o_c --> ACP_c + dca_c + h_c
185,FA120ACPHi_num1,0.0,0.0,0.0,0.0,0.0,0.0,0.0,0.0,0.0,0.0,,Cgl2254,0,0.0,0.0,ddcaACP_c + h2o_c --> ACP_c + ddca_c + h_c
186,FA140ACPHi_num1,0.0,0.0,0.0,0.0,0.0,0.0,0.0,0.0,0.0,0.0,,Cgl2254,0,0.0,0.0,h2o_c + myrsACP_c --> ACP_c + h_c + ttdca_c
187,FA141ACPHi_num1,0.0,0.0,0.0,0.0,0.0,0.0,0.0,0.0,0.0,0.0,,Cgl2254,0,0.0,0.0,h2o_c + tdeACP_c --> ACP_c + h_c + ttdcea_c
188,FA160ACPHi_num1,0.0,0.0,0.0,0.0,0.0,0.0,0.0,0.0,0.0,0.0,,Cgl2254,0,0.0,0.0,h2o_c + palmACP_c --> ACP_c + h_c + hdca_c
189,FA161ACPHi_num1,0.0,0.0,0.0,0.0,0.0,0.0,0.0,0.0,0.0,0.0,,Cgl2254,0,0.0,0.0,h2o_c + hdeACP_c --> ACP_c + h_c + hdcea_c
190,FA80ACPHi_num1,0.0,0.0,0.0,0.0,0.0,0.0,0.0,0.0,0.0,0.0,,Cgl2254,0,0.0,0.0,h2o_c + ocACP_c --> ACP_c + h_c + octa_c
191,FACOAL100t2pp_num1,0.0,0.0,0.0,0.0,0.0,0.0,0.0,0.0,0.0,0.0,,Cgl0400 and Cgl2296,0,0.0,0.0,atp_c + coa_c + dca_e + h_e --> amp_c + dcacoa_c + h_c + ppi_c
192,FACOAL120t2pp_num1,0.0,0.0,0.0,0.0,0.0,0.0,0.0,0.0,0.0,0.0,,Cgl0400 and Cgl2296,0,0.0,0.0,atp_c + coa_c + ddca_e + h_e --> amp_c + ddcacoa_c + h_c + ppi_c
193,FACOAL140t2pp_num1,0.0,0.0,0.0,0.0,0.0,0.0,0.0,0.0,0.0,0.0,,Cgl0400 and Cgl2296,0,0.0,0.0,atp_c + coa_c + h_e + ttdca_e --> amp_c + h_c + ppi_c + tdcoa_c
194,FACOAL141t2pp_num1,0.0,0.0,0.0,0.0,0.0,0.0,0.0,0.0,0.0,0.0,,Cgl0400 and Cgl2296,0,0.0,0.0,atp_c + coa_c + h_e + ttdcea_e --> amp_c + h_c + ppi_c + tdecoa_c
195,FACOAL160t2pp_num1,0.0,0.0,0.0,0.0,0.0,0.0,0.0,0.0,0.0,0.0,,Cgl0400 and Cgl2296,0,0.0,0.0,atp_c + coa_c + h_e + hdca_e --> amp_c + h_c + pmtcoa_c + ppi_c
196,FACOAL161t2pp_num1,0.0,0.0,0.0,0.0,0.0,0.0,0.0,0.0,0.0,0.0,,Cgl0400 and Cgl2296,0,0.0,0.0,atp_c + coa_c + h_e + hdcea_e --> amp_c + h_c + hdcoa_c + ppi_c
197,FACOAL180t2pp_num1,0.0,0.0,0.0,0.0,0.0,0.0,0.0,0.0,0.0,0.0,,Cgl0400 and Cgl2296,0,0.0,0.0,atp_c + coa_c + h_e + ocdca_e --> amp_c + h_c + ppi_c + stcoa_c
198,FACOAL181t2pp_num1,0.0,0.0,0.0,0.0,0.0,0.0,0.0,0.0,0.0,0.0,,Cgl0400 and Cgl2296,0,0.0,0.0,atp_c + coa_c + h_e + ocdcea_e --> amp_c + h_c + odecoa_c + ppi_c
199,FACOAL60t2pp_num1,0.0,0.0,0.0,0.0,0.0,0.0,0.0,0.0,0.0,0.0,,Cgl0400 and Cgl2296,0,0.0,0.0,atp_c + coa_c + h_e + hxa_e --> amp_c + h_c + hxcoa_c + ppi_c
200,FACOAL80t2pp_num1,0.0,0.0,0.0,0.0,0.0,0.0,0.0,0.0,0.0,0.0,,Cgl0400 and Cgl2296,0,0.0,0.0,atp_c + coa_c + h_e + octa_e --> amp_c + h_c + occoa_c + ppi_c
201,G1PACT,0.06217388589594195,0.056819376316975485,0.051464866738008895,0.046110357159042235,0.04082449513878019,0.03546998555981348,0.030115475980847004,0.02225600850142214,0.01157810246551144,0.0009001964296008586,,Cgl0943,0,0.056819376316975485,-2.295,accoa_c + gam1p_c --> acgam1p_c + coa_c + h_c
202,GF6PTA,0.06217388589594195,0.056819376316975485,0.051464866738008895,0.046110357159042235,0.04082449513878019,0.03546998555981348,0.030115475980847004,0.02225600850142214,0.01157810246551144,0.0009001964296008586,,Cgl2271,0,0.056819376316975485,-2.295,f6p_c + gln__L_c --> gam6p_c + glu__L_c
203,GLUR,0.0,0.0,0.0,0.0,0.0,0.0,0.0,0.0,0.0,0.0,,Cgl2509,0,0.0,0.0,glu__D_c --> glu__L_c
204,INPTH,0.0,0.0,0.0,0.0,0.0,0.0,0.0,0.0,0.0,0.0,,Cgl2996,0,0.0,0.0,g6p_c --> mi1p__D_c
205,MI1PP_num1,0.0,0.0,0.0,0.0,0.0,0.0,0.0,0.0,0.0,0.0,,Cgl1909,0,0.0,0.0,h2o_c + mi1p__D_c --> inost_c + pi_c
206,PGAMT,0.0,0.0,0.0,0.0,0.0,0.0,0.0,0.0,0.0,0.0,,Cgl0583,0,0.0,0.0,gam1p_c --> gam6p_c
207,PIM,0.0007670441741083868,0.0007009851636642309,0.0006349261532200736,0.0005688671427759155,0.0005036550427220661,0.0004375960322779073,0.0003715370218337513,0.00027457414658775276,0.00014283997075981622,1.110579493188115e-05,,,0,0.0007009851636642309,-2.295,pit_c --> pim_c
208,PIT,0.0012626766039752439,0.0011539329751398524,0.0010451893463044575,0.0009364457174690626,0.0008290962377212989,0.0007203526088859014,0.0006116089800505108,0.0004519926787213092,0.00023513729101792488,1.8281903314543185e-05,,,0,0.0011539329751398524,-2.295,cdpdag_c --> pit_c
209,T2DECAI,0.10985652230598446,0.10039551158544129,0.09093450086489782,0.08147349014435425,0.0721337744330483,0.06267276371250466,0.05321175299196143,0.03932467239494577,0.02045762547144331,0.0015905785479409604,,,0,0.10039551158544129,-2.295,tdec2eACP_c --> cdec3eACP_c
210,TDPGDH_num1,0.0,0.0,0.0,0.0,0.0,0.0,0.0,0.0,0.0,0.0,,Cgl0323,0,0.0,0.0,dtdpglu_c --> dtdp4d6dg_c + h2o_c
211,UAAGDS,0.020724628631980647,0.018939792105658493,0.017154955579336297,0.015370119053014079,0.013608165046260064,0.011823328519937828,0.010038491993615667,0.007418669500474047,0.0038593674885038128,0.0003000654765336195,,Cgl2163,0,0.018939792105658493,-2.295,26dap__M_c + atp_c + uamag_c --> adp_c + h_c + pi_c + ugmd_c
212,UAGCVT_num1,0.041449257263961294,0.037879584211316986,0.034309911158672594,0.030740238106028158,0.027216330092520127,0.023646657039875656,0.020076983987231335,0.014837339000948094,0.0077187349770076255,0.000600130953067239,,Cgl0352,0,0.037879584211316986,-2.295,pep_c + uacgam_c --> pi_c + uaccg_c
213,UAGDP,0.06217388589594195,0.056819376316975485,0.051464866738008895,0.046110357159042235,0.04082449513878019,0.03546998555981348,0.030115475980847004,0.02225600850142214,0.01157810246551144,0.0009001964296008586,,Cgl0943,0,0.056819376316975485,-2.295,acgam1p_c + h_c + utp_c --> ppi_c + uacgam_c
214,UAGPT3,0.0,0.0,0.0,0.0,0.0,0.0,0.0,0.0,0.0,0.0,,Cgl2158,0,0.0,0.0,uacgam_c + uagmda_c --> h_c + uaagmda_c + udp_c
215,UAMAGS,0.020724628631980647,0.018939792105658493,0.017154955579336297,0.015370119053014079,0.013608165046260064,0.011823328519937828,0.010038491993615667,0.007418669500474047,0.0038593674885038128,0.0003000654765336195,,Cgl2160,0,0.018939792105658493,-2.295,atp_c + glu__D_c + uama_c --> adp_c + h_c + pi_c + uamag_c
216,UAMAS,0.020724628631980647,0.018939792105658493,0.017154955579336297,0.015370119053014079,0.013608165046260064,0.011823328519937828,0.010038491993615667,0.007418669500474047,0.0038593674885038128,0.0003000654765336195,,Cgl2157,0,0.018939792105658493,-2.295,ala__L_c + atp_c + uamr_c --> adp_c + h_c + pi_c + uama_c
217,UAMDH_num1,0.041449257263961294,0.037879584211316986,0.034309911158672594,0.030740238106028158,0.027216330092520127,0.023646657039875656,0.020076983987231335,0.014837339000948094,0.0077187349770076255,0.000600130953067239,,Cgl0353,0,0.037879584211316986,-2.295,h_c + nadph_c + uaccg_c --> nadp_c + uamr_c
218,UDCPDP,0.0,0.0,0.0,0.0,0.0,0.0,0.0,0.0,0.0,0.0,,Cgl1515,0,0.0,0.0,h2o_c + udcpdp_c --> h_c + pi_c + udcpp_c
219,UDPGALM,0.0,0.0,0.0,0.0,0.0,0.0,0.0,0.0,0.0,0.0,,Cgl2888,0,0.0,0.0,udpgal_c --> udpgalfur_c
220,UDPGD_num1,0.0,0.0,0.0,0.0,0.0,0.0,0.0,0.0,0.0,0.0,,Cgl0360,0,0.0,0.0,h2o_c + 2.0 nad_c + udpg_c --> 3.0 h_c + 2.0 nadh_c + udpglcur_c
221,UGMDDS,0.0,0.0,0.0,0.0,0.0,0.0,0.0,0.0,0.0,0.0,,Cgl2162,0,0.0,0.0,alaala_c + atp_c + ugmd_c --> adp_c + h_c + pi_c + ugmda_c
222,3OAR121,0.10985652230598446,0.10039551158544129,0.09093450086489782,0.08147349014435425,0.0721337744330483,0.06267276371250466,0.05321175299196143,0.03932467239494577,0.02045762547144331,0.0015905785479409604,down,Cgl0286 and Cgl0744,0,0.10039551158544129,-2.295,3ocddec5eACP_c + h_c + nadph_c --> 3hcddec5eACP_c + nadp_c
223,3OAR141,0.10985652230598446,0.10039551158544129,0.09093450086489782,0.08147349014435425,0.0721337744330483,0.06267276371250466,0.05321175299196143,0.03932467239494577,0.02045762547144331,0.0015905785479409604,down,Cgl0286 and Cgl0744,0,0.10039551158544129,-2.295,3ocmrs7eACP_c + h_c + nadph_c --> 3hcmrs7eACP_c + nadp_c
224,3OAR161,0.10746855365505462,0.09821319842526001,0.08895784319546512,0.07970248796567012,0.07056579113625701,0.061310435906461944,0.05205508067666728,0.03846986575337323,0.020012934821559074,0.0015560038897450164,,Cgl0286 and Cgl0744,0,0.09821319842526001,-2.295,3ocpalm9eACP_c + h_c + nadph_c --> 3hcpalm9eACP_c + nadp_c
225,3OAR181,0.10530088268406713,0.09623221057389647,0.08716353846372563,0.07809486635355463,0.06914245927043698,0.060073787160265915,0.05100511505009522,0.0376939177349508,0.019609268294174677,0.0015246188533987561,,Cgl0286 and Cgl0744,0,0.09623221057389647,-2.295,3ocvac11eACP_c + h_c + nadph_c --> 3hcvac11eACP_c + nadp_c
226,G1PTT,0.0,0.0,0.0,0.0,0.0,0.0,0.0,0.0,0.0,0.0,,Cgl0332,0,0.0,0.0,dttp_c + g1p_c + h_c --> dtdpglu_c + ppi_c
227,GALUi_num1,0.05856603998367015,0.0345824514741719,0.04847844717599054,0.0,0.0,0.03341172202093011,0.018329433623474677,0.013545860301519028,0.010906244674252073,0.0008479595465111834,,Cgl0367,0,0.0345824514741719,-2.485,g1p_c + h_c + utp_c --> ppi_c + udpg_c
228,PAPPT3,0.0,0.0,0.0,0.0,0.0,0.0,0.0,0.0,0.0,0.0,,Cgl2161,0,0.0,0.0,udcpp_c + ugmda_c --> uagmda_c + ump_c
229,ACONTa,2.527767252215449,2.348682093382388,2.1695969345493267,1.9905117757162643,1.8137225804579824,1.6346374216249195,1.4555522627918598,1.641368279253512,1.8414408733812082,2.2940718884004627,unchanged,Cgl1540,0,2.348682093382388,-0.287,cit_c --> acon_C_c + h2o_c
230,ACONTb,2.527767252215449,2.348682093382388,2.1695969345493267,1.9905117757162643,1.8137225804579824,1.6346374216249195,1.4555522627918598,1.641368279253512,1.8414408733812082,2.2940718884004627,unchanged,Cgl1540,0,2.348682093382388,-0.287,acon_C_c + h2o_c --> icit_c
231,AKGDH,1.9169656410823959,1.7904836456278292,1.6640016501732628,1.5375196547186964,1.4126592233084183,1.2861772278538515,1.159695232399286,0.039269983441821456,9.443825003567307e-06,0.0021112911216342118,unchanged,Cgl1129 and Cgl0366 and Cgl2207,0,1.7904836456278292,-7.02,akg_c + coa_c + nad_c --> co2_c + nadh_c + succoa_c
232,CITL,0.0,0.0,0.0,0.0,0.0,0.0,0.0,0.0,0.0,0.0,,Cgl0862,0,0.0,0.0,cit_c --> ac_c + oaa_c
233,CS_num1,2.527767252215449,2.348682093382388,2.1695969345493267,1.9905117757162643,1.8137225804579824,1.6346374216249195,1.4555522627918598,1.641368279253512,1.8414408733812082,2.2940718884004627,unchanged,Cgl0696,0,2.348682093382388,-0.287,accoa_c + h2o_c + oaa_c --> cit_c + coa_c + h_c
234,FRD2,0.0,14.38406280173507,0.0,12.011017848109386,0.0400463118113882,0.0,0.029541424514316867,0.02183177166294501,0.01135740441962334,0.0,unchanged,Cgl0370 and Cgl0371 and Cgl0372,0,14.38406280173507,-8.76,fum_c + mql8_c --> mqn8_c + succ_c
235,FRD3,0.0,0.0,0.0,0.0,0.0,0.0,8.466662244296657,0.0,0.0,0.0,,Cgl0370 and Cgl0371 and Cgl0372,0,0.0,0.0,2dmmql8_c + fum_c --> 2dmmq8_c + succ_c
236,FUM,2.176771015714712,1.255714186403618,0.33465735709252975,0.0,0.0,0.0,0.0,0.0,0.0,0.0,unchanged,Cgl1010,0,1.255714186403618,0.0,fum_c + h2o_c --> mal__L_c
237,ICDHyr,2.527767252215449,2.348682093382388,2.1695969345493267,1.9905117757162643,1.8137225804579824,1.6346374216249195,1.4555522627918598,1.0000587711506483,0.11375371986452874,0.010954898395219704,,Cgl0664,0,2.348682093382388,-2.647,icit_c + nadp_c --> akg_c + co2_c + nadph_c
238,MDH,2.176771015714712,1.255714186403618,0.33465735709252975,0.0,0.0,0.0,0.0,0.0,0.0,0.0,unchanged,Cgl2380,0,1.255714186403618,0.0,mal__L_c + nad_c --> h_c + nadh_c + oaa_c
239,MDH2,0.0,0.0,0.0,0.0,0.0,0.0,0.0,0.0,0.0,0.0,,Cgl2001,0,0.0,0.0,mal__L_c + q8_c --> oaa_c + q8h2_c
240,MDH3,0.0,0.0,0.0,0.0,0.0,0.0,0.0,0.0,0.0,0.0,,Cgl2380,0,0.0,0.0,mal__L_c + mqn8_c --> mql8_c + oaa_c
241,PYRC,0.0,0.0,0.0,0.39560308804255895,0.8205973516385443,1.278504080763958,1.712764152849482,0.0,4.667798172500135,0.0,,Cgl0689,0,0.0,0.0,atp_c + hco3_c + pyr_c --> adp_c + h_c + oaa_c + pi_c
242,SUCOAS,1.8807980839663414,1.7904373001883802,1.6340637030690341,1.5374820442255126,1.4126259242951216,1.2861482963136872,1.1421765719211971,0.0,0.0,0.0,unchanged,Cgl2566 and Cgl2565,0,1.7904373001883802,0.0,adp_c + pi_c + succoa_c --> atp_c + coa_c + succ_c
243,2MAHMP,0.0,0.0,0.0,0.0,0.0,0.0,0.0,0.0,0.0,0.0,,Cgl1176,0,0.0,0.0,2mahmp_c + h2o_c --> 4ampm_c + h_c + pi_c
244,ACBIPGT,0.0,0.0,0.0,0.0,0.0,0.0,0.0,0.0,0.0,0.0,,Cgl2199,0,0.0,0.0,adocbip_c + gtp_c + h_c --> agdpcbi_c + ppi_c
245,ACPS1_num1,0.0,0.0,0.0,0.0,0.0,0.0,0.0,0.0,0.0,0.0,,Cgl2491,0,0.0,0.0,apoACP_c + coa_c --> ACP_c + h_c + pap_c
246,ADCL,0.0,0.0,0.0,0.0,0.0,0.0,0.0,0.0,0.0,0.0,,Cgl2580,0,0.0,0.0,4adcho_c --> 4abz_c + h_c + pyr_c
247,ADCS,0.0,0.0,0.0,0.0,0.0,0.0,0.0,0.0,0.0,0.0,,Cgl0997,0,0.0,0.0,chor_c + gln__L_c --> 4adcho_c + glu__L_c
248,ADOCBIK,0.0,0.0,0.0,0.0,0.0,0.0,0.0,0.0,0.0,0.0,,Cgl2199,0,0.0,0.0,adocbi_c + atp_c --> adocbip_c + adp_c + h_c
249,ADOCBLS,0.0,0.0,0.0,0.0,0.0,0.0,0.0,0.0,0.0,0.0,,Cgl2201,0,0.0,0.0,agdpcbi_c + rdmbzi_c --> adocbl_c + gmp_c + h_c
250,ALATA_D2,0.0,0.0,0.0,0.0,0.0,0.0,0.0,0.0,0.0,0.0,,Cgl0996,0,0.0,0.0,ala__D_c + pydx5p_c --> pyam5p_c + pyr_c
251,ALATA_L2,0.0,0.0,0.0,0.0,0.0,0.0,0.0,0.0,0.0,0.0,,Cgl0996,0,0.0,0.0,ala__L_c + pydx5p_c --> pyam5p_c + pyr_c
252,AMAOTr,0.0,0.0,0.0,0.0,0.0,0.0,0.0,0.0,0.0,0.0,,Cgl2604,0,0.0,0.0,8aonn_c + amet_c --> amob_c + dann_c
253,AMMQLT8,0.0,0.0,0.0,0.0,0.0,0.0,0.0,0.0,0.0,0.0,,Cgl0471,0,0.0,0.0,2dmmql8_c + amet_c --> ahcys_c + h_c + mql8_c
254,AMPMS2,0.0,0.0,0.0,0.0,0.0,0.0,0.0,0.0,0.0,0.0,,Cgl1305,0,0.0,0.0,air_c + h2o_c + nad_c --> 4ampm_c + 2.0 for_c + 3.0 h_c + nadh_c
255,ASP1DC,0.00029736345300177626,0.00027175406033497305,0.00024614466766809335,0.00022053527500128206,0.0001952542078816205,0.00016964481521460092,0.00014403542254785157,0.00010644539009681427,5.537541169805454e-05,4.3054332993464535e-06,,Cgl0135,0,0.00027175406033497305,-2.295,asp__L_c + h_c --> ala_B_c + co2_c
256,ASPO5,0.0011756164614859,0.0010743705844829352,0.0009731247074804897,0.0008718788304775994,0.0007719309775376634,0.0006706851005356404,0.0005694392235318616,0.00042082828802236794,0.00021892483725416263,1.7021386486616177e-05,,,0,0.0010743705844829352,-2.295,asp__L_c + fum_c --> h_c + iasp_c + succ_c
257,BMOCOS_num1,0.0,0.0,0.0,0.0,0.0,0.0,0.0,0.0,0.0,0.0,,Cgl0212,0,0.0,0.0,moco_c + mptamp_c --> amp_c + bmoco_c + cu2_c
258,BTS4,0.0,0.0,0.0,0.0,0.0,0.0,0.0,0.0,0.0,0.0,,Cgl0072,0,0.0,0.0,amet_c + dtbt_c + s_c --> btn_c + dad_5_c + h_c + met__L_c
259,BWCOS_num1,0.0,0.0,0.0,0.0,0.0,0.0,0.0,0.0,0.0,0.0,,Cgl0212,0,0.0,0.0,mptamp_c + wco_c --> amp_c + bwco_c + cu2_c
260,CDPMEK,0.00031422278037843604,0.0002871614368059631,0.00026010009323348965,0.00023303874966101577,0.0002063243463907527,0.00017926300281827855,0.00015220165924580557,0.00011248042117147815,5.851497772406224e-05,4.549534276646927e-06,,Cgl0911,0,0.0002871614368059631,-2.295,4c2me_c + atp_c --> 2p4c2me_c + adp_c + h_c
261,CPMPS_num1,0.0,0.0,0.0,0.0,0.0,0.0,0.0,0.0,0.0,0.0,,Cgl1197,0,0.0,0.0,gtp_c + h2o_c --> cpmp_c + ppi_c
262,CPPPGO,0.0,0.0,0.0,0.0,0.0,0.0,0.0,0.0,0.0,0.0,,,0,0.0,0.0,cpppg3_c + 2.0 h_c + o2_c --> 2.0 co2_c + 2.0 h2o_c + pppg9_c
263,CPPPGO2,0.0,0.0,0.0,0.0,0.0,0.0,0.0,0.0,0.0,0.0,,Cgl2292,0,0.0,0.0,2.0 amet_c + cpppg3_c --> 2.0 co2_c + 2.0 dad_5_c + 2.0 met__L_c + pppg9_c
264,DB4PS,0.0,0.0,0.0,0.0,0.0,0.0,0.0,0.0,0.0,0.0,,Cgl1595,0,0.0,0.0,ru5p__D_c --> db4p_c + for_c + h_c
265,DBTS,0.0,0.0,0.0,0.0,0.0,0.0,0.0,0.0,0.0,0.0,,Cgl2605,0,0.0,0.0,atp_c + co2_c + dann_c --> adp_c + dtbt_c + 3.0 h_c + pi_c
266,DHFR,0.0,0.0031026313275233364,0.0,0.0,0.0022292282273795455,0.0,0.0016444604865107695,0.0,0.0,4.915537312171858e-05,,Cgl0843,0,0.0031026313275233364,-5.98,dhf_c + h_c + nadph_c --> nadp_c + thf_c
267,DHFS,0.0,0.0,0.0,0.0,0.0,0.0,0.0,0.0,0.0,0.0,,Cgl2375,0,0.0,0.0,atp_c + dhpt_c + glu__L_c --> adp_c + dhf_c + h_c + pi_c
268,DHNCOAS,0.0,0.0,0.0,0.0,0.0,0.0,0.0,0.0,0.0,0.0,,cg2548,0,0.0,0.0,h_c + sbzcoa_c --> 14dhncoa_c + h2o_c
269,DHNCOAT,0.0,0.0,0.0,0.0,0.0,0.0,0.0,0.0,0.0,0.0,,Cgl1664,0,0.0,0.0,14dhncoa_c + h2o_c --> coa_c + dhna_c + h_c
270,DHPPDA2_num1,0.0,0.0,0.0,0.0,0.0,0.0,0.0,0.0,0.0,0.0,,Cgl1597,0,0.0,0.0,25drapp_c + h2o_c + h_c --> 5apru_c + nh4_c
271,DHPS2_num1,0.0,0.0,0.0,0.0,0.0,0.0,0.0,0.0,0.0,0.0,,Cgl1111,0,0.0,0.0,4abz_c + 6hmhptpp_c --> dhpt_c + ppi_c
272,DHPTPE,0.0,0.0,0.0,0.0,0.0,0.0,0.0,0.0,0.0,0.0,,Cgl2693,0,0.0,0.0,ahdt_c --> dhmptp_c
273,DMATT_num1,2.856570730713055e-05,2.6105585164178467e-05,2.3645463021226332e-05,2.1185340878274163e-05,1.87567587627957e-05,1.6296636619843506e-05,1.3836514476891415e-05,1.0225492833770741e-05,5.3195434294602035e-06,4.135940251497206e-07,,Cgl0626,0,2.6105585164178467e-05,-2.295,dmpp_c + ipdp_c --> grdp_c + ppi_c
274,DMPPS,2.856570730713055e-05,2.6105585164178467e-05,2.3645463021226332e-05,2.1185340878274163e-05,1.87567587627957e-05,1.6296636619843506e-05,1.3836514476891415e-05,1.0225492833770741e-05,5.3195434294602035e-06,4.135940251497206e-07,,Cgl1026,0,2.6105585164178467e-05,-2.295,h2mb4p_c + h_c + nadh_c --> dmpp_c + h2o_c + nad_c
275,DPCOAK,0.00029736345300177626,0.00027175406033497305,0.00024614466766809335,0.00022053527500128206,0.0001952542078816205,0.00016964481521460092,0.00014403542254785157,0.00010644539009681427,5.537541169805454e-05,4.3054332993464535e-06,,Cgl1361,0,0.00027175406033497305,-2.295,atp_c + dpcoa_c --> adp_c + coa_c + h_c
276,DPR,0.00029736345300177626,0.00027175406033497305,0.00024614466766809335,0.00022053527500128206,0.0001952542078816205,0.00016964481521460092,0.00014403542254785157,0.00010644539009681427,5.537541169805454e-05,4.3054332993464535e-06,,Cgl1089,0,0.00027175406033497305,-2.295,2dhp_c + h_c + nadph_c --> nadp_c + pant__R_c
277,DXPRIi,0.00031422278037843604,0.0002871614368059631,0.00026010009323348965,0.00023303874966101577,0.0002063243463907527,0.00017926300281827855,0.00015220165924580557,0.00011248042117147815,5.851497772406224e-05,4.549534276646927e-06,,Cgl2016,0,0.0002871614368059631,-2.295,dxyl5p_c + h_c + nadph_c --> 2me4p_c + nadp_c
278,DXPS,0.00031422278037843604,0.0002871614368059631,0.00026010009323348965,0.00023303874966101577,0.0002063243463907527,0.00017926300281827855,0.00015220165924580557,0.00011248042117147815,5.851497772406224e-05,4.549534276646927e-06,,Cgl1902,0,0.0002871614368059631,-2.295,g3p_c + h_c + pyr_c --> co2_c + dxyl5p_c
279,FCLT,0.0,0.0,0.0,0.0,0.0,0.0,0.0,0.0,0.0,0.0,,Cgl1537 and Cgl2597,0,0.0,0.0,fe2_c + ppp9_c --> 2.0 h_c + pheme_c
280,FMNAT,0.0,0.0,0.0,0.0,0.0,0.0,0.0,0.0,0.0,0.0,,Cgl1978,0,0.0,0.0,atp_c + fmn_c + h_c --> fad_c + ppi_c
281,G1SAT,0.0,0.0,0.0,0.0,0.0,0.0,0.0,0.0,0.0,0.0,,Cgl0437,0,0.0,0.0,glu1sa_c --> 5aop_c
282,GDPDPK,0.0,0.0,0.0,0.0,0.0,0.0,0.0,0.0,0.0,0.0,,Cgl1177,0,0.0,0.0,atp_c + gdp_c --> amp_c + h_c + ppgpp_c
283,GDPTPDP,0.0,0.0,0.0,0.0,0.0,0.0,0.0,0.0,0.0,0.0,,Cgl1313,0,0.0,0.0,gdptp_c + h2o_c --> gtp_c + ppi_c
284,GLUCYS,0.0,0.0,0.0,0.0,0.0,0.0,0.0,0.0,0.0,0.0,,Cgl2736,0,0.0,0.0,atp_c + cys__L_c + glu__L_c --> adp_c + glucys_c + h_c + pi_c
285,GLUTRR,0.0,0.0,0.0,0.0,0.0,0.0,0.0,0.0,0.0,0.0,,Cgl0347,0,0.0,0.0,glutrna_c + h_c + nadph_c --> glu1sa_c + nadp_c + trnaglu_c
286,GLYOD,0.0,0.0,0.0,0.0,0.0,0.0,0.0,0.0,0.0,0.0,,Cgl2315,0,0.0,0.0,glyclt_c + o2_c --> glx_c + h2o2_c
287,GRTT_num1,2.856570730713055e-05,2.6105585164178467e-05,2.3645463021226332e-05,2.1185340878274163e-05,1.87567587627957e-05,1.6296636619843506e-05,1.3836514476891415e-05,1.0225492833770741e-05,5.3195434294602035e-06,4.135940251497206e-07,,Cgl0626,0,2.6105585164178467e-05,-2.295,grdp_c + ipdp_c --> frdp_c + ppi_c
288,GTHOr,0.0,0.0,0.0,0.0,0.0,0.0,0.0,0.0,0.0,0.0,,Cgl2003,0,0.0,0.0,gthox_c + h_c + nadph_c --> 2.0 gthrd_c + nadp_c
289,GTHRDHpp,0.0,0.0,0.0,0.0,0.0,0.0,0.0,0.0,0.0,0.0,,Cgl0954,0,0.0,0.0,gthrd_c + h2o_c --> cgly_c + glu__L_c
290,GTPCI,0.0,0.0,0.0,0.0,0.0,0.0,0.0,0.0,0.0,0.0,,Cgl2695,0,0.0,0.0,gtp_c + h2o_c --> ahdt_c + for_c + h_c
291,GTPDPDP_num1,0.0,0.0,0.0,0.0,0.0,0.0,0.0,0.0,0.0,0.0,,Cgl0977,0,0.0,0.0,gdptp_c + h2o_c --> h_c + pi_c + ppgpp_c
292,GTPDPK,0.0,0.0,0.0,0.0,0.0,0.0,0.0,0.0,0.0,0.0,,Cgl1653,0,0.0,0.0,atp_c + gtp_c --> amp_c + gdptp_c + h_c
293,HETZK,0.0,0.0,0.0,0.0,0.0,0.0,0.0,0.0,0.0,0.0,,Cgl1464,0,0.0,0.0,4mhetz_c + atp_c --> 4mpetz_c + adp_c + h_c
294,HMBS,0.0,0.0,0.0,0.0,0.0,0.0,0.0,0.0,0.0,0.0,,Cgl0418,0,0.0,0.0,h2o_c + 4.0 ppbng_c --> hmbil_c + 4.0 nh4_c
295,HPPK2,0.0,0.0,0.0,0.0,0.0,0.0,0.0,0.0,0.0,0.0,,Cgl2692,0,0.0,0.0,6hmhpt_c + atp_c --> 6hmhptpp_c + amp_c + h_c
296,ICHORS,0.0,0.0,0.0,0.0,0.0,0.0,0.0,0.0,0.0,0.0,,Cgl1292,0,0.0,0.0,chor_c --> ichor_c
297,IPDDI,0.0,0.0,0.0,0.0,0.0,0.0,0.0,0.0,0.0,0.0,,Cgl2305,0,0.0,0.0,ipdp_c --> dmpp_c
298,IPDPS,0.0002856570730713055,0.00026105585164178465,0.00023645463021226333,0.00021185340878274162,0.00018756758762795698,0.00016296636619843506,0.00013836514476891416,0.00010225492833770741,5.319543429460203e-05,4.135940251497207e-06,,Cgl1026,0,0.00026105585164178465,-2.295,h2mb4p_c + h_c + nadh_c --> h2o_c + ipdp_c + nad_c
299,LIPAMPL,0.0,0.0,0.0,0.0,0.0,0.0,0.0,0.0,0.0,0.0,,Cgl1074,0,0.0,0.0,lipoamp_c --> amp_c + lipopb_c
300,LIPATPT,0.0,0.0,0.0,0.0,0.0,0.0,0.0,0.0,0.0,0.0,,Cgl1074,0,0.0,0.0,atp_c + lipoate_c --> lipoamp_c + ppi_c
301,LIPOCT,0.0,0.0,0.0,0.0,0.0,0.0,0.0,0.0,0.0,0.0,,Cgl2208,0,0.0,0.0,h_c + ocACP_c --> ACP_c + octapb_c
302,LIPOS,0.0,0.0,0.0,0.0,0.0,0.0,0.0,0.0,0.0,0.0,,Cgl2209,0,0.0,0.0,4fe4s_c + 2.0 amet_c + h_c + nad_c + octapb_c --> 2fe2s_c + 2.0 dad_5_c + 2.0 fe2_c + lipopb_c + 2.0 met__L_c + nadh_c
303,MECDPDH2,0.00031422278037843604,0.0002871614368059631,0.00026010009323348965,0.00023303874966101577,0.0002063243463907527,0.00017926300281827855,0.00015220165924580557,0.00011248042117147815,5.851497772406224e-05,4.549534276646927e-06,,Cgl2014,0,0.0002871614368059631,-2.295,2mecdp_c + nadh_c --> h2mb4p_c + h2o_c + nad_c
304,MECDPS,0.00031422278037843604,0.0002871614368059631,0.00026010009323348965,0.00023303874966101577,0.0002063243463907527,0.00017926300281827855,0.00015220165924580557,0.00011248042117147815,5.851497772406224e-05,4.549534276646927e-06,,Cgl2659,0,0.0002871614368059631,-2.295,2p4c2me_c --> 2mecdp_c + cmp_c
305,MEPCT,0.00031422278037843604,0.0002871614368059631,0.00026010009323348965,0.00023303874966101577,0.0002063243463907527,0.00017926300281827855,0.00015220165924580557,0.00011248042117147815,5.851497772406224e-05,4.549534276646927e-06,,Cgl2660,0,0.0002871614368059631,-2.295,2me4p_c + ctp_c + h_c --> 4c2me_c + ppi_c
306,MOCOS_num1,0.0,0.0,0.0,0.0,0.0,0.0,0.0,0.0,0.0,0.0,,Cgl0212,0,0.0,0.0,2.0 h_c + mobd_c + mptamp_c --> amp_c + cu2_c + h2o_c + moco_c
307,MOHMT,0.00029736345300177626,0.00027175406033497305,0.00024614466766809335,0.00022053527500128206,0.0001952542078816205,0.00016964481521460092,0.00014403542254785157,0.00010644539009681427,5.537541169805454e-05,4.3054332993464535e-06,,Cgl0114,0,0.00027175406033497305,-2.295,3mob_c + h2o_c + mlthf_c --> 2dhp_c + thf_c
308,MPTAT,0.0,0.0,0.0,0.0,0.0,0.0,0.0,0.0,0.0,0.0,,Cgl1191,0,0.0,0.0,atp_c + h_c + mpt_c --> mptamp_c + ppi_c
309,MPTS,0.0,0.0,0.0,0.0,0.0,0.0,0.0,0.0,0.0,0.0,,Cgl0209,0,0.0,0.0,cpmp_c + cu2_c + 2.0 moadcosh_c --> 5.0 h_c + 2.0 moadcoo_c + mpt_c
310,MPTSS,0.0,0.0,0.0,0.0,0.0,0.0,0.0,0.0,0.0,0.0,,Cgl0208,0,0.0,0.0,atp_c + h_c + moadcoo_c --> moadamp_c + ppi_c
311,MSDHD_num1,0.0,0.0,0.0,0.0,0.0,0.0,0.0,0.0,0.0,0.0,,Cgl0160,0,0.0,0.0,coa_c + msa_c + nad_c --> accoa_c + co2_c + nadh_c
312,NADDP_num1,0.0,0.0,0.0,0.0,0.0,0.0,0.0,0.0,0.0,0.0,,Cgl0778,0,0.0,0.0,h2o_c + nad_c --> amp_c + 2.0 h_c + nmn_c
313,NADK,0.00023051355624137165,0.00021066137831828318,0.00019080920039571566,0.0001709570224727047,0.00015135935965014994,0.00013150718172794357,0.0001116550038040646,8.251553837302505e-05,4.292653636482223e-05,3.337534357276489e-06,,Cgl1413,0,0.00021066137831828318,-2.295,atp_c + nad_c --> adp_c + h_c + nadp_c
314,NADPPPS_num1,0.0,0.0,0.0,0.0,0.0,0.0,0.0,0.0,0.0,0.0,,Cgl0299,0,0.0,0.0,h2o_c + nadp_c --> nad_c + pi_c
315,NADS1,0.0011756164614859,0.0010743705844829352,0.0009731247074804897,0.0008718788304775994,0.0007719309775376634,0.0006706851005356404,0.0005694392235318616,0.00042082828802236794,0.00021892483725416263,1.7021386486616177e-05,,Cgl2534,0,0.0010743705844829352,-2.295,atp_c + dnad_c + nh4_c --> amp_c + h_c + nad_c + ppi_c
316,NNAM,0.0,0.0,0.0,0.0,0.0,0.0,0.0,0.0,0.0,0.0,,Cgl2487,0,0.0,0.0,h2o_c + ncam_c --> nac_c + nh4_c
317,NNDMBRT,0.0,0.0,0.0,0.0,0.0,0.0,0.0,0.0,0.0,0.0,,Cgl2200,0,0.0,0.0,dmbzid_c + nicrnt_c --> 5prdmbz_c + h_c + nac_c
318,NNDPR,0.0011756164614859,0.0010743705844829352,0.0009731247074804897,0.0008718788304775994,0.0007719309775376634,0.0006706851005356404,0.0005694392235318616,0.00042082828802236794,0.00021892483725416263,1.7021386486616177e-05,,Cgl1068,0,0.0010743705844829352,-2.295,2.0 h_c + prpp_c + quln_c --> co2_c + nicrnt_c + ppi_c
319,NPHS,0.0,0.0,0.0,0.0,0.0,0.0,0.0,0.0,0.0,0.0,,Cgl0463,0,0.0,0.0,sbzcoa_c --> coa_c + dhna_c
320,OCTDPS,0.0,0.0,0.0,0.0,0.0,0.0,0.0,0.0,0.0,0.0,,Cgl0473,0,0.0,0.0,frdp_c + 5.0 ipdp_c --> octdp_c + 5.0 ppi_c
321,OCTNLL,0.0,0.0,0.0,0.0,0.0,0.0,0.0,0.0,0.0,0.0,,Cgl1074,0,0.0,0.0,atp_c + h_c + octa_c --> amp_c + octapb_c + ppi_c
322,OHPBAT,0.0,0.0,0.0,0.0,0.0,0.0,0.0,0.0,0.0,0.0,,Cgl0828,0,0.0,0.0,glu__L_c + ohpb_c --> akg_c + phthr_c
323,OMBZLM,0.0,0.0,0.0,0.0,0.0,0.0,0.0,0.0,0.0,0.0,,Cgl0471,0,0.0,0.0,2ombzl_c + amet_c --> 2ommbl_c + ahcys_c + h_c
324,PANTS_num1,0.00029736345300177626,0.00027175406033497305,0.00024614466766809335,0.0,0.0001952542078816205,0.0,0.0,0.00010644539009681427,5.537541169805454e-05,4.3054332993464535e-06,,Cgl0113,0,0.00027175406033497305,-2.295,ala_B_c + atp_c + pant__R_c --> amp_c + h_c + pnto__R_c + ppi_c
325,PMPK,0.0,0.0,0.0,0.0,0.0,0.0,0.0,0.0,0.0,0.0,,Cgl1463,0,0.0,0.0,4ampm_c + atp_c --> 2mahmp_c + adp_c
326,PNTK,0.00029736345300177626,0.00027175406033497305,0.00024614466766809335,0.00022053527500128206,0.0001952542078816205,0.00016964481521460092,0.00014403542254785157,0.00010644539009681427,5.537541169805454e-05,4.3054332993464535e-06,,Cgl0995,0,0.00027175406033497305,-2.295,atp_c + pnto__R_c --> 4ppan_c + adp_c + h_c
327,PPBNGS,0.0,0.0,0.0,0.0,0.0,0.0,0.0,0.0,0.0,0.0,,Cgl0431,0,0.0,0.0,2.0 5aop_c --> 2.0 h2o_c + h_c + ppbng_c
328,PPCDC,0.00029736345300177626,0.00027175406033497305,0.00024614466766809335,0.00022053527500128206,0.0001952542078816205,0.00016964481521460092,0.00014403542254785157,0.00010644539009681427,5.537541169805454e-05,4.3054332993464535e-06,,Cgl1604,0,0.00027175406033497305,-2.295,4ppcys_c + h_c --> co2_c + pan4p_c
329,PPGPPDP,0.0,0.0,0.0,0.0,0.0,0.0,0.0,0.0,0.0,0.0,,Cgl1653,0,0.0,0.0,h2o_c + ppgpp_c --> gdp_c + ppi_c
330,PPNCL2,0.00029736345300177626,0.00027175406033497305,0.00024614466766809335,0.00022053527500128206,0.0001952542078816205,0.00016964481521460092,0.00014403542254785157,0.00010644539009681427,5.537541169805454e-05,4.3054332993464535e-06,,Cgl1604,0,0.00027175406033497305,-2.295,4ppan_c + ctp_c + cys__L_c --> 4ppcys_c + cmp_c + h_c + ppi_c
331,PPPGO,0.0,0.0,0.0,0.0,0.0,0.0,0.0,0.0,0.0,0.0,,Cgl0436,0,0.0,0.0,1.5 o2_c + pppg9_c --> 3.0 h2o_c + ppp9_c
332,PPPGO3,0.0,0.0,0.0,0.0,0.0,0.0,0.0,0.0,0.0,0.0,,Cgl0436,0,0.0,0.0,3.0 fum_c + pppg9_c --> ppp9_c + 3.0 succ_c
333,PTPATi,0.00029736345300177626,0.00027175406033497305,0.00024614466766809335,0.00022053527500128206,0.0001952542078816205,0.00016964481521460092,0.00014403542254785157,0.00010644539009681427,5.537541169805454e-05,4.3054332993464535e-06,,Cgl1329,0,0.00027175406033497305,-2.295,atp_c + h_c + pan4p_c --> dpcoa_c + ppi_c
334,PY5PSH,0.00011525619652391634,0.00010533015765037005,9.540411877682354e-05,8.547807990327688e-05,7.567929793836528e-05,6.575325906481854e-05,5.5827220191272204e-05,4.12575609954804e-05,2.146315987667944e-05,1.6687587578787044e-06,,Cgl0788 and Cgl0789,0,0.00010533015765037005,-2.295,g3p_c + gln__L_c + r5p_c --> glu__L_c + 3.0 h2o_c + h_c + pi_c + pydx5p_c
335,PYDAMK,0.0,0.0,0.0,0.0,0.0,0.0,0.0,0.0,0.0,0.0,,Cgl0913 and Cgl3079,0,0.0,0.0,atp_c + pydam_c --> adp_c + h_c + pyam5p_c
336,PYDXK,0.0,0.0,0.0,0.0,0.0,0.0,0.0,0.0,0.0,0.0,,Cgl0913 and Cgl3079,0,0.0,0.0,atp_c + pydx_c --> adp_c + h_c + pydx5p_c
337,PYDXNK,0.0,0.0,0.0,0.0,0.0,0.0,0.0,0.0,0.0,0.0,,Cgl0913 and Cgl3079,0,0.0,0.0,atp_c + pydxn_c --> adp_c + h_c + pdx5p_c
338,QULNS,0.0011756164614859,0.0010743705844829352,0.0009731247074804897,0.0008718788304775994,0.0007719309775376634,0.0006706851005356404,0.0005694392235318616,0.00042082828802236794,0.00021892483725416263,1.7021386486616177e-05,,Cgl1069,0,0.0010743705844829352,-2.295,dhap_c + iasp_c --> 2.0 h2o_c + pi_c + quln_c
339,RBFSa,0.0,0.0,0.0,0.0,0.0,0.0,0.0,0.0,0.0,0.0,,Cgl1594,0,0.0,0.0,4r5au_c + db4p_c --> dmlz_c + 2.0 h2o_c + pi_c
340,RBFSb,0.0,0.0,0.0,0.0,0.0,0.0,0.0,0.0,0.0,0.0,,Cgl1596,0,0.0,0.0,2.0 dmlz_c --> 4r5au_c + ribflv_c
341,RZ5PP,0.0,0.0,0.0,0.0,0.0,0.0,0.0,0.0,0.0,0.0,,Cgl0644,0,0.0,0.0,5prdmbz_c + h2o_c --> pi_c + rdmbzi_c
342,SEPHCHCS,0.0,0.0,0.0,0.0,0.0,0.0,0.0,0.0,0.0,0.0,,Cgl0467,0,0.0,0.0,akg_c + h_c + ichor_c --> 2sephchc_c + co2_c
343,SUCBZL,0.0,0.0,0.0,0.0,0.0,0.0,0.0,0.0,0.0,0.0,,Cgl0450,0,0.0,0.0,atp_c + coa_c + sucbz_c --> amp_c + ppi_c + sbzcoa_c
344,TDPDSH,0.0,0.0,0.0,0.0,0.0,0.0,0.0,0.0,0.0,0.0,,Cgl0333,0,0.0,0.0,dtdp4d6dg_c --> dtdp4d6dm_c
345,TMPK,0.0,0.0,0.0,0.0,0.0,0.0,0.0,0.0,0.0,0.0,,Cgl1323,0,0.0,0.0,atp_c + thmmp_c --> adp_c + thmpp_c
346,TMPPP_num1,0.0,0.0,0.0,0.0,0.0,0.0,0.0,0.0,0.0,0.0,,Cgl1463,0,0.0,0.0,2mahmp_c + 4mpetz_c + h_c --> ppi_c + thmmp_c
347,TRATF_num1,0.0,0.0,0.0,0.0,0.0,0.0,0.0,0.0,0.0,0.0,,Cgl2441,0,0.0,0.0,akg_c + tau_c --> 2saa_c + glu__L_c
348,TYRL,0.0,0.0,0.0,0.0,0.0,0.0,0.0,0.0,0.0,0.0,,Cgl2041,0,0.0,0.0,amet_c + nadph_c + tyr__L_c --> 4crsol_c + dad_5_c + dhgly_c + h_c + met__L_c + nadp_c
349,UDCPDPS,2.856570730713055e-05,2.6105585164178467e-05,2.3645463021226332e-05,2.1185340878274163e-05,1.87567587627957e-05,1.6296636619843506e-05,1.3836514476891415e-05,1.0225492833770741e-05,5.3195434294602035e-06,4.135940251497206e-07,,Cgl2283,0,2.6105585164178467e-05,-2.295,frdp_c + 8.0 ipdp_c --> 8.0 ppi_c + udcpdp_c
350,UPP3MT_num1,0.0,0.0,0.0,0.0,0.0,0.0,0.0,0.0,0.0,0.0,,Cgl0429,0,0.0,0.0,2.0 amet_c + uppg3_c --> 2.0 ahcys_c + dscL_c + h_c
351,UPP3S,0.0,0.0,0.0,0.0,0.0,0.0,0.0,0.0,0.0,0.0,,Cgl0429,0,0.0,0.0,hmbil_c --> h2o_c + uppg3_c
352,UPPDC1,0.0,0.0,0.0,0.0,0.0,0.0,0.0,0.0,0.0,0.0,,Cgl0435,0,0.0,0.0,4.0 h_c + uppg3_c --> 4.0 co2_c + cpppg3_c
353,WCOS_num1,0.0,0.0,0.0,0.0,0.0,0.0,0.0,0.0,0.0,0.0,,Cgl0212,0,0.0,0.0,2.0 h_c + mptamp_c + tungs_c --> amp_c + cu2_c + h2o_c + wco_c
354,NAMNPP,0.0,0.0,0.0,0.0,0.0,0.0,0.0,0.0,0.0,0.0,,Cgl2517,0,0.0,0.0,atp_c + h2o_c + nac_c + prpp_c --> adp_c + nicrnt_c + pi_c + ppi_c
355,RBFK,0.0,0.0,0.0,0.0,0.0,0.0,0.0,0.0,0.0,0.0,,Cgl1978,0,0.0,0.0,atp_c + ribflv_c --> adp_c + fmn_c + h_c
356,ADSK,0.0,0.0,0.0,0.0,0.0,0.0,0.0,0.0,0.0,0.0,,,0,0.0,0.0,aps_c + atp_c --> adp_c + h_c + paps_c
357,AMPTASECG_num1,0.0,0.0,0.0,0.0,0.0,0.0,0.0,0.0,0.0,0.0,,Cgl2426,0,0.0,0.0,cgly_c + h2o_c --> cys__L_c + gly_c
358,BPNT,0.0,0.0,0.0,0.0,0.0,0.0,0.0,0.0,0.0,0.0,,Cgl0845,0,0.0,0.0,h2o_c + pap_c --> amp_c + pi_c
359,CYSS,0.0573946860990204,0.052451768472585945,0.04750885084615131,0.04256593321971667,0.03768638633208253,0.03274346870564765,0.027800551079213236,0.020545227362725214,0.010688113619639448,0.0008309998765538411,,Cgl2562,0,0.052451768472585945,-2.295,acser_c + h2s_c --> ac_c + cys__L_c + h_c
360,MCPST_num1,0.0,0.0,0.0,0.0,0.0,0.0,0.0,0.0,0.0,0.0,,Cgl0701,0,0.0,0.0,cyan_c + mercppyr_c --> h_c + pyr_c + tcynt_c
361,PAPSR,0.0,0.0,0.0,0.0,0.0,0.0,0.0,0.0,0.0,0.0,,Cgl2816,0,0.0,0.0,paps_c + trdrd_c --> 2.0 h_c + pap_c + so3_c + trdox_c
362,PAPSR2,0.0,0.0,0.0,0.0,0.0,0.0,0.0,0.0,0.0,0.0,,Cgl2816,0,0.0,0.0,grxrd_c + paps_c --> grxox_c + 2.0 h_c + pap_c + so3_c
363,SADT2,0.0573946860990204,0.052451768472585945,0.04750885084615131,0.04256593321971667,0.03768638633208253,0.03274346870564765,0.027800551079213236,0.020545227362725214,0.010688113619639448,0.0008309998765538411,,Cgl2814 and Cgl2815,0,0.052451768472585945,-2.295,atp_c + gtp_c + h2o_c + so4_c --> aps_c + gdp_c + pi_c + ppi_c
364,SERAT,0.0573946860990204,0.052451768472585945,0.04750885084615131,0.04256593321971667,0.03768638633208253,0.03274346870564765,0.027800551079213236,0.020545227362725214,0.010688113619639448,0.0008309998765538411,,Cgl2563,0,0.052451768472585945,-2.295,accoa_c + ser__L_c --> acser_c + coa_c
365,SULRi,0.0573946860990204,0.052451768472585945,0.04750885084615131,0.04256593321971667,0.03768638633208253,0.03274346870564765,0.027800551079213236,0.020545227362725214,0.010688113619639448,0.0008309998765538411,,Cgl2817 and Cgl2818,0,0.052451768472585945,-2.295,5.0 h_c + 3.0 nadph_c + so3_c --> 3.0 h2o_c + h2s_c + 3.0 nadp_c
366,EX_26dap__M_e,0.0,0.0,0.0,0.0,0.0,0.0,0.0,0.0,0.0,0.0,,,0,0.0,0.0,26dap__M_e --> 
367,EX_3amp_e,0.0,0.0,0.0,0.0,0.0,0.0,0.0,0.0,0.0,0.0,,,0,0.0,0.0,3amp_e --> 
368,EX_3cmp_e,0.0,0.0,0.0,0.0,0.0,0.0,0.0,0.0,0.0,0.0,,,0,0.0,0.0,3cmp_e --> 
369,EX_3gmp_e,0.0,0.0,0.0,0.0,0.0,0.0,0.0,0.0,0.0,0.0,,,0,0.0,0.0,3gmp_e --> 
370,EX_3ump_e,0.0,0.0,0.0,0.0,0.0,0.0,0.0,0.0,0.0,0.0,,,0,0.0,0.0,3ump_e --> 
371,EX_4abut_e,0.0,0.0,0.0,0.0,0.0,0.0,0.0,0.0,0.0,0.0,,,0,0.0,0.0,4abut_e --> 
372,EX_ac_e,0.0,0.0,0.0,0.0,0.0,0.0,0.0,0.0,0.0,0.0,,,0,0.0,0.0,ac_e --> 
373,EX_acald_e,0.0,0.0,0.0,0.0,0.0,0.0,0.0,0.0,0.0,0.0,,,0,0.0,0.0,acald_e --> 
374,EX_acgam_e,0.0,0.0,0.0,0.0,0.0,0.0,0.0,0.0,0.0,0.0,,,0,0.0,0.0,acgam_e --> 
375,EX_acgam1p_e,0.0,0.0,0.0,0.0,0.0,0.0,0.0,0.0,0.0,0.0,,,0,0.0,0.0,acgam1p_e --> 
376,EX_acmana_e,0.0,0.0,0.0,0.0,0.0,0.0,0.0,0.0,0.0,0.0,,,0,0.0,0.0,acmana_e --> 
377,EX_acser_e,0.0,0.0,0.0,0.0,0.0,0.0,0.0,0.0,0.0,0.0,,,0,0.0,0.0,acser_e --> 
378,EX_ade_e,0.0,0.0,0.0,0.0,0.0,0.0,0.0,0.024941825985038343,0.0,0.0,,,0,0.0,0.0,ade_e --> 
379,EX_adn_e,0.0,0.0,0.0,0.0,0.0,0.0,0.0,0.0,0.0,0.0,,,0,0.0,0.0,adn_e --> 
380,EX_akg_e,0.0,0.0,0.0,0.0,0.0,0.0,0.0,0.0,0.0,0.0,,,0,0.0,0.0,akg_e --> 
381,EX_ala_L_e,0.0,0.0,0.0,0.0,0.0,0.0,0.0,0.0,0.0,0.0,,,0,0.0,0.0,ala__L_e --> 
382,EX_alaala_e,0.0,0.0,0.0,0.0,0.0,0.0,0.0,0.0,0.0,0.0,,,0,0.0,0.0,alaala_e --> 
383,EX_ala_B_e,0.0,0.0,0.0,0.0,0.0,0.0,0.0,0.0,0.0,0.0,,,0,0.0,0.0,ala_B_e --> 
384,EX_ala__D_e,0.0,0.0,0.0,0.0,0.0,0.0,0.0,0.0,0.0,0.0,,,0,0.0,0.0,ala__D_e --> 
385,EX_amp_e,0.0,0.0,0.0,0.0,0.0,0.0,0.0,0.0,0.0,0.0,,,0,0.0,0.0,amp_e --> 
386,EX_arg_L_e,0.0,0.0,0.0,0.0,0.0,0.0,0.0,0.0,0.0,0.0,,,0,0.0,0.0,arg__L_e --> 
387,EX_asn_L_e,0.0,0.0,0.0,0.0,0.0,0.0,0.0,0.0,0.0,0.0,,,0,0.0,0.0,asn__L_e --> 
388,EX_asp_L_e,0.0,0.0,0.0,0.0,0.0,0.0,0.0,0.0,0.0,0.0,,,0,0.0,0.0,asp__L_e --> 
389,EX_ca2_e,0.0,0.0,0.0,0.0,0.0,0.0,0.0,0.0,0.0,0.0,,,0,0.0,0.0,ca2_e --> 
390,EX_cgly_e,0.0,0.0,0.0,0.0,0.0,0.0,0.0,0.0,0.0,0.0,,,0,0.0,0.0,cgly_e --> 
391,EX_cit_e,0.0,0.0,0.0,0.0,0.0,0.0,0.0,0.0,0.0,0.0,,,0,0.0,0.0,cit_e --> 
392,EX_cmp_e,0.0,0.0,0.0,0.0,0.0,0.0,0.0,0.0,0.0,0.0,,,0,0.0,0.0,cmp_e --> 
393,EX_co2_e,10.034947677050951,8.495047726544769,6.955147776038567,5.415247825532374,3.8950901820839405,2.355190231577744,0.8152902810715577,0.0,0.0,0.0,,,0,8.495047726544769,0.0,co2_e --> 
394,EX_cobalt2_e,0.0,0.0,0.0,0.0,0.0,0.0,0.0,0.0,0.0,0.0,,,0,0.0,0.0,cobalt2_e --> 
395,EX_cu_e,0.0,0.0,0.0,0.0,0.0,0.0,0.0,0.0,0.0,0.0,,,0,0.0,0.0,cu_e --> 
396,EX_cu2_e,0.0,0.0,0.0,0.0,0.0,0.0,0.0,0.0,0.0,0.0,,,0,0.0,0.0,cu2_e --> 
397,EX_cyan_e,0.0,0.0,0.0,0.0,0.0,0.0,0.0,0.0,0.0,0.0,,,0,0.0,0.0,cyan_e --> 
398,EX_cys_L_e,0.0,0.0,0.0,0.0,0.0,0.0,0.0,0.0,0.0,0.0,,,0,0.0,0.0,cys__L_e --> 
399,EX_cytd_e,0.0,0.0,0.0,0.0,0.0,0.0,0.0,0.0,0.0,0.0,,,0,0.0,0.0,cytd_e --> 
400,EX_dad_2_e,0.0,0.0,0.0,0.0,0.0,0.0,0.0,0.0,0.0,0.0,,,0,0.0,0.0,dad_2_e --> 
401,EX_damp_e,0.0,0.0,0.0,0.0,0.0,0.0,0.0,0.0,0.0,0.0,,,0,0.0,0.0,damp_e --> 
402,EX_dcmp_e,0.0,0.0,0.0,0.0,0.0,0.0,0.0,0.0,0.0,0.0,,,0,0.0,0.0,dcmp_e --> 
403,EX_dcyt_e,0.0,0.0,0.0,0.0,0.0,0.0,0.0,0.0,0.0,0.0,,,0,0.0,0.0,dcyt_e --> 
404,EX_dgmp_e,0.0,0.0,0.0,0.0,0.0,0.0,0.0,0.0,0.0,0.0,,,0,0.0,0.0,dgmp_e --> 
405,EX_dgsn_e,0.0,0.0,0.0,0.0,0.0,0.0,0.0,0.0,0.0,0.0,,,0,0.0,0.0,dgsn_e --> 
406,EX_dha_e,0.0,0.0,0.0,0.0,0.0,0.0,0.0,0.0,0.0,0.0,,,0,0.0,0.0,dha_e --> 
407,EX_dimp_e,0.0,0.0,0.0,0.0,0.0,0.0,0.0,0.0,0.0,0.0,,,0,0.0,0.0,dimp_e --> 
408,EX_din_e,0.0,0.0,0.0,0.0,0.0,0.0,0.0,0.0,0.0,0.0,,,0,0.0,0.0,din_e --> 
409,EX_dms_e,0.0,0.0,0.0,0.0,0.0,0.0,0.0,0.0,0.0,0.0,,,0,0.0,0.0,dms_e --> 
410,EX_dmso_e,0.0,0.0,0.0,0.0,0.0,0.0,0.0,0.0,0.0,0.0,,,0,0.0,0.0,dmso_e --> 
411,EX_dtmp_e,0.0,0.0,0.0,0.0,0.0,0.0,0.0,0.0,0.0,0.0,,,0,0.0,0.0,dtmp_e --> 
412,EX_dump_e,0.0,0.0,0.0,0.0,0.0,0.0,0.0,0.0,0.0,0.0,,,0,0.0,0.0,dump_e --> 
413,EX_duri_e,0.0,0.0,0.0,0.0,0.0,0.0,0.0,0.0,0.0,0.0,,,0,0.0,0.0,duri_e --> 
414,EX_etha_e,0.0,0.0,0.0,0.0,0.0,0.0,0.0,0.0,0.0,0.0,,,0,0.0,0.0,etha_e --> 
415,EX_etoh_e,0.0,0.0,0.0,0.0,0.0,0.0,0.0,0.0,0.0,0.0,,,0,0.0,0.0,etoh_e --> 
416,EX_f6p_e,0.0,0.0,0.0,0.0,0.0,0.0,0.0,0.0,0.0,0.0,,,0,0.0,0.0,f6p_e --> 
417,EX_fe2_e,0.0,0.0,0.0,0.0,0.0,0.0,0.0,0.0,0.0,0.0,,,0,0.0,0.0,fe2_e --> 
418,EX_fe3_e,0.0,0.0,0.0,0.0,0.0,0.0,0.0,0.0,0.0,0.0,,,0,0.0,0.0,fe3_e --> 
419,EX_for_e,0.0,0.0,0.0,0.0,0.0,0.0,0.0,0.0,0.0,0.0,,,0,0.0,0.0,for_e --> 
420,EX_fru_e,0.0,0.0,0.0,0.0,0.0,0.0,0.0,0.0,0.0,0.0,,,0,0.0,0.0,fru_e --> 
421,EX_fruur_e,0.0,0.0,0.0,0.0,0.0,0.0,0.0,0.0,0.0,0.0,,,0,0.0,0.0,fruur_e --> 
422,EX_fum_e,0.0,0.7722,1.5444,2.3165999999999998,3.0789,3.8511,4.6232999999999995,5.3955,6.1677,6.9399,,,0,0.7722,2.998,fum_e --> 
423,EX_g1p_e,0.0,0.0,0.0,0.0,0.0,0.0,0.0,0.0,0.0,0.0,,,0,0.0,0.0,g1p_e --> 
424,EX_g3pe_e,0.0,0.0,0.0,0.0,0.0,0.0,0.0,0.0,0.0,0.0,,,0,0.0,0.0,g3pe_e --> 
425,EX_g3pg_e,0.0,0.0,0.0,0.0,0.0,0.0,0.0,0.0,0.0,0.0,,,0,0.0,0.0,g3pg_e --> 
426,EX_g3pi_e,0.0,0.0,0.0,0.0,0.0,0.0,0.0,0.0,0.0,0.0,,,0,0.0,0.0,g3pi_e --> 
427,EX_g3ps_e,0.0,0.0,0.0,0.0,0.0,0.0,0.0,0.0,0.0,0.0,,,0,0.0,0.0,g3ps_e --> 
428,EX_g6p_e,0.0,0.0,0.0,0.0,0.0,0.0,0.0,0.0,0.0,0.0,,,0,0.0,0.0,g6p_e --> 
429,EX_gal1p_e,0.0,0.0,0.0,0.0,0.0,0.0,0.0,0.0,0.0,0.0,,,0,0.0,0.0,gal1p_e --> 
430,EX_gam_e,0.0,0.0,0.0,0.0,0.0,0.0,0.0,0.0,0.0,0.0,,,0,0.0,0.0,gam_e --> 
431,EX_gam6p_e,0.0,0.0,0.0,0.0,0.0,0.0,0.0,0.0,0.0,0.0,,,0,0.0,0.0,gam6p_e --> 
432,EX_glc_e,0.0,0.0,0.0,0.0,0.0,0.0,0.0,0.0,0.0,0.0,,,0,0.0,0.0,glc__D_e --> 
433,EX_glcn_e,0.0,0.0,0.0,0.0,0.0,0.0,0.0,0.0,0.0,0.0,,,0,0.0,0.0,glcn_e --> 
434,EX_glcur_e,0.0,0.0,0.0,0.0,0.0,0.0,0.0,0.0,0.0,0.0,,,0,0.0,0.0,glcur_e --> 
435,EX_glcur1p_e,0.0,0.0,0.0,0.0,0.0,0.0,0.0,0.0,0.0,0.0,,,0,0.0,0.0,glcur1p_e --> 
436,EX_gln_L_e,0.0,0.0,0.0,0.0,0.0,0.0,0.0,0.0,0.0,0.0,,,0,0.0,0.0,gln__L_e --> 
437,EX_glu_L_e,0.0,0.0,0.0,0.0,0.0,0.0,0.0,0.0,0.0,0.0,,,0,0.0,0.0,glu__L_e --> 
438,EX_gly_e,0.0,0.0,0.0,0.0,0.0,0.0,0.0,0.0,0.0,0.0,,,0,0.0,0.0,gly_e --> 
439,EX_glyald_e,0.0,0.0,0.0,0.0,0.0,0.0,0.0,0.0,0.0,0.0,,,0,0.0,0.0,glyald_e --> 
440,EX_glyc_e,0.0,0.0,0.0,0.0,0.0,0.0,0.0,0.0,0.0,0.0,,,0,0.0,0.0,glyc_e --> 
441,EX_glyc_R_e,0.0,0.0,0.0,0.0,0.0,0.0,0.0,0.0,0.0,0.0,,,0,0.0,0.0,glyc__R_e --> 
442,EX_glyc3p_e,0.0,0.0,0.0,0.0,0.0,0.0,0.0,0.0,0.0,0.0,,,0,0.0,0.0,glyc3p_e --> 
443,EX_gmp_e,0.0,0.0,0.0,0.0,0.0,0.0,0.0,0.0,0.0,0.0,,,0,0.0,0.0,gmp_e --> 
444,EX_gsn_e,0.0,0.0,0.0,0.0,0.0,0.0,0.0,0.0,0.0,0.0,,,0,0.0,0.0,gsn_e --> 
445,EX_gthrd_e,0.0,0.0,0.0,0.0,0.0,0.0,0.0,0.0,0.0,0.0,,,0,0.0,0.0,gthrd_e --> 
446,EX_gua_e,0.0,0.0,0.0,0.0,0.0,0.0,0.0,0.0,0.0,0.0,,,0,0.0,0.0,gua_e --> 
447,EX_h_e,3.350209733111356,4.606084577429229,5.8619594217470805,7.117834266064856,8.35760815084019,9.613482995157996,10.86935783947587,12.015196066366038,12.959280444529988,13.92830664867897,,,0,4.606084577429229,1.493,h_e --> 
448,EX_h2_e,0.0,0.0,0.0,0.0,0.0,0.0,0.0,0.0,0.0,0.0,,,0,0.0,0.0,h2_e --> 
449,EX_h2o_e,19.54062193936728,18.72647886950873,1000.0,1000.0,16.294487391598054,15.480344321739546,14.666201251881015,1000.0,1000.0,1000.0,,,0,18.72647886950873,1.531,h2o_e --> 
450,EX_h2s_e,0.0,0.0,0.0,0.0,0.0,0.0,0.0,0.0,0.0,0.0,,,0,0.0,0.0,h2s_e --> 
451,EX_his_L_e,0.0,0.0,0.0,0.0,0.0,0.0,0.0,0.0,0.0,0.0,,,0,0.0,0.0,his__L_e --> 
452,EX_hom__L_e,0.0,0.0,0.0,0.0,0.0,0.0,0.0,0.0,0.0,0.0,,,0,0.0,0.0,hom__L_e --> 
453,EX_hxan_e,0.0,0.0,0.0,0.0,0.0,0.0,0.0,0.0,0.0,0.0010088306130014034,,,0,0.0,0.0,hxan_e --> 
454,EX_ile_L_e,0.0,0.0,0.0,0.0,0.0,0.0,0.0,0.0,0.0,0.0,,,0,0.0,0.0,ile__L_e --> 
455,EX_imp_e,0.0,0.0,0.0,0.0,0.0,0.0,0.0,0.0,0.0,0.0,,,0,0.0,0.0,imp_e --> 
456,EX_indole_e,0.0,0.0,0.0,0.0,0.0,0.0,0.0,0.0,0.0,0.0,,,0,0.0,0.0,indole_e --> 
457,EX_inost_e,0.0,0.0,0.0,0.0,0.0,0.0,0.0,0.0,0.0,0.0,,,0,0.0,0.0,inost_e --> 
458,EX_ins_e,0.0,0.0,0.0,0.0,0.0,0.0,0.0,0.0,0.0,0.0,,,0,0.0,0.0,ins_e --> 
459,EX_k_e,0.0,0.0,0.0,0.0,0.0,0.0,0.0,0.0,0.0,0.0,,,0,0.0,0.0,k_e --> 
460,EX_lac_D_e,0.0,0.0,0.0,0.0,0.0,0.0,0.0,0.0,0.0,0.0,,,0,0.0,0.0,lac__D_e --> 
461,EX_lac_L_e,0.0,0.0,0.0,0.0,0.0,0.0,0.0,0.0,0.0,0.0,,,0,0.0,0.0,lac__L_e --> 
462,EX_leu_L_e,0.0,0.0,0.0,0.0,0.0,0.0,0.0,0.0,0.0,0.0,,,0,0.0,0.0,leu__L_e --> 
463,EX_lys_L_e,0.0,0.0,0.0,0.0,0.0,0.0,0.0,0.0,0.0,0.0,,,0,0.0,0.0,lys__L_e --> 
464,EX_mal__L_e,0.0,0.0,0.0,0.0,0.0,0.0,0.0,0.0,0.0,0.0,,,0,0.0,0.0,mal__L_e --> 
465,EX_malt_e,0.0,0.0,0.0,0.0,0.0,0.0,0.0,0.0,0.0,0.0,,,0,0.0,0.0,malt_e --> 
466,EX_man_e,0.0,0.0,0.0,0.0,0.0,0.0,0.0,0.0,0.0,0.0,,,0,0.0,0.0,man_e --> 
467,EX_man6p_e,0.0,0.0,0.0,0.0,0.0,0.0,0.0,0.0,0.0,0.0,,,0,0.0,0.0,man6p_e --> 
468,EX_met_L_e,0.0,0.0,0.0,0.0,0.0,0.0,0.0,0.0,0.0,0.0,,,0,0.0,0.0,met__L_e --> 
469,EX_mg2_e,0.0,0.0,0.0,0.0,0.0,0.0,0.0,0.0,0.0,0.0,,,0,0.0,0.0,mg2_e --> 
470,EX_mn2_e,0.0,0.0,0.0,0.0,0.0,0.0,0.0,0.0,0.0,0.0,,,0,0.0,0.0,mn2_e --> 
471,EX_mnl_e,0.0,0.0,0.0,0.0,0.0,0.0,0.0,0.0,0.0,0.0,,,0,0.0,0.0,mnl_e --> 
472,EX_n2o_e,0.0,0.0,0.0,0.0,0.0,0.0,0.0,0.0,0.0,0.0,,,0,0.0,0.0,n2o_e --> 
473,EX_na1_e,0.0,0.0,0.0,0.0,0.0,0.0,0.0,0.0,0.0,0.0,,,0,0.0,0.0,na1_e --> 
474,EX_nac_e,0.0,0.0,0.0,0.0,0.0,0.0,0.0,0.0,0.0,0.0,,,0,0.0,0.0,nac_e --> 
475,EX_nh4_e,0.0,996.5656938391179,996.8893338793212,997.2129739195243,997.5324647284428,997.8561047686461,998.1797448088493,998.629848985398,999.3001903363597,0.0,,,0,996.5656938391179,0.003,nh4_e --> 
476,EX_ni2_e,0.0,0.0,0.0,0.0,0.0,0.0,0.0,0.0,0.0,0.0,,,0,0.0,0.0,ni2_e --> 
477,EX_nmn_e,0.0,0.0,0.0,0.0,0.0,0.0,0.0,0.0,0.0,0.0,,,0,0.0,0.0,nmn_e --> 
478,EX_no_e,0.0,0.0,0.0,0.0,0.0,0.0,0.0,0.0,0.0,0.0,,,0,0.0,0.0,no_e --> 
479,EX_no2_e,0.0,0.0,0.0,0.0,0.0,0.0,0.0,0.0,0.0,0.0,,,0,0.0,0.0,no2_e --> 
480,EX_no3_e,0.0,0.0,0.0,0.0,0.0,0.0,0.0,0.0,0.0,0.0,,,0,0.0,0.0,no3_e --> 
481,EX_o2_e,-8.780331731683612,-8.120681213838548,-7.461030695993478,-6.801380178148399,-6.150186718224403,-5.490536200379323,-4.830885682534261,-4.93392183331502,-5.934063775385712,-6.92123038915739,,,0,-8.120681213838548,-0.454,o2_e <=> 
482,EX_o2s_e,0.0,0.0,0.0,0.0,0.0,0.0,0.0,0.0,0.0,0.0,,,0,0.0,0.0,o2s_e --> 
483,EX_orn_e,0.0,0.0,0.0,0.0,0.0,0.0,0.0,0.0,0.0,0.0,,,0,0.0,0.0,orn_e --> 
484,EX_orot_e,0.0,0.0,0.0,0.0,0.0,0.0,0.0,0.0,0.0,0.0,,,0,0.0,0.0,orot_e --> 
485,EX_phe_L_e,0.0,0.0,0.0,0.0,0.0,0.0,0.0,0.0,0.0,0.0,,,0,0.0,0.0,phe__L_e --> 
486,EX_pheme_e,0.0,0.0,0.0,0.0,0.0,0.0,0.0,0.0,0.0,0.0,,,0,0.0,0.0,pheme_e --> 
487,EX_pi_e,0.0,0.0,0.0,0.0,0.0,0.0,0.0,0.0,0.0,0.0,,,0,0.0,0.0,pi_e --> 
488,EX_pnto__R_e,0.0,0.0,0.0,0.0,0.0,0.0,0.0,0.0,0.0,0.0,,,0,0.0,0.0,pnto__R_e --> 
489,EX_ppa_e,0.0,0.0,0.0,0.0,0.0,0.0,0.0,0.0,0.0,0.0,,,0,0.0,0.0,ppa_e --> 
490,EX_ppt_e,0.0,0.0,0.0,0.0,0.0,0.0,0.0,0.0,0.0,0.0,,,0,0.0,0.0,ppt_e --> 
491,EX_pro_L_e,0.0,0.0,0.0,0.0,0.0,0.0,0.0,0.0,0.0,0.0,,,0,0.0,0.0,pro__L_e --> 
492,EX_progly_e,0.0,0.0,0.0,0.0,0.0,0.0,0.0,0.0,0.0,0.0,,,0,0.0,0.0,progly_e --> 
493,EX_pydx_e,0.0,0.0,0.0,0.0,0.0,0.0,0.0,0.0,0.0,0.0,,,0,0.0,0.0,pydx_e --> 
494,EX_pyr_e,0.0,0.0,0.0,0.0,0.0,0.0,0.0,0.0,0.0,0.0,,,0,0.0,0.0,pyr_e --> 
495,EX_rib__D_e,0.0,0.0,0.0,0.0,0.0,0.0,0.0,0.0,0.0,0.0,,,0,0.0,0.0,rib__D_e --> 
496,EX_sbt__D_e,0.0,0.0,0.0,0.0,0.0,0.0,0.0,0.0,0.0,0.0,,,0,0.0,0.0,sbt__D_e --> 
497,EX_ser_L_e,0.0,0.0,0.0,0.0,0.0,0.0,0.0,0.0,0.0,0.0,,,0,0.0,0.0,ser__L_e --> 
498,EX_skm_e,0.0,0.0,0.0,0.0,0.0,0.0,0.0,0.0,0.0,0.0,,,0,0.0,0.0,skm_e --> 
499,EX_so3_e,0.0,0.0,0.0,0.0,0.0,0.0,0.0,0.0,0.0,0.0,,,0,0.0,0.0,so3_e --> 
500,EX_so4_e,0.0,0.0,0.0,0.0,0.0,0.0,0.0,0.0,0.0,0.0,,,0,0.0,0.0,so4_e --> 
501,EX_succ_e,0.0,0.0,0.0,0.0,0.0,0.0,0.0,0.0,0.0,0.0,,,0,0.0,0.0,succ_e --> 
502,EX_sucr_e,0.0,0.0,0.0,0.0,0.0,0.0,0.0,0.0,0.0,0.0,,,0,0.0,0.0,sucr_e --> 
503,EX_tcynt_e,0.0,0.0,0.0,0.0,0.0,0.0,0.0,0.0,0.0,0.0,,,0,0.0,0.0,tcynt_e --> 
504,EX_thr_L_e,0.0,0.0,0.0,0.0,0.0,0.0,0.0,0.0,0.0,0.0,,,0,0.0,0.0,thr__L_e --> 
505,EX_thymd_e,0.0,0.0,0.0,0.0,0.0,0.0,0.0,0.0,0.0,0.0,,,0,0.0,0.0,thymd_e --> 
506,EX_tma_e,0.0,0.0,0.0,0.0,0.0,0.0,0.0,0.0,0.0,0.0,,,0,0.0,0.0,tma_e --> 
507,EX_tmao_e,0.0,0.0,0.0,0.0,0.0,0.0,0.0,0.0,0.0,0.0,,,0,0.0,0.0,tmao_e --> 
508,EX_tre_e,0.0,0.0,0.0,0.0,0.0,0.0,0.0,0.0,0.0,0.0,,,0,0.0,0.0,tre_e --> 
509,EX_trp_L_e,0.0,0.0,0.0,0.0,0.0,0.0,0.0,0.0,0.0,0.0,,,0,0.0,0.0,trp__L_e --> 
510,EX_tsul_e,0.0,0.0,0.0,0.0,0.0,0.0,0.0,0.0,0.0,0.0,,,0,0.0,0.0,tsul_e --> 
511,EX_tyr_L_e,0.0,0.0,0.0,0.0,0.0,0.0,0.0,0.0,0.0,0.0,,,0,0.0,0.0,tyr__L_e --> 
512,EX_uacgam_e,0.0,0.0,0.0,0.0,0.0,0.0,0.0,0.0,0.0,0.0,,,0,0.0,0.0,uacgam_e --> 
513,EX_udpg_e,0.0,0.0,0.0,0.0,0.0,0.0,0.0,0.0,0.0,0.0,,,0,0.0,0.0,udpg_e --> 
514,EX_udpgal_e,0.0,0.0,0.0,0.0,0.0,0.0,0.0,0.0,0.0,0.0,,,0,0.0,0.0,udpgal_e --> 
515,EX_udpglcur_e,0.0,0.0,0.0,0.0,0.0,0.0,0.0,0.0,0.0,0.0,,,0,0.0,0.0,udpglcur_e --> 
516,EX_ump_e,0.0,0.0,0.0,0.0,0.0,0.0,0.0,0.0,0.0,0.0,,,0,0.0,0.0,ump_e --> 
517,EX_ura_e,0.0,0.0,0.0,0.0,0.0,0.0,0.0,0.0,0.0,0.0,,,0,0.0,0.0,ura_e --> 
518,EX_urea_e,0.0,0.0,0.0,0.0,0.0,0.0,0.0,0.0,0.0,0.0,,,0,0.0,0.0,urea_e --> 
519,EX_uri_e,0.0,0.0,0.0,0.0,0.0,0.0,0.0,0.0,0.0,0.0,,,0,0.0,0.0,uri_e --> 
520,EX_val_L_e,0.0,0.0,0.0,0.0,0.0,0.0,0.0,0.0,0.0,0.0,,,0,0.0,0.0,val__L_e --> 
521,EX_xan_e,0.06967692534493172,0.06367624260143878,0.05767555985793979,0.05167487711443293,0.04575112620096332,0.0397504434574551,0.03374976071395952,0.0,0.012975328299016545,0.0,,,0,0.06367624260143878,-3.88,xan_e --> 
522,EX_xmp_e,0.0,0.0,0.0,0.0,0.0,0.0,0.0,0.0,0.0,0.0,,,0,0.0,0.0,xmp_e --> 
523,EX_xtsn_e,0.0,0.0,0.0,0.0,0.0,0.0,0.0,0.0,0.0,0.0,,,0,0.0,0.0,xtsn_e --> 
524,EX_xyl__D_e,0.0,0.0,0.0,0.0,0.0,0.0,0.0,0.0,0.0,0.0,,,0,0.0,0.0,xyl__D_e --> 
525,EX_zn2_e,0.0,0.0,0.0,0.0,0.0,0.0,0.0,0.0,0.0,0.0,,,0,0.0,0.0,zn2_e --> 
526,ACBCP,1.5089069975790645,0.0,1.2490082682048382,1.1190589035177216,0.990775556326592,0.8608261916394744,0.7308768269523623,0.6120060480488712,0.280990637421907,0.02184699689020212,,,0,0.0,-1.592,accoa_c + cbccp_c --> bccp_c + malcoa_c
527,BTNC,1.5089069975790645,0.0,1.2490082682048382,1.1190589035177216,0.990775556326592,0.8608261916394744,0.7308768269523623,0.6120060480488712,0.280990637421907,0.02184699689020212,,,0,0.0,-1.592,atp_c + bccp_c + co2_c + h2o_c --> adp_c + cbccp_c + 2.0 h_c + pi_c
528,5FTHFC,0.0,0.0,0.0,0.0,0.0,0.0,0.0,0.0,0.0,0.0,,Cgl0881,0,0.0,0.0,5fthf_c + atp_c --> adp_c + mlthf_c + pi_c
529,FOMETRi,0.0,0.0,0.0,0.0,0.0,0.0,0.0,0.0,0.0,0.0,,Cgl0881,0,0.0,0.0,5fthf_c + h_c --> h2o_c + methf_c
530,FTHFD,0.0,0.0,0.0,0.0,0.0,0.0,0.0,0.0,0.0,0.0,,Cgl0382,0,0.0,0.0,10fthf_c + h2o_c --> for_c + h_c + thf_c
531,GLYCL,0.0,0.0,0.0,0.0,0.0,0.0,0.0,0.0,0.0,0.0,,,0,0.0,0.0,gly_c + nad_c + thf_c --> co2_c + mlthf_c + nadh_c + nh4_c
532,MTHFC,0.26604622417679225,0.243133918869276,0.22022161356175943,0.19730930825424237,0.17469075045066723,0.1517784451431504,0.128866139835634,0.09523495180854377,0.04954347632761316,0.0038520008466829516,,Cgl0648,0,0.243133918869276,-2.295,h2o_c + methf_c --> 10fthf_c + h_c
533,MTHFD,0.26604622417679225,0.243133918869276,0.22022161356175943,0.19730930825424237,0.17469075045066723,0.1517784451431504,0.128866139835634,0.09523495180854377,0.04954347632761316,0.0038520008466829516,,Cgl0648,0,0.243133918869276,-2.295,mlthf_c + nadp_c --> methf_c + nadph_c
534,MTHFR2,0.036116844203472886,0.03300640667069262,0.029895969137912298,0.026785531605131925,0.02371497147661792,0.02060453394383752,0.017494096411057248,0.012928527468628048,0.006725726032607773,0.0005229245965875652,,Cgl2171,0,0.03300640667069262,-2.295,2.0 h_c + mlthf_c + nadh_c --> 5mthf_c + nad_c
535,TMDS2,0.003395015197957705,0.0,0.00281024745708893,0.0025178635866545357,0.0,0.0019368443569451547,0.0,0.0012152929806360355,0.0006322241768788737,0.0,,Cgl1972,0,0.0,-1.748,dump_c + h_c + mlthf_c + nadph_c --> dtmp_c + nadp_c + thf_c
536,GLNS_num1,0.5518625154814046,0.0,0.45680803777469237,0.40928079892133495,0.3623628836430195,0.31483564478966214,0.2673084059363061,0.23174743168292505,0.10276856045016208,0.0,,Cgl2214,0,0.0,-1.592,atp_c + glu__L_c + nh4_c --> adp_c + gln__L_c + h_c + pi_c
537,GLUDC,0.0,0.0,0.0,0.0,0.0,0.0,0.0,0.7421438429033611,0.0,0.0,,,0,0.0,0.0,glu__L_c + h_c --> 4abut_c + co2_c
538,GLUDy,2.9777600353668072,2.7213108139055433,2.4648615924442803,2.2084123709830203,1.9552509600533172,1.6988017385920577,1.4423525171307943,1.1301243391056635,0.55452237398969,0.04470169717561537,,Cgl2079,0,2.7213108139055433,-2.239,akg_c + h_c + nadph_c + nh4_c --> glu__L_c + h2o_c + nadp_c
539,GLUN,0.0,0.0,0.0,0.0,0.0,0.0,0.0,0.0,0.0,0.0,,Cgl2482,0,0.0,0.0,gln__L_c + h2o_c --> glu__L_c + nh4_c
540,GLUSy,0.0,0.0,0.0,0.0,0.0,0.0,0.0,0.0,0.0,0.0,,Cgl0184 and Cgl0185,0,0.0,0.0,akg_c + gln__L_c + h_c + nadph_c --> 2.0 glu__L_c + nadp_c
541,ACPPAT120,0.0,0.0,0.0,0.0,0.0,0.0,0.0,0.0,0.0,0.0,,Cgl2255,0,0.0,0.0,ddcaACP_c + h_c + pi_c --> ACP_c + ddcap_c
542,ACPPAT140,0.0,0.0,0.0,0.0,0.0,0.0,0.0,0.0,0.0,0.0,,Cgl2255,0,0.0,0.0,h_c + myrsACP_c + pi_c --> ACP_c + ttdcap_c
543,ACPPAT141,0.0,0.0,0.0,0.0,0.0,0.0,0.0,0.0,0.0,0.0,,Cgl2255,0,0.0,0.0,h_c + pi_c + tdeACP_c --> ACP_c + ttdceap_c
544,ACPPAT160,0.0,0.0,0.0,0.0,0.0,0.0,0.0,0.0,0.0,0.0,,Cgl2255,0,0.0,0.0,h_c + palmACP_c + pi_c --> ACP_c + hdcap_c
545,ACPPAT161,0.0,0.0,0.0,0.0,0.0,0.0,0.0,0.0,0.0,0.0,,Cgl2255,0,0.0,0.0,h_c + hdeACP_c + pi_c --> ACP_c + hdceap_c
546,ACPPAT180,0.0,0.0,0.0,0.0,0.0,0.0,0.0,0.0,0.0,0.0,,Cgl2255,0,0.0,0.0,h_c + ocdcaACP_c + pi_c --> ACP_c + ocdcap_c
547,ACPPAT181,0.0,0.0,0.0,0.0,0.0,0.0,0.0,0.0,0.0,0.0,,Cgl2255,0,0.0,0.0,h_c + octeACP_c + pi_c --> ACP_c + ocdceap_c
548,AGPAT120,0.0,0.0,0.0,0.0,0.0,0.0,0.0,0.0,0.0,0.0,,Cgl2184,0,0.0,0.0,1ddecg3p_c + ddcaACP_c --> ACP_c + pa120_c
549,AGPAT140,0.0,0.0,0.0,0.0,0.0,0.0,0.0,0.0,0.0,0.0,,Cgl2184,0,0.0,0.0,1tdecg3p_c + myrsACP_c --> ACP_c + pa140_c
550,AGPAT141,0.0,0.0,0.0,0.0,0.0,0.0,0.0,0.0,0.0,0.0,,Cgl2184,0,0.0,0.0,1tdec7eg3p_c + tdeACP_c --> ACP_c + pa141_c
551,AGPAT160,0.0,0.0,0.0,0.0,0.0,0.0,0.0,0.0,0.0,0.0,,Cgl2184,0,0.0,0.0,1hdecg3p_c + palmACP_c --> ACP_c + pa160_c
552,AGPAT161,0.0,0.0,0.0,0.0,0.0,0.0,0.0,0.0,0.0,0.0,,Cgl2184,0,0.0,0.0,1hdec9eg3p_c + hdeACP_c --> ACP_c + pa161_c
553,AGPAT180,0.0,0.0,0.0,0.0,0.0,0.0,0.0,0.0,0.0,0.0,,Cgl2184,0,0.0,0.0,1odecg3p_c + ocdcaACP_c --> ACP_c + pa180_c
554,AGPAT181,0.0,0.0,0.0,0.0,0.0,0.0,0.0,0.0,0.0,0.0,,Cgl2184,0,0.0,0.0,1odec11eg3p_c + octeACP_c --> ACP_c + pa181_c
555,APH140,0.0,0.0,0.0,0.0,0.0,0.0,0.0,0.0,0.0,0.0,,Cgl2066,0,0.0,0.0,h2o_c + ttdcap_c --> 2.0 h_c + pi_c + ttdca_c
556,DASYN120,0.0,0.0,0.0,0.0,0.0,0.0,0.0,0.0,0.0,0.0,,Cgl2022,0,0.0,0.0,ctp_c + h_c + pa120_c --> cdpdddecg_c + ppi_c
557,DASYN140,0.0,0.0,0.0,0.0,0.0,0.0,0.0,0.0,0.0,0.0,,Cgl2022,0,0.0,0.0,ctp_c + h_c + pa140_c --> cdpdtdecg_c + ppi_c
558,DASYN141,0.0,0.0,0.0,0.0,0.0,0.0,0.0,0.0,0.0,0.0,,Cgl2022,0,0.0,0.0,ctp_c + h_c + pa141_c --> cdpdtdec7eg_c + ppi_c
559,DASYN160,0.0,0.0,0.0,0.0,0.0,0.0,0.0,0.0,0.0,0.0,,Cgl2022,0,0.0,0.0,ctp_c + h_c + pa160_c --> cdpdhdecg_c + ppi_c
560,DASYN161,0.0,0.0,0.0,0.0,0.0,0.0,0.0,0.0,0.0,0.0,,Cgl2022,0,0.0,0.0,ctp_c + h_c + pa161_c --> cdpdhdec9eg_c + ppi_c
561,DASYN180,0.0,0.0,0.0,0.0,0.0,0.0,0.0,0.0,0.0,0.0,,Cgl2022,0,0.0,0.0,ctp_c + h_c + pa180_c --> cdpdodecg_c + ppi_c
562,DASYN181,0.0,0.0,0.0,0.0,0.0,0.0,0.0,0.0,0.0,0.0,,Cgl2022,0,0.0,0.0,ctp_c + h_c + pa181_c --> cdpdodec11eg_c + ppi_c
563,G3PAT120_num1,0.0,0.0,0.0,0.0,0.0,0.0,0.0,0.0,0.0,0.0,,Cgl1392,0,0.0,0.0,ddcaACP_c + glyc3p_c --> 1ddecg3p_c + ACP_c
564,G3PAT140_num1,0.0,0.0,0.0,0.0,0.0,0.0,0.0,0.0,0.0,0.0,,Cgl1392,0,0.0,0.0,glyc3p_c + myrsACP_c --> 1tdecg3p_c + ACP_c
565,G3PAT141_num1,0.0,0.0,0.0,0.0,0.0,0.0,0.0,0.0,0.0,0.0,,Cgl1392,0,0.0,0.0,glyc3p_c + tdeACP_c --> 1tdec7eg3p_c + ACP_c
566,G3PAT160_num1,0.0,0.0,0.0,0.0,0.0,0.0,0.0,0.0,0.0,0.0,,Cgl1392,0,0.0,0.0,glyc3p_c + palmACP_c --> 1hdecg3p_c + ACP_c
567,G3PAT161_num1,0.0,0.0,0.0,0.0,0.0,0.0,0.0,0.0,0.0,0.0,,Cgl1392,0,0.0,0.0,glyc3p_c + hdeACP_c --> 1hdec9eg3p_c + ACP_c
568,G3PAT180_num1,0.0,0.0,0.0,0.0,0.0,0.0,0.0,0.0,0.0,0.0,,Cgl1392,0,0.0,0.0,glyc3p_c + ocdcaACP_c --> 1odecg3p_c + ACP_c
569,G3PAT181_num1,0.0,0.0,0.0,0.0,0.0,0.0,0.0,0.0,0.0,0.0,,Cgl1392,0,0.0,0.0,glyc3p_c + octeACP_c --> 1odec11eg3p_c + ACP_c
570,GPDDA2,0.0,0.0,0.0,0.0,0.0,0.0,0.0,0.0,0.0,0.0,,Cgl1387 and Cgl2907,0,0.0,0.0,g3pe_c + h2o_c --> etha_c + glyc3p_c + h_c
571,GPDDA3,0.0,0.0,0.0,0.0,0.0,0.0,0.0,0.0,0.0,0.0,,Cgl1387 and Cgl2907,0,0.0,0.0,g3ps_c + h2o_c --> glyc3p_c + h_c + ser__L_c
572,GPDDA4,0.0,0.0,0.0,0.0,0.0,0.0,0.0,0.0,0.0,0.0,,Cgl1387 and Cgl2907,0,0.0,0.0,g3pg_c + h2o_c --> glyc3p_c + glyc_c + h_c
573,GPDDA5,0.0,0.0,0.0,0.0,0.0,0.0,0.0,0.0,0.0,0.0,,Cgl1387 and Cgl2907,0,0.0,0.0,g3pi_c + h2o_c --> glyc3p_c + h_c + inost_c
574,LPLIPAL1A180pp_num1,0.0,0.0,0.0,0.0,0.0,0.0,0.0,0.0,0.0,0.0,,Cgl0080,0,0.0,0.0,1odecg3p_c + h2o_c --> glyc3p_c + h_c + ocdca_c
575,PGSA120,0.0,0.0,0.0,0.0,0.0,0.0,0.0,0.0,0.0,0.0,,Cgl1669 and Cgl1964,0,0.0,0.0,cdpdddecg_c + glyc3p_c --> cmp_c + h_c + pgp120_c
576,PGSA140,0.0,0.0,0.0,0.0,0.0,0.0,0.0,0.0,0.0,0.0,,Cgl1669 and Cgl1964,0,0.0,0.0,cdpdtdecg_c + glyc3p_c --> cmp_c + h_c + pgp140_c
577,PGSA141,0.0,0.0,0.0,0.0,0.0,0.0,0.0,0.0,0.0,0.0,,Cgl1669 and Cgl1964,0,0.0,0.0,cdpdtdec7eg_c + glyc3p_c --> cmp_c + h_c + pgp141_c
578,PGSA160,0.0,0.0,0.0,0.0,0.0,0.0,0.0,0.0,0.0,0.0,,Cgl1669 and Cgl1964,0,0.0,0.0,cdpdhdecg_c + glyc3p_c --> cmp_c + h_c + pgp160_c
579,PGSA161,0.0,0.0,0.0,0.0,0.0,0.0,0.0,0.0,0.0,0.0,,Cgl1669 and Cgl1964,0,0.0,0.0,cdpdhdec9eg_c + glyc3p_c --> cmp_c + h_c + pgp161_c
580,PGSA180,0.0,0.0,0.0,0.0,0.0,0.0,0.0,0.0,0.0,0.0,,Cgl1669 and Cgl1964,0,0.0,0.0,cdpdodecg_c + glyc3p_c --> cmp_c + h_c + pgp180_c
581,PGSA181,0.0,0.0,0.0,0.0,0.0,0.0,0.0,0.0,0.0,0.0,,Cgl1669 and Cgl1964,0,0.0,0.0,cdpdodec11eg_c + glyc3p_c --> cmp_c + h_c + pgp181_c
582,GHMT2r,0.3058554470312246,0.27951471092782687,0.2531739748244287,0.22683323872103012,0.20083020436254634,0.17448946825914768,0.14814873215574986,0.10948521764790467,0.056956801948797854,0.004428386249691581,,Cgl0996,0,0.27951471092782687,-2.295,ser__L_c + thf_c --> gly_c + h2o_c + mlthf_c
583,GLYCK2,0.0,0.0,0.0,0.0,0.0,0.0,0.0,0.0,0.0,0.0,,Cgl2082,0,0.0,0.0,atp_c + glyc__R_c --> 2pg_c + adp_c + h_c
584,PGCD,0.49318590947390195,0.4507119891384567,0.40823806880301067,0.36576414846756394,0.3238347655723146,0.2813608452368675,0.23888692490142222,0.17654276608033584,0.09184172602613509,0.0071406859719353,,Cgl1284,0,0.4507119891384567,-2.295,3pg_c + nad_c --> 3php_c + h_c + nadh_c
585,PSERT,0.49318590947390195,0.4507119891384567,0.40823806880301067,0.36576414846756394,0.3238347655723146,0.2813608452368675,0.23888692490142222,0.17654276608033584,0.09184172602613509,0.0071406859719353,,Cgl0828,0,0.4507119891384567,-2.295,3php_c + glu__L_c --> akg_c + pser__L_c
586,PSP_L,0.49318590947390195,0.4507119891384567,0.40823806880301067,0.36576414846756394,0.3238347655723146,0.2813608452368675,0.23888692490142222,0.17654276608033584,0.09184172602613509,0.0071406859719353,,Cgl2522,0,0.4507119891384567,-2.295,h2o_c + pser__L_c --> pi_c + ser__L_c
587,SARCOX,0.0,0.0,0.0,0.0,0.0,0.0,0.0,0.0,0.0,0.0,,Cgl1581,0,0.0,0.0,h2o_c + o2_c + sarcs_c --> fald_c + gly_c + h2o2_c
588,SERD_L,0.0,0.0,0.0,0.0,0.0,0.0,0.0,0.0,0.0,0.0,,Cgl1645,0,0.0,0.0,ser__L_c --> nh4_c + pyr_c
589,ENO,7.094371332019814,7.2942032870312365,7.494035242042651,7.693867197054056,7.891137203924286,8.090969158935685,8.29080111394711,8.671547819677551,8.859539866358555,9.300090333931125,,Cgl0974,0,7.2942032870312365,0.294,2pg_c --> h2o_c + pep_c
590,FBA,3.6131345704599127,3.7105884280494594,3.8080422856390017,3.9054961432285418,4.001700592387442,4.09915444997698,4.1966083075665255,4.427082179636664,4.410912913636449,4.647302068527794,unchanged,Cgl2770,0,3.7105884280494594,0.277,fdp_c --> dhap_c + g3p_c
591,FBP,0.0,0.0,0.0,0.0,0.0,0.0,0.0,0.0,0.0,0.0,,Cgl1019,0,0.0,0.0,fdp_c + h2o_c --> f6p_c + pi_c
592,GAPD_num1,7.587557241493716,0.0,0.0,0.0,0.0,0.0,0.0,0.0,0.0,0.0,,Cgl0937,0,0.0,0.0,g3p_c + nad_c + pi_c --> 13dpg_c + h_c + nadh_c
593,GLBRAN2,0.0,0.0,0.0,0.0,0.0,0.0,0.0,0.0,0.0,0.0,,Cgl1224,0,0.0,0.0,glycogen_c --> bglycogen_c
594,GLCP_num1,0.0,0.0,0.0,0.0,0.0,0.0,0.0,0.0,0.0,0.0,,Cgl1308,0,0.0,0.0,glycogen_c + pi_c --> g1p_c
595,GLCP2_num1,0.0,0.0,0.0,0.0,0.0,0.0,0.0,0.0,0.0,0.0,,Cgl1308,0,0.0,0.0,bglycogen_c + pi_c --> g1p_c
596,GLCS1,0.0,0.0,0.0,0.0,0.0,0.0,0.0,0.0,0.0,0.0,,Cgl1117,0,0.0,0.0,adpglc_c --> adp_c + glycogen_c + h_c
597,GLGC,0.0,0.0,0.0,0.0,0.0,0.0,0.0,0.0,0.0,0.0,,Cgl1118,0,0.0,0.0,atp_c + g1p_c + h_c --> adpglc_c + ppi_c
598,HEX1,0.0,0.0,0.0,0.0,0.0,0.0,0.0,0.0,0.0,0.0,,Cgl2185,0,0.0,0.0,atp_c + glc__D_c --> adp_c + g6p_c + h_c
599,PDH,4.467140133486913,4.121033233607526,3.7749263337281342,3.42881943384874,3.087149801916512,2.7410429020371154,2.3949360021577286,2.9769033245094656,3.9302805849956073,4.605268457448058,unchanged,Cgl0366 and Cgl2207 and Cgl2248,0,4.121033233607526,-0.103,coa_c + nad_c + pyr_c --> accoa_c + co2_c + nadh_c
600,PFK,3.6131345704599127,3.7105884280494594,3.8080422856390017,3.9054961432285418,4.001700592387442,4.09915444997698,4.1966083075665255,4.427082179636664,4.410912913636449,4.647302068527794,unchanged,Cgl1250,0,3.7105884280494594,0.277,atp_c + f6p_c --> adp_c + fdp_c + h_c
601,PGI,2.807580847584663,2.98728021650587,3.166979585427079,3.346678954348287,3.5240744852064037,3.7037738541276126,3.8834732230488207,4.409526766938048,4.1363492006346645,4.62084689700595,unchanged,Cgl0851,0,2.98728021650587,0.555,g6p_c --> f6p_c
602,PGK,7.587557241493716,7.744915276169693,7.902273310845661,8.05963134552162,8.2149719694966,8.372330004172554,8.529688038848532,8.848090585757888,8.95138159238469,9.30723101990306,,Cgl1587,0,7.744915276169693,0.222,13dpg_c + adp_c --> 3pg_c + atp_c
603,PGM_num1,0.0,0.0,0.0,0.0,0.0,0.0,0.0,0.0,0.0,0.0,,Cgl1058,0,0.0,0.0,3pg_c --> 2pg_c
604,PPS,0.0,0.0,0.0,0.0,0.0,0.0,0.0,1.2775445474595202,0.0,0.04822362819944814,,Cgl0551 and Cgl0553,0,0.0,0.0,atp_c + h2o_c + pyr_c --> amp_c + 2.0 h_c + pep_c + pi_c
605,PYK_num1,0.9372926041948784,0.5119338322213971,0.0,0.0,0.0,0.0,0.0,0.0,0.0,0.0,unchanged,Cgl2089,0,0.5119338322213971,0.0,adp_c + h_c + pep_c --> atp_c + pyr_c
606,TPI,3.5834834877599318,3.6834909416714052,3.783498395582874,3.8835058494943406,3.9822311565607853,4.082238610472249,4.1822460643837225,4.416468161562393,4.405391250179732,4.6468727596886295,unchanged,Cgl1586,0,3.6834909416714052,0.286,dhap_c --> g3p_c
607,GLYCK,0.0,0.0,0.0,0.0,0.0,0.0,0.0,0.0,0.0,0.0,,Cgl2081,0,0.0,0.0,atp_c + glyc__R_c --> 3pg_c + adp_c + h_c
608,ATPPRT,0.03194797856692761,0.02919657008087069,0.02644516159481371,0.023693753108756693,0.020977619090469593,0.018226210604412554,0.015474802118355623,0.011436223944226753,0.005949394413483076,0.0004625648827394605,,Cgl1504,0,0.02919657008087069,-2.295,atp_c + prpp_c --> ppi_c + prbatp_c
609,HISTD,0.03194797856692761,0.02919657008087069,0.02644516159481371,0.023693753108756693,0.020977619090469593,0.018226210604412554,0.015474802118355623,0.011436223944226753,0.005949394413483076,0.0004625648827394605,,Cgl2102,0,0.02919657008087069,-2.295,h2o_c + histd_c + 2.0 nad_c --> 3.0 h_c + his__L_c + 2.0 nadh_c
610,HISTP,0.03194797856692761,0.02919657008087069,0.02644516159481371,0.023693753108756693,0.020977619090469593,0.018226210604412554,0.015474802118355623,0.011436223944226753,0.005949394413483076,0.0004625648827394605,,Cgl0799,0,0.02919657008087069,-2.295,h2o_c + hisp_c --> histd_c + pi_c
611,HSTPT_num1,0.03194797856692761,0.02919657008087069,0.02644516159481371,0.023693753108756693,0.020977619090469593,0.018226210604412554,0.015474802118355623,0.011436223944226753,0.005949394413483076,0.0004625648827394605,,Cgl0218,0,0.02919657008087069,-2.295,glu__L_c + imacp_c --> akg_c + hisp_c
612,IG3PS,0.03194797856692761,0.02919657008087069,0.02644516159481371,0.023693753108756693,0.020977619090469593,0.018226210604412554,0.015474802118355623,0.011436223944226753,0.005949394413483076,0.0004625648827394605,,Cgl2094 and Cgl2097,0,0.02919657008087069,-2.295,gln__L_c + prlp_c --> aicar_c + eig3p_c + glu__L_c + h_c
613,IGPDH,0.03194797856692761,0.02919657008087069,0.02644516159481371,0.023693753108756693,0.020977619090469593,0.018226210604412554,0.015474802118355623,0.011436223944226753,0.005949394413483076,0.0004625648827394605,,Cgl2100,0,0.02919657008087069,-2.295,eig3p_c --> h2o_c + imacp_c
614,PRAMPC,0.03194797856692761,0.02919657008087069,0.02644516159481371,0.023693753108756693,0.020977619090469593,0.018226210604412554,0.015474802118355623,0.011436223944226753,0.005949394413483076,0.0004625648827394605,,Cgl2093,0,0.02919657008087069,-2.295,h2o_c + prbamp_c --> prfp_c
615,PRATPP,0.03194797856692761,0.02919657008087069,0.02644516159481371,0.023693753108756693,0.020977619090469593,0.018226210604412554,0.015474802118355623,0.011436223944226753,0.005949394413483076,0.0004625648827394605,,Cgl1505,0,0.02919657008087069,-2.295,h2o_c + prbatp_c --> h_c + ppi_c + prbamp_c
616,PRMICI,0.03194797856692761,0.02919657008087069,0.02644516159481371,0.023693753108756693,0.020977619090469593,0.018226210604412554,0.015474802118355623,0.011436223944226753,0.005949394413483076,0.0004625648827394605,,Cgl2096,0,0.02919657008087069,-2.295,prfp_c --> prlp_c
617,PRPPS,0.22427446950522742,0.20495961121740489,0.18564475292958257,0.16632989464175946,0.14726266274224015,0.12794780445441792,0.10863294616659448,0.08028217036834927,0.041764685460961785,0.003247200553575332,,Cgl0942,0,0.20495961121740489,-2.295,atp_c + r5p_c --> amp_c + h_c + prpp_c
618,CA2t3pp,0.0,0.0,0.0,0.0,0.0,0.0,0.0,9.067315233411712,0.0,92.29187747038743,,Cgl1082,0,0.0,0.0,ca2_c + h_e --> ca2_e + h_c
619,CAt6pp_num1,0.0,0.0,0.0,0.0,0.0,0.0,0.0,0.0,0.0,0.0,,Cgl0267,0,0.0,0.0,ca2_c + na1_e --> ca2_e + na1_c
620,COBALT2abcpp,0.0,0.0,0.0,0.0,0.0,0.0,0.0,0.0,0.0,0.0,,Cgl0061,0,0.0,0.0,atp_c + cobalt2_e + h2o_c --> adp_c + cobalt2_c + h_c + pi_c
621,COBALT2tpp,7.089262046313062e-05,6.478724020777419e-05,5.8681859952417635e-05,5.257647969706099e-05,4.6549373547542166e-05,4.044399329218547e-05,3.4338613036829025e-05,2.5377000986494704e-05,1.32017166362174e-05,1.0264322859402334e-06,,Cgl1434,0,6.478724020777419e-05,-2.295,cobalt2_e --> cobalt2_c
622,CYANSTpp_num1,0.0,0.0,0.0,0.0,0.0,0.0,0.0,0.0,0.0,0.0,,Cgl0701,0,0.0,0.0,cyan_c + tsul_c --> h_c + so3_c + tcynt_c
623,FDMO,0.0,0.0,0.0,0.0,0.0,0.0,0.0,0.0,0.0,0.0,,Cgl2944,0,0.0,0.0,fmnh2_c + isetac_c + o2_c --> fmn_c + gcald_c + h2o_c + h_c + so3_c
624,FE3abcpp_num1,0.0,0.0,0.0,0.0,0.0,0.0,0.0,0.0,0.0,0.0,,Cgl0336 and Cgl0036 and Cgl0038,0,0.0,0.0,atp_c + fe3_e + h2o_c --> adp_c + fe3_c + h_c + pi_c
625,FEROpp,0.005499446401818808,0.005025825716651477,0.004552205031484136,0.004078584346316787,0.0036110357212156808,0.003137415036048328,0.002663794350880996,0.0019686034435236013,0.0010241141119989455,7.962478047430039e-05,,Cgl2526,0,0.005025825716651477,-2.295,4.0 fe2_c + 4.0 h_c + o2_c --> 4.0 fe3_c + 2.0 h2o_c
626,Kabcpp_num1,0.0,0.0,0.0,0.0,0.0,0.0,0.0,0.0,0.0,0.007962517164514106,,Cgl0777,0,0.0,0.0,atp_c + h2o_c + k_e --> adp_c + h_c + k_c + pi_c
627,Kt2pp,0.5499473418823557,0.5025850406910702,0.45522273949978365,0.40786043830849644,0.3611053461068404,0.3137430449155527,0.2663807437242671,0.1968613114636782,0.10241191431409562,0.0,,Cgl0712,0,0.5025850406910702,-2.333,h_e + k_e --> h_c + k_c
628,Kt3pp,0.0,0.0,0.0,0.0,0.0,0.0,0.0,0.0,0.0,0.0,,Cgl0712,0,0.0,0.0,h_e + k_c --> h_c + k_e
629,MG2t3_2pp_num1,0.02444201402697776,0.022337030618739036,0.02023204721050027,0.018127063802261475,0.01604906736079494,0.013944083952556124,0.011839100544317397,0.008749359383563984,0.004551623865708659,0.0003538883478533802,,Cgl1125,0,0.022337030618739036,-2.295,2.0 h_c + mg2_e --> 2.0 h_e + mg2_c
630,MG2uabcpp,0.0,0.0,0.0,0.0,0.0,0.0,0.0,0.0,0.0,0.0,,,0,0.0,0.0,atp_c + h2o_c + mg2_e --> adp_c + h_c + mg2_c + pi_c
631,MN2tpp,0.0019480341104701105,0.0017802664511971608,0.0016124987919242078,0.0014447311326512523,0.0012791143408048707,0.0011113466815319134,0.0009435790222589634,0.0006973259447904779,0.00036276546354337635,2.8204982296278426e-05,,Cgl1434,0,0.0017802664511971608,-2.295,mn2_e --> mn2_c
632,NAt3_1p5pp_num1,0.0,0.0,0.0,0.0,0.0,0.0,0.0,0.0,0.0,0.0,,Cgl0267,0,0.0,0.0,3.0 h_e + 2.0 na1_c --> 3.0 h_c + 2.0 na1_e
633,NAt3_2pp_num1,0.0,0.0,0.0,0.0,0.0,0.0,0.0,0.0,0.0,0.0,,Cgl0267,0,0.0,0.0,2.0 h_e + na1_c --> 2.0 h_c + na1_e
634,NAt3pp,0.0,0.0,0.0,0.0,0.0,0.0,0.0,0.0,0.0,0.0,,Cgl1258,0,0.0,0.0,h_e + na1_c --> h_c + na1_e
635,NH4tpp_num1,3.757946201085317,0.0,3.1106661206788906,2.7870260804756795,2.467535271557123,2.1438952313539126,1.8202551911506986,1.3701510146019649,0.6998096636402309,0.05441013866353659,,Cgl2061,0,0.0,-1.693,nh4_e --> nh4_c
636,NI2tpp,0.0009092572948500993,0.0008309506742350001,0.0007526440536198991,0.0006743374330047971,0.0005970347434232209,0.000518728122808118,0.0004404215021930186,0.0003254813141007924,0.0001693230843719118,1.3164854643032984e-05,,,0,0.0008309506742350001,-2.295,ni2_e --> ni2_c
637,NI2uabcpp,0.0,0.0,0.0,0.0,0.0,0.0,0.0,0.0,0.0,0.0,,,0,0.0,0.0,atp_c + h2o_c + ni2_e --> adp_c + h_c + ni2_c + pi_c
638,NO2t2rpp,0.0,0.0,0.0,0.0,0.0,0.0,0.0,0.0,0.0,0.0,,,0,0.0,0.0,h_e + no2_e --> h_c + no2_c
639,NO3t7pp,0.0,0.0,0.0,0.0,0.0,0.0,0.0,0.0,0.0,0.0,,Cgl1190,0,0.0,0.0,no2_c + no3_e --> no2_e + no3_c
640,O2tpp,8.780331731683612,8.120681213838548,7.461030695993478,6.801380178148399,6.150186718224403,5.490536200379323,4.830885682534261,4.93392183331502,5.934063775385712,6.92123038915739,,,0,8.120681213838548,-0.454,o2_e --> o2_c
641,PIt2rpp,0.21574268895168314,0.1971626005763114,0.17858251220098342,0.16000242382567764,0.14166054171158482,0.12308045333629325,0.10450036496093953,0.0,0.04017588611154109,0.0,,Cgl0460,0,0.1971626005763114,-3.88,h_e + pi_e --> h_c + pi_c
642,PIuabcpp,0.0,0.0,0.0,0.0,0.0,0.0,0.0,0.07722810067659172,0.0,0.0031236715463014444,,Cgl2575 and Cgl2572 and Cgl2573 and Cgl2574,0,0.0,0.0,atp_c + h2o_c + pi_e --> adp_c + h_c + 2.0 pi_c
643,PPTHpp,0.0,0.0,0.0,0.0,0.0,0.0,0.0,0.0,0.0,0.0,,Cgl2457,0,0.0,0.0,h2o_c + ppt_c --> h2_c + pi_c
644,SFRD,0.0,0.0,0.0,0.0,0.0,0.0,0.0,0.0,0.0,0.0,,Cgl2817,0,0.0,0.0,fdxox_c + 3.0 h2o_c + h2s_c --> 6.0 fdxrd_c + 6.0 h_c + so3_c
645,SO3TRDRD,0.0573946860990204,0.052451768472585945,0.04750885084615131,0.04256593321971667,0.03768638633208253,0.03274346870564765,0.027800551079213236,0.020545227362725214,0.010688113619639448,0.0008309998765538411,,,0,0.052451768472585945,-2.295,aps_c + trdrd_c --> amp_c + 2.0 h_c + so3_c + trdox_c
646,SULabcpp,0.06961582819753304,0.06362040723325159,0.05762498626896995,0.05162956530468829,0.04571100871174362,0.03971558774746171,0.033720166783180315,0.024919955410073108,0.01296395070820383,0.0010079460063347346,,Cgl0213 and Cgl0214,0,0.06362040723325159,-2.295,atp_c + h2o_c + so4_e --> adp_c + h_c + pi_c + so4_c
647,ZN2abcpp_num1,0.0,0.0,0.0,0.0,0.0,0.0,0.0,0.0,0.0,0.0,,Cgl0027 and Cgl0028 and Cgl0029,0,0.0,0.0,atp_c + h2o_c + zn2_c --> adp_c + h_c + pi_c + zn2_e
648,ZN2t3pp,0.0,0.0,0.0,0.0,0.0,0.0,0.0,0.0,0.0,0.0,,Cgl1434,0,0.0,0.0,h_e + zn2_c --> h_c + zn2_e
649,ZN2tpp,0.0009605625868697202,0.0008778374765042697,0.0007951123661388173,0.0007123872557733638,0.0006307227237459277,0.0005479976133804733,0.00046527250301502257,0.00034384675803118624,0.0001788772230503329,1.3907688069481348e-05,,,0,0.0008778374765042697,-2.295,zn2_e --> zn2_c
650,ZNabcpp,0.0,0.0,0.0,0.0,0.0,0.0,0.0,0.0,0.0,0.0,,,0,0.0,0.0,atp_c + h2o_c + zn2_e --> adp_c + h_c + pi_c + zn2_c
651,CD2tpp,0.0,0.0,0.0,0.0,0.0,0.0,0.0,0.0,0.0,0.0,,Cgl1434,0,0.0,0.0,cd2_e --> cd2_c
652,CU2tpp,0.0019969078720622614,0.0018249311301361333,0.001652954388210002,0.0014809776462838679,0.0013112057343824255,0.0011392289924562898,0.0009672522505301615,0.0007148209885345973,0.0003718667994408296,2.891261034706573e-05,,Cgl0386,0,0.0018249311301361333,-2.295,cu2_e --> cu2_c
653,FE2tpp_num1,0.04091590284313573,0.03739216308409437,0.03386842332505293,0.03034468356601144,0.026866119957726843,0.02334238019868532,0.019818640439643948,0.014646417356706139,0.0,0.0005924086796654674,,Cgl1434,0,0.03739216308409437,-2.88,fe2_e --> fe2_c
654,D52DGK,0.0,0.0,0.0,0.0,0.0,0.0,0.0,0.0,0.0,0.0,,Cgl0158,0,0.0,0.0,atp_c + d52dg_c --> 6p5d2dg_c + adp_c
655,D5GIS,0.0,0.0,0.0,0.0,0.0,0.0,0.0,0.0,0.0,0.0,,Cgl0161,0,0.0,0.0,d5dg_c --> d52dg_c
656,MI1PS,0.0,0.0,0.0,0.0,0.0,0.0,0.0,0.0,0.0,0.0,,Cgl2996,0,0.0,0.0,g6p_c --> mi3p__D_c
657,MI2DH_num1,0.0,0.0,0.0,0.0,0.0,0.0,0.0,0.0,0.0,0.0,,Cgl0164,0,0.0,0.0,inost_c + nad_c --> 2ins_c + h_c + nadh_c
658,MI2DHT,0.0,0.0,0.0,0.0,0.0,0.0,0.0,0.0,0.0,0.0,,Cgl0163,0,0.0,0.0,2ins_c --> h2o_c + thcd_c
659,THCDH,0.0,0.0,0.0,0.0,0.0,0.0,0.0,0.0,0.0,0.0,,Cgl0162,0,0.0,0.0,h2o_c + thcd_c --> d5dg_c
660,U23GAAT_num1,0.0,0.0,0.0,0.0,0.0,0.0,0.0,0.0,0.0,0.0,,Cgl1392,0,0.0,0.0,3hmrsACP_c + u3hga_c --> ACP_c + h_c + u23ga_c
661,UAGAAT_num1,0.0,0.0,0.0,0.0,0.0,0.0,0.0,0.0,0.0,0.0,,Cgl1392,0,0.0,0.0,3hmrsACP_c + uacgam_c --> ACP_c + u3aga_c
662,ACACT1r,0.0,0.0,0.0,0.0,0.0,0.0,0.0,0.0,0.0,0.0,,Cgl2392,0,0.0,0.0,2.0 accoa_c --> aacoa_c + coa_c
663,ACCOAC_num1,0.0,1.3789576328919528,0.0,0.0,0.0,0.0,0.0,0.0,0.0,0.0,unchanged,Cgl0831,0,1.3789576328919528,0.0,accoa_c + atp_c + hco3_c --> adp_c + h_c + malcoa_c + pi_c
664,ACOAD1f,0.0,0.0,0.0,0.0,0.0,0.0,0.0,0.0,0.0,0.0,,Cgl0288,0,0.0,0.0,btcoa_c + fad_c --> b2coa_c + fadh2_c
665,ACOAD2f,0.0,0.0,0.0,0.0,0.0,0.0,0.0,0.0,0.0,0.0,,Cgl0288,0,0.0,0.0,fad_c + hxcoa_c --> fadh2_c + hx2coa_c
666,ACOAD3f,0.0,0.0,0.0,0.0,0.0,0.0,0.0,0.0,0.0,0.0,,Cgl0288,0,0.0,0.0,fad_c + occoa_c --> fadh2_c + oc2coa_c
667,ACOAD4f,0.0,0.0,0.0,0.0,0.0,0.0,0.0,0.0,0.0,0.0,,Cgl0288,0,0.0,0.0,dcacoa_c + fad_c --> dc2coa_c + fadh2_c
668,ACOAD5f,0.0,0.0,0.0,0.0,0.0,0.0,0.0,0.0,0.0,0.0,,Cgl0288,0,0.0,0.0,ddcacoa_c + fad_c --> dd2coa_c + fadh2_c
669,ACOAD6f,0.0,0.0,0.0,0.0,0.0,0.0,0.0,0.0,0.0,0.0,,Cgl0288,0,0.0,0.0,fad_c + tdcoa_c --> fadh2_c + td2coa_c
670,ACOAD7f,0.0,0.0,0.0,0.0,0.0,0.0,0.0,0.0,0.0,0.0,,Cgl0288,0,0.0,0.0,fad_c + pmtcoa_c --> fadh2_c + hdd2coa_c
671,ACOAD8f,0.0,0.0,0.0,0.0,0.0,0.0,0.0,0.0,0.0,0.0,,Cgl0288,0,0.0,0.0,fad_c + stcoa_c --> fadh2_c + od2coa_c
672,ACOATA_num1,0.0,0.0,0.0,0.14890509178827468,0.0,0.0,0.09725250445812747,0.0,0.0,0.0,,Cgl1392,0,0.0,0.0,ACP_c + accoa_c --> acACP_c + coa_c
673,KAS14_num1,0.0,0.0,0.0,0.0,0.0,0.0,0.0,0.0,0.0,0.0,,Cgl2491,0,0.0,0.0,acACP_c + h_c + malACP_c --> ACP_c + actACP_c + co2_c
674,KAS15_num1,0.20077936404258495,0.18348793995781523,0.16619651587304507,0.0,0.1318353526276678,0.11454392854289726,0.0,0.0,0.037389396148343385,0.0029070222014297943,unchanged,Cgl2491,0,0.18348793995781523,-3.772,accoa_c + h_c + malACP_c --> actACP_c + co2_c + coa_c
675,MACPD,0.0,0.0,0.0,0.0,0.0,0.0,0.0,0.07187177009525725,0.0,0.0,,,0,0.0,0.0,h_c + malACP_c --> acACP_c + co2_c
676,MCOATA_num1,1.508890861758079,1.3789428867124025,0.0,0.0,0.0,0.0,0.0,0.0,0.0,0.02184676326464968,unchanged,Cgl1392,0,1.3789428867124025,-7.046,ACP_c + malcoa_c --> coa_c + malACP_c
677,TDCM_FREE,0.002040598866945246,0.0018648593901145142,0.001689119913283779,0.001513380436453041,0.001339894029838079,0.0011641545530073395,0.0009884150761766074,0.0007304607887423364,0.0003800029937334297,2.9545198724526942e-05,,,0,0.0018648593901145142,-2.295,atp_c + tmcm_c + tre_c --> adp_c + tdcm_c
678,TMCM_FREE,0.0053232913886835515,0.004864841441063401,0.004406391493443241,0.003947941545823074,0.0034953691616339284,0.003036919214013757,0.002578469266393606,0.0019055463028380731,0.0009913102947289906,7.707428661991837e-05,,,0,0.004864841441063401,-2.295,atp_c + freemyco_c + tre_c --> adp_c + tmcm_c
679,ACHACB,0.0,0.0,0.0,0.0,0.0,0.0,0.0,0.0,0.0,0.0,,Cgl0653,0,0.0,0.0,achms_c + ch4s_c --> ac_c + hcys__L_c
680,AHCYSNS,0.0,0.0,0.0,0.0,0.0,0.0,0.0,0.0,0.0,0.0,,Cgl2802,0,0.0,0.0,ahcys_c + h2o_c --> ade_c + rhcys_c
681,CYSTL,0.036116844203472886,0.03300640667069262,0.029895969137912298,0.026785531605131925,0.02371497147661792,0.02060453394383752,0.017494096411057248,0.012928527468628048,0.006725726032607773,0.0005229245965875652,,Cgl2309,0,0.03300640667069262,-2.295,cyst__L_c + h2o_c --> hcys__L_c + nh4_c + pyr_c
682,HSST_num1,0.0,0.03300640667069262,0.0,0.026785531605131925,0.0,0.02060453394383752,0.0,0.012928527468628048,0.006725726032607773,0.0,,Cgl0652,0,0.03300640667069262,-0.748,accoa_c + hom__L_c --> achms_c + coa_c
683,METAT,0.00011525619652391634,0.00010533015765037005,9.540411877682354e-05,8.547807990327688e-05,7.567929793836528e-05,6.575325906481854e-05,5.5827220191272204e-05,4.12575609954804e-05,2.146315987667944e-05,1.6687587578787044e-06,,Cgl1603,0,0.00010533015765037005,-2.295,atp_c + h2o_c + met__L_c --> amet_c + pi_c + ppi_c
684,METS,0.036116844203472886,0.03300640667069262,0.029895969137912298,0.026785531605131925,0.02371497147661792,0.02060453394383752,0.017494096411057248,0.012928527468628048,0.006725726032607773,0.0005229245965875652,,Cgl1507 and Cgl1139,0,0.03300640667069262,-2.295,5mthf_c + hcys__L_c --> h_c + met__L_c + thf_c
685,METSOXR1_num1,0.0,0.0,0.0,0.0,0.0,0.0,0.0,0.0,0.0,0.0,,Cgl3091,0,0.0,0.0,metsox_S__L_c + trdrd_c --> h2o_c + met__L_c + trdox_c
686,SHSL1_num1,0.0,0.0,0.029895969137912298,0.0,0.0,0.0,0.017494096411057248,0.0,0.0,0.0,,Cgl2446,0,0.0,0.0,cys__L_c + suchms_c --> cyst__L_c + h_c + succ_c
687,GLYOX,0.0,0.0,0.0,0.0,0.0,0.0,0.0,0.0,0.0,0.0,,Cgl0052,0,0.0,0.0,h2o_c + lgt_S_c --> gthrd_c + h_c + lac__D_c
688,LGTHL,0.0,0.0,0.0,0.0,0.0,0.0,0.0,0.0,0.0,0.0,,Cgl0940,0,0.0,0.0,gthrd_c + mthgxl_c --> lgt_S_c
689,MCTP1App,0.0,0.0,0.0,0.0,0.0,0.0,0.0,0.0,0.0,0.0,,Cgl2986,0,0.0,0.0,murein5p5p_c --> ala__D_c + murein5px4p_c
690,MCTP1Bpp,0.0,0.0,0.0,0.0,0.0,0.0,0.0,0.0,0.0,0.0,,Cgl2986,0,0.0,0.0,murein5p5p_c --> alaala_c + murein5px3p_c
691,MCTP2App,0.0,0.0,0.0,0.0,0.0,0.0,0.0,0.0,0.0,0.0,,Cgl2986,0,0.0,0.0,murein5p5p5p_c --> 2.0 ala__D_c + murein5px4px4p_c
692,MDDCP3pp,0.0,0.0,0.0,0.0,0.0,0.0,0.0,0.0,0.0,0.0,,Cgl0680 and Cgl2699,0,0.0,0.0,h2o_c + murein5p5p_c --> ala__D_c + murein5p4p_c
693,MDDCP4pp,0.0,0.0,0.0,0.0,0.0,0.0,0.0,0.0,0.0,0.0,,Cgl0680 and Cgl2699,0,0.0,0.0,h2o_c + murein5p4p_c --> ala__D_c + murein4p4p_c
694,MDDCP5pp,0.0,0.0,0.0,0.0,0.0,0.0,0.0,0.0,0.0,0.0,,Cgl0680 and Cgl2699,0,0.0,0.0,h2o_c + murein5p3p_c --> ala__D_c + murein4p3p_c
695,MPTG_num1,0.0,0.0,0.0,0.0,0.0,0.0,0.0,0.0,0.0,0.0,,Cgl2986,0,0.0,0.0,2.0 uaagmda_c --> 2.0 h_c + murein5p5p_e + 2.0 udcpdp_c
696,MPTG2_num1,0.0,0.0,0.0,0.0,0.0,0.0,0.0,0.0,0.0,0.0,,Cgl2986,0,0.0,0.0,murein5p5p_e + uaagmda_c --> h_c + murein5p5p5p_e + udcpdp_c
697,AGM4PApp,0.0,0.0,0.0,0.0,0.0,0.0,0.0,0.0,0.0,0.0,,Cgl0686,0,0.0,0.0,anhgm4p_c + h2o_c --> LalaDgluMdapDala_c + anhgm_c
698,NHFRBO_num1,0.0,0.0,0.0,0.0,0.0,0.0,0.0,0.0,0.0,0.0,,Cgl2709,0,0.0,0.0,h_c + nadh_c + 2.0 no_c --> h2o_c + n2o_c + nad_c
699,NO3R1bpp,0.0,0.0,0.0,0.0,0.0,0.0,0.0,0.0,0.0,0.0,,Cgl1186 and Cgl1187 and Cgl1188 and Cgl1189,0,0.0,0.0,no3_e + q8h2_c --> h2o_e + no2_e + q8_c
700,NO3R2bpp,0.0,0.0,0.0,0.0,0.0,0.0,0.0,0.0,0.0,0.0,,Cgl1186 and Cgl1187 and Cgl1188 and Cgl1189,0,0.0,0.0,mql8_c + no3_e --> h2o_e + mqn8_c + no2_e
701,NTRIR3pp,0.0,0.0,0.0,0.0,0.0,0.0,0.0,0.0,0.0,0.0,,,0,0.0,0.0,2.0 h_e + no2_e + 3.0 q8h2_c --> 2.0 h2o_e + nh4_e + 3.0 q8_c
702,NTRIR4pp,0.0,0.0,0.0,0.0,0.0,0.0,0.0,0.0,0.0,0.0,,,0,0.0,0.0,2.0 h_e + 3.0 mql8_c + no2_e --> 2.0 h2o_e + 3.0 mqn8_c + nh4_e
703,3NTD2pp,0.0,0.0,0.0,0.0,0.0,0.0,0.0,0.0,0.0,0.0,,,0,0.0,0.0,3ump_c + h2o_c --> pi_c + uri_c
704,3NTD4pp,0.0,0.0,0.0,0.0,0.0,0.0,0.0,0.0,0.0,0.0,,,0,0.0,0.0,3cmp_c + h2o_c --> cytd_c + pi_c
705,3NTD7pp,0.0,0.0,0.0,0.0,0.0,0.0,0.0,0.0,0.0,0.0,,Cgl0328,0,0.0,0.0,3amp_c + h2o_c --> adn_c + pi_c
706,3NTD9pp,0.0,0.0,0.0,0.0,0.0,0.0,0.0,0.0,0.0,0.0,,Cgl0328,0,0.0,0.0,3gmp_c + h2o_c --> gsn_c + pi_c
707,ADK1,0.5651206785273051,0.516451626515475,0.4677825745036511,0.517574216938692,0.3710684326852999,0.32239938067348467,0.2737303286616556,1.479837366130738,0.10523751293781561,0.056405835403857234,unchanged,Cgl0556,0,0.516451626515475,0.083,amp_c + atp_c --> 2.0 adp_c
708,ADK2,0.0,0.0,0.0,0.0,0.0,0.0,0.0,0.0,0.0,0.0,,Cgl0556,0,0.0,0.0,atp_c + damp_c --> adp_c + dadp_c
709,ADK3,0.0,0.0,0.0,0.0,0.0,0.0,0.0,0.0,0.0,0.0,,Cgl0315,0,0.0,0.0,amp_c + gtp_c --> adp_c + gdp_c
710,ADK4,0.0,0.0,0.0,0.0,0.0,0.0,0.0,0.0,0.0,0.0,,Cgl0315,0,0.0,0.0,amp_c + itp_c --> adp_c + idp_c
711,ADNCYC,0.0,0.0,0.0,0.0,0.0,0.0,0.0,0.0,0.0,0.0,,Cgl0311,0,0.0,0.0,atp_c --> camp_c + ppi_c
712,ADNK1,0.0,0.0,0.0,0.0,0.0,0.0,0.0,0.0,0.0,0.0,,Cgl0556,0,0.0,0.0,adn_c + atp_c --> adp_c + amp_c + h_c
713,ADPRDP,0.0,0.0,0.0,0.0,0.0,0.0,0.0,0.0,0.0,0.0,,Cgl1418,0,0.0,0.0,adprib_c + h2o_c --> amp_c + 2.0 h_c + r5p_c
714,ADPT,0.0,0.0,0.0,0.0,0.0,0.0,0.0,0.0,0.0,0.0,,Cgl1654,0,0.0,0.0,ade_c + prpp_c --> amp_c + ppi_c
715,AMPN,0.0,0.0,0.0,0.0,0.0,0.0,0.0,0.024941825985038343,0.0,0.0,,Cgl0095,0,0.0,0.0,amp_c + h2o_c --> ade_c + r5p_c
716,AP5AH,0.0,0.0,0.0,0.0,0.0,0.0,0.0,0.0,0.0,0.0,,Cgl1714,0,0.0,0.0,ap5a_c + h2o_c --> adp_c + atp_c + 2.0 h_c
717,ATPHs,0.0,0.0,0.0,0.0,0.0,0.0,0.0,0.0,0.0,0.0,,,0,0.0,0.0,atp_c + h2o_c + h_c --> itp_c + nh4_c
718,CYTDK2,0.0,0.0,0.0,0.0,0.0,0.0,0.0,0.0,0.0,0.0,,,0,0.0,0.0,cytd_c + gtp_c --> cmp_c + gdp_c + h_c
719,CYTK1,0.014064569689530505,0.012853307564903587,0.011642045440276567,0.0104307833156496,0.009235050192620536,0.008023788067993348,0.006812525943366481,0.0050346086313944605,0.0026191225890441236,0.00020363654669386454,,Cgl1427,0,0.012853307564903587,-2.295,atp_c + cmp_c --> adp_c + cdp_c
720,CYTK2,0.0,0.0,0.0,0.0,0.0,0.0,0.0,0.0,0.0,0.0,,Cgl1427,0,0.0,0.0,atp_c + dcmp_c --> adp_c + dcdp_c
721,DCTPD_num1,0.0,0.0,0.0,0.0,0.0,0.0,0.0,0.0012152929806360355,0.0,4.91553731217185e-05,,Cgl2848,0,0.0,0.0,dctp_c + h2o_c + h_c --> dutp_c + nh4_c
722,DGK1,0.0,0.0,0.0,0.0,0.0,0.0,0.0,0.0,0.0,0.0,,Cgl1606,0,0.0,0.0,atp_c + dgmp_c --> adp_c + dgdp_c
723,DTMPK,0.0,0.0,0.0,0.0,0.0,0.0,0.0,0.0,0.0,0.0,,Cgl0753,0,0.0,0.0,atp_c + dtmp_c --> adp_c + dtdp_c
724,DURIK1,0.0,0.0,0.0,0.0,0.0,0.0,0.0,0.0,0.0,0.0,,,0,0.0,0.0,atp_c + duri_c --> adp_c + dump_c + h_c
725,DUTPDP,0.0,0.0,0.0,0.0,0.0,0.0,0.0,0.0,0.0,0.0,,Cgl1905,0,0.0,0.0,dutp_c + h2o_c --> dump_c + h_c + ppi_c
726,GK1,0.02687257588197566,0.02455826879149776,0.02224396170101982,0.01992965461054184,0.017645018123787902,0.015330711033309909,0.013016403942832006,0.009619412855830489,0.00500424627784208,0.00038907969985372165,,Cgl1606,0,0.02455826879149776,-2.295,atp_c + gmp_c --> adp_c + gdp_c
727,GP4GH,0.0,0.0,0.0,0.0,0.0,0.0,0.0,0.0,0.0,0.0,,Cgl1002 and Cgl1003,0,0.0,0.0,gp4g_c + h2o_c --> 2.0 gdp_c + 2.0 h_c
728,GSNHYDRO_num1,0.0,0.0,0.0,0.0,0.0,0.0,0.0,0.0,0.0,0.0,,Cgl1143,0,0.0,0.0,gsn_c + h2o_c --> gua_c + rib__D_c
729,GSNK,0.0,0.0,0.0,0.0,0.0,0.0,0.0,0.0,0.0,0.0,,,0,0.0,0.0,atp_c + gsn_c --> adp_c + gmp_c + h_c
730,GTPHs,0.0,0.0,0.0,0.0,0.0,0.0,0.0,0.0,0.0,0.0,,,0,0.0,0.0,gtp_c + h2o_c + h_c --> nh4_c + xtp_c
731,GUAPRT,0.0,0.0,0.0,0.0,0.0,0.0,0.0,0.0,0.0,0.0,,Cgl2697,0,0.0,0.0,gua_c + prpp_c --> gmp_c + ppi_c
732,HXPRT_num1,0.0,0.0,0.0,0.0,0.0,0.0,0.0,0.0,0.0,0.0,,Cgl2698,0,0.0,0.0,hxan_c + prpp_c --> imp_c + ppi_c
733,INSH,0.0,0.0,0.0,0.0,0.0,0.0,0.0,0.0,0.0,0.0010088306130014034,,Cgl2835,0,0.0,0.0,h2o_c + ins_c --> hxan_c + rib__D_c
734,NDPK1,0.13276158240675395,0.12132795308678253,0.10989432376681676,0.0,0.08717365011818944,0.07574002079823249,0.06430639147826364,0.07246568369680748,0.024723035763944988,0.0019222138161145753,unchanged,Cgl2370,0,0.12132795308678253,-1.877,atp_c + gdp_c --> adp_c + gtp_c
735,NDPK2,0.4421880345077069,0.3851663365929342,0.3660242228894777,0.32794231708036226,0.2767404757866414,0.2522667350237856,0.2041463372210557,0.15208398984651306,0.082344834954051,0.006451458914873479,,Cgl2370,0,0.3851663365929342,-2.309,atp_c + udp_c --> adp_c + utp_c
736,NDPK3,0.010111289970335884,0.009240490305465612,0.008369690640595246,0.007498890975724938,0.006639255409122323,0.005768455744251798,0.004897656079381579,0.0024041841084554228,0.001882937661818092,9.724286142307771e-05,,Cgl2370,0,0.009240490305465612,-2.661,atp_c + cdp_c --> adp_c + ctp_c
737,NDPK4,0.0,0.0,0.0,0.0,0.0,0.0,0.0,0.0,0.0,0.0,,Cgl2370,0,0.0,0.0,atp_c + dtdp_c --> adp_c + dttp_c
738,NDPK5,0.0,0.0,0.0,0.0,0.0,0.0,0.0,0.0,0.0,0.0,,Cgl2370,0,0.0,0.0,atp_c + dgdp_c --> adp_c + dgtp_c
739,NDPK6,0.0,0.0,0.0,0.0,0.0,0.0,0.0,0.0,0.0,0.0,,Cgl2370,0,0.0,0.0,atp_c + dudp_c --> adp_c + dutp_c
740,NDPK7,0.0,0.0,0.0,0.0,0.0,0.0,0.0,0.0012152929806360355,0.0,0.00010639368527078683,,Cgl2370,0,0.0,0.0,atp_c + dcdp_c --> adp_c + dctp_c
741,NDPK8,0.0,0.0,0.0,0.0,0.0,0.0,0.0,0.0,0.0,0.0,,Cgl2370,0,0.0,0.0,atp_c + dadp_c --> adp_c + datp_c
742,NNATr,0.0011756164614859,0.0010743705844829352,0.0009731247074804897,0.0008718788304775994,0.0007719309775376634,0.0006706851005356404,0.0005694392235318616,0.00042082828802236794,0.00021892483725416263,1.7021386486616177e-05,,Cgl2352,0,0.0010743705844829352,-2.295,atp_c + h_c + nicrnt_c --> dnad_c + ppi_c
743,NTD1,0.0,0.0,0.0,0.0,0.0,0.0,0.0,0.0,0.0,0.0,,Cgl0328,0,0.0,0.0,dump_c + h2o_c --> duri_c + pi_c
744,NTD10,0.06967692534493172,0.06367624260143878,0.05767555985793979,0.05167487711443293,0.04575112620096332,0.0397504434574551,0.03374976071395952,0.0,0.012975328299016545,0.0,,Cgl0328,0,0.06367624260143878,-3.88,h2o_c + xmp_c --> pi_c + xtsn_c
745,NTD11,0.0,0.0,0.0,0.0,0.0,0.0,0.0,0.0,0.0,0.0010088306130014034,,Cgl0328,0,0.0,0.0,h2o_c + imp_c --> ins_c + pi_c
746,NTD12,0.0,0.0,0.0,0.0,0.0,0.0,0.0,0.0,0.0,0.0,,Cgl0328,0,0.0,0.0,dimp_c + h2o_c --> din_c + pi_c
747,NTD2,0.0,0.0,0.0,0.0,0.0,0.0,0.0,0.0,0.0,0.0,,Cgl0328,0,0.0,0.0,h2o_c + ump_c --> pi_c + uri_c
748,NTD3,0.0,0.0,0.0,0.0,0.0,0.0,0.0,0.0,0.0,0.0,,Cgl0328,0,0.0,0.0,dcmp_c + h2o_c --> dcyt_c + pi_c
749,NTD4,0.0,0.0,0.0,0.0,0.0,0.0,0.0,0.0,0.0,0.0,,Cgl0328,0,0.0,0.0,cmp_c + h2o_c --> cytd_c + pi_c
750,NTD5,0.0,0.0,0.0,0.0,0.0,0.0,0.0,0.0,0.0,0.0,,Cgl0328,0,0.0,0.0,dtmp_c + h2o_c --> pi_c + thymd_c
751,NTD6,0.0,0.0,0.0,0.0,0.0,0.0,0.0,0.0,0.0,0.0,,Cgl0328,0,0.0,0.0,damp_c + h2o_c --> dad_2_c + pi_c
752,NTD7,0.0,0.0,0.0,0.0,0.0,0.0,0.0,0.0,0.0,0.0,,Cgl0328,0,0.0,0.0,amp_c + h2o_c --> adn_c + pi_c
753,NTD8,0.0,0.0,0.0,0.0,0.0,0.0,0.0,0.0,0.0,0.0,,Cgl0328,0,0.0,0.0,dgmp_c + h2o_c --> dgsn_c + pi_c
754,NTD9,0.0,0.0,0.0,0.0,0.0,0.0,0.0,0.0,0.0,0.0,,Cgl0328,0,0.0,0.0,gmp_c + h2o_c --> gsn_c + pi_c
755,NTPP1,0.0,0.0,0.0,0.0,0.0,0.0,0.0,0.0,0.0,0.0,,Cgl2500,0,0.0,0.0,dgtp_c + h2o_c --> dgmp_c + h_c + ppi_c
756,NTPP10,0.0,0.0,0.0,0.0,0.0,0.0,0.0,0.0,0.0,0.0,,Cgl2500,0,0.0,0.0,ditp_c + h2o_c --> dimp_c + h_c + ppi_c
757,NTPP11,0.0,0.0,0.0,0.0,0.0,0.0,0.0,0.0,0.0,0.0,,Cgl2500,0,0.0,0.0,h2o_c + xtp_c --> h_c + ppi_c + xmp_c
758,NTPP3,0.0,0.0,0.0,0.0,0.0,0.0,0.0,0.0,0.0,5.723831214906834e-05,,Cgl2500,0,0.0,0.0,dctp_c + h2o_c --> dcmp_c + h_c + ppi_c
759,NTPP4,0.0,0.0,0.0,0.0,0.0,0.0,0.0,0.0,0.0,0.0,,Cgl2500,0,0.0,0.0,ctp_c + h2o_c --> cmp_c + h_c + ppi_c
760,NTPP5,0.0,0.0,0.0,0.0,0.0,0.0,0.0,0.0,0.0,0.0,,Cgl2500,0,0.0,0.0,datp_c + h2o_c --> damp_c + h_c + ppi_c
761,NTPP9,0.0,0.0,0.0,0.0,0.0,0.0,0.0,0.0,0.0,0.0,,Cgl2500,0,0.0,0.0,h2o_c + itp_c --> h_c + imp_c + ppi_c
762,NTPTP1,0.0,0.0,0.0,0.0,0.0,0.0,0.0,0.0,0.0,0.0,,Cgl2273,0,0.0,0.0,dgtp_c + h2o_c --> dgsn_c + pppi_c
763,NTPTP2,0.0,0.0,0.0,0.0,0.0,0.0,0.0,0.0,0.0,0.0,,Cgl2273,0,0.0,0.0,gtp_c + h2o_c --> gsn_c + pppi_c
764,RNDR1,0.003395015197957705,0.0031026313275233208,0.00281024745708893,0.0025178635866545357,0.002229228227379552,0.0019368443569451547,0.00164446048651077,0.0012152929806360355,0.0006322241768788737,4.91553731217185e-05,,Cgl2525 and Cgl2530,0,0.0031026313275233208,-2.295,adp_c + trdrd_c --> dadp_c + h2o_c + trdox_c
765,RNDR1b,0.0,0.0,0.0,0.0,0.0,0.0,0.0,0.0,0.0,0.0,,Cgl2530,0,0.0,0.0,adp_c + grxrd_c --> dadp_c + grxox_c + h2o_c
766,RNDR2,0.003953279719194622,0.0036128172594379745,0.003272354799681321,0.002931892339924662,0.002595794783498212,0.0022553323237415497,0.0019148698639849025,0.0014151315423030027,0.0007361849272260317,5.723831214906834e-05,,Cgl2525 and Cgl2530,0,0.0036128172594379745,-2.295,gdp_c + trdrd_c --> dgdp_c + h2o_c + trdox_c
767,RNDR2b,0.0,0.0,0.0,0.0,0.0,0.0,0.0,0.0,0.0,0.0,,Cgl2530,0,0.0,0.0,gdp_c + grxrd_c --> dgdp_c + grxox_c + h2o_c
768,RNDR3,0.003953279719194622,0.0036128172594379745,0.003272354799681321,0.002931892339924662,0.002595794783498212,0.0022553323237415497,0.0019148698639849025,0.0026304245229390377,0.0007361849272260317,0.00010639368527078683,,Cgl2525 and Cgl2530,0,0.0036128172594379745,-1.642,cdp_c + trdrd_c --> dcdp_c + h2o_c + trdox_c
769,RNDR3b,0.0,0.0,0.0,0.0,0.0,0.0,0.0,0.0,0.0,0.0,,Cgl2530,0,0.0,0.0,cdp_c + grxrd_c --> dcdp_c + grxox_c + h2o_c
770,RNDR4,0.003395015197957705,0.0031026313275233208,0.00281024745708893,0.0025178635866545357,0.002229228227379552,0.0019368443569451547,0.0016444604865107698,0.0,0.0006322241768788737,0.0,,Cgl2525 and Cgl2530,0,0.0031026313275233208,-3.88,trdrd_c + udp_c --> dudp_c + h2o_c + trdox_c
771,RNDR4b,0.0,0.0,0.0,0.0,0.0,0.0,0.0,0.0,0.0,0.0,,Cgl2530,0,0.0,0.0,grxrd_c + udp_c --> dudp_c + grxox_c + h2o_c
772,RNTR2c,0.0,0.0,0.0,0.0,0.0,0.0,0.0,0.0,0.0,0.0,,Cgl0205,0,0.0,0.0,fldrd_c + gtp_c --> dgtp_c + fldox_c + h2o_c
773,RNTR3c,0.0,0.0,0.0,0.0,0.0,0.0,0.0,0.0,0.0,0.0,,Cgl0205,0,0.0,0.0,ctp_c + fldrd_c --> dctp_c + fldox_c + h2o_c
774,RNTR4c,0.0,0.0,0.0,0.0,0.0,0.0,0.0,0.0,0.0,0.0,,Cgl0205,0,0.0,0.0,fldrd_c + utp_c --> dutp_c + fldox_c + h2o_c
775,TMDS,0.0,0.0031026313275233208,0.0,0.0,0.002229228227379552,0.0,0.0016444604865107698,0.0,0.0,4.91553731217185e-05,,Cgl0844,0,0.0031026313275233208,-5.98,dump_c + mlthf_c --> dhf_c + dtmp_c
776,UMPK,0.08171337601637653,0.07467609584151881,0.06763881566666097,0.06060153549180303,0.053654476857648264,0.046617196682790255,0.039579916507932536,0.029250441163419058,0.01521677190812716,0.0011831026528354037,,Cgl2024,0,0.07467609584151881,-2.295,atp_c + ump_c --> adp_c + udp_c
777,UPPRT_num1,0.0,0.0,0.0,0.0,0.0,0.0,0.0,0.0,0.0,0.0,,Cgl0684,0,0.0,0.0,prpp_c + ura_c --> ppi_c + ump_c
778,URIDK2r,0.0,0.0,0.0,0.0,0.0,0.0,0.0,0.0,0.0,0.0,,Cgl0753,0,0.0,0.0,atp_c + dump_c --> adp_c + dudp_c
779,XTSNH_num1,0.06967692534493172,0.06367624260143878,0.05767555985793979,0.05167487711443293,0.0,0.0,0.03374976071395952,0.0,0.012975328299016545,0.0,,Cgl1391,0,0.06367624260143878,-3.88,h2o_c + xtsn_c --> rib__D_c + xan_c
780,NTP1,0.0,0.0,0.0,0.0,0.0,0.0,0.0,0.0,0.0,0.0,,,0,0.0,0.0,atp_c + h2o_c --> adp_c + h_c + pi_c
781,NTP10,0.0,0.0,0.0,0.0,0.0,0.0,0.0,0.0,0.0,0.0,,,0,0.0,0.0,h2o_c + itp_c --> h_c + idp_c + pi_c
782,NTP11,0.0,0.0,0.0,0.0,0.0,0.0,0.0,0.0,0.0,0.0,,,0,0.0,0.0,ditp_c + h2o_c --> didp_c + h_c + pi_c
783,NTP12,0.0,0.0,0.0,0.0,0.0,0.0,0.0,0.0,0.0,0.0,,,0,0.0,0.0,h2o_c + xtp_c --> h_c + pi_c + xdp_c
784,NTP3,0.0,0.0,0.0,0.0,0.0,0.0,0.0,0.0,0.0,0.0,,,0,0.0,0.0,gtp_c + h2o_c --> gdp_c + h_c + pi_c
785,NTP5,0.0,0.0,0.0,0.0,0.0,0.0,0.0,0.0,0.0,0.0,,,0,0.0,0.0,ctp_c + h2o_c --> cdp_c + h_c + pi_c
786,NTPP2,0.0,0.0,0.0,0.0,0.0,0.0,0.0,0.0,0.0,0.0,,Cgl2500,0,0.0,0.0,gtp_c + h2o_c --> gmp_c + h_c + ppi_c
787,NTPP6,0.0,0.0,0.0,0.0,0.0,0.0,0.0,0.0,0.0,0.0,,Cgl2500,0,0.0,0.0,atp_c + h2o_c --> amp_c + h_c + ppi_c
788,NTPP7,0.0,0.0,0.0,0.0,0.0,0.0,0.0,0.0,0.0,0.0,,Cgl2500,0,0.0,0.0,dttp_c + h2o_c --> dtmp_c + h_c + ppi_c
789,NTPP8,0.0,0.0,0.0,0.0,0.0,0.0,0.0,0.0,0.0,0.0,,Cgl2500,0,0.0,0.0,h2o_c + utp_c --> h_c + ppi_c + ump_c
790,ATPS4rpp,28.210849595501646,25.70406833818031,23.197287080858953,20.690505823537574,18.215862787463866,15.709081530142475,13.202300272821143,10.868884952173758,2.5120278718950004,0.0,,Cgl1213 and Cgl1211 and Cgl1210 and Cgl1208 and Cgl1212 and Cgl1209 and Cgl1207 and Cgl1206,0,25.70406833818031,-2.527,adp_c + 4.0 h_e + pi_c --> atp_c + h2o_c + 3.0 h_c
791,CAT,0.0,0.0,0.0,0.0,0.0,0.0,0.0,0.0,0.0,0.0,,Cgl0255,0,0.0,0.0,2.0 h2o2_c --> 2.0 h2o_c + o2_c
792,CRNCAL2,0.0,0.0,0.0,0.0,0.0,0.0,0.0,0.0,0.0,0.0,,Cgl1198,0,0.0,0.0,atp_c + coa_c + crn_c --> adp_c + crncoa_c + pi_c
793,CRNDCAL2,0.0,0.0,0.0,0.0,0.0,0.0,0.0,0.0,0.0,0.0,,Cgl1198,0,0.0,0.0,atp_c + coa_c + crn__D_c --> adp_c + crnDcoa_c + pi_c
794,CTBTCAL2,0.0,0.0,0.0,0.0,0.0,0.0,0.0,0.0,0.0,0.0,,Cgl1198,0,0.0,0.0,atp_c + coa_c + ctbt_c --> adp_c + ctbtcoa_c + pi_c
795,CYTBD2pp,0.0,0.0,0.0,0.0,0.0,0.0,0.0,0.0,0.0,0.0,,Cgl2194 and Cgl2523 and Cgl2195 and Cgl2192,0,0.0,0.0,2.0 h_c + mql8_c + 0.5 o2_c --> h2o_c + 2.0 h_e + mqn8_c
796,CYTBDpp,0.0,0.0,0.0,0.0,0.0,0.0,0.0,0.0,0.0,0.0,,Cgl2194 and Cgl2523 and Cgl2195 and Cgl2192,0,0.0,0.0,2.0 h_c + 0.5 o2_c + q8h2_c --> h2o_c + 2.0 h_e + q8_c
797,CYTBO3_4pp,17.549664570563586,16.23131077624379,14.912956981923987,13.594603187604164,12.293151365006375,10.974797570686551,9.65644377636676,9.863906459742994,11.866079322547426,13.842301528753833,unchanged,Cgl2194 and Cgl2523 and Cgl2195 and Cgl2192,0,16.23131077624379,-0.453,4.0 h_c + 0.5 o2_c + q8h2_c --> h2o_c + 4.0 h_e + q8_c
798,DMSOR1pp,0.0,0.0,0.0,0.0,0.0,0.0,0.0,0.0,0.0,0.0,,,0,0.0,0.0,dmso_e + mql8_c --> dms_e + h2o_e + mqn8_c
799,DMSOR2pp,0.0,0.0,0.0,0.0,0.0,0.0,0.0,0.0,0.0,0.0,,,0,0.0,0.0,2dmmql8_c + dmso_e --> 2dmmq8_c + dms_e + h2o_e
800,FDH4pp_num1,0.0,0.0,0.0,0.0,0.0,0.0,0.0,0.0,0.0,0.0,,Cgl0527,0,0.0,0.0,for_e + 2.0 h_c + q8_c --> co2_c + h_e + q8h2_c
801,FDH5pp_num1,0.0,0.0,0.0,0.0,0.0,0.0,0.0,0.0,0.0,0.0,,Cgl0527,0,0.0,0.0,for_e + 2.0 h_c + mqn8_c --> co2_c + h_e + mql8_c
802,G3PD5,0.0,0.0,0.0,0.0,0.0,0.0,0.0,0.0,0.0,0.0,,Cgl1646,0,0.0,0.0,glyc3p_c + q8_c --> dhap_c + q8h2_c
803,G3PD6,0.0,0.0,0.0,0.0,0.0,0.0,0.0,0.0,0.0,0.0,,,0,0.0,0.0,glyc3p_c + mqn8_c --> dhap_c + mql8_c
804,G3PD7,0.0,0.0,0.0,0.0,0.0,0.0,0.0,0.0,0.0,0.0,,,0,0.0,0.0,2dmmq8_c + glyc3p_c --> 2dmmql8_c + dhap_c
805,HYD1pp,0.0,0.0,0.0,0.0,0.0,0.0,0.0,0.0,0.0,0.0,,,0,0.0,0.0,h2_c + 2.0 h_c + q8_c --> 2.0 h_e + q8h2_c
806,HYD2pp,0.0,0.0,0.0,0.0,0.0,0.0,0.0,0.0,0.0,0.0,,,0,0.0,0.0,h2_c + 2.0 h_c + mqn8_c --> 2.0 h_e + mql8_c
807,HYD3pp,0.0,0.0,0.0,0.0,0.0,0.0,0.0,0.0,0.0,0.0,,,0,0.0,0.0,2dmmq8_c + h2_c + 2.0 h_c --> 2dmmql8_c + 2.0 h_e
808,LDH_D2,0.0,0.0,0.0,0.0,0.0,0.0,0.0,0.0,0.0,0.0,,Cgl0901,0,0.0,0.0,lac__D_c + q8_c --> pyr_c + q8h2_c
809,NADH10,0.0,0.0,0.0,0.0,0.0,0.0,0.0,0.0,0.0,0.0,,Cgl1465,0,0.0,0.0,h_c + mqn8_c + nadh_c --> mql8_c + nad_c
810,NADH16pp,15.57058527854789,0.0,13.197540324922237,0.0,10.839707197922328,9.653184721109476,0.0,8.41894867873744,10.126815839773869,11.556173923320717,,Cgl2729 and Cgl2731 and Cgl0269,0,0.0,0.065,4.0 h_c + nadh_c + q8_c --> 3.0 h_e + nad_c + q8h2_c
811,NADH17pp,0.0,14.38406280173507,0.0,12.011017848109386,0.0,0.0,0.0,0.0,0.0,0.0,unchanged,Cgl2729 and Cgl2731 and Cgl0269,0,14.38406280173507,0.0,4.0 h_c + mqn8_c + nadh_c --> 3.0 h_e + mql8_c + nad_c
812,NADH18pp,0.0,0.0,0.0,0.0,0.0,0.0,8.466662244296657,0.0,0.0,0.0,,Cgl2729 and Cgl2731 and Cgl0269,0,0.0,0.0,2dmmq8_c + 4.0 h_c + nadh_c --> 2dmmql8_c + 3.0 h_e + nad_c
813,NADH5,0.0,0.0,0.0,0.0,0.0,0.0,0.0,0.0,0.0,0.0,,Cgl0335,0,0.0,0.0,h_c + nadh_c + q8_c --> nad_c + q8h2_c
814,NADH9,0.0,0.0,0.0,0.0,0.0,0.0,0.0,0.0,0.0,0.0,,,0,0.0,0.0,2dmmq8_c + h_c + nadh_c --> 2dmmql8_c + nad_c
815,NADPHQR2_num1,0.0,0.0,0.0,0.0,0.0,0.0,0.0,0.0,0.0,0.0,,Cgl1572,0,0.0,0.0,h_c + nadph_c + q8_c --> nadp_c + q8h2_c
816,NADPHQR3_num1,0.0,0.0,0.0,0.0,0.0,0.0,0.0,0.0,0.0,0.0,,Cgl1572,0,0.0,0.0,h_c + mqn8_c + nadph_c --> mql8_c + nadp_c
817,NADPHQR4_num1,0.0,0.0,0.0,0.0,0.0,0.0,0.0,0.0,0.0,0.0,,Cgl1572,0,0.0,0.0,2dmmq8_c + h_c + nadph_c --> 2dmmql8_c + nadp_c
818,NO3R1pp,0.0,0.0,0.0,0.0,0.0,0.0,0.0,0.0,0.0,0.0,,Cgl1186 and Cgl1187 and Cgl1188 and Cgl1189,0,0.0,0.0,2.0 h_c + no3_c + q8h2_c --> h2o_c + 2.0 h_e + no2_c + q8_c
819,NO3R2pp,0.0,0.0,0.0,0.0,0.0,0.0,0.0,0.0,0.0,0.0,,,0,0.0,0.0,2.0 h_c + mql8_c + no3_c --> h2o_c + 2.0 h_e + mqn8_c + no2_c
820,NTRIR2x,0.0,0.0,0.0,0.0,0.0,0.0,0.0,0.0,0.0,0.0,,,0,0.0,0.0,5.0 h_c + 3.0 nadh_c + no2_c --> 2.0 h2o_c + 3.0 nad_c + nh4_c
821,POX,0.0,0.0,0.0,0.0,0.0,0.0,0.0,0.0,0.0,0.0,,Cgl2610,0,0.0,0.0,h2o_c + pyr_c + q8_c --> ac_c + co2_c + q8h2_c
822,PPKr,0.0,0.0,0.0,0.0,0.0,0.0,0.0,0.0,0.0,0.0,,,0,0.0,0.0,atp_c + pi_c --> adp_c + ppi_c
823,SPODM,0.0,0.0,0.0,0.0,0.0,0.0,0.0,0.0,0.0,0.0,,Cgl2927,0,0.0,0.0,2.0 h_c + 2.0 o2s_c --> h2o2_c + o2_c
824,SUCDi,1.9180905446313001,16.175574472507932,1.664932796914427,13.549371771165376,1.4534441670840474,1.2868189814142228,9.65644377636676,1.4449577810055547,1.7392634827735571,2.2852445682568154,,,0,16.175574472507932,-1.853,q8_c + succ_c --> fum_c + q8h2_c
825,TMAOR1pp,0.0,0.0,0.0,0.0,0.0,0.0,0.0,0.0,0.0,0.0,,,0,0.0,0.0,h_e + mql8_c + tmao_e --> h2o_e + mqn8_c + tma_e
826,TMAOR2pp,0.0,0.0,0.0,0.0,0.0,0.0,0.0,0.0,0.0,0.0,,,0,0.0,0.0,2dmmql8_c + h_e + tmao_e --> 2dmmq8_c + h2o_e + tma_e
827,TRDR,0.07209127593332505,0.06588266564650853,0.05967405535969181,0.05346544507287506,0.047336432353838054,0.04112782206702106,0.03491921178020458,0.025806076408603287,0.013424931827849259,0.0010437872470954149,,Cgl3090 and Cgl2976,0,0.06588266564650853,-2.295,h_c + nadph_c + trdox_c --> nadp_c + trdrd_c
828,L_LACD2,0.0,0.0,0.0,0.0,0.0,0.0,0.0,0.0,0.0,0.0,,Cgl2918,0,0.0,0.0,lac__L_c + q8_c --> pyr_c + q8h2_c
829,L_LACD3,0.0,0.0,0.0,0.0,0.0,0.0,0.0,0.0,0.0,0.0,,Cgl2918,0,0.0,0.0,lac__L_c + mqn8_c --> mql8_c + pyr_c
830,G6PDH2r,1.7964892221760378,1.6224678390831218,1.4484464559902037,1.274425072897286,1.1026347331773545,0.9286133500844357,0.7545919669915193,0.23687269616837925,0.5213732414026212,0.04819852396219462,unchanged,Cgl1576,0,1.6224678390831218,-2.594,g6p_c + nadp_c --> 6pgl_c + h_c + nadph_c
831,GND,1.7964892221760378,1.6224678390831218,1.4484464559902037,1.274425072897286,1.1026347331773545,0.9286133500844357,0.7545919669915193,0.23687269616837925,0.5213732414026212,0.04819852396219462,unchanged,Cgl1452,0,1.6224678390831218,-2.594,6pgc_c + nadp_c --> co2_c + nadph_c + ru5p__D_c
832,PGL,1.7964892221760378,1.6224678390831218,1.4484464559902037,1.274425072897286,1.1026347331773545,0.9286133500844357,0.7545919669915193,0.23687269616837925,0.5213732414026212,0.04819852396219462,unchanged,Cgl1578,0,1.6224678390831218,-2.594,6pgl_c + h2o_c --> 6pgc_c + h_c
833,RPE,0.8677276087711913,0.7801275878605651,0.6925275669499318,0.6049275460392964,0.5184506023198185,0.43085058140918,0.34325056049855274,0.03981142120003865,0.2861418154672961,0.02735536795144533,unchanged,Cgl1598,0,0.7801275878605651,-2.728,ru5p__D_c --> xu5p__D_c
834,RPI,0.0,0.0,0.0,0.0,0.0,0.0,0.0,0.0,0.0,0.0,,Cgl2423,0,0.0,0.0,r5p_c --> ru5p__D_c
835,TALA,0.48947195080790495,0.44088288223926814,0.3922938136706276,0.343704745101986,0.2957386133098632,0.24714954474121995,0.19856047617258255,0.03981142120003865,0.1534263295947205,0.01448281709784833,unchanged,Cgl1575,0,0.44088288223926814,-2.671,g3p_c + s7p_c --> e4p_c + f6p_c
836,TKT1,0.48947195080790495,0.44088288223926814,0.3922938136706276,0.343704745101986,0.2957386133098632,0.24714954474121995,0.19856047617258255,0.03981142120003865,0.1534263295947205,0.01448281709784833,unchanged,Cgl1574,0,0.44088288223926814,-2.671,r5p_c + xu5p__D_c --> g3p_c + s7p_c
837,TKT2,0.3782556579632863,0.33924470562129694,0.3002337532793041,0.2612228009373104,0.22271198900995537,0.18370103666796006,0.1446900843259702,0.0,0.13271548587257562,0.012872550853597,unchanged,Cgl1575,0,0.33924470562129694,-2.805,e4p_c + xu5p__D_c --> f6p_c + g3p_c
838,ADSL1r,0.05244760014495253,0.0479307330821368,0.04341386601932695,0.038896998956524764,0.03443804044581722,0.029921173383016475,0.025404306320203296,0.043716175020554776,0.009766860793689491,0.0007593725518560809,,Cgl2598,0,0.0479307330821368,-1.406,dcamp_c --> amp_c + fum_c
839,ADSL2r,0.1170491228049323,0.10696867439420264,0.09688822598347285,0.08680777757274284,0.07685656568009883,0.06677611726936893,0.05669566885863919,0.04189936393215851,0.021797040957065042,0.0016947179819717456,down,Cgl2598,0,0.10696867439420264,-2.295,25aics_c --> aicar_c + fum_c
840,ADSS,0.05244760014495253,0.0479307330821368,0.04341386601932695,0.038896998956524764,0.03443804044581722,0.029921173383016475,0.025404306320203296,0.043716175020554776,0.009766860793689491,0.0007593725518560809,,Cgl2766,0,0.0479307330821368,-1.406,asp__L_c + gtp_c + imp_c --> dcamp_c + gdp_c + 2.0 h_c + pi_c
841,AICART,0.14899710137185992,0.13616524447507333,0.12333338757828656,0.11050153068149954,0.09783418477056842,0.08500232787378148,0.07217047097699482,0.05333558787638526,0.027746435370548116,0.0021572828647112062,down,Cgl0861,0,0.13616524447507333,-2.295,10fthf_c + aicar_c --> fprica_c + thf_c
842,AIRC2,0.1170491228049323,0.10696867439420264,0.09688822598347285,0.08680777757274284,0.07685656568009883,0.06677611726936893,0.05669566885863919,0.04189936393215851,0.021797040957065042,0.0016947179819717456,down,Cgl0711,0,0.10696867439420264,-2.295,air_c + atp_c + hco3_c --> 5caiz_c + adp_c + h_c + pi_c
843,AIRC3,0.0,0.0,0.0,0.0,0.0,0.0,0.0,0.0,0.0,0.0,,Cgl0714,0,0.0,0.0,5aizc_c --> 5caiz_c
844,ASPCT,0.06098874738439588,0.05573630373586032,0.050483860087324674,0.045231416438788946,0.0400463118113882,0.03479386816285243,0.029541424514316867,0.02183177166294501,0.01135740441962334,0.0008830371763017841,,Cgl1612,0,0.05573630373586032,-2.295,asp__L_c + cbp_c --> cbasp_c + h_c + pi_c
845,CTPS2,0.020942098715346746,0.01913853333481607,0.017334967954285345,0.015531402573754606,0.013750959826307566,0.011947394445776808,0.010143829065246123,0.00871180892667891,0.0038998650522657123,0.00035236953161031203,,Cgl1417,0,0.01913853333481607,-2.147,atp_c + gln__L_c + h2o_c + utp_c --> adp_c + ctp_c + glu__L_c + 2.0 h_c + pi_c
846,DHORD2,0.06098874738439588,0.05573630373586032,0.050483860087324674,0.045231416438788946,0.0,0.03479386816285243,0.0,0.0,0.0,0.0008830371763017841,,Cgl1518,0,0.05573630373586032,-7.565,dhor__S_c + q8_c --> orot_c + q8h2_c
847,DHORD5,0.0,0.0,0.0,0.0,0.0400463118113882,0.0,0.029541424514316867,0.02183177166294501,0.01135740441962334,0.0,,Cgl1518,0,0.0,0.0,dhor__S_c + mqn8_c --> mql8_c + orot_c
848,DHORTS,0.0,0.0,0.0,0.0,0.0,0.0,0.0,0.0,0.0,0.0,,Cgl1612,0,0.0,0.0,dhor__S_c + h2o_c --> cbasp_c + h_c
849,GARFT,0.1170491228049323,0.10696867439420264,0.09688822598347285,0.08680777757274284,0.07685656568009883,0.06677611726936893,0.05669566885863919,0.04189936393215851,0.021797040957065042,0.0016947179819717456,down,Cgl0860 and Cgl2759,0,0.10696867439420264,-2.295,10fthf_c + gar_c --> fgam_c + h_c + thf_c
850,GART,0.0,0.0,0.0,0.0,0.0,0.0,0.0,0.0,0.0,0.0,,,0,0.0,0.0,atp_c + for_c + gar_c --> adp_c + fgam_c + h_c + pi_c
851,GLUPRT,0.1170491228049323,0.10696867439420264,0.09688822598347285,0.08680777757274284,0.07685656568009883,0.06677611726936893,0.05669566885863919,0.04189936393215851,0.021797040957065042,0.0016947179819717456,down,Cgl2584,0,0.10696867439420264,-2.295,gln__L_c + h2o_c + prpp_c --> glu__L_c + ppi_c + pram_c
852,GMPS2,0.02687257588197566,0.02455826879149776,0.02224396170101982,0.01992965461054184,0.017645018123787902,0.015330711033309909,0.013016403942832006,0.009619412855830489,0.00500424627784208,0.00038907969985372165,,Cgl0607,0,0.02455826879149776,-2.295,atp_c + gln__L_c + h2o_c + xmp_c --> amp_c + glu__L_c + gmp_c + 2.0 h_c + ppi_c
853,IMPC,0.0,0.0,0.0,0.0,0.0,0.0,0.0,0.0,0.0,0.0,,,0,0.0,0.0,h2o_c + imp_c --> fprica_c
854,IMPD_num1,0.09654950122690739,0.0,0.0,0.07160453172497477,0.0,0.055081154490765005,0.04676616465679152,0.009619412855830489,0.017979574576858625,0.00038907969985372165,,Cgl0603,0,0.0,-1.786,h2o_c + imp_c + nad_c --> h_c + nadh_c + xmp_c
855,OMPDC,0.06098874738439588,0.05573630373586032,0.050483860087324674,0.045231416438788946,0.0400463118113882,0.03479386816285243,0.029541424514316867,0.02183177166294501,0.01135740441962334,0.0008830371763017841,,Cgl1608,0,0.05573630373586032,-2.295,h_c + orot5p_c --> co2_c + ump_c
856,ORPT,0.0,0.0,0.0,0.0,0.0,0.0,0.0,0.0,0.0,0.0,,Cgl2773,0,0.0,0.0,orot5p_c + ppi_c --> orot_c + prpp_c
857,PRAGSr,0.1170491228049323,0.10696867439420264,0.09688822598347285,0.08680777757274284,0.07685656568009883,0.06677611726936893,0.05669566885863919,0.04189936393215851,0.021797040957065042,0.0016947179819717456,down,Cgl2600,0,0.10696867439420264,-2.295,atp_c + gly_c + pram_c --> adp_c + gar_c + h_c + pi_c
858,PRAIS,0.1170491228049323,0.10696867439420264,0.09688822598347285,0.08680777757274284,0.07685656568009883,0.06677611726936893,0.05669566885863919,0.04189936393215851,0.021797040957065042,0.0016947179819717456,down,Cgl2583,0,0.10696867439420264,-2.295,atp_c + fpram_c --> adp_c + air_c + 2.0 h_c + pi_c
859,PRASCSi,0.1170491228049323,0.10696867439420264,0.09688822598347285,0.08680777757274284,0.07685656568009883,0.06677611726936893,0.05669566885863919,0.04189936393215851,0.021797040957065042,0.0016947179819717456,down,Cgl2597,0,0.10696867439420264,-2.295,5aizc_c + asp__L_c + atp_c --> 25aics_c + adp_c + h_c + pi_c
860,PRFGS,0.1170491228049323,0.10696867439420264,0.09688822598347285,0.08680777757274284,0.07685656568009883,0.06677611726936893,0.05669566885863919,0.04189936393215851,0.021797040957065042,0.0016947179819717456,down,Cgl2588 and Cgl2589 and Cgl2590,0,0.10696867439420264,-2.295,atp_c + fgam_c + gln__L_c + h2o_c --> adp_c + fpram_c + glu__L_c + h_c + pi_c
861,ACALD,0.0,0.0,0.0,0.0,0.0,0.0,0.0,0.0,0.0,0.0,,Cgl0319,0,0.0,0.0,acald_c + coa_c + nad_c --> accoa_c + h_c + nadh_c
862,ACKr,0.0573946860990204,0.08545817514327857,0.04750885084615131,0.0693514648248486,0.06140135780870045,0.053348002649485166,0.027800551079213236,0.03347375483135326,0.017413839652247222,0.0008309998765538411,,Cgl2752,0,0.08545817514327857,-1.88,ac_c + atp_c --> actp_c + adp_c
863,ALCD2x_num1,0.0,0.0,0.0,0.0,0.0,0.0,0.0,0.0,0.0,0.0,,Cgl2807,0,0.0,0.0,etoh_c + nad_c --> acald_c + h_c + nadh_c
864,FHL,0.0,0.0,0.0,0.0,0.0,0.0,0.0,0.0,0.0,0.0,,Cgl1512 and Cgl2570 and Cgl2355,0,0.0,0.0,for_c + h_c --> co2_c + h2_c
865,LDH_D,0.0,0.0,0.0,0.0,0.0,0.0,0.0,0.0,0.0,0.0,,Cgl0901,0,0.0,0.0,lac__D_c + nad_c --> h_c + nadh_c + pyr_c
866,OAADC,0.0,0.0,0.0,0.0,0.0,0.0,0.0,0.0,0.0,0.0,,,0,0.0,0.0,h_c + oaa_c --> co2_c + pyr_c
867,PTAr,0.0,0.0,0.0,0.0,0.0,0.0,0.0,0.0,0.0,0.0,,Cgl2753,0,0.0,0.0,accoa_c + pi_c --> actp_c + coa_c
868,LDH,0.0,0.0,0.0,0.0,0.0,0.0,0.0,0.0,0.0,0.0,,Cgl2911,0,0.0,0.0,h_c + nadh_c + pyr_c --> lac__L_c + nad_c
869,ASAD,0.0,0.0,0.0,0.0,0.0,0.0,0.0,0.0,0.0,0.0,,Cgl0252,0,0.0,0.0,aspsa_c + nadp_c + pi_c --> 4pasp_c + h_c + nadph_c
870,ASPK,0.3655890460116175,0.3341039615484927,0.30261887708536717,0.2711337926222412,0.24005236308812916,0.20856727862500288,0.17708219416187795,0.13086769145617191,0.06808047098866243,0.0052932505211536465,,Cgl0251,0,0.3341039615484927,-2.295,asp__L_c + atp_c --> 4pasp_c + adp_c
871,DAPDC_num1,0.0889284029292649,0.0,0.07361110440544776,0.0,0.0,0.0,0.0,0.0,0.016560363669926567,0.0,,Cgl1180,0,0.0,-3.295,26dap__M_c + h_c --> co2_c + lys__L_c
872,DAPDH,0.10965303156124555,0.1002095457730149,0.09076605998478404,0.08132257419655306,0.07200015873894028,0.0625566729507092,0.05311318716247853,0.0,0.02041973115843038,0.0,unchanged,Cgl2617,0,0.1002095457730149,-3.88,2.0 h_c + nadph_c + nh4_c + thdp_c --> 26dap__M_c + nadp_c
873,DAPE,0.0,0.0,0.0,0.0,0.0,0.0,0.0,0.039251830048362434,0.0,0.0015876322684985368,,Cgl1943,0,0.0,0.0,26dap_LL_c --> 26dap__M_c
874,DHDPRy,0.10965303156124555,0.1002095457730149,0.09076605998478404,0.08132257419655306,0.07200015873894028,0.0625566729507092,0.05311318716247853,0.039251830048362434,0.02041973115843038,0.0015876322684985368,down,Cgl1973,0,0.1002095457730149,-2.295,23dhdp_c + h_c + nadph_c --> nadp_c + thdp_c
875,DHDPS,0.10965303156124555,0.1002095457730149,0.09076605998478404,0.08132257419655306,0.07200015873894028,0.0625566729507092,0.05311318716247853,0.039251830048362434,0.02041973115843038,0.0015876322684985368,down,Cgl1971,0,0.1002095457730149,-2.295,aspsa_c + pyr_c --> 23dhdp_c + 2.0 h2o_c + h_c
876,HSDy,0.0,0.0,0.0,0.0,0.0,0.0,0.0,0.0,0.0,0.0,,Cgl1183,0,0.0,0.0,hom__L_c + nadp_c --> aspsa_c + h_c + nadph_c
877,HSK,0.2198191702468991,0.20088800910478516,0.18195684796267078,0.16302568682055618,0.14433723287257094,0.12540607173045618,0.10647491058834217,0.07868733393918144,0.04093501379762428,0.003182693656067545,,Cgl1183 and Cgl1184,0,0.20088800910478516,-2.295,atp_c + hom__L_c --> adp_c + h_c + phom_c
878,SDPDS,0.0,0.0,0.0,0.0,0.0,0.0,0.0,0.039251830048362434,0.0,0.0015876322684985368,,Cgl1109,0,0.0,0.0,h2o_c + sl26da_c --> 26dap_LL_c + succ_c
879,SDPTA,0.0,0.0,0.0,0.0,0.0,0.0,0.0,0.0,0.0,0.0,,Cgl0814,0,0.0,0.0,akg_c + sl26da_c --> glu__L_c + sl2a6o_c
880,THDPS_num1,0.0,0.0,0.0,0.0,0.0,0.0,0.0,0.039251830048362434,0.0,0.0015876322684985368,,Cgl1106,0,0.0,0.0,h2o_c + succoa_c + thdp_c --> coa_c + sl2a6o_c
881,THRS,0.2198191702468991,0.20088800910478516,0.18195684796267078,0.16302568682055618,0.14433723287257094,0.12540607173045618,0.10647491058834217,0.07868733393918144,0.04093501379762428,0.003182693656067545,,Cgl2220,0,0.20088800910478516,-2.295,h2o_c + phom_c --> pi_c + thr__L_c
882,26DAHtex,0.0,0.0,0.0,0.0,0.0,0.0,0.0,0.0,0.0,0.0,,,0,0.0,0.0,26dap__M_e --> 26dap__M_c
883,3AMPtex,0.0,0.0,0.0,0.0,0.0,0.0,0.0,0.0,0.0,0.0,,,0,0.0,0.0,3amp_e --> 3amp_c
884,3CMPtex,0.0,0.0,0.0,0.0,0.0,0.0,0.0,0.0,0.0,0.0,,,0,0.0,0.0,3cmp_e --> 3cmp_c
885,3GMPtex,0.0,0.0,0.0,0.0,0.0,0.0,0.0,0.0,0.0,0.0,,,0,0.0,0.0,3gmp_e --> 3gmp_c
886,3UMPtex,0.0,0.0,0.0,0.0,0.0,0.0,0.0,0.0,0.0,0.0,,,0,0.0,0.0,3ump_e --> 3ump_c
887,ABUTt2pp,0.0,0.0,0.0,0.0,0.0,0.0,0.0,0.0,0.0,0.0,,Cgl1027,0,0.0,0.0,4abut_e + h_e --> 4abut_c + h_c
888,ABUTtex,0.0,0.0,0.0,0.0,0.0,0.0,0.0,0.0,0.0,0.0,,Cgl1027,0,0.0,0.0,4abut_e --> 4abut_c
889,ACALDtpp,0.0,0.0,0.0,0.0,0.0,0.0,0.0,0.0,0.0,0.0,,,0,0.0,0.0,acald_e --> acald_c
890,ACGAM1Ptex,0.0,0.0,0.0,0.0,0.0,0.0,0.0,0.0,0.0,0.0,,,0,0.0,0.0,acgam1p_e --> acgam1p_c
891,ACGAptspp,0.0,0.0,0.0,0.0,0.0,0.0,0.0,0.0,0.0,0.0,,Cgl3036,0,0.0,0.0,acgam_e + pep_c --> acgam6p_c + pyr_c
892,ACGAtex,0.0,0.0,0.0,0.0,0.0,0.0,0.0,0.0,0.0,0.0,,,0,0.0,0.0,acgam_e --> acgam_c
893,ACMANAptspp_num1,0.0,0.0,0.0,0.0,0.0,0.0,0.0,0.0,0.0,0.0,,Cgl1933,0,0.0,0.0,acmana_e + pep_c --> acmanap_c + pyr_c
894,ACMANAtex,0.0,0.0,0.0,0.0,0.0,0.0,0.0,0.0,0.0,0.0,,,0,0.0,0.0,acmana_e --> acmana_c
895,ACMUMptspp_num1,0.0,0.0,0.0,0.0,0.0,0.0,0.0,0.0,0.0,0.0,,Cgl1933,0,0.0,0.0,acmum_e + pep_c --> acmum6p_c + pyr_c
896,ACSERtex,0.0,0.0,0.0,0.0,0.0,0.0,0.0,0.0,0.0,0.0,,,0,0.0,0.0,acser_e --> acser_c
897,ACt2rpp,0.0,0.0,0.0,0.0,0.0,0.0,0.0,0.0,0.0,0.0,,Cgl0833,0,0.0,0.0,ac_e + h_e --> ac_c + h_c
898,ADEt2rpp,0.0,0.0,0.0,0.0,0.0,0.0,0.0,0.0,0.0,0.0,,,0,0.0,0.0,ade_e + h_e --> ade_c + h_c
899,ADNt2rpp,0.0,0.0,0.0,0.0,0.0,0.0,0.0,0.0,0.0,0.0,,,0,0.0,0.0,adn_e + h_e --> adn_c + h_c
900,AKGt2rpp,0.0,0.0,0.0,0.0,0.0,0.0,0.0,0.0,0.0,0.0,,,0,0.0,0.0,akg_e + h_e --> akg_c + h_c
901,ALAabcpp,0.0,0.0,0.0,0.0,0.0,0.0,0.0,0.0,0.0,0.0,,Cgl0407,0,0.0,0.0,ala__L_e + atp_c + h2o_c --> adp_c + ala__L_c + h_c + pi_c
902,ALAALAabcpp,0.0,0.0,0.0,0.0,0.0,0.0,0.0,0.0,0.0,0.0,,,0,0.0,0.0,alaala_e + atp_c + h2o_c --> adp_c + alaala_c + h_c + pi_c
903,ALAALAtex,0.0,0.0,0.0,0.0,0.0,0.0,0.0,0.0,0.0,0.0,,,0,0.0,0.0,alaala_e --> alaala_c
904,ALAtex,0.0,0.0,0.0,0.0,0.0,0.0,0.0,0.0,0.0,0.0,,,0,0.0,0.0,ala__L_e --> ala__L_c
905,AMPtex,0.0,0.0,0.0,0.0,0.0,0.0,0.0,0.0,0.0,0.0,,,0,0.0,0.0,amp_e --> amp_c
906,ARBabcpp,0.0,0.0,0.0,0.0,0.0,0.0,0.0,0.0,0.0,0.0,,Cgl0288 and Cgl0407,0,0.0,0.0,arab__L_e + atp_c + h2o_c --> adp_c + arab__L_c + h_c + pi_c
907,ARBt3ipp,0.0,0.0,0.0,0.0,0.0,0.0,0.0,0.0,0.0,0.0,,Cgl1253,0,0.0,0.0,arab__L_c + h_e --> arab__L_e + h_c
908,ARBTptspp,0.0,0.0,0.0,0.0,0.0,0.0,0.0,0.0,0.0,0.0,,Cgl2470,0,0.0,0.0,arbt_e + pep_c --> arbt6p_c + pyr_c
909,ARGabcpp,0.0,0.0,0.0,0.0,0.0,0.0,0.0,0.0,0.0,0.0,,,0,0.0,0.0,arg__L_e + atp_c + h2o_c --> adp_c + arg__L_c + h_c + pi_c
910,ARGORNt7pp,0.0,0.0,0.0,0.0,0.0,0.0,0.0,0.0,0.0,0.0,,Cgl0968,0,0.0,0.0,arg__L_e + orn_c --> arg__L_c + orn_e
911,ARGt3pp,0.0,0.0,0.0,0.0,0.0,0.0,0.0,0.0,0.0,0.0,,,0,0.0,0.0,arg__L_c + h_e --> arg__L_e + h_c
912,ASCBptspp,0.0,0.0,0.0,0.0,0.0,0.0,0.0,0.0,0.0,0.0,,Cgl2470,0,0.0,0.0,ascb__L_e + pep_c --> ascb6p_c + pyr_c
913,ASNabcpp,0.0,0.0,0.0,0.0,0.0,0.0,0.0,0.0,0.0,0.0,,,0,0.0,0.0,asn__L_e + atp_c + h2o_c --> adp_c + asn__L_c + h_c + pi_c
914,ASNt2rpp,0.0,0.0,0.0,0.0,0.0,0.0,0.0,0.0,0.0,0.0,,,0,0.0,0.0,asn__L_e + h_e --> asn__L_c + h_c
915,ASPabcpp,0.0,0.0,0.0,0.0,0.0,0.0,0.0,0.0,0.0,0.0,,,0,0.0,0.0,asp__L_e + atp_c + h2o_c --> adp_c + asp__L_c + h_c + pi_c
916,ASPt2pp,0.0,0.0,0.0,0.0,0.0,0.0,0.0,0.0,0.0,0.0,,,0,0.0,0.0,asp__L_e + h_e --> asp__L_c + h_c
917,ASPt2rpp,0.0,0.0,0.0,0.0,0.0,0.0,0.0,0.0,0.0,0.0,,,0,0.0,0.0,asp__L_e + h_e --> asp__L_c + h_c
918,BALAt2pp,0.0,0.0,0.0,0.0,0.0,0.0,0.0,0.0,0.0,0.0,,,0,0.0,0.0,ala_B_e + h_e --> ala_B_c + h_c
919,BALAtex,0.0,0.0,0.0,0.0,0.0,0.0,0.0,0.0,0.0,0.0,,,0,0.0,0.0,ala_B_e --> ala_B_c
920,BCCPE,0.0,0.0,0.0,0.0,0.0,0.0,0.0,0.0,0.0,0.0,,,0,0.0,0.0,atp_c + bccp_e + hco3_c --> adp_c + btnco2_c + h_c + pi_c
921,CGLYabcpp,0.0,0.0,0.0,0.0,0.0,0.0,0.0,0.0,0.0,0.0,,,0,0.0,0.0,atp_c + cgly_e + h2o_c --> adp_c + cgly_c + h_c + pi_c
922,CGLYtex,0.0,0.0,0.0,0.0,0.0,0.0,0.0,0.0,0.0,0.0,,,0,0.0,0.0,cgly_e --> cgly_c
923,CHTBSptspp,0.0,0.0,0.0,0.0,0.0,0.0,0.0,0.0,0.0,0.0,,Cgl1933,0,0.0,0.0,chtbs_e + pep_c --> chtbs6p_c + pyr_c
924,CITt3pp,0.0,0.0,0.0,0.0,0.0,0.0,0.0,0.0,0.0,0.0,,,0,0.0,0.0,cit_c + h_e --> cit_e + h_c
925,CITt7pp,0.0,0.0,0.0,0.0,0.0,0.0,0.0,0.0,0.0,0.0,,Cgl0067,0,0.0,0.0,cit_e + succ_c --> cit_c + succ_e
926,CITtex,0.0,0.0,0.0,0.0,0.0,0.0,0.0,0.0,0.0,0.0,,,0,0.0,0.0,cit_e --> cit_c
927,CLt3_2pp,0.007332685259107576,0.006701183256399387,0.006069681253691185,0.005438179250982974,0.004814773427796654,0.004183271425088436,0.003551769422380246,0.0026248368284087376,0.0013655022531386298,0.0001061676778685361,,,0,0.006701183256399387,-2.295,2.0 cl_e --> 2.0 cl_c + h_c
928,CRNabcpp,0.0,0.0,0.0,0.0,0.0,0.0,0.0,0.0,0.0,0.0,,,0,0.0,0.0,atp_c + crn_e + h2o_c --> adp_c + crn_c + h_c + pi_c
929,CRNDabcpp,0.0,0.0,0.0,0.0,0.0,0.0,0.0,0.0,0.0,0.0,,,0,0.0,0.0,atp_c + crn__D_e + h2o_c --> adp_c + crn__D_c + h_c + pi_c
930,CRNDt2rpp,0.0,0.0,0.0,0.0,0.0,0.0,0.0,0.0,0.0,0.0,,,0,0.0,0.0,crn__D_e + h_e --> crn__D_c + h_c
931,CRNt2rpp,0.0,0.0,0.0,0.0,0.0,0.0,0.0,0.0,0.0,0.0,,,0,0.0,0.0,crn_e + h_e --> crn_c + h_c
932,CRNt8pp,0.0,0.0,0.0,0.0,0.0,0.0,0.0,0.0,0.0,0.0,,,0,0.0,0.0,crn__D_c + crn_e --> crn__D_e + crn_c
933,CTBTabcpp,0.0,0.0,0.0,0.0,0.0,0.0,0.0,0.0,0.0,0.0,,,0,0.0,0.0,atp_c + ctbt_e + h2o_c --> adp_c + ctbt_c + h_c + pi_c
934,CTBTt2rpp,0.0,0.0,0.0,0.0,0.0,0.0,0.0,0.0,0.0,0.0,,Cgl3066,0,0.0,0.0,ctbt_e + h_e --> ctbt_c + h_c
935,CUt3,0.0,0.0,0.0,0.0,0.0,0.0,0.0,0.0,0.0,0.0,,Cgl2962,0,0.0,0.0,cu_c + h_e --> cu_e + h_c
936,CUtex,0.0,0.0,0.0,0.0,0.0,0.0,0.0,0.0,0.0,0.0,,,0,0.0,0.0,cu_e --> cu_c
937,CYANtex,0.0,0.0,0.0,0.0,0.0,0.0,0.0,0.0,0.0,0.0,,,0,0.0,0.0,cyan_e --> cyan_c
938,CYSabc2pp,0.0,0.0,0.0,0.0,0.0,0.0,0.0,0.0,0.0,0.0,,,0,0.0,0.0,atp_c + cys__L_c + h2o_c --> adp_c + cys__L_e + h_c + pi_c
939,CYSabcpp,0.0,0.0,0.0,0.0,0.0,0.0,0.0,0.0,0.0,0.0,,,0,0.0,0.0,atp_c + cys__L_e + h2o_c --> adp_c + cys__L_c + h_c + pi_c
940,CYStpp,0.0,0.0,0.0,0.0,0.0,0.0,0.0,0.0,0.0,0.0,,,0,0.0,0.0,cys__L_c --> cys__L_e
941,CYTDt2pp,0.0,0.0,0.0,0.0,0.0,0.0,0.0,0.0,0.0,0.0,,,0,0.0,0.0,cytd_e + h_e --> cytd_c + h_c
942,CYTDt2rpp,0.0,0.0,0.0,0.0,0.0,0.0,0.0,0.0,0.0,0.0,,,0,0.0,0.0,cytd_e + h_e --> cytd_c + h_c
943,DADNtex,0.0,0.0,0.0,0.0,0.0,0.0,0.0,0.0,0.0,0.0,,,0,0.0,0.0,dad_2_e --> dad_2_c
944,DALAt2pp,0.0,0.0,0.0,0.0,0.0,0.0,0.0,0.0,0.0,0.0,,Cgl0470,0,0.0,0.0,ala__D_e + h_e --> ala__D_c + h_c
945,DALAtex,0.0,0.0,0.0,0.0,0.0,0.0,0.0,0.0,0.0,0.0,,,0,0.0,0.0,ala__D_e --> ala__D_c
946,DAMPtex,0.0,0.0,0.0,0.0,0.0,0.0,0.0,0.0,0.0,0.0,,,0,0.0,0.0,damp_e --> damp_c
947,DAPabcpp,0.0,0.0,0.0,0.0,0.0,0.0,0.0,0.0,0.0,0.0,,,0,0.0,0.0,26dap__M_e + atp_c + h2o_c --> 26dap__M_c + adp_c + h_c + pi_c
948,DCMPtex,0.0,0.0,0.0,0.0,0.0,0.0,0.0,0.0,0.0,0.0,,,0,0.0,0.0,dcmp_e --> dcmp_c
949,DCYTtex,0.0,0.0,0.0,0.0,0.0,0.0,0.0,0.0,0.0,0.0,,,0,0.0,0.0,dcyt_e --> dcyt_c
950,DGMPtex,0.0,0.0,0.0,0.0,0.0,0.0,0.0,0.0,0.0,0.0,,,0,0.0,0.0,dgmp_e --> dgmp_c
951,DGSNtex,0.0,0.0,0.0,0.0,0.0,0.0,0.0,0.0,0.0,0.0,,,0,0.0,0.0,dgsn_e --> dgsn_c
952,DHAtpp,0.0,0.0,0.0,0.0,0.0,0.0,0.0,0.0,0.0,0.0,,,0,0.0,0.0,dha_e --> dha_c
953,DIMPtex,0.0,0.0,0.0,0.0,0.0,0.0,0.0,0.0,0.0,0.0,,,0,0.0,0.0,dimp_e --> dimp_c
954,DINStex,0.0,0.0,0.0,0.0,0.0,0.0,0.0,0.0,0.0,0.0,,,0,0.0,0.0,din_e --> din_c
955,D_LACt2pp,0.0,0.0,0.0,0.0,0.0,0.0,0.0,0.0,0.0,0.0,,,0,0.0,0.0,h_e + lac__D_e --> h_c + lac__D_c
956,DMSOtex,0.0,0.0,0.0,0.0,0.0,0.0,0.0,0.0,0.0,0.0,,,0,0.0,0.0,dmso_e --> dmso_c
957,DMStex,0.0,0.0,0.0,0.0,0.0,0.0,0.0,0.0,0.0,0.0,,,0,0.0,0.0,dms_e --> dms_c
958,DSERt2pp,0.0,0.0,0.0,0.0,0.0,0.0,0.0,0.0,0.0,0.0,,Cgl0470,0,0.0,0.0,h_e + ser__D_e --> h_c + ser__D_c
959,DTMPtex,0.0,0.0,0.0,0.0,0.0,0.0,0.0,0.0,0.0,0.0,,,0,0.0,0.0,dtmp_e --> dtmp_c
960,DUMPtex,0.0,0.0,0.0,0.0,0.0,0.0,0.0,0.0,0.0,0.0,,,0,0.0,0.0,dump_e --> dump_c
961,DURIt2pp,0.0,0.0,0.0,0.0,0.0,0.0,0.0,0.0,0.0,0.0,,,0,0.0,0.0,duri_e + h_e --> duri_c + h_c
962,DURItex,0.0,0.0,0.0,0.0,0.0,0.0,0.0,0.0,0.0,0.0,,,0,0.0,0.0,duri_e --> duri_c
963,ETHAtex,0.0,0.0,0.0,0.0,0.0,0.0,0.0,0.0,0.0,0.0,,,0,0.0,0.0,etha_e --> etha_c
964,ETOHtrpp,0.0,0.0,0.0,0.0,0.0,0.0,0.0,0.0,0.0,0.0,,,0,0.0,0.0,etoh_e --> etoh_c
965,EX_biomass,0.43418945663519987,0.39679640051304477,0.3594033443908889,0.32201028826873246,0.28509663030198773,0.24770357417983097,0.21031051805767578,0.15542416400149098,0.08085532930627383,0.006286494611057512,,,0,0.39679640051304477,-2.295,biomass_c --> 
966,EX_BIOTIN,0.0,0.0,0.0,0.0,0.0,0.0,0.0,0.0,0.0,-1.4938427408901464e-08,,,0,0.0,0.0,btn_e --> 
967,EX_cl,0.0,0.0,0.0,0.0,0.0,0.0,0.0,0.0,0.0,0.0,,,0,0.0,0.0,cl_e --> 
968,F6Pt6_2pp,0.0,0.0,0.0,0.0,0.0,0.0,0.0,0.0,0.0,0.0,,,0,0.0,0.0,f6p_e + 2.0 pi_c --> f6p_c + 2.0 pi_e
969,F6Ptex,0.0,0.0,0.0,0.0,0.0,0.0,0.0,0.0,0.0,0.0,,,0,0.0,0.0,f6p_e --> f6p_c
970,FE3DHBZStonex,0.0,0.0,0.0,0.0,0.0,0.0,0.0,0.0,0.0,0.0,,Cgl0068,0,0.0,0.0,fe3dhbzs_c + h_e --> fe3dhbzs_e + h_c
971,FE3tex,0.0,0.0,0.0,0.0,0.0,0.0,0.0,0.0,0.0,0.0,,,0,0.0,0.0,fe3_e --> fe3_c
972,FRUpts2pp,0.0,0.0,0.0,0.0,0.0,0.0,0.0,0.0,0.0,0.0,,Cgl1933,0,0.0,0.0,fru_e + pep_c --> f6p_c + pyr_c
973,FRUtex,0.0,0.0,0.0,0.0,0.0,0.0,0.0,0.0,0.0,0.0,,,0,0.0,0.0,fru_e --> fru_c
974,FRUURt2rpp,0.0,0.0,0.0,0.0,0.0,0.0,0.0,0.0,0.0,0.0,,Cgl2908,0,0.0,0.0,fruur_e + h_e --> fruur_c + h_c
975,FUMt2_2pp,0.0,0.0,0.0,0.0,0.0,0.0,0.0,0.0,0.0,0.0,,Cgl2595,0,0.0,0.0,fum_e + 2.0 h_e --> fum_c + 2.0 h_c
976,FUMt2_3pp,0.0,0.0,0.0,0.0,0.0,0.0,0.0,0.0,0.0,0.0,,,0,0.0,0.0,fum_e + 3.0 h_e --> fum_c + 3.0 h_c
977,FUMtex,0.0,0.0,0.0,0.0,0.0,0.0,0.0,0.0,0.0,0.0,,,0,0.0,0.0,fum_e --> fum_c
978,G1Ptex,0.0,0.0,0.0,0.0,0.0,0.0,0.0,0.0,0.0,0.0,,,0,0.0,0.0,g1p_e --> g1p_c
979,G3PCabcpp,0.0,0.0,0.0,0.0,0.0,0.0,0.0,0.0,0.0,0.0,,Cgl1383 and Cgl1384 and Cgl1385 and Cgl1386,0,0.0,0.0,atp_c + g3pc_e + h2o_c --> adp_c + g3pc_c + h_c + pi_c
980,G3PEabcpp,0.0,0.0,0.0,0.0,0.0,0.0,0.0,0.0,0.0,0.0,,Cgl1383 and Cgl1384 and Cgl1385 and Cgl1386,0,0.0,0.0,atp_c + g3pe_e + h2o_c --> adp_c + g3pe_c + h_c + pi_c
981,G3PEtex,0.0,0.0,0.0,0.0,0.0,0.0,0.0,0.0,0.0,0.0,,,0,0.0,0.0,g3pe_e --> g3pe_c
982,G3PGabcpp,0.0,0.0,0.0,0.0,0.0,0.0,0.0,0.0,0.0,0.0,,Cgl1383 and Cgl1384 and Cgl1385 and Cgl1386,0,0.0,0.0,atp_c + g3pg_e + h2o_c --> adp_c + g3pg_c + h_c + pi_c
983,G3PGtex,0.0,0.0,0.0,0.0,0.0,0.0,0.0,0.0,0.0,0.0,,,0,0.0,0.0,g3pg_e --> g3pg_c
984,G3PIabcpp,0.0,0.0,0.0,0.0,0.0,0.0,0.0,0.0,0.0,0.0,,Cgl1383 and Cgl1384 and Cgl1385 and Cgl1386,0,0.0,0.0,atp_c + g3pi_e + h2o_c --> adp_c + g3pi_c + h_c + pi_c
985,G3PItex,0.0,0.0,0.0,0.0,0.0,0.0,0.0,0.0,0.0,0.0,,,0,0.0,0.0,g3pi_e --> g3pi_c
986,G3PSabcpp,0.0,0.0,0.0,0.0,0.0,0.0,0.0,0.0,0.0,0.0,,Cgl1383 and Cgl1384 and Cgl1385 and Cgl1386,0,0.0,0.0,atp_c + g3ps_e + h2o_c --> adp_c + g3ps_c + h_c + pi_c
987,G3PStex,0.0,0.0,0.0,0.0,0.0,0.0,0.0,0.0,0.0,0.0,,,0,0.0,0.0,g3ps_e --> g3ps_c
988,G6Pt6_2pp,0.0,0.0,0.0,0.0,0.0,0.0,0.0,0.0,0.0,0.0,,,0,0.0,0.0,g6p_e + 2.0 pi_c --> g6p_c + 2.0 pi_e
989,G6Ptex,0.0,0.0,0.0,0.0,0.0,0.0,0.0,0.0,0.0,0.0,,,0,0.0,0.0,g6p_e --> g6p_c
990,GAL1Ptex,0.0,0.0,0.0,0.0,0.0,0.0,0.0,0.0,0.0,0.0,,,0,0.0,0.0,gal1p_e --> gal1p_c
991,GALTptspp,0.0,0.0,0.0,0.0,0.0,0.0,0.0,0.0,0.0,0.0,,Cgl1933,0,0.0,0.0,galt_e + pep_c --> galt1p_c + pyr_c
992,GAM6Pt6_2pp,0.0,0.0,0.0,0.0,0.0,0.0,0.0,0.0,0.0,0.0,,,0,0.0,0.0,gam6p_e + 2.0 pi_c --> gam6p_c + 2.0 pi_e
993,GAMAN6Ptex,0.0,0.0,0.0,0.0,0.0,0.0,0.0,0.0,0.0,0.0,,,0,0.0,0.0,gam6p_e --> gam6p_c
994,GAMptspp,0.0,0.0,0.0,0.0,0.0,0.0,0.0,0.0,0.0,0.0,,Cgl1933,0,0.0,0.0,gam_e + pep_c --> gam6p_c + pyr_c
995,GAMtex,0.0,0.0,0.0,0.0,0.0,0.0,0.0,0.0,0.0,0.0,,,0,0.0,0.0,gam_e --> gam_c
996,GLCabcpp,0.0,0.018939792105658493,0.0,0.0,0.013608165046260064,0.0,0.010038491993615667,0.007418669500474047,0.0,0.0,,Cgl0030 and Cgl0031 and Cgl0032,0,0.018939792105658493,-1.352,atp_c + glc__D_e + h2o_c --> adp_c + glc__D_c + h_c + pi_c
997,GLCNt2rpp,0.0,0.0,0.0,0.0,0.0,0.0,0.0,0.0,0.0,0.0,,,0,0.0,0.0,glcn_e + h_e --> glcn_c + h_c
998,GLCptspp,4.67,4.651060207894341,4.67,4.67,4.65639183495374,4.67,4.6599615080063845,4.662581330499526,4.67,4.67,unchanged,Cgl3036,0,4.651060207894341,0.001,glc__D_e + pep_c --> g6p_c + pyr_c
999,GLCUR1Ptex,0.0,0.0,0.0,0.0,0.0,0.0,0.0,0.0,0.0,0.0,,,0,0.0,0.0,glcur1p_e --> glcur1p_c
1000,GLCURt2rpp,0.0,0.0,0.0,0.0,0.0,0.0,0.0,0.0,0.0,0.0,,,0,0.0,0.0,glcur_e + h_e --> glcur_c + h_c
1001,GLNabcpp,0.0,0.0,0.0,0.0,0.0,0.0,0.0,0.0,0.0,0.0,,,0,0.0,0.0,atp_c + gln__L_e + h2o_c --> adp_c + gln__L_c + h_c + pi_c
1002,GLNt2rpp,0.0,0.0,0.0,0.0,0.0,0.0,0.0,0.0,0.0,0.0,,,0,0.0,0.0,gln__L_e + h_e --> gln__L_c + h_c
1003,GLUabcpp,0.0,0.0,0.0,0.0,0.0,0.0,0.0,0.0,0.0,0.0,,Cgl1951 and Cgl1950 and Cgl1952 and Cgl1953,0,0.0,0.0,atp_c + glu__L_e + h2o_c --> adp_c + glu__L_c + h_c + pi_c
1004,GLUt4pp,0.0,0.0,0.0,0.0,0.0,0.0,0.0,0.0,0.0,0.0,,,0,0.0,0.0,glu__L_e + na1_e --> glu__L_c + na1_c
1005,GLUtex,0.0,0.0,0.0,0.0,0.0,0.0,0.0,0.0,0.0,0.0,,,0,0.0,0.0,glu__L_e --> glu__L_c
1006,GLYALDtpp,0.0,0.0,0.0,0.0,0.0,0.0,0.0,0.0,0.0,0.0,,,0,0.0,0.0,glyald_e --> glyald_c
1007,GLYBabcpp_num1,0.0,0.0,0.0,0.0,0.0,0.0,0.0,0.0,0.0,0.0,,Cgl0892,0,0.0,0.0,atp_c + glyb_e + h2o_c --> adp_c + glyb_c + h_c + pi_c
1008,GLYC2Pabcpp,0.0,0.0,0.0,0.0,0.0,0.0,0.0,0.0,0.0,0.0,,Cgl1383 and Cgl1384 and Cgl1385 and Cgl1386,0,0.0,0.0,atp_c + glyc2p_e + h2o_c --> adp_c + glyc2p_c + h_c + pi_c
1009,GLYC3Pabcpp,0.0,0.0,0.0,0.0,0.0,0.0,0.0,0.0,0.0,0.0,,Cgl1383 and Cgl1384 and Cgl1385 and Cgl1386,0,0.0,0.0,atp_c + glyc3p_e + h2o_c --> adp_c + glyc3p_c + h_c + pi_c
1010,GLYC3Pt6pp,0.0,0.0,0.0,0.0,0.0,0.0,0.0,0.0,0.0,0.0,,,0,0.0,0.0,glyc3p_e + pi_c --> glyc3p_c + pi_e
1011,GLYC3Ptex,0.0,0.0,0.0,0.0,0.0,0.0,0.0,0.0,0.0,0.0,,,0,0.0,0.0,glyc3p_e --> glyc3p_c
1012,GLYCAt2rpp,0.0,0.0,0.0,0.0,0.0,0.0,0.0,0.0,0.0,0.0,,,0,0.0,0.0,glyc__R_e + h_e --> glyc__R_c + h_c
1013,GLYCtpp,0.0,0.0,0.0,0.0,0.0,0.0,0.0,0.0,0.0,0.0,,,0,0.0,0.0,glyc_c --> glyc_e
1014,GLYtex,0.0,0.0,0.0,0.0,0.0,0.0,0.0,0.0,0.0,0.0,,,0,0.0,0.0,gly_e --> gly_c
1015,GMPtex,0.0,0.0,0.0,0.0,0.0,0.0,0.0,0.0,0.0,0.0,,,0,0.0,0.0,gmp_e --> gmp_c
1016,GSNt2pp,0.0,0.0,0.0,0.0,0.0,0.0,0.0,0.0,0.0,0.0,,,0,0.0,0.0,gsn_e + h_e --> gsn_c + h_c
1017,GSNtex,0.0,0.0,0.0,0.0,0.0,0.0,0.0,0.0,0.0,0.0,,,0,0.0,0.0,gsn_e --> gsn_c
1018,GTHRDabc2pp,0.0,0.0,0.0,0.0,0.0,0.0,0.0,0.0,0.0,0.0,,Cgl1993 and Cgl2320 and Cgl2321 and Cgl2322,0,0.0,0.0,atp_c + gthrd_c + h2o_c --> adp_c + gthrd_e + h_c + pi_c
1019,GTHRDabcpp,0.0,0.0,0.0,0.0,0.0,0.0,0.0,0.0,0.0,0.0,,,0,0.0,0.0,atp_c + gthrd_e + h2o_c --> adp_c + gthrd_c + h_c + pi_c
1020,GTHRDtex,0.0,0.0,0.0,0.0,0.0,0.0,0.0,0.0,0.0,0.0,,,0,0.0,0.0,gthrd_e --> gthrd_c
1021,GUAt2pp,0.0,0.0,0.0,0.0,0.0,0.0,0.0,0.0,0.0,0.0,,,0,0.0,0.0,gua_e + h_e --> gua_c + h_c
1022,GUAtpp,0.0,0.0,0.0,0.0,0.0,0.0,0.0,0.0,0.0,0.0,,,0,0.0,0.0,gua_e --> gua_c
1023,H2Otpp,0.0,0.0,0.0,0.0,0.0,0.0,0.0,0.0,0.0,0.0,,,0,0.0,0.0,h2o_e --> h2o_c
1024,H2St1pp,0.0,0.0,0.0,0.0,0.0,0.0,0.0,0.0,0.0,0.0,,,0,0.0,0.0,h2s_c --> h2s_e
1025,H2Stex,0.0,0.0,0.0,0.0,0.0,0.0,0.0,0.0,0.0,0.0,,,0,0.0,0.0,h2s_e --> h2s_c
1026,H2tpp,0.0,0.0,0.0,0.0,0.0,0.0,0.0,0.0,0.0,0.0,,,0,0.0,0.0,h2_e --> h2_c
1027,HISabcpp,0.0,0.0,0.0,0.0,0.0,0.0,0.0,0.0,0.0,0.0,,,0,0.0,0.0,atp_c + h2o_c + his__L_e --> adp_c + h_c + his__L_c + pi_c
1028,HISt2rpp,0.0,0.0,0.0,0.0,0.0,0.0,0.0,0.0,0.0,0.0,,,0,0.0,0.0,h_e + his__L_e --> h_c + his__L_c
1029,HOMt2pp,0.0,0.0,0.0,0.0,0.0,0.0,0.0,0.0,0.0,0.0,,,0,0.0,0.0,h_e + hom__L_c --> h_c + hom__L_e
1030,HOMtex,0.0,0.0,0.0,0.0,0.0,0.0,0.0,0.0,0.0,0.0,,,0,0.0,0.0,hom__L_e --> hom__L_c
1031,HYXNtpp,0.0,0.0,0.0,0.0,0.0,0.0,0.0,0.0,0.0,0.0,,,0,0.0,0.0,hxan_e --> hxan_c
1032,ILEt2rpp,0.0,0.0,0.0,0.0,0.0,0.0,0.0,0.0,0.0,0.0,,Cgl2310,0,0.0,0.0,h_e + ile__L_e --> h_c + ile__L_c
1033,INDOLEt2pp,0.0,0.0,0.0,0.0,0.0,0.0,0.0,0.0,0.0,0.0,,,0,0.0,0.0,h_c + indole_c --> h_e + indole_e
1034,INDOLEt2rpp,0.0,0.0,0.0,0.0,0.0,0.0,0.0,0.0,0.0,0.0,,,0,0.0,0.0,h_e + indole_e --> h_c + indole_c
1035,INSt2pp,0.0,0.0,0.0,0.0,0.0,0.0,0.0,0.0,0.0,0.0,,,0,0.0,0.0,h_e + ins_e --> h_c + ins_c
1036,INSt2rpp,0.0,0.0,0.0,0.0,0.0,0.0,0.0,0.0,0.0,0.0,,,0,0.0,0.0,h_e + ins_e --> h_c + ins_c
1037,LEUt2rpp_num1,0.0,0.0,0.0,0.0,0.0,0.0,0.0,0.0,0.0,0.0,,Cgl0258,0,0.0,0.0,h_e + leu__L_e --> h_c + leu__L_c
1038,L_LACt2rpp,0.0,0.0,0.0,0.0,0.0,0.0,0.0,0.0,0.0,0.0,,,0,0.0,0.0,h_e + lac__L_e --> h_c + lac__L_c
1039,LYSabcpp,0.0,0.0,0.0,0.0,0.0,0.0,0.0,0.0,0.0,0.0,,Cgl1262,0,0.0,0.0,atp_c + h2o_c + lys__L_e --> adp_c + h_c + lys__L_c + pi_c
1040,LYSt2pp,0.0,0.0,0.0,0.0,0.0,0.0,0.0,0.0,0.0,0.0,,Cgl0968,0,0.0,0.0,h_e + lys__L_e --> h_c + lys__L_c
1041,LYSt3pp,0.0,0.0,0.0,0.0,0.0,0.0,0.0,0.0,0.0,0.0,,,0,0.0,0.0,h_e + lys__L_c --> h_c + lys__L_e
1042,MALt3pp,0.0,0.0,0.0,0.0,0.0,0.0,0.0,0.0,0.0,0.0,,,0,0.0,0.0,h_e + mal__L_c --> h_c + mal__L_e
1043,MALTabcpp,0.0,0.0,0.0,0.0,0.0,0.0,0.0,0.0,0.0,0.0,,Cgl2460 and Cgl2461 and Cgl2463,0,0.0,0.0,atp_c + h2o_c + malt_e --> adp_c + h_c + malt_c + pi_c
1044,MALTptspp,0.0,0.0,0.0,0.0,0.0,0.0,0.0,0.0,0.0,0.0,,Cgl1933,0,0.0,0.0,malt_e + pep_c --> malt6p_c + pyr_c
1045,MAN6Pt6_2pp,0.0,0.0,0.0,0.0,0.0,0.0,0.0,0.0,0.0,0.0,,,0,0.0,0.0,man6p_e + 2.0 pi_c --> man6p_c + 2.0 pi_e
1046,MANptspp,0.0,0.0,0.0,0.0,0.0,0.0,0.0,0.0,0.0,0.0,,Cgl1360,0,0.0,0.0,man_e + pep_c --> man6p_c + pyr_c
1047,METabcpp,0.0,0.0,0.0,0.0,0.0,0.0,0.0,0.0,0.0,0.0,,Cgl0635 and Cgl0636 and Cgl0637,0,0.0,0.0,atp_c + h2o_c + met__L_e --> adp_c + h_c + met__L_c + pi_c
1048,METt2rpp,0.0,0.0,0.0,0.0,0.0,0.0,0.0,0.0,0.0,0.0,,,0,0.0,0.0,h_e + met__L_e --> h_c + met__L_c
1049,MNLptspp,0.0,0.0,0.0,0.0,0.0,0.0,0.0,0.0,0.0,0.0,,Cgl3036,0,0.0,0.0,mnl_e + pep_c --> mnl1p_c + pyr_c
1050,MNt2pp,0.0,0.0,0.0,0.0,0.0,0.0,0.0,0.0,0.0,0.0,,Cgl1469,0,0.0,0.0,h_e + mn2_e --> h_c + mn2_c
1051,NACtpp,0.0,0.0,0.0,0.0,0.0,0.0,0.0,0.0,0.0,0.0,,,0,0.0,0.0,nac_e --> nac_c
1052,NAtex,0.014665370518215152,0.013402366512798775,0.01213936250738237,0.010876358501965947,0.009629546855593307,0.008366542850176873,0.007103538844760492,9.072564907068529,0.0,92.29208980574317,,,0,0.013402366512798775,11.3,na1_e --> na1_c
1053,NMNt7pp,0.0,0.0,0.0,0.0,0.0,0.0,0.0,0.0,0.0,0.0,,,0,0.0,0.0,h2o_c + nmn_e --> h_c + ncam_c + r5p_c
1054,NO3tex,0.0,0.0,0.0,0.0,0.0,0.0,0.0,0.0,0.0,0.0,,Cgl1190,0,0.0,0.0,no3_e --> no3_c
1055,NOtex,0.0,0.0,0.0,0.0,0.0,0.0,0.0,0.0,0.0,0.0,,,0,0.0,0.0,no_e --> no_c
1056,O2Stex,0.0,0.0,0.0,0.0,0.0,0.0,0.0,0.0,0.0,0.0,,,0,0.0,0.0,o2s_e --> o2s_c
1057,ORNabcpp,0.0,0.0,0.0,0.0,0.0,0.0,0.0,0.0,0.0,0.0,,,0,0.0,0.0,atp_c + h2o_c + orn_e --> adp_c + h_c + orn_c + pi_c
1058,OROTt2_2pp,0.0,0.0,0.0,0.0,0.0,0.0,0.0,0.0,0.0,0.0,,,0,0.0,0.0,2.0 h_e + orot_e --> 2.0 h_c + orot_c
1059,PA120abcpp_num1,0.0,0.0,0.0,0.0,0.0,0.0,0.0,0.0,0.0,0.0,,Cgl1221 and Cgl1222 and Cgl1223,0,0.0,0.0,atp_c + h2o_c + pa120_c --> adp_c + h_c + pa120_e + pi_c
1060,PA140abcpp_num1,0.0,0.0,0.0,0.0,0.0,0.0,0.0,0.0,0.0,0.0,,Cgl1221 and Cgl1222 and Cgl1223,0,0.0,0.0,atp_c + h2o_c + pa140_c --> adp_c + h_c + pa140_e + pi_c
1061,PA141abcpp_num1,0.0,0.0,0.0,0.0,0.0,0.0,0.0,0.0,0.0,0.0,,Cgl1221 and Cgl1222 and Cgl1223,0,0.0,0.0,atp_c + h2o_c + pa141_c --> adp_c + h_c + pa141_e + pi_c
1062,PA160abcpp_num1,0.0,0.0,0.0,0.0,0.0,0.0,0.0,0.0,0.0,0.0,,Cgl1221 and Cgl1222 and Cgl1223,0,0.0,0.0,atp_c + h2o_c + pa160_c --> adp_c + h_c + pa160_e + pi_c
1063,PA161abcpp_num1,0.0,0.0,0.0,0.0,0.0,0.0,0.0,0.0,0.0,0.0,,Cgl1221 and Cgl1222 and Cgl1223,0,0.0,0.0,atp_c + h2o_c + pa161_c --> adp_c + h_c + pa161_e + pi_c
1064,PA180abcpp_num1,0.0,0.0,0.0,0.0,0.0,0.0,0.0,0.0,0.0,0.0,,Cgl1221 and Cgl1222 and Cgl1223,0,0.0,0.0,atp_c + h2o_c + pa180_c --> adp_c + h_c + pa180_e + pi_c
1065,PA181abcpp_num1,0.0,0.0,0.0,0.0,0.0,0.0,0.0,0.0,0.0,0.0,,Cgl1221 and Cgl1222 and Cgl1223,0,0.0,0.0,atp_c + h2o_c + pa181_c --> adp_c + h_c + pa181_e + pi_c
1066,PGP120abcpp_num1,0.0,0.0,0.0,0.0,0.0,0.0,0.0,0.0,0.0,0.0,,Cgl1221 and Cgl1222 and Cgl1223,0,0.0,0.0,atp_c + h2o_c + pgp120_c --> adp_c + h_c + pgp120_e + pi_c
1067,PGP140abcpp_num1,0.0,0.0,0.0,0.0,0.0,0.0,0.0,0.0,0.0,0.0,,Cgl1221 and Cgl1222 and Cgl1223,0,0.0,0.0,atp_c + h2o_c + pgp140_c --> adp_c + h_c + pgp140_e + pi_c
1068,PGP141abcpp_num1,0.0,0.0,0.0,0.0,0.0,0.0,0.0,0.0,0.0,0.0,,Cgl1221 and Cgl1222 and Cgl1223,0,0.0,0.0,atp_c + h2o_c + pgp141_c --> adp_c + h_c + pgp141_e + pi_c
1069,PGP160abcpp_num1,0.0,0.0,0.0,0.0,0.0,0.0,0.0,0.0,0.0,0.0,,Cgl1221 and Cgl1222 and Cgl1223,0,0.0,0.0,atp_c + h2o_c + pgp160_c --> adp_c + h_c + pgp160_e + pi_c
1070,PGP161abcpp_num1,0.0,0.0,0.0,0.0,0.0,0.0,0.0,0.0,0.0,0.0,,Cgl1221 and Cgl1222 and Cgl1223,0,0.0,0.0,atp_c + h2o_c + pgp161_c --> adp_c + h_c + pgp161_e + pi_c
1071,PGP180abcpp_num1,0.0,0.0,0.0,0.0,0.0,0.0,0.0,0.0,0.0,0.0,,Cgl1221 and Cgl1222 and Cgl1223,0,0.0,0.0,atp_c + h2o_c + pgp180_c --> adp_c + h_c + pgp180_e + pi_c
1072,PGP181abcpp_num1,0.0,0.0,0.0,0.0,0.0,0.0,0.0,0.0,0.0,0.0,,Cgl1221 and Cgl1222 and Cgl1223,0,0.0,0.0,atp_c + h2o_c + pgp181_c --> adp_c + h_c + pgp181_e + pi_c
1073,PHEMEabcpp_num1,0.0,0.0,0.0,0.0,0.0,0.0,0.0,0.0,0.0,0.0,,Cgl1221 and Cgl1222 and Cgl1223,0,0.0,0.0,atp_c + h2o_c + pheme_c --> adp_c + h_c + pheme_e + pi_c
1074,PHEMEtiex,0.0,0.0,0.0,0.0,0.0,0.0,0.0,0.0,0.0,0.0,,,0,0.0,0.0,pheme_c --> pheme_e
1075,PHEt2rpp,0.0,0.0,0.0,0.0,0.0,0.0,0.0,0.0,0.0,0.0,,,0,0.0,0.0,h_e + phe__L_e --> h_c + phe__L_c
1076,PNTOt4pp,0.0,0.0,0.0,0.0,0.0,0.0,0.0,0.0,0.0,0.0,,,0,0.0,0.0,na1_e + pnto__R_e --> na1_c + pnto__R_c
1077,PROabcpp,0.0,0.0,0.0,0.0,0.0,0.0,0.0,0.0,0.0,0.0,,Cgl1419,0,0.0,0.0,atp_c + h2o_c + pro__L_e --> adp_c + h_c + pi_c + pro__L_c
1078,PROGLYabcpp,0.0,0.0,0.0,0.0,0.0,0.0,0.0,0.0,0.0,0.0,,,0,0.0,0.0,atp_c + h2o_c + progly_e --> adp_c + h_c + pi_c + progly_c
1079,PROt3pp,0.0,0.0,0.0,0.0,0.0,0.0,0.0,0.0,54.7038883247071,0.0,,,0,0.0,0.0,h_e + pro__L_c --> h_c + pro__L_e
1080,PROt4pp,0.0,0.0,0.0,0.0,0.0,0.0,0.0,0.0,54.7038883247071,0.0,,Cgl1163,0,0.0,0.0,na1_e + pro__L_e --> na1_c + pro__L_c
1081,PSERtex_num1,0.0,0.0,0.0,0.0,0.0,0.0,0.0,0.0,0.0,0.0,,Cgl0296,0,0.0,0.0,pser__L_e --> pser__L_c
1082,PTRCORNt7pp,0.0,0.0,0.0,0.0,0.0,0.0,0.0,0.0,0.0,0.0,,,0,0.0,0.0,orn_c + ptrc_e --> orn_e + ptrc_c
1083,PTRCt2pp,0.0,0.0,0.0,0.0,0.0,0.0,0.0,0.0,0.0,0.0,,,0,0.0,0.0,h_e + ptrc_e --> h_c + ptrc_c
1084,PYDXtpp,0.0,0.0,0.0,0.0,0.0,0.0,0.0,0.0,0.0,0.0,,,0,0.0,0.0,pydx_e --> pydx_c
1085,PYRt2rpp,0.0,0.0,0.0,0.0,0.0,0.0,0.0,0.0,0.0,0.0,,,0,0.0,0.0,h_e + pyr_e --> h_c + pyr_c
1086,RIBabcpp,0.0,0.0,0.0,0.0,0.0,0.0,0.0,0.0,0.0,0.0,,Cgl1252 and Cgl1253 and Cgl1254,0,0.0,0.0,atp_c + h2o_c + rib__D_e --> adp_c + h_c + pi_c + rib__D_c
1087,SBTptspp,0.0,0.0,0.0,0.0,0.0,0.0,0.0,0.0,0.0,0.0,,Cgl3036,0,0.0,0.0,pep_c + sbt__D_e --> pyr_c + sbt6p_c
1088,SERabcpp,0.0,0.0,0.0,0.0,0.0,0.0,0.0,0.0,0.0,0.0,,,0,0.0,0.0,atp_c + h2o_c + ser__L_e --> adp_c + h_c + pi_c + ser__L_c
1089,SERt3pp,0.0,0.0,0.0,0.0,0.0,0.0,0.0,0.0,0.0,0.0,,,0,0.0,0.0,h_e + ser__L_c --> h_c + ser__L_e
1090,SKMt2pp,0.0,0.0,0.0,0.0,0.0,0.0,0.0,0.0,0.0,0.0,,,0,0.0,0.0,h_e + skm_e --> h_c + skm_c
1091,SPMDabcpp,0.0,0.0,0.0,0.0,0.0,0.0,0.0,0.0,0.0,0.0,,Cgl0426 and Cgl0427 and Cgl0428,0,0.0,0.0,atp_c + h2o_c + spmd_e --> adp_c + h_c + pi_c + spmd_c
1092,SPMDt3pp,0.0,0.0,0.0,0.0,0.0,0.0,0.0,0.0,0.0,0.0,,,0,0.0,0.0,h_e + spmd_c --> h_c + spmd_e
1093,SUCCt2_2pp,0.0,0.0,0.0,0.0,0.0,0.0,0.0,0.0,0.0,0.0,,,0,0.0,0.0,2.0 h_e + succ_e --> 2.0 h_c + succ_c
1094,SUCCt2_3pp,0.0,0.0,0.0,0.0,0.0,0.0,0.0,0.0,0.0,0.0,,,0,0.0,0.0,3.0 h_e + succ_e --> 3.0 h_c + succ_c
1095,SUCCt3pp,0.0,0.0,0.0,0.0,0.0,0.0,0.0,0.0,0.0,0.0,,,0,0.0,0.0,h_e + succ_c --> h_c + succ_e
1096,SUCptspp,0.0,0.0,0.0,0.0,0.0,0.0,0.0,0.0,0.0,0.0,,Cgl3036,0,0.0,0.0,pep_c + sucr_e --> pyr_c + suc6p_c
1097,THMabcpp,0.0,0.0,0.0,0.0,0.0,0.0,0.0,0.0,0.0,0.0,,Cgl1078 and Cgl1079 and Cgl1080,0,0.0,0.0,atp_c + h2o_c + thm_e --> adp_c + h_c + pi_c + thm_c
1098,THMDt2pp,0.0,0.0,0.0,0.0,0.0,0.0,0.0,0.0,0.0,0.0,,,0,0.0,0.0,h_e + thymd_e --> h_c + thymd_c
1099,THMDt2rpp,0.0,0.0,0.0,0.0,0.0,0.0,0.0,0.0,0.0,0.0,,,0,0.0,0.0,h_e + thymd_e --> h_c + thymd_c
1100,THRabcpp,0.0,0.0,0.0,0.0,0.0,0.0,0.0,0.0,0.0,0.0,,,0,0.0,0.0,atp_c + h2o_c + thr__L_e --> adp_c + h_c + pi_c + thr__L_c
1101,THRt2pp,0.0,0.0,0.0,0.0,0.0,0.0,0.0,0.0,0.0,0.0,,,0,0.0,0.0,h_e + thr__L_c --> h_c + thr__L_e
1102,TREabcpp,0.0,0.0,0.0,0.0,0.0,0.0,0.0,0.0,0.0,0.0,,,0,0.0,0.0,atp_c + h2o_c + tre_e --> adp_c + h_c + pi_c + tre_c
1103,TREptsp_num1,0.0,0.0,0.0,0.0,0.0,0.0,0.0,0.0,0.0,0.0,,Cgl1933,0,0.0,0.0,pep_c + tre_c --> pyr_c + tre6p_c
1104,TREptspp_num1,0.0,0.0,0.0,0.0,0.0,0.0,0.0,0.0,0.0,0.0,,Cgl1933,0,0.0,0.0,pep_c + tre_e --> pyr_c + tre6p_c
1105,TRPabcpp,0.0,0.0,0.0,0.0,0.0,0.0,0.0,0.0,0.0,0.0,,,0,0.0,0.0,atp_c + h2o_c + trp__L_e --> adp_c + h_c + pi_c + trp__L_c
1106,TRPt2rpp,0.0,0.0,0.0,0.0,0.0,0.0,0.0,0.0,0.0,0.0,,Cgl1107,0,0.0,0.0,h_e + trp__L_e --> h_c + trp__L_c
1107,TYRt2rpp,0.0,0.0,0.0,0.0,0.0,0.0,0.0,0.0,0.0,0.0,,,0,0.0,0.0,h_e + tyr__L_e --> h_c + tyr__L_c
1108,URAt2pp_num1,0.0,0.0,0.0,0.0,0.0,0.0,0.0,0.0,0.0,0.0,,Cgl0824,0,0.0,0.0,h_e + ura_e --> h_c + ura_c
1109,URAt2rpp_num1,0.0,0.0,0.0,0.0,0.0,0.0,0.0,0.0,0.0,0.0,,Cgl0824,0,0.0,0.0,h_e + ura_e --> h_c + ura_c
1110,UREAtpp,0.0,0.0,0.0,0.0,0.0,0.0,0.0,0.0,0.0,0.0,,Cgl0090 and Cgl0087 and Cgl0088 and Cgl0089,0,0.0,0.0,urea_e --> urea_c
1111,URIt2pp,0.0,0.0,0.0,0.0,0.0,0.0,0.0,0.0,0.0,0.0,,,0,0.0,0.0,h_e + uri_e --> h_c + uri_c
1112,URIt2rpp,0.0,0.0,0.0,0.0,0.0,0.0,0.0,0.0,0.0,0.0,,,0,0.0,0.0,h_e + uri_e --> h_c + uri_c
1113,VALt2rpp,0.0,0.0,0.0,0.0,0.0,0.0,0.0,0.0,0.0,0.0,,Cgl2310,0,0.0,0.0,h_e + val__L_e --> h_c + val__L_c
1114,XANt2pp_num1,0.0,0.0,0.0,0.0,0.0,0.0,0.0,0.0,0.0,0.0,,Cgl0824,0,0.0,0.0,h_e + xan_e --> h_c + xan_c
1115,XANtpp,0.0,0.0,0.0,0.0,0.0,0.0,0.0,0.0,0.0,0.0,,,0,0.0,0.0,xan_e --> xan_c
1116,XTSNt2rpp,0.0,0.0,0.0,0.0,0.0,0.0,0.0,0.0,0.0,0.0,,,0,0.0,0.0,h_e + xtsn_e --> h_c + xtsn_c
1117,XYLUt2pp,0.0,0.0,0.0,0.0,0.0,0.0,0.0,0.0,0.0,0.0,,Cgl0112,0,0.0,0.0,h_e + xylu__L_e --> h_c + xylu__L_c
1118,CO2tpp,10.034947677050951,8.495047726544769,6.955147776038567,5.415247825532374,3.8950901820839405,2.355190231577744,0.8152902810715577,0.0,0.0,0.0,,,0,8.495047726544769,0.0,co2_c --> co2_e
1119,FORt2pp,0.0,0.0,0.0,0.0,0.0,0.0,0.0,0.0,0.0,0.0,,,0,0.0,0.0,for_e + h_e --> for_c + h_c
1120,Biotinabcpp,0.0,0.0,0.0,0.0,0.0,0.0,0.0,0.0,0.0,0.0,,,0,0.0,0.0,atp_c + btn_c + h2o_c --> adp_c + btn_e + h_c + pi_c
1121,Biotint3pp,0.0,0.0,0.0,0.0,0.0,0.0,0.0,0.0,0.0,-1.4938427408901464e-08,,,0,0.0,0.0,btn_c + h_e --> btn_e + h_c
1122,Biotintpp,1.0317526826868962e-06,9.428965730363344e-07,8.540404633857707e-07,7.651843537352057e-07,6.774674249775953e-07,5.886113153270294e-07,4.997552056764674e-07,3.6933024446431495e-07,1.9213433593660723e-07,0.0,,,0,9.428965730363344e-07,-2.333,btn_e --> btn_c
1123,ALATRS_num1,0.0,0.0,0.0,0.0,0.0,0.0,0.0,0.0,0.0,0.0,,Cgl1632 and cgtRNA_3529,0,0.0,0.0,ala__L_c + atp_c + trnaala_c --> alatrna_c + amp_c + ppi_c
1124,ARGTRS_num1,0.0,0.0,0.0,0.0,0.0,0.0,0.0,0.0,0.0,0.0,,Cgl1179 and cgtRNA_3536,0,0.0,0.0,arg__L_c + atp_c + trnaarg_c --> amp_c + argtrna_c + ppi_c
1125,ASNTRS_num1,0.0,0.0,0.0,0.0,0.0,0.0,0.0,0.0,0.0,0.0,,cgtRNA_3571,0,0.0,0.0,asn__L_c + atp_c + trnaasn_c --> amp_c + asntrna_c + ppi_c
1126,ASPTRS,0.0,0.0,0.0,0.0,0.0,0.0,0.0,0.0,0.0,0.0,,Cgl1635,0,0.0,0.0,asp__L_c + atp_c + trnaasp_c --> amp_c + asptrna_c + ppi_c
1127,CYSTRS_num1,0.0,0.0,0.0,0.0,0.0,0.0,0.0,0.0,0.0,0.0,,Cgl2641,0,0.0,0.0,atp_c + cys__L_c + trnacys_c --> amp_c + cystrna_c + ppi_c
1128,FMETTRS_num1,0.0,0.0,0.0,0.0,0.0,0.0,0.0,0.0,0.0,0.0,,Cgl1600,0,0.0,0.0,10fthf_c + mettrna_c --> fmettrna_c + h_c + thf_c
1129,GLNTRS,0.0,0.0,0.0,0.0,0.0,0.0,0.0,0.0,0.0,0.0,,Cgl1259 and Cgl1246 and Cgl1247,0,0.0,0.0,atp_c + gln__L_c + trnagln_c --> amp_c + glntrna_c + ppi_c
1130,GLUTRS_num1,0.0,0.0,0.0,0.0,0.0,0.0,0.0,0.0,0.0,0.0,,Cgl0236 and Cgl1293,0,0.0,0.0,atp_c + glu__L_c + trnaglu_c --> amp_c + glutrna_c + ppi_c
1131,GLYTRS_num1,0.0,0.0,0.0,0.0,0.0,0.0,0.0,0.0,0.0,0.0,,Cgl2278 and cgtRNA_3562,0,0.0,0.0,atp_c + gly_c + trnagly_c --> amp_c + glytrna_c + ppi_c
1132,HISTRS,0.0,0.0,0.0,0.0,0.0,0.0,0.0,0.0,0.0,0.0,,cg1885 and cgtRNA_3576,0,0.0,0.0,atp_c + his__L_c + trnahis_c --> amp_c + histrna_c + ppi_c
1133,ILETRS_num1,0.0,0.0,0.0,0.0,0.0,0.0,0.0,0.0,0.0,0.0,,Cgl2148 and cgtRNA_3528,0,0.0,0.0,atp_c + ile__L_c + trnaile_c --> amp_c + iletrna_c + ppi_c
1134,LEUTRS_num1,0.0,0.0,0.0,0.0,0.0,0.0,0.0,0.0,0.0,0.0,,Cgl3018 and cgtRNA_3533,0,0.0,0.0,atp_c + leu__L_c + trnaleu_c --> amp_c + leutrna_c + ppi_c
1135,LYSTRS_num1,0.0,0.0,0.0,0.0,0.0,0.0,0.0,0.0,0.0,0.0,,Cgl2687 and cgtRNA_3577,0,0.0,0.0,atp_c + lys__L_c + trnalys_c --> amp_c + lystrna_c + ppi_c
1136,METTRS_num1,0.0,0.0,0.0,0.0,0.0,0.0,0.0,0.0,0.0,0.0,,Cgl0893 and cgtRNA_3545,0,0.0,0.0,atp_c + met__L_c + trnamet_c --> amp_c + mettrna_c + ppi_c
1137,PHETRS,0.0,0.0,0.0,0.0,0.0,0.0,0.0,0.0,0.0,0.0,,Cgl1389 and Cgl1390,0,0.0,0.0,atp_c + phe__L_c + trnaphe_c --> amp_c + phetrna_c + ppi_c
1138,PROTRS_num1,0.0,0.0,0.0,0.0,0.0,0.0,0.0,0.0,0.0,0.0,,Cgl1994 and cgtRNA_3540,0,0.0,0.0,atp_c + pro__L_c + trnapro_c --> amp_c + ppi_c + protrna_c
1139,SERTRS_num1,0.0,0.0,0.0,0.0,0.0,0.0,0.0,0.0,0.0,0.0,,Cgl2893 and cgtRNA_3534,0,0.0,0.0,atp_c + ser__L_c + trnaser_c --> amp_c + ppi_c + sertrna_c
1140,SERTRS2,0.0,0.0,0.0,0.0,0.0,0.0,0.0,0.0,0.0,0.0,,Cgl2893,0,0.0,0.0,atp_c + ser__L_c + trnasecys_c --> amp_c + ppi_c + sertrna_c
1141,THRTRS_num1,0.0,0.0,0.0,0.0,0.0,0.0,0.0,0.0,0.0,0.0,,Cgl1671 and cgtRNA_3541,0,0.0,0.0,atp_c + thr__L_c + trnathr_c --> amp_c + ppi_c + thrtrna_c
1142,TRPTRS,0.0,0.0,0.0,0.0,0.0,0.0,0.0,0.0,0.0,0.0,,Cgl0677 and cgtRNA_3546,0,0.0,0.0,atp_c + trnatrp_c + trp__L_c --> amp_c + ppi_c + trptrna_c
1143,TYRTRS,0.0,0.0,0.0,0.0,0.0,0.0,0.0,0.0,0.0,0.0,,Cgl1406 and cgtRNA_3542,0,0.0,0.0,atp_c + trnatyr_c + tyr__L_c --> amp_c + ppi_c + tyrtrna_c
1144,VALTRS_num1,0.0,0.0,0.0,0.0,0.0,0.0,0.0,0.0,0.0,0.0,,Cgl2376 and cgtRNA_3563,0,0.0,0.0,atp_c + trnaval_c + val__L_c --> amp_c + ppi_c + valtrna_c
1145,ANPRT,0.013113004287485765,0.01198369242198833,0.01085438055649087,0.009725068690993394,0.008610235182745868,0.0074809233172483825,0.006351611451750943,0.004693982540996631,0.002441920833536166,0.00018985912607572585,,Cgl3032,0,0.01198369242198833,-2.295,anth_c + prpp_c --> ppi_c + pran_c
1146,ANS,0.013113004287485765,0.01198369242198833,0.01085438055649087,0.009725068690993394,0.008610235182745868,0.0074809233172483825,0.006351611451750943,0.004693982540996631,0.002441920833536166,0.00018985912607572585,,Cgl3029 and Cgl3031,0,0.01198369242198833,-2.295,chor_c + gln__L_c --> anth_c + glu__L_c + h_c + pyr_c
1147,CHORM,0.09798803236060895,0.08954915403833245,0.08111027571605577,0.07267139739377898,0.06434070981922355,0.05590183149694668,0.047462953174670156,0.03507618109804653,0.018247459728732034,0.0014187383594177257,,Cgl0853,0,0.08954915403833245,-2.295,chor_c --> pphn_c
1148,CHORS,0.11121629284461866,0.1016381766179712,0.09206006039132349,0.08248194416467566,0.07302662429990778,0.06344850807325988,0.05387039184661237,0.03981142120003865,0.020710843722144878,0.0016102662442513305,down,Cgl1623,0,0.1016381766179712,-2.295,3psme_c --> chor_c + pi_c
1149,DDPA,0.11121629284461866,0.1016381766179712,0.09206006039132349,0.08248194416467566,0.07302662429990778,0.06344850807325988,0.05387039184661237,0.03981142120003865,0.020710843722144878,0.0016102662442513305,down,Cgl0990 and Cgl2178,0,0.1016381766179712,-2.295,e4p_c + h2o_c + pep_c --> 2dda7p_c + pi_c
1150,DHQS,0.11121629284461866,0.1016381766179712,0.09206006039132349,0.08248194416467566,0.07302662429990778,0.06344850807325988,0.05387039184661237,0.03981142120003865,0.020710843722144878,0.0016102662442513305,down,Cgl1621,0,0.1016381766179712,-2.295,2dda7p_c --> 3dhq_c + pi_c
1151,DHQTi,0.11121629284461866,0.1016381766179712,0.09206006039132349,0.08248194416467566,0.07302662429990778,0.06344850807325988,0.05387039184661237,0.03981142120003865,0.020710843722144878,0.0016102662442513305,down,Cgl0423,0,0.1016381766179712,-2.295,3dhq_c --> 3dhsk_c + h2o_c
1152,IGPS,0.013113004287485765,0.01198369242198833,0.01085438055649087,0.009725068690993394,0.008610235182745868,0.0074809233172483825,0.006351611451750943,0.004693982540996631,0.002441920833536166,0.00018985912607572585,,Cgl3033,0,0.01198369242198833,-2.295,2cpr5p_c + h_c --> 3ig3p_c + co2_c + h2o_c
1153,PHETA1_num1,0.06103403380235866,0.055777690018657296,0.050521346234955807,0.045265002451254255,0.040076047690420585,0.034819703906718985,0.0,0.0,0.0,0.0,,Cgl0218,0,0.055777690018657296,0.0,glu__L_c + phpyr_c --> akg_c + phe__L_c
1154,PPND,0.03695399855825029,0.03377146401967516,0.030588929481099963,0.027406394942524722,0.024264662128802957,0.021082127590227692,0.017899593051652556,0.013228198530979075,0.006881622013040524,0.0005350454951020429,,Cgl0226,0,0.03377146401967516,-2.295,nad_c + pphn_c --> 34hpp_c + co2_c + nadh_c
1155,PPNDH,0.06103403380235866,0.055777690018657296,0.050521346234955807,0.045265002451254255,0.040076047690420585,0.034819703906718985,0.029563360123017596,0.021847982567067454,0.01136583771569151,0.0008836928643156829,,Cgl2899,0,0.055777690018657296,-2.295,h_c + pphn_c --> co2_c + h2o_c + phpyr_c
1156,PRAIi,0.013113004287485765,0.01198369242198833,0.01085438055649087,0.009725068690993394,0.008610235182745868,0.0074809233172483825,0.006351611451750943,0.004693982540996631,0.002441920833536166,0.00018985912607572585,,Cgl3033,0,0.01198369242198833,-2.295,pran_c --> 2cpr5p_c
1157,PSCVT,0.11121629284461866,0.1016381766179712,0.09206006039132349,0.08248194416467566,0.07302662429990778,0.06344850807325988,0.05387039184661237,0.03981142120003865,0.020710843722144878,0.0016102662442513305,down,Cgl0764,0,0.1016381766179712,-2.295,pep_c + skm5p_c --> 3psme_c + pi_c
1158,SHK3Dr_num1,0.11121629284461866,0.1016381766179712,0.09206006039132349,0.08248194416467566,0.07302662429990778,0.06344850807325988,0.05387039184661237,0.0,0.020710843722144878,0.0016102662442513305,unchanged,Cgl1132,0,0.1016381766179712,-3.772,3dhsk_c + h_c + nadph_c --> nadp_c + skm_c
1159,SHKK,0.11121629284461866,0.1016381766179712,0.09206006039132349,0.08248194416467566,0.07302662429990778,0.06344850807325988,0.05387039184661237,0.03981142120003865,0.020710843722144878,0.0016102662442513305,down,Cgl1622,0,0.1016381766179712,-2.295,atp_c + skm_c --> adp_c + h_c + skm5p_c
1160,TRPS1,0.013113004287485765,0.01198369242198833,0.01085438055649087,0.009725068690993394,0.008610235182745868,0.0074809233172483825,0.006351611451750943,0.004693982540996631,0.002441920833536166,0.00018985912607572585,,Cgl3034 and Cgl3035,0,0.01198369242198833,-2.295,3ig3p_c + ser__L_c --> g3p_c + h2o_c + trp__L_c
1161,TRPS2,0.0,0.0,0.0,0.0,0.0,0.0,0.0,0.0,0.0,0.0,,Cgl3034 and Cgl3035,0,0.0,0.0,indole_c + ser__L_c --> h2o_c + trp__L_c
1162,TRPS3,0.0,0.0,0.0,0.0,0.0,0.0,0.0,0.0,0.0,0.0,,Cgl3034 and Cgl3035,0,0.0,0.0,3ig3p_c --> g3p_c + indole_c
1163,TYRRRpp,0.0,0.0,0.0,0.0,0.0,0.0,0.0,0.0,0.0,0.0,,,0,0.0,0.0,atp_c + h2o_c + tyr__L_e --> adp_c + h_c + pi_c + tyr__L_c
1164,TYRTA_num1,0.03695399855825029,0.03377146401967516,0.030588929481099963,0.027406394942524722,0.024264662128802957,0.021082127590227692,0.017899593051652556,0.013228198530979075,0.006881622013040524,0.0005350454951020429,,Cgl0218,0,0.03377146401967516,-2.295,34hpp_c + glu__L_c --> akg_c + tyr__L_c
1165,INPSHE,0.0,0.0,0.0,0.0,0.0,0.0,0.0,0.0,0.0,0.0,,Cgl3033,0,0.0,0.0,2cpr5p_c --> 3ig3p_c + co2_c + h2o_c
1166,AGPSC,0.015105087345226588,0.013804214258147757,0.0125033411710689,0.011202468083990022,0.009918272857001881,0.008617399769922991,0.007316526682844158,0.005407076420038097,0.002812889149734623,0.00021870187943117753,,,0,0.013804214258147757,-2.295,glyc3p_c + 0.004 hdeACP_c + 0.004 myrsACP_c + 0.01 ocdcaACP_c + 0.544 octeACP_c + 0.438 palmACP_c --> 1ag3p_SC_c + ACP_c
1167,ARATH,0.0428566703171774,0.039165788712640086,0.035474907108102686,0.03178402550356523,0.028140462893957694,0.02444958128942021,0.02075869968488289,0.015341142107767167,0.007980825279175758,0.0006205084505844317,,,0,0.039165788712640086,-2.295,6.6402 udpara_c + 0.71115 udpgal_c --> arabino_c + 7.3514 udp_c
1168,ATPM,0.0,0.0,0.0,0.0,0.0,0.0,0.0,0.0,0.0,0.0,,,0,0.0,0.0,atp_c + h2o_c --> adp_c + h_c + pi_c
1169,DNA,0.004511228454439727,0.004122714601330535,0.0037342007482213356,0.0033456868951121303,0.0029621539888376523,0.0025736401357284435,0.0021851262826192513,0.0016148570639754913,0.000840086871492185,6.531667900888755e-05,,,0,0.004122714601330535,-2.295,4.4671 atp_c + 0.75257 damp_c + 0.87632 dcmp_c + 0.87632 dgmp_c + 0.75257 dtmp_c + 1.2103 h2o_c --> 4.4671 amp_c + dna_c + 4.4671 h_c + 4.4671 ppi_c
1170,FREENTCO,0.1705691893521317,0.1558795114415196,0.14118983353090722,0.1265001556202946,0.11199880691366398,0.09730912900305123,0.08261945109243912,0.0610576172551811,0.031763617848874104,0.0024696184425674374,,,0,0.1558795114415196,-2.295,0.012 hdeACP_c + 0.007 myrsACP_c + 0.009 ocdcaACP_c + 0.521 octeACP_c + 0.437 palmACP_c + 0.014 tdeACP_c --> ACP_c + freemyco_c
1171,IONS,0.02701700474966868,0.0246902592255237,0.022363513701378672,0.02003676817723361,0.017739852723910886,0.015413107199765802,0.013086361675620817,0.009671113180828774,0.005031142010753583,0.0003911708406784426,,,0,0.0246902592255237,-2.295,0.54282 ca2_c + 0.54282 cl_c + 0.002624 cobalt2_c + 0.073913 cu2_c + 0.70023 fe2_c + 0.81422 fe3_c + 20.3556 k_c + 0.90469 mg2_c + 0.072104 mn2_c + 0.033655 ni2_c + 0.45235 so4_c + 0.035554 zn2_c --> ions_c
1172,MYCOLI,0.04601539861419848,0.04205248252637249,0.038089566438546406,0.03412665035072027,0.03021454087940466,0.026251624791578488,0.02228870870375248,0.016471852900878013,0.0085690477998789,0.0006662426988798751,,,0,0.04205248252637249,-2.295,3.5911 freemyco_c + 0.044346 tdcm_c + 0.071339 tmcm_c --> mycoli_c
1173,PA,0.015105087345226588,0.013804214258147757,0.0125033411710689,0.011202468083990022,0.009918272857001881,0.008617399769922991,0.007316526682844158,0.005407076420038097,0.002812889149734623,0.00021870187943117753,,,0,0.013804214258147757,-2.295,1ag3p_SC_c + 0.004 hdeACP_c + 0.004 myrsACP_c + 0.01 ocdcaACP_c + 0.544 octeACP_c + 0.438 palmACP_c --> ACP_c + pa_c
1174,PEPTH,0.0428566703171774,0.039165788712640086,0.035474907108102686,0.03178402550356524,0.028140462893957698,0.024449581289420215,0.02075869968488289,0.015341142107767167,0.007980825279175758,0.0006205084505844317,,,0,0.039165788712640086,-2.295,0.89721 alaala_c + 2.2426 atp_c + 0.48358 glc__D_c + 0.48358 gly_c + 2.2426 h2o_c + 0.48358 uacgam_c + 0.48358 uamr_c + 0.48358 ugmd_c --> 2.2426 adp_c + 0.49233 ala__L_c + 2.2426 h_c + peptid_c + 2.2426 pi_c + 0.48358 udp_c + 0.48358 ump_c
1175,PPTHTH,0.012631439672431235,0.011543600883725498,0.010455762095019739,0.009367923306313964,0.008294031168745428,0.007206192380039642,0.006118353591333904,0.004521599779131375,0.0023522432401781182,0.00018288670122488515,,,0,0.011543600883725498,-2.295,1.0585 apg_c + 0.0065396 clpn_c + 0.03083 pa_c + 0.060725 pim_c + 0.039238 pit_c --> phosph_c
1176,RNA,0.022556142272198633,0.020613573006652678,0.018671003741106678,0.016728434475560654,0.014810769944188264,0.012868200678642219,0.010925631413096257,0.008074285319877457,0.004200434357460926,0.0003265833950444378,,,0,0.020613573006652678,-2.295,1.9309 atp_c + 0.6972 ctp_c + 1.0161 gtp_c + 0.7062 utp_c --> 1.243 adp_c + 1.8644 h2o_c + 1.243 h_c + 3.1074 ppi_c + rna_c
1177,PROTEIN,0.23458387963086577,0.21438115926918783,0.19417843890750944,0.17397571854583077,0.15403200741955791,0.13382928705787908,0.11362656669620107,0.08397256732672555,0.043684517317593624,0.0033964673084621523,,,0,0.21438115926918783,-2.295,1.3527 ala__L_c + 0.38519 arg__L_c + 0.39281 asn__L_c + 0.39281 asp__L_c + 40.0656 atp_c + 0.089437 cys__L_c + 0.69314 gln__L_c + 1.1139 glu__L_c + 0.71651 gly_c + 30.7601 h2o_c + 0.13619 his__L_c + 0.38316 ile__L_c + 0.71347 leu__L_c + 0.37909 lys__L_c + 0.15347 met__L_c + 0.26018 phe__L_c + 0.32319 pro__L_c + 0.498 ser__L_c + 0.5539 thr__L_c + 0.055899 trp__L_c + 0.15753 tyr__L_c + 0.55492 val__L_c --> 40.0656 adp_c + 40.0656 h_c + 40.0656 pi_c + protein_c
1178,SOL_POOL,0.0011631935543257004,0.001063017556974447,0.0009628415596231913,0.0008626655622719343,0.0007637738725790251,0.0006635978752277671,0.0005634218778765134,0.00041638133535999434,0.0002166114272115076,1.6841519063023073e-05,,,0,0.001063017556974447,-2.295,0.12386 accoa_c + 0.099086 amet_c + 0.000887 btn_c + 0.099086 chor_c + 0.074314 coa_c + 0.013872 malcoa_c + 0.79269 nad_c + 0.019817 nadh_c + 0.049543 nadp_c + 0.14863 nadph_c + 0.099086 pydx5p_c + 0.043598 succoa_c + 0.024558 udcpdp_c --> soluble_pool_c
1179,ACHBS,0.08988315931936253,0.082142284985582,0.07440141065180132,0.06666053631802052,0.05901890396287781,0.05127802962909695,0.043537155295316404,0.03217492889690816,0.01673815965540917,0.0013013904139103584,,Cgl1271 and Cgl1272,0,0.082142284985582,-2.295,2obut_c + h_c + pyr_c --> 2ahbut_c + co2_c
1180,ACLS,0.29784121053799567,0.2721906726657802,0.24654013479356401,0.2208895969213476,0.19556791209877467,0.16991737422655787,0.14426683635434231,0.10661641006164224,0.05546438033216064,0.0043123506026796566,,Cgl1271 and Cgl1272,0,0.2721906726657802,-2.295,h_c + 2.0 pyr_c --> alac__S_c + co2_c
1181,DHAD1,0.29784121053799567,0.2721906726657802,0.24654013479356401,0.2208895969213476,0.19556791209877467,0.16991737422655787,0.14426683635434231,0.10661641006164224,0.05546438033216064,0.0043123506026796566,,Cgl1268,0,0.2721906726657802,-2.295,23dhmb_c --> 3mob_c + h2o_c
1182,DHAD2,0.08988315931936253,0.082142284985582,0.07440141065180132,0.06666053631802052,0.05901890396287781,0.05127802962909695,0.043537155295316404,0.03217492889690816,0.01673815965540917,0.0013013904139103584,,Cgl1268,0,0.082142284985582,-2.295,23dhmp_c --> 3mop_c + h2o_c
1183,ILETA,0.08988315931936253,0.082142284985582,0.07440141065180132,0.06666053631802052,0.05901890396287781,0.05127802962909695,0.043537155295316404,0.03217492889690816,0.01673815965540917,0.0013013904139103584,,Cgl2204,0,0.082142284985582,-2.295,3mop_c + glu__L_c --> akg_c + ile__L_c
1184,IPMD,0.1673685606002338,0.15295452570378745,0.13854049080734077,0.12412645591089388,0.109897216333632,0.095483181437185,0.08106914654073859,0.05991190761059888,0.031167592570583526,0.002423277530568492,down,Cgl1286,0,0.15295452570378745,-2.295,3c2hmp_c + nad_c --> 3c4mop_c + h_c + nadh_c
1185,IPPMIa,0.0,0.0,0.0,0.0,0.0,0.0,0.0,0.0,0.0,0.0,,Cgl1315 and Cgl1316,0,0.0,0.0,3c2hmp_c --> 2ippm_c + h2o_c
1186,IPPMIb,0.0,0.0,0.0,0.0,0.0,0.0,0.0,0.0,0.0,0.0,,Cgl1315 and Cgl1316,0,0.0,0.0,2ippm_c + h2o_c --> 3c3hmp_c
1187,IPPS,0.1673685606002338,0.15295452570378745,0.13854049080734077,0.12412645591089388,0.109897216333632,0.095483181437185,0.08106914654073859,0.05991190761059888,0.031167592570583526,0.002423277530568492,down,Cgl0248,0,0.15295452570378745,-2.295,3mob_c + accoa_c + h2o_c --> 3c3hmp_c + coa_c + h_c
1188,KARA1,0.0,0.0,0.0,0.0,0.0,0.0,0.0,0.0,0.0,0.0,,Cgl1273,0,0.0,0.0,23dhmb_c + nadp_c --> alac__S_c + h_c + nadph_c
1189,KARA2,0.08988315931936253,0.082142284985582,0.07440141065180132,0.06666053631802052,0.05901890396287781,0.05127802962909695,0.043537155295316404,0.03217492889690816,0.01673815965540917,0.0013013904139103584,,Cgl1273,0,0.082142284985582,-2.295,2ahbut_c + h_c + nadph_c --> 23dhmp_c + nadp_c
1190,OMCDC,0.1673685606002338,0.15295452570378745,0.13854049080734077,0.12412645591089388,0.109897216333632,0.095483181437185,0.08106914654073859,0.05991190761059888,0.031167592570583526,0.002423277530568492,,,0,0.15295452570378745,-2.295,3c4mop_c + h_c --> 4mop_c + co2_c
1191,THRD_L_num1,0.08988315931936253,0.082142284985582,0.07440141065180132,0.06666053631802052,0.05901890396287781,0.05127802962909695,0.043537155295316404,0.03217492889690816,0.01673815965540917,0.0013013904139103584,,Cgl0978,0,0.082142284985582,-2.295,thr__L_c --> 2obut_c + nh4_c
1192,VALTA,0.13017528648476004,0.0,0.0,0.0,0.08547544155726107,0.0,0.0,0.0,0.0,0.0,,Cgl2204,0,0.0,0.0,3mob_c + glu__L_c --> akg_c + val__L_c
1193,LEUTAi,0.1673685606002338,0.15295452570378745,0.13854049080734077,0.12412645591089388,0.109897216333632,0.095483181437185,0.08106914654073859,0.05991190761059888,0.031167592570583526,0.002423277530568492,down,Cgl2204,0,0.15295452570378745,-2.295,4mop_c + glu__L_c --> akg_c + leu__L_c
1194,ALAR_reverse,0.0,0.0,0.0,0.0,0.0,0.0,0.0,0.0,0.0,0.0,,Cgl0588,0,0.0,0.0,ala__D_c --> ala__L_c
1195,ALATA_L_reverse,0.0,0.0,0.0,0.0,0.0,0.0,0.0,0.0,0.0,0.0,,Cgl2844,0,0.0,0.0,akg_c + ala__L_c --> glu__L_c + pyr_c
1196,ASPTA_reverse,0.8722006483709994,0.7970854024894682,0.7219701566079417,0.646854910726421,0.5727026808177453,0.49758743493622637,0.4224721890546962,0.33715819730175295,0.16242234712860432,0.012628322940489801,,Cgl0240,0,0.7970854024894682,-2.223,glu__L_c + oaa_c --> akg_c + asp__L_c
1197,2METS_reverse,0.0,0.0,0.0,0.0,0.0,0.0,0.0,0.0,0.0,0.0,,Cgl0659,0,0.0,0.0,coa_c + hcat_c --> h2o_c + oaa_c + ppcoa_c
1198,ACHMSC_reverse,0.0,0.0,0.0,0.0,0.0,0.0,0.0,0.0,0.0,0.0,,,0,0.0,0.0,ac_c + cyst__L_c + h_c --> achms_c + cys__L_c
1199,ALCD19_reverse_num1,0.0,0.0,0.0,0.0,0.0,0.0,0.0,0.0,0.0,0.0,,Cgl0331,0,0.0,0.0,glyc_c + nad_c --> glyald_c + h_c + nadh_c
1200,AMANAPEr_reverse,0.0,0.0,0.0,0.0,0.0,0.0,0.0,0.0,0.0,0.0,,Cgl2648,0,0.0,0.0,acgam6p_c --> acmanap_c
1201,APG_reverse,0.0,0.0,0.0,0.0,0.0,0.0,0.0,0.0,0.0,0.0,,,0,0.0,0.0,apg_c + cmp_c --> cdpdag_c + glyc3p_c
1202,ARAI_reverse_num1,0.0,0.0,0.0,0.0,0.0,0.0,0.0,0.0,0.0,0.0,,Cgl1023,0,0.0,0.0,rbl__L_c --> arab__L_c
1203,CBMKr_reverse,0.0,0.0,0.0,0.0,0.0,0.0,0.0,0.0,0.0,0.0,,,0,0.0,0.0,adp_c + cbp_c + 2.0 h_c --> atp_c + co2_c + nh4_c
1204,DHACOAH_reverse,0.0,0.0,0.0,0.0,0.0,0.0,0.0,0.0,0.0,0.0,,Cgl0919,0,0.0,0.0,3hadpcoa_c --> 23dhacoa_c + h2o_c
1205,G3PD2_reverse,0.02847546623849505,0.026023115793571198,0.023570765348647296,0.021118414903723355,0.018697504849118914,0.016245154404194953,0.013792803959271096,0.010193189786248658,0.005302738619463161,0.00041228745267771845,,Cgl1320,0,0.026023115793571198,-2.295,dhap_c + h_c + nadph_c --> glyc3p_c + nadp_c
1206,GLCATr_reverse,0.0,0.0,0.0,0.0,0.0,0.0,0.0,0.0,0.0,0.0,,Cgl0143,0,0.0,0.0,acglc__D_c + coa_c --> accoa_c + glc__D_c
1207,GUI1_reverse,0.0,0.0,0.0,0.0,0.0,0.0,0.0,0.0,0.0,0.0,,Cgl2484,0,0.0,0.0,fruur_c --> glcur_c
1208,HCO3E_reverse,0.0,0.0,0.0,0.0,0.0,0.0,0.0,0.0,0.0,0.0,,Cgl2670,0,0.0,0.0,h_c + hco3_c --> co2_c + h2o_c
1209,HPYRI_reverse_num1,0.0,0.0,0.0,0.0,0.0,0.0,0.0,0.0,0.0,0.0,,Cgl2109,0,0.0,0.0,2h3oppan_c --> hpyr_c
1210,MALGT_reverse,0.0,0.0,0.0,0.0,0.0,0.0,0.0,0.0,0.0,0.0,,Cgl2303,0,0.0,0.0,tre_c --> malt_c
1211,MALTATr_reverse,0.0,0.0,0.0,0.0,0.0,0.0,0.0,0.0,0.0,0.0,,Cgl0143,0,0.0,0.0,acmalt_c + coa_c --> accoa_c + malt_c
1212,MAN1PG_reverse,0.0,0.0,0.0,0.0,0.0,0.0,0.0,0.0,0.0,0.0,,Cgl0742,0,0.0,0.0,gdpmann_c + ppi_c --> gtp_c + man1p_c
1213,MAN6PI_reverse,0.0,0.0,0.0,0.0,0.0,0.0,0.0,0.0,0.0,0.0,,Cgl0748,0,0.0,0.0,f6p_c --> man6p_c
1214,MCITL2_reverse_num1,0.0,0.0,0.0,0.0,0.0,0.0,0.0,0.0,0.0,0.0,,Cgl0695,0,0.0,0.0,pyr_c + succ_c --> micit_c
1215,MM_COA_ADD5_reverse,0.0,0.0,0.0,0.0,0.0,0.0,0.0,0.0,0.0,0.0,,Cgl0707,0,0.0,0.0,adp_c + h_c + mmcoa__S_c + pi_c --> atp_c + hco3_c + ppcoa_c
1216,PGMT_reverse,0.05856603998367015,0.0345824514741719,0.04847844717599054,0.04343465077215061,0.02484735337851002,0.03341172202093011,0.018329433623474677,0.013545860301519028,0.010906244674252073,0.0008479595465111834,,Cgl2541,0,0.0345824514741719,-2.485,g6p_c --> g1p_c
1217,PMANM_reverse_num1,0.0,0.0,0.0,0.0,0.0,0.0,0.0,0.0,0.0,0.0,,Cgl0687,0,0.0,0.0,man6p_c --> man1p_c
1218,UDPG4E_reverse,0.0,0.0,0.0,0.0,0.0,0.0,0.0,0.0,0.0,0.0,,Cgl1921,0,0.0,0.0,udpgal_c --> udpg_c
1219,XYLI1_reverse,0.0,0.0,0.0,0.0,0.0,0.0,0.0,0.0,0.0,0.0,,Cgl0172,0,0.0,0.0,xylu__D_c --> xyl__D_c
1220,MCITD_reverse_num1,0.0,0.0,0.0,0.0,0.0,0.0,0.0,0.0,0.0,0.0,,Cgl0657,0,0.0,0.0,2mcacn_c + h2o_c --> 2mcit_c
1221,ACOTA_reverse,0.09035936459501318,0.08257747873889845,0.07479559288278356,0.06701370702666855,0.059331588937939515,0.05154970308182444,0.04376781722570969,0.03234539320858141,0.016826839225563887,0.0013082852425465364,,Cgl1397,0,0.08257747873889845,-2.295,acg5sa_c + glu__L_c --> acorn_c + akg_c
1222,AGPR_reverse,0.09035936459501318,0.08257747873889845,0.07479559288278356,0.06701370702666855,0.059331588937939515,0.05154970308182444,0.04376781722570969,0.03234539320858141,0.016826839225563887,0.0013082852425465364,,Cgl1394,0,0.08257747873889845,-2.295,acg5p_c + h_c + nadph_c --> acg5sa_c + nadp_c + pi_c
1223,ARGSL_reverse,0.0,0.0,0.0,0.0,0.0,0.0,0.0,0.0,0.0,0.0,,Cgl1401,0,0.0,0.0,arg__L_c + fum_c --> argsuc_c
1224,GLUNATF_reverse,0.0,0.0,0.0,0.0,0.0,0.0,0.0,0.0,0.0,0.0,,Cgl1395,0,0.0,0.0,acglu_c + orn_c --> acorn_c + glu__L_c
1225,OCBT_reverse,0.0,0.0,0.0,0.0,0.0,0.0,0.0,0.0,0.0,0.0,,Cgl1398,0,0.0,0.0,citr__L_c + h_c + pi_c --> cbp_c + orn_c
1226,BAMPN_reverse,0.0,0.0,0.0,0.0,0.0,0.0,0.0,0.0,0.0,0.0,,,0,0.0,0.0,amp_c + bccp_c + h_c --> apo_c + btamp_c
1227,3OAR100_reverse,0.0,0.0,0.0,0.0,0.0,0.0,0.0,0.0,0.0,0.0,,Cgl0286 and Cgl0744,0,0.0,0.0,3hdecACP_c + nadp_c --> 3odecACP_c + h_c + nadph_c
1228,3OAR120_reverse,0.0,0.0,0.0,0.0,0.0,0.0,0.0,0.0,0.0,0.0,,Cgl0286 and Cgl0744,0,0.0,0.0,3hddecACP_c + nadp_c --> 3oddecACP_c + h_c + nadph_c
1229,3OAR140_reverse,0.0,0.0,0.0,0.0,0.0,0.0,0.0,0.0,0.0,0.0,,Cgl0286 and Cgl0744,0,0.0,0.0,3hmrsACP_c + nadp_c --> 3omrsACP_c + h_c + nadph_c
1230,3OAR160_reverse,0.0,0.0,0.0,0.0,0.0,0.0,0.0,0.0,0.0,0.0,,Cgl0286 and Cgl0744,0,0.0,0.0,3hpalmACP_c + nadp_c --> 3opalmACP_c + h_c + nadph_c
1231,3OAR180_reverse,0.0,0.0,0.0,0.0,0.0,0.0,0.0,0.0,0.0,0.0,,Cgl0286 and Cgl0744,0,0.0,0.0,3hoctaACP_c + nadp_c --> 3ooctdACP_c + h_c + nadph_c
1232,3OAR40_reverse,0.0,0.0,0.0,0.0,0.0,0.0,0.0,0.0,0.0,0.0,,Cgl0286 and Cgl0744,0,0.0,0.0,3haACP_c + nadp_c --> actACP_c + h_c + nadph_c
1233,3OAR60_reverse,0.0,0.0,0.0,0.0,0.0,0.0,0.0,0.0,0.0,0.0,,Cgl0286 and Cgl0744,0,0.0,0.0,3hhexACP_c + nadp_c --> 3ohexACP_c + h_c + nadph_c
1234,3OAR80_reverse,0.0,0.0,0.0,0.0,0.0,0.0,0.0,0.0,0.0,0.0,,Cgl0286 and Cgl0744,0,0.0,0.0,3hoctACP_c + nadp_c --> 3ooctACP_c + h_c + nadph_c
1235,ALAALAr_reverse,0.0,0.0,0.0,0.0,0.0,0.0,0.0,0.0,0.0,0.0,,Cgl1321,0,0.0,0.0,adp_c + alaala_c + h_c + pi_c --> 2.0 ala__D_c + atp_c
1236,CDPDAG_reverse,0.0,0.0,0.0,0.0,0.0,0.0,0.0,0.0,0.0,0.0,,,0,0.0,0.0,cdpdag_c + ppi_c --> ctp_c + pa_c
1237,GLUR_reverse,0.020724628631980647,0.018939792105658493,0.017154955579336297,0.015370119053014079,0.013608165046260064,0.011823328519937828,0.010038491993615667,0.007418669500474047,0.0038593674885038128,0.0003000654765336195,,Cgl2509,0,0.018939792105658493,-2.295,glu__L_c --> glu__D_c
1238,PGAMT_reverse,0.06217388589594195,0.056819376316975485,0.051464866738008895,0.046110357159042235,0.04082449513878019,0.03546998555981348,0.030115475980847004,0.02225600850142214,0.01157810246551144,0.0009001964296008586,,Cgl0583,0,0.056819376316975485,-2.295,gam6p_c --> gam1p_c
1239,T2DECAI_reverse,0.0,0.0,0.0,0.0,0.0,0.0,0.0,0.0,0.0,0.0,,,0,0.0,0.0,cdec3eACP_c --> tdec2eACP_c
1240,G1PTT_reverse,0.0,0.0,0.0,0.0,0.0,0.0,0.0,0.0,0.0,0.0,,Cgl0332,0,0.0,0.0,dtdpglu_c + ppi_c --> dttp_c + g1p_c + h_c
1241,GALUi_reverse_num1,0.0,0.0,0.0,0.0,0.0,0.0,0.0,0.0,0.0,0.0,,Cgl0367,0,0.0,0.0,ppi_c + udpg_c --> g1p_c + h_c + utp_c
1242,PAPPT3_reverse,0.0,0.0,0.0,0.0,0.0,0.0,0.0,0.0,0.0,0.0,,Cgl2161,0,0.0,0.0,uagmda_c + ump_c --> udcpp_c + ugmda_c
1243,ACONTa_reverse,0.0,0.0,0.0,0.0,0.0,0.0,0.0,0.0,0.0,0.0,,Cgl1540,0,0.0,0.0,acon_C_c + h2o_c --> cit_c
1244,ACONTb_reverse,0.0,0.0,0.0,0.0,0.0,0.0,0.0,0.0,0.0,0.0,,Cgl1540,0,0.0,0.0,icit_c --> acon_C_c + h2o_c
1245,FUM_reverse,0.0,0.0,0.0,0.5863994722185509,1.4956478806410272,2.4167047099521035,3.3377615392631954,3.8548338867841183,4.391622105507002,4.650910077353293,,Cgl1010,0,0.0,0.0,mal__L_c --> fum_c + h2o_c
1246,MDH_reverse,0.0,0.0,0.0,0.5863994722185509,1.4956478806410272,2.4167047099521035,3.3377615392631954,3.213524378681255,2.663934951990323,2.367793087348051,,Cgl2380,0,0.0,0.0,h_c + nadh_c + oaa_c --> mal__L_c + nad_c
1247,PYRC_reverse,0.0,0.0,0.0,0.0,0.0,0.0,0.0,0.0,0.0,0.0,,Cgl0689,0,0.0,0.0,adp_c + h_c + oaa_c + pi_c --> atp_c + hco3_c + pyr_c
1248,AMAOTr_reverse,0.0,0.0,0.0,0.0,0.0,0.0,0.0,0.0,0.0,0.0,,Cgl2604,0,0.0,0.0,amob_c + dann_c --> 8aonn_c + amet_c
1249,DHFR_reverse,0.0,0.0,0.0,0.0,0.0,0.0,0.0,0.0,0.0,0.0,,Cgl0843,0,0.0,0.0,nadp_c + thf_c --> dhf_c + h_c + nadph_c
1250,DHPTPE_reverse,0.0,0.0,0.0,0.0,0.0,0.0,0.0,0.0,0.0,0.0,,Cgl2693,0,0.0,0.0,dhmptp_c --> ahdt_c
1251,G1SAT_reverse,0.0,0.0,0.0,0.0,0.0,0.0,0.0,0.0,0.0,0.0,,Cgl0437,0,0.0,0.0,5aop_c --> glu1sa_c
1252,GTHOr_reverse,0.0,0.0,0.0,0.0,0.0,0.0,0.0,0.0,0.0,0.0,,Cgl2003,0,0.0,0.0,2.0 gthrd_c + nadp_c --> gthox_c + h_c + nadph_c
1253,ICHORS_reverse,0.0,0.0,0.0,0.0,0.0,0.0,0.0,0.0,0.0,0.0,,Cgl1292,0,0.0,0.0,ichor_c --> chor_c
1254,IPDDI_reverse,0.0,0.0,0.0,0.0,0.0,0.0,0.0,0.0,0.0,0.0,,Cgl2305,0,0.0,0.0,dmpp_c --> ipdp_c
1255,OHPBAT_reverse,0.0,0.0,0.0,0.0,0.0,0.0,0.0,0.0,0.0,0.0,,Cgl0828,0,0.0,0.0,akg_c + phthr_c --> glu__L_c + ohpb_c
1256,PY5PSH_reverse,0.0,0.0,0.0,0.0,0.0,0.0,0.0,0.0,0.0,0.0,,Cgl0788 and Cgl0789,0,0.0,0.0,glu__L_c + 3.0 h2o_c + h_c + pi_c + pydx5p_c --> g3p_c + gln__L_c + r5p_c
1257,TRATF_reverse_num1,0.0,0.0,0.0,0.0,0.0,0.0,0.0,0.0,0.0,0.0,,Cgl2441,0,0.0,0.0,2saa_c + glu__L_c --> akg_c + tau_c
1258,NAMNPP_reverse,0.0,0.0,0.0,0.0,0.0,0.0,0.0,0.0,0.0,0.0,,Cgl2517,0,0.0,0.0,adp_c + nicrnt_c + pi_c + ppi_c --> atp_c + h2o_c + nac_c + prpp_c
1259,RBFK_reverse,0.0,0.0,0.0,0.0,0.0,0.0,0.0,0.0,0.0,0.0,,Cgl1978,0,0.0,0.0,adp_c + fmn_c + h_c --> atp_c + ribflv_c
1260,SERAT_reverse,0.0,0.0,0.0,0.0,0.0,0.0,0.0,0.0,0.0,0.0,,Cgl2563,0,0.0,0.0,acser_c + coa_c --> accoa_c + ser__L_c
1261,EX_ca2_e_reverse,0.014665370518215152,0.013402366512798775,0.01213936250738237,0.010876358501965947,0.009629546855593307,0.008366542850176873,0.007103538844760492,0.005249673656816611,0.0027310045062772597,0.00021233535574083362,,,0,0.013402366512798775,-2.295, --> ca2_e
1262,EX_co2_e_reverse,0.0,0.0,0.0,0.0,0.0,0.0,0.0,0.0,0.0,0.0,,,0,0.0,0.0, --> co2_e
1263,EX_cobalt2_e_reverse,7.089262046313062e-05,6.478724020777419e-05,5.8681859952417635e-05,5.257647969706099e-05,4.6549373547542166e-05,4.044399329218547e-05,3.4338613036829025e-05,2.5377000986494704e-05,1.32017166362174e-05,1.0264322859402334e-06,,,0,6.478724020777419e-05,-2.295, --> cobalt2_e
1264,EX_cu2_e_reverse,0.0019969078720622614,0.0018249311301361333,0.001652954388210002,0.0014809776462838679,0.0013112057343824255,0.0011392289924562898,0.0009672522505301615,0.0007148209885345973,0.0003718667994408296,2.891261034706573e-05,,,0,0.0018249311301361333,-2.295, --> cu2_e
1265,EX_glc_e_reverse,4.67,4.67,4.67,4.67,4.67,4.67,4.67,4.67,4.67,4.67,,,0,4.67,0.0, --> glc__D_e
1266,EX_h2o_e_reverse,0.0,0.0,982.0876642003498,982.9018072702083,0.0,0.0,0.0,985.7813696634731,985.8944408885513,985.9825702876444,,,0,0.0,1.591, --> h2o_e
1267,EX_k_e_reverse,0.5499473418823557,0.5025850406910702,0.45522273949978365,0.40786043830849644,0.3611053461068404,0.3137430449155527,0.2663807437242671,0.1968613114636782,0.10241191431409562,0.007962517164514106,,,0,0.5025850406910702,-2.295, --> k_e
1268,EX_mg2_e_reverse,0.02444201402697776,0.022337030618739036,0.02023204721050027,0.018127063802261475,0.01604906736079494,0.013944083952556124,0.011839100544317397,0.008749359383563984,0.004551623865708659,0.0003538883478533802,,,0,0.022337030618739036,-2.295, --> mg2_e
1269,EX_mn2_e_reverse,0.0019480341104701105,0.0017802664511971608,0.0016124987919242078,0.0014447311326512523,0.0012791143408048707,0.0011113466815319134,0.0009435790222589634,0.0006973259447904779,0.00036276546354337635,2.8204982296278426e-05,,,0,0.0017802664511971608,-2.295, --> mn2_e
1270,EX_na1_e_reverse,0.0,0.0,0.0,0.0,0.0,0.0,0.0,0.0,0.0,0.0,,,0,0.0,0.0, --> na1_e
1271,EX_nh4_e_reverse,3.757946201085317,1000.0,1000.0,1000.0,1000.0,1000.0,1000.0,1000.0,1000.0,0.05441013866353659,,,0,1000.0,-0.003, --> nh4_e
1272,EX_ni2_e_reverse,0.0009092572948500993,0.0008309506742350001,0.0007526440536198991,0.0006743374330047971,0.0005970347434232209,0.000518728122808118,0.0004404215021930186,0.0003254813141007924,0.0001693230843719118,1.3164854643032984e-05,,,0,0.0008309506742350001,-2.295, --> ni2_e
1273,EX_o2_e_reverse,0.0,0.0,0.0,0.0,0.0,0.0,0.0,0.0,0.0,0.0,,,0,0.0,0.0, --> o2_e
1274,EX_pi_e_reverse,0.21574268895168314,0.1971626005763114,0.17858251220098342,0.16000242382567764,0.14166054171158482,0.12308045333629325,0.10450036496093953,0.07722810067659172,0.04017588611154109,0.0031236715463014444,,,0,0.1971626005763114,-2.295, --> pi_e
1275,EX_so4_e_reverse,0.06961582819753304,0.06362040723325159,0.05762498626896995,0.05162956530468829,0.04571100871174362,0.03971558774746171,0.033720166783180315,0.024919955410073108,0.01296395070820383,0.0010079460063347346,,,0,0.06362040723325159,-2.295, --> so4_e
1276,EX_zn2_e_reverse,0.0009605625868697202,0.0008778374765042697,0.0007951123661388173,0.0007123872557733638,0.0006307227237459277,0.0005479976133804733,0.00046527250301502257,0.00034384675803118624,0.0001788772230503329,1.3907688069481348e-05,,,0,0.0008778374765042697,-2.295, --> zn2_e
1277,ACBCP_reverse,0.0,0.0,0.0,0.0,0.0,0.0,0.0,0.0,0.0,0.0,,,0,0.0,0.0,bccp_c + malcoa_c --> accoa_c + cbccp_c
1278,MTHFC_reverse,0.0,0.0,0.0,0.0,0.0,0.0,0.0,0.0,0.0,0.0,,Cgl0648,0,0.0,0.0,10fthf_c + h_c --> h2o_c + methf_c
1279,MTHFD_reverse,0.0,0.0,0.0,0.0,0.0,0.0,0.0,0.0,0.0,0.0,,Cgl0648,0,0.0,0.0,methf_c + nadph_c --> mlthf_c + nadp_c
1280,GHMT2r_reverse,0.0,0.0,0.0,0.0,0.0,0.0,0.0,0.0,0.0,0.0,,Cgl0996,0,0.0,0.0,gly_c + h2o_c + mlthf_c --> ser__L_c + thf_c
1281,ENO_reverse,0.0,0.0,0.0,0.0,0.0,0.0,0.0,0.0,0.0,0.0,,Cgl0974,0,0.0,0.0,h2o_c + pep_c --> 2pg_c
1282,FBA_reverse,0.0,0.0,0.0,0.0,0.0,0.0,0.0,0.0,0.0,0.0,,Cgl2770,0,0.0,0.0,dhap_c + g3p_c --> fdp_c
1283,GAPD_reverse_num1,0.0,0.0,0.0,0.0,0.0,0.0,0.0,0.0,0.0,0.0,,Cgl0937,0,0.0,0.0,13dpg_c + h_c + nadh_c --> g3p_c + nad_c + pi_c
1284,PGI_reverse,0.0,0.0,0.0,0.0,0.0,0.0,0.0,0.0,0.0,0.0,,Cgl0851,0,0.0,0.0,f6p_c --> g6p_c
1285,PGK_reverse,0.0,0.0,0.0,0.0,0.0,0.0,0.0,0.0,0.0,0.0,,Cgl1587,0,0.0,0.0,3pg_c + atp_c --> 13dpg_c + adp_c
1286,PGM_reverse_num1,0.0,0.0,0.0,0.0,0.0,0.0,0.0,0.0,0.0,0.0,,Cgl1058,0,0.0,0.0,2pg_c --> 3pg_c
1287,TPI_reverse,0.0,0.0,0.0,0.0,0.0,0.0,0.0,0.0,0.0,0.0,,Cgl1586,0,0.0,0.0,g3p_c --> dhap_c
1288,PRMICI_reverse,0.0,0.0,0.0,0.0,0.0,0.0,0.0,0.0,0.0,0.0,,Cgl2096,0,0.0,0.0,prlp_c --> prfp_c
1289,PRPPS_reverse,0.0,0.0,0.0,0.0,0.0,0.0,0.0,0.0,0.0,0.0,,Cgl0942,0,0.0,0.0,amp_c + h_c + prpp_c --> atp_c + r5p_c
1290,CAt6pp_reverse_num1,0.0,0.0,0.0,0.010876358501965947,0.009629546855593307,0.008366542850176873,0.007103538844760492,9.072564907068529,0.0027310045062772597,92.29208980574317,,Cgl0267,0,0.0,0.0,ca2_e + na1_c --> ca2_c + na1_e
1291,MG2t3_2pp_reverse_num1,0.0,0.0,0.0,0.0,0.0,0.0,0.0,0.0,0.0,0.0,,Cgl1125,0,0.0,0.0,2.0 h_e + mg2_c --> 2.0 h_c + mg2_e
1292,NH4tpp_reverse_num1,0.0,0.0,0.0,0.0,0.0,0.0,0.0,0.0,0.0,0.0,,Cgl2061,0,0.0,0.0,nh4_c --> nh4_e
1293,NO2t2rpp_reverse,0.0,0.0,0.0,0.0,0.0,0.0,0.0,0.0,0.0,0.0,,,0,0.0,0.0,h_c + no2_c --> h_e + no2_e
1294,O2tpp_reverse,0.0,0.0,0.0,0.0,0.0,0.0,0.0,0.0,0.0,0.0,,,0,0.0,0.0,o2_c --> o2_e
1295,PIt2rpp_reverse,0.0,0.0,0.0,0.0,0.0,0.0,0.0,0.0,0.0,0.0,,Cgl0460,0,0.0,0.0,h_c + pi_c --> h_e + pi_e
1296,D5GIS_reverse,0.0,0.0,0.0,0.0,0.0,0.0,0.0,0.0,0.0,0.0,,Cgl0161,0,0.0,0.0,d52dg_c --> d5dg_c
1297,MI2DH_reverse_num1,0.0,0.0,0.0,0.0,0.0,0.0,0.0,0.0,0.0,0.0,,Cgl0164,0,0.0,0.0,2ins_c + h_c + nadh_c --> inost_c + nad_c
1298,MI2DHT_reverse,0.0,0.0,0.0,0.0,0.0,0.0,0.0,0.0,0.0,0.0,,Cgl0163,0,0.0,0.0,h2o_c + thcd_c --> 2ins_c
1299,UAGAAT_reverse_num1,0.0,0.0,0.0,0.0,0.0,0.0,0.0,0.0,0.0,0.0,,Cgl1392,0,0.0,0.0,ACP_c + u3aga_c --> 3hmrsACP_c + uacgam_c
1300,ACACT1r_reverse,0.0,0.0,0.0,0.0,0.0,0.0,0.0,0.0,0.0,0.0,,Cgl2392,0,0.0,0.0,aacoa_c + coa_c --> 2.0 accoa_c
1301,ACOAD1f_reverse,0.0,0.0,0.0,0.0,0.0,0.0,0.0,0.0,0.0,0.0,,Cgl0288,0,0.0,0.0,b2coa_c + fadh2_c --> btcoa_c + fad_c
1302,ACOAD2f_reverse,0.0,0.0,0.0,0.0,0.0,0.0,0.0,0.0,0.0,0.0,,Cgl0288,0,0.0,0.0,fadh2_c + hx2coa_c --> fad_c + hxcoa_c
1303,ACOAD3f_reverse,0.0,0.0,0.0,0.0,0.0,0.0,0.0,0.0,0.0,0.0,,Cgl0288,0,0.0,0.0,fadh2_c + oc2coa_c --> fad_c + occoa_c
1304,ACOAD4f_reverse,0.0,0.0,0.0,0.0,0.0,0.0,0.0,0.0,0.0,0.0,,Cgl0288,0,0.0,0.0,dc2coa_c + fadh2_c --> dcacoa_c + fad_c
1305,ACOAD5f_reverse,0.0,0.0,0.0,0.0,0.0,0.0,0.0,0.0,0.0,0.0,,Cgl0288,0,0.0,0.0,dd2coa_c + fadh2_c --> ddcacoa_c + fad_c
1306,ACOAD6f_reverse,0.0,0.0,0.0,0.0,0.0,0.0,0.0,0.0,0.0,0.0,,Cgl0288,0,0.0,0.0,fadh2_c + td2coa_c --> fad_c + tdcoa_c
1307,ACOAD7f_reverse,0.0,0.0,0.0,0.0,0.0,0.0,0.0,0.0,0.0,0.0,,Cgl0288,0,0.0,0.0,fadh2_c + hdd2coa_c --> fad_c + pmtcoa_c
1308,ACOAD8f_reverse,0.0,0.0,0.0,0.0,0.0,0.0,0.0,0.0,0.0,0.0,,Cgl0288,0,0.0,0.0,fadh2_c + od2coa_c --> fad_c + stcoa_c
1309,ACOATA_reverse_num1,0.0,0.0,0.0,0.0,0.0,0.0,0.0,0.0,0.0,0.0,,Cgl1392,0,0.0,0.0,acACP_c + coa_c --> ACP_c + accoa_c
1310,MCOATA_reverse_num1,0.0,0.0,0.0,0.0,0.0,0.0,0.0,0.0,0.0,0.0,,Cgl1392,0,0.0,0.0,coa_c + malACP_c --> ACP_c + malcoa_c
1311,TDCM_FREE_reverse,0.0,0.0,0.0,0.0,0.0,0.0,0.0,0.0,0.0,0.0,,,0,0.0,0.0,adp_c + tdcm_c --> atp_c + tmcm_c + tre_c
1312,ADK1_reverse,0.0,0.0,0.0,0.0,0.0,0.0,0.0,0.0,0.0,0.0,,Cgl0556,0,0.0,0.0,2.0 adp_c --> amp_c + atp_c
1313,ADK2_reverse,0.003395015197957705,0.0031026313275233208,0.00281024745708893,0.0025178635866545357,0.002229228227379552,0.0019368443569451547,0.00164446048651077,0.0012152929806360355,0.0006322241768788737,4.91553731217185e-05,,Cgl0556,0,0.0031026313275233208,-2.295,adp_c + dadp_c --> atp_c + damp_c
1314,ADK3_reverse,0.0,0.0,0.0,0.09846069444685862,0.0,0.0,0.0,0.0,0.0,0.0,,Cgl0315,0,0.0,0.0,adp_c + gdp_c --> amp_c + gtp_c
1315,ADK4_reverse,0.0,0.0,0.0,0.0,0.0,0.0,0.0,0.0,0.0,0.0,,Cgl0315,0,0.0,0.0,adp_c + idp_c --> amp_c + itp_c
1316,CYTK1_reverse,0.0,0.0,0.0,0.0,0.0,0.0,0.0,0.0,0.0,0.0,,Cgl1427,0,0.0,0.0,adp_c + cdp_c --> atp_c + cmp_c
1317,CYTK2_reverse,0.003953279719194622,0.0036128172594379745,0.003272354799681321,0.002931892339924662,0.002595794783498212,0.0022553323237415497,0.0019148698639849025,0.0014151315423030027,0.0007361849272260317,0.0,,Cgl1427,0,0.0036128172594379745,-2.333,adp_c + dcdp_c --> atp_c + dcmp_c
1318,DGK1_reverse,0.003953279719194622,0.0036128172594379745,0.003272354799681321,0.002931892339924662,0.002595794783498212,0.0022553323237415497,0.0019148698639849025,0.0014151315423030027,0.0007361849272260317,5.723831214906834e-05,,Cgl1606,0,0.0036128172594379745,-2.295,adp_c + dgdp_c --> atp_c + dgmp_c
1319,DTMPK_reverse,0.0,0.0,0.0,0.0,0.0,0.0,0.0,0.0,0.0,0.0,,Cgl0753,0,0.0,0.0,adp_c + dtdp_c --> atp_c + dtmp_c
1320,GK1_reverse,0.0,0.0,0.0,0.0,0.0,0.0,0.0,0.0,0.0,0.0,,Cgl1606,0,0.0,0.0,adp_c + gdp_c --> atp_c + gmp_c
1321,NDPK1_reverse,0.0,0.0,0.0,0.0,0.0,0.0,0.0,0.0,0.0,0.0,,Cgl2370,0,0.0,0.0,adp_c + gtp_c --> atp_c + gdp_c
1322,NDPK2_reverse,0.0,0.0,0.0,0.0,0.0,0.0,0.0,0.0,0.0,0.0,,Cgl2370,0,0.0,0.0,adp_c + utp_c --> atp_c + udp_c
1323,NDPK3_reverse,0.0,0.0,0.0,0.0,0.0,0.0,0.0,0.0,0.0,0.0,,Cgl2370,0,0.0,0.0,adp_c + ctp_c --> atp_c + cdp_c
1324,NDPK4_reverse,0.0,0.0,0.0,0.0,0.0,0.0,0.0,0.0,0.0,0.0,,Cgl2370,0,0.0,0.0,adp_c + dttp_c --> atp_c + dtdp_c
1325,NDPK5_reverse,0.0,0.0,0.0,0.0,0.0,0.0,0.0,0.0,0.0,0.0,,Cgl2370,0,0.0,0.0,adp_c + dgtp_c --> atp_c + dgdp_c
1326,NDPK6_reverse,0.0,0.0,0.0,0.0,0.0,0.0,0.0,0.0012152929806360355,0.0,4.91553731217185e-05,,Cgl2370,0,0.0,0.0,adp_c + dutp_c --> atp_c + dudp_c
1327,NDPK7_reverse,0.0,0.0,0.0,0.0,0.0,0.0,0.0,0.0,0.0,0.0,,Cgl2370,0,0.0,0.0,adp_c + dctp_c --> atp_c + dcdp_c
1328,NDPK8_reverse,0.0,0.0,0.0,0.0,0.0,0.0,0.0,0.0,0.0,0.0,,Cgl2370,0,0.0,0.0,adp_c + datp_c --> atp_c + dadp_c
1329,NNATr_reverse,0.0,0.0,0.0,0.0,0.0,0.0,0.0,0.0,0.0,0.0,,Cgl2352,0,0.0,0.0,dnad_c + ppi_c --> atp_c + h_c + nicrnt_c
1330,UMPK_reverse,0.0,0.0,0.0,0.0,0.0,0.0,0.0,0.0,0.0,0.0,,Cgl2024,0,0.0,0.0,adp_c + udp_c --> atp_c + ump_c
1331,URIDK2r_reverse,0.003395015197957705,0.0031026313275233208,0.00281024745708893,0.0025178635866545357,0.002229228227379552,0.0019368443569451547,0.0016444604865107698,0.0012152929806360355,0.0006322241768788737,4.91553731217185e-05,,Cgl0753,0,0.0031026313275233208,-2.295,adp_c + dudp_c --> atp_c + dump_c
1332,ATPS4rpp_reverse,0.0,0.0,0.0,0.0,0.0,0.0,0.0,0.0,0.0,4.045437110613693,,Cgl1213 and Cgl1211 and Cgl1210 and Cgl1208 and Cgl1212 and Cgl1209 and Cgl1207 and Cgl1206,0,0.0,0.0,atp_c + h2o_c + 3.0 h_c --> adp_c + 4.0 h_e + pi_c
1333,PPKr_reverse,1.0372299410432324,0.9289623294700551,0.8585743021081944,0.7692464826406729,0.6674557265815984,0.5917360721603382,0.4923697606992012,0.3638722358874204,0.1931543181617152,0.015074969247689158,,,0,0.9289623294700551,-2.304,adp_c + ppi_c --> atp_c + pi_c
1334,G6PDH2r_reverse,0.0,0.0,0.0,0.0,0.0,0.0,0.0,0.0,0.0,0.0,,Cgl1576,0,0.0,0.0,6pgl_c + h_c + nadph_c --> g6p_c + nadp_c
1335,RPE_reverse,0.0,0.0,0.0,0.0,0.0,0.0,0.0,0.0,0.0,0.0,,Cgl1598,0,0.0,0.0,xu5p__D_c --> ru5p__D_c
1336,RPI_reverse,0.9287616134048465,0.8423402512225566,0.7559188890402719,0.6694975268579895,0.584184130857536,0.4977627686752557,0.4113414064929666,0.19706127496834058,0.2352314259353251,0.020843156010749292,unchanged,Cgl2423,0,0.8423402512225566,-2.479,ru5p__D_c --> r5p_c
1337,TALA_reverse,0.0,0.0,0.0,0.0,0.0,0.0,0.0,0.0,0.0,0.0,,Cgl1575,0,0.0,0.0,e4p_c + f6p_c --> g3p_c + s7p_c
1338,TKT1_reverse,0.0,0.0,0.0,0.0,0.0,0.0,0.0,0.0,0.0,0.0,,Cgl1574,0,0.0,0.0,g3p_c + s7p_c --> r5p_c + xu5p__D_c
1339,TKT2_reverse,0.0,0.0,0.0,0.0,0.0,0.0,0.0,0.0,0.0,0.0,,Cgl1575,0,0.0,0.0,f6p_c + g3p_c --> e4p_c + xu5p__D_c
1340,ADSL1r_reverse,0.0,0.0,0.0,0.0,0.0,0.0,0.0,0.0,0.0,0.0,,Cgl2598,0,0.0,0.0,amp_c + fum_c --> dcamp_c
1341,ADSL2r_reverse,0.0,0.0,0.0,0.0,0.0,0.0,0.0,0.0,0.0,0.0,,Cgl2598,0,0.0,0.0,aicar_c + fum_c --> 25aics_c
1342,AICART_reverse,0.0,0.0,0.0,0.0,0.0,0.0,0.0,0.0,0.0,0.0,,Cgl0861,0,0.0,0.0,fprica_c + thf_c --> 10fthf_c + aicar_c
1343,AIRC3_reverse,0.1170491228049323,0.10696867439420264,0.09688822598347285,0.08680777757274284,0.07685656568009883,0.06677611726936893,0.05669566885863919,0.04189936393215851,0.021797040957065042,0.0016947179819717456,down,Cgl0714,0,0.10696867439420264,-2.295,5caiz_c --> 5aizc_c
1344,DHORTS_reverse,0.06098874738439588,0.05573630373586032,0.050483860087324674,0.045231416438788946,0.0400463118113882,0.03479386816285243,0.029541424514316867,0.02183177166294501,0.01135740441962334,0.0008830371763017841,,Cgl1612,0,0.05573630373586032,-2.295,cbasp_c + h_c --> dhor__S_c + h2o_c
1345,GARFT_reverse,0.0,0.0,0.0,0.0,0.0,0.0,0.0,0.0,0.0,0.0,,Cgl0860 and Cgl2759,0,0.0,0.0,fgam_c + h_c + thf_c --> 10fthf_c + gar_c
1346,IMPC_reverse,0.14899710137185992,0.13616524447507333,0.12333338757828656,0.11050153068149954,0.09783418477056842,0.08500232787378148,0.07217047097699482,0.05333558787638526,0.027746435370548116,0.0021572828647112062,,,0,0.13616524447507333,-2.295,fprica_c --> h2o_c + imp_c
1347,ORPT_reverse,0.06098874738439588,0.05573630373586032,0.050483860087324674,0.045231416438788946,0.0400463118113882,0.03479386816285243,0.029541424514316867,0.02183177166294501,0.01135740441962334,0.0008830371763017841,,Cgl2773,0,0.05573630373586032,-2.295,orot_c + prpp_c --> orot5p_c + ppi_c
1348,PRAGSr_reverse,0.0,0.0,0.0,0.0,0.0,0.0,0.0,0.0,0.0,0.0,,Cgl2600,0,0.0,0.0,adp_c + gar_c + h_c + pi_c --> atp_c + gly_c + pram_c
1349,ACALD_reverse,0.0,0.0,0.0,0.0,0.0,0.0,0.0,0.0,0.0,0.0,,Cgl0319,0,0.0,0.0,accoa_c + h_c + nadh_c --> acald_c + coa_c + nad_c
1350,ACKr_reverse,0.0,0.0,0.0,0.0,0.0,0.0,0.0,0.0,0.0,0.0,,Cgl2752,0,0.0,0.0,actp_c + adp_c --> ac_c + atp_c
1351,ALCD2x_reverse_num1,0.0,0.0,0.0,0.0,0.0,0.0,0.0,0.0,0.0,0.0,,Cgl2807,0,0.0,0.0,acald_c + h_c + nadh_c --> etoh_c + nad_c
1352,LDH_D_reverse,0.0,0.0,0.0,0.0,0.0,0.0,0.0,0.0,0.0,0.0,,Cgl0901,0,0.0,0.0,h_c + nadh_c + pyr_c --> lac__D_c + nad_c
1353,PTAr_reverse,0.0573946860990204,0.08545817514327857,0.04750885084615131,0.0693514648248486,0.06140135780870045,0.053348002649485166,0.027800551079213236,0.03347375483135326,0.017413839652247222,0.0008309998765538411,,Cgl2753,0,0.08545817514327857,-1.88,actp_c + coa_c --> accoa_c + pi_c
1354,ASAD_reverse,0.3655890460116175,0.3341039615484927,0.30261887708536717,0.2711337926222412,0.24005236308812916,0.20856727862500288,0.17708219416187795,0.13086769145617191,0.06808047098866243,0.0052932505211536465,,Cgl0252,0,0.3341039615484927,-2.295,4pasp_c + h_c + nadph_c --> aspsa_c + nadp_c + pi_c
1355,ASPK_reverse,0.0,0.0,0.0,0.0,0.0,0.0,0.0,0.0,0.0,0.0,,Cgl0251,0,0.0,0.0,4pasp_c + adp_c --> asp__L_c + atp_c
1356,DAPE_reverse,0.0,0.0,0.0,0.0,0.0,0.0,0.0,0.0,0.0,0.0,,Cgl1943,0,0.0,0.0,26dap__M_c --> 26dap_LL_c
1357,HSDy_reverse,0.255936014450372,0.2338944157754778,0.2118528171005831,0.18981121842568813,0.16805220434918888,0.1460106056742937,0.12396900699939943,0.09161586140780949,0.04766073983023206,0.00370561825265511,,Cgl1183,0,0.2338944157754778,-2.295,aspsa_c + h_c + nadph_c --> hom__L_c + nadp_c
1358,SDPTA_reverse,0.0,0.0,0.0,0.0,0.0,0.0,0.0,0.039251830048362434,0.0,0.0015876322684985368,,Cgl0814,0,0.0,0.0,glu__L_c + sl2a6o_c --> akg_c + sl26da_c
1359,26DAHtex_reverse,0.0,0.0,0.0,0.0,0.0,0.0,0.0,0.0,0.0,0.0,,,0,0.0,0.0,26dap__M_c --> 26dap__M_e
1360,3AMPtex_reverse,0.0,0.0,0.0,0.0,0.0,0.0,0.0,0.0,0.0,0.0,,,0,0.0,0.0,3amp_c --> 3amp_e
1361,3CMPtex_reverse,0.0,0.0,0.0,0.0,0.0,0.0,0.0,0.0,0.0,0.0,,,0,0.0,0.0,3cmp_c --> 3cmp_e
1362,3GMPtex_reverse,0.0,0.0,0.0,0.0,0.0,0.0,0.0,0.0,0.0,0.0,,,0,0.0,0.0,3gmp_c --> 3gmp_e
1363,3UMPtex_reverse,0.0,0.0,0.0,0.0,0.0,0.0,0.0,0.0,0.0,0.0,,,0,0.0,0.0,3ump_c --> 3ump_e
1364,ABUTtex_reverse,0.0,0.0,0.0,0.0,0.0,0.0,0.0,0.0,0.0,0.0,,Cgl1027,0,0.0,0.0,4abut_c --> 4abut_e
1365,ACALDtpp_reverse,0.0,0.0,0.0,0.0,0.0,0.0,0.0,0.0,0.0,0.0,,,0,0.0,0.0,acald_c --> acald_e
1366,ACGAM1Ptex_reverse,0.0,0.0,0.0,0.0,0.0,0.0,0.0,0.0,0.0,0.0,,,0,0.0,0.0,acgam1p_c --> acgam1p_e
1367,ACGAtex_reverse,0.0,0.0,0.0,0.0,0.0,0.0,0.0,0.0,0.0,0.0,,,0,0.0,0.0,acgam_c --> acgam_e
1368,ACMANAtex_reverse,0.0,0.0,0.0,0.0,0.0,0.0,0.0,0.0,0.0,0.0,,,0,0.0,0.0,acmana_c --> acmana_e
1369,ACSERtex_reverse,0.0,0.0,0.0,0.0,0.0,0.0,0.0,0.0,0.0,0.0,,,0,0.0,0.0,acser_c --> acser_e
1370,ACt2rpp_reverse,0.0,0.0,0.0,0.0,0.0,0.0,0.0,0.0,0.0,0.0,,Cgl0833,0,0.0,0.0,ac_c + h_c --> ac_e + h_e
1371,ADEt2rpp_reverse,0.0,0.0,0.0,0.0,0.0,0.0,0.0,0.024941825985038343,0.0,0.0,,,0,0.0,0.0,ade_c + h_c --> ade_e + h_e
1372,ADNt2rpp_reverse,0.0,0.0,0.0,0.0,0.0,0.0,0.0,0.0,0.0,0.0,,,0,0.0,0.0,adn_c + h_c --> adn_e + h_e
1373,AKGt2rpp_reverse,0.0,0.0,0.0,0.0,0.0,0.0,0.0,0.0,0.0,0.0,,,0,0.0,0.0,akg_c + h_c --> akg_e + h_e
1374,ALAALAtex_reverse,0.0,0.0,0.0,0.0,0.0,0.0,0.0,0.0,0.0,0.0,,,0,0.0,0.0,alaala_c --> alaala_e
1375,ALAtex_reverse,0.0,0.0,0.0,0.0,0.0,0.0,0.0,0.0,0.0,0.0,,,0,0.0,0.0,ala__L_c --> ala__L_e
1376,AMPtex_reverse,0.0,0.0,0.0,0.0,0.0,0.0,0.0,0.0,0.0,0.0,,,0,0.0,0.0,amp_c --> amp_e
1377,ARGORNt7pp_reverse,0.0,0.0,0.0,0.0,0.0,0.0,0.0,0.0,0.0,0.0,,Cgl0968,0,0.0,0.0,arg__L_c + orn_e --> arg__L_e + orn_c
1378,ASNt2rpp_reverse,0.0,0.0,0.0,0.0,0.0,0.0,0.0,0.0,0.0,0.0,,,0,0.0,0.0,asn__L_c + h_c --> asn__L_e + h_e
1379,BALAtex_reverse,0.0,0.0,0.0,0.0,0.0,0.0,0.0,0.0,0.0,0.0,,,0,0.0,0.0,ala_B_c --> ala_B_e
1380,BCCPE_reverse,0.0,0.0,0.0,0.0,0.0,0.0,0.0,0.0,0.0,0.0,,,0,0.0,0.0,adp_c + btnco2_c + h_c + pi_c --> atp_c + bccp_e + hco3_c
1381,CGLYtex_reverse,0.0,0.0,0.0,0.0,0.0,0.0,0.0,0.0,0.0,0.0,,,0,0.0,0.0,cgly_c --> cgly_e
1382,CITtex_reverse,0.0,0.0,0.0,0.0,0.0,0.0,0.0,0.0,0.0,0.0,,,0,0.0,0.0,cit_c --> cit_e
1383,CRNDt2rpp_reverse,0.0,0.0,0.0,0.0,0.0,0.0,0.0,0.0,0.0,0.0,,,0,0.0,0.0,crn__D_c + h_c --> crn__D_e + h_e
1384,CRNt2rpp_reverse,0.0,0.0,0.0,0.0,0.0,0.0,0.0,0.0,0.0,0.0,,,0,0.0,0.0,crn_c + h_c --> crn_e + h_e
1385,CTBTt2rpp_reverse,0.0,0.0,0.0,0.0,0.0,0.0,0.0,0.0,0.0,0.0,,Cgl3066,0,0.0,0.0,ctbt_c + h_c --> ctbt_e + h_e
1386,CUtex_reverse,0.0,0.0,0.0,0.0,0.0,0.0,0.0,0.0,0.0,0.0,,,0,0.0,0.0,cu_c --> cu_e
1387,CYANtex_reverse,0.0,0.0,0.0,0.0,0.0,0.0,0.0,0.0,0.0,0.0,,,0,0.0,0.0,cyan_c --> cyan_e
1388,CYTDt2rpp_reverse,0.0,0.0,0.0,0.0,0.0,0.0,0.0,0.0,0.0,0.0,,,0,0.0,0.0,cytd_c + h_c --> cytd_e + h_e
1389,DADNtex_reverse,0.0,0.0,0.0,0.0,0.0,0.0,0.0,0.0,0.0,0.0,,,0,0.0,0.0,dad_2_c --> dad_2_e
1390,DALAtex_reverse,0.0,0.0,0.0,0.0,0.0,0.0,0.0,0.0,0.0,0.0,,,0,0.0,0.0,ala__D_c --> ala__D_e
1391,DAMPtex_reverse,0.0,0.0,0.0,0.0,0.0,0.0,0.0,0.0,0.0,0.0,,,0,0.0,0.0,damp_c --> damp_e
1392,DCMPtex_reverse,0.0,0.0,0.0,0.0,0.0,0.0,0.0,0.0,0.0,0.0,,,0,0.0,0.0,dcmp_c --> dcmp_e
1393,DCYTtex_reverse,0.0,0.0,0.0,0.0,0.0,0.0,0.0,0.0,0.0,0.0,,,0,0.0,0.0,dcyt_c --> dcyt_e
1394,DGMPtex_reverse,0.0,0.0,0.0,0.0,0.0,0.0,0.0,0.0,0.0,0.0,,,0,0.0,0.0,dgmp_c --> dgmp_e
1395,DGSNtex_reverse,0.0,0.0,0.0,0.0,0.0,0.0,0.0,0.0,0.0,0.0,,,0,0.0,0.0,dgsn_c --> dgsn_e
1396,DHAtpp_reverse,0.0,0.0,0.0,0.0,0.0,0.0,0.0,0.0,0.0,0.0,,,0,0.0,0.0,dha_c --> dha_e
1397,DIMPtex_reverse,0.0,0.0,0.0,0.0,0.0,0.0,0.0,0.0,0.0,0.0,,,0,0.0,0.0,dimp_c --> dimp_e
1398,DINStex_reverse,0.0,0.0,0.0,0.0,0.0,0.0,0.0,0.0,0.0,0.0,,,0,0.0,0.0,din_c --> din_e
1399,D_LACt2pp_reverse,0.0,0.0,0.0,0.0,0.0,0.0,0.0,0.0,0.0,0.0,,,0,0.0,0.0,h_c + lac__D_c --> h_e + lac__D_e
1400,DMSOtex_reverse,0.0,0.0,0.0,0.0,0.0,0.0,0.0,0.0,0.0,0.0,,,0,0.0,0.0,dmso_c --> dmso_e
1401,DMStex_reverse,0.0,0.0,0.0,0.0,0.0,0.0,0.0,0.0,0.0,0.0,,,0,0.0,0.0,dms_c --> dms_e
1402,DTMPtex_reverse,0.0,0.0,0.0,0.0,0.0,0.0,0.0,0.0,0.0,0.0,,,0,0.0,0.0,dtmp_c --> dtmp_e
1403,DUMPtex_reverse,0.0,0.0,0.0,0.0,0.0,0.0,0.0,0.0,0.0,0.0,,,0,0.0,0.0,dump_c --> dump_e
1404,DURItex_reverse,0.0,0.0,0.0,0.0,0.0,0.0,0.0,0.0,0.0,0.0,,,0,0.0,0.0,duri_c --> duri_e
1405,ETHAtex_reverse,0.0,0.0,0.0,0.0,0.0,0.0,0.0,0.0,0.0,0.0,,,0,0.0,0.0,etha_c --> etha_e
1406,ETOHtrpp_reverse,0.0,0.0,0.0,0.0,0.0,0.0,0.0,0.0,0.0,0.0,,,0,0.0,0.0,etoh_c --> etoh_e
1407,EX_BIOTIN_reverse,1.0317526826868962e-06,9.428965730363344e-07,8.540404633857707e-07,7.651843537352057e-07,6.774674249775953e-07,5.886113153270294e-07,4.997552056764674e-07,3.6933024446431495e-07,1.9213433593660723e-07,0.0,,,0,9.428965730363344e-07,-2.333, --> btn_e
1408,EX_cl_reverse,0.014665370518215152,0.013402366512798775,0.01213936250738237,0.010876358501965947,0.009629546855593307,0.008366542850176873,0.007103538844760492,0.005249673656817475,0.0027310045062772597,0.0002123353557370722,,,0,0.013402366512798775,-2.295, --> cl_e
1409,F6Ptex_reverse,0.0,0.0,0.0,0.0,0.0,0.0,0.0,0.0,0.0,0.0,,,0,0.0,0.0,f6p_c --> f6p_e
1410,FE3tex_reverse,0.0,0.0,0.0,0.0,0.0,0.0,0.0,0.0,0.0,0.0,,,0,0.0,0.0,fe3_c --> fe3_e
1411,FRUtex_reverse,0.0,0.0,0.0,0.0,0.0,0.0,0.0,0.0,0.0,0.0,,,0,0.0,0.0,fru_c --> fru_e
1412,FRUURt2rpp_reverse,0.0,0.0,0.0,0.0,0.0,0.0,0.0,0.0,0.0,0.0,,Cgl2908,0,0.0,0.0,fruur_c + h_c --> fruur_e + h_e
1413,FUMtex_reverse,0.0,0.7722,1.5444,2.3165999999999998,3.0789,3.8511,4.6232999999999995,5.3955,6.1677,6.9399,,,0,0.7722,2.998,fum_c --> fum_e
1414,G1Ptex_reverse,0.0,0.0,0.0,0.0,0.0,0.0,0.0,0.0,0.0,0.0,,,0,0.0,0.0,g1p_c --> g1p_e
1415,G3PEtex_reverse,0.0,0.0,0.0,0.0,0.0,0.0,0.0,0.0,0.0,0.0,,,0,0.0,0.0,g3pe_c --> g3pe_e
1416,G3PGtex_reverse,0.0,0.0,0.0,0.0,0.0,0.0,0.0,0.0,0.0,0.0,,,0,0.0,0.0,g3pg_c --> g3pg_e
1417,G3PItex_reverse,0.0,0.0,0.0,0.0,0.0,0.0,0.0,0.0,0.0,0.0,,,0,0.0,0.0,g3pi_c --> g3pi_e
1418,G3PStex_reverse,0.0,0.0,0.0,0.0,0.0,0.0,0.0,0.0,0.0,0.0,,,0,0.0,0.0,g3ps_c --> g3ps_e
1419,G6Ptex_reverse,0.0,0.0,0.0,0.0,0.0,0.0,0.0,0.0,0.0,0.0,,,0,0.0,0.0,g6p_c --> g6p_e
1420,GAL1Ptex_reverse,0.0,0.0,0.0,0.0,0.0,0.0,0.0,0.0,0.0,0.0,,,0,0.0,0.0,gal1p_c --> gal1p_e
1421,GAMAN6Ptex_reverse,0.0,0.0,0.0,0.0,0.0,0.0,0.0,0.0,0.0,0.0,,,0,0.0,0.0,gam6p_c --> gam6p_e
1422,GAMtex_reverse,0.0,0.0,0.0,0.0,0.0,0.0,0.0,0.0,0.0,0.0,,,0,0.0,0.0,gam_c --> gam_e
1423,GLCNt2rpp_reverse,0.0,0.0,0.0,0.0,0.0,0.0,0.0,0.0,0.0,0.0,,,0,0.0,0.0,glcn_c + h_c --> glcn_e + h_e
1424,GLCUR1Ptex_reverse,0.0,0.0,0.0,0.0,0.0,0.0,0.0,0.0,0.0,0.0,,,0,0.0,0.0,glcur1p_c --> glcur1p_e
1425,GLCURt2rpp_reverse,0.0,0.0,0.0,0.0,0.0,0.0,0.0,0.0,0.0,0.0,,,0,0.0,0.0,glcur_c + h_c --> glcur_e + h_e
1426,GLNt2rpp_reverse,0.0,0.0,0.0,0.0,0.0,0.0,0.0,0.0,0.0,0.0,,,0,0.0,0.0,gln__L_c + h_c --> gln__L_e + h_e
1427,GLUtex_reverse,0.0,0.0,0.0,0.0,0.0,0.0,0.0,0.0,0.0,0.0,,,0,0.0,0.0,glu__L_c --> glu__L_e
1428,GLYALDtpp_reverse,0.0,0.0,0.0,0.0,0.0,0.0,0.0,0.0,0.0,0.0,,,0,0.0,0.0,glyald_c --> glyald_e
1429,GLYC3Ptex_reverse,0.0,0.0,0.0,0.0,0.0,0.0,0.0,0.0,0.0,0.0,,,0,0.0,0.0,glyc3p_c --> glyc3p_e
1430,GLYCAt2rpp_reverse,0.0,0.0,0.0,0.0,0.0,0.0,0.0,0.0,0.0,0.0,,,0,0.0,0.0,glyc__R_c + h_c --> glyc__R_e + h_e
1431,GLYCtpp_reverse,0.0,0.0,0.0,0.0,0.0,0.0,0.0,0.0,0.0,0.0,,,0,0.0,0.0,glyc_e --> glyc_c
1432,GLYtex_reverse,0.0,0.0,0.0,0.0,0.0,0.0,0.0,0.0,0.0,0.0,,,0,0.0,0.0,gly_c --> gly_e
1433,GMPtex_reverse,0.0,0.0,0.0,0.0,0.0,0.0,0.0,0.0,0.0,0.0,,,0,0.0,0.0,gmp_c --> gmp_e
1434,GSNtex_reverse,0.0,0.0,0.0,0.0,0.0,0.0,0.0,0.0,0.0,0.0,,,0,0.0,0.0,gsn_c --> gsn_e
1435,GTHRDtex_reverse,0.0,0.0,0.0,0.0,0.0,0.0,0.0,0.0,0.0,0.0,,,0,0.0,0.0,gthrd_c --> gthrd_e
1436,GUAtpp_reverse,0.0,0.0,0.0,0.0,0.0,0.0,0.0,0.0,0.0,0.0,,,0,0.0,0.0,gua_c --> gua_e
1437,H2Otpp_reverse,19.54062193936728,18.72647886950873,17.91233579965021,17.098192729791702,16.294487391598054,15.480344321739546,14.666201251881015,14.218630336526868,14.105559111448695,14.017429712355566,,,0,18.72647886950873,-0.408,h2o_c --> h2o_e
1438,H2Stex_reverse,0.0,0.0,0.0,0.0,0.0,0.0,0.0,0.0,0.0,0.0,,,0,0.0,0.0,h2s_c --> h2s_e
1439,H2tpp_reverse,0.0,0.0,0.0,0.0,0.0,0.0,0.0,0.0,0.0,0.0,,,0,0.0,0.0,h2_c --> h2_e
1440,HISt2rpp_reverse,0.0,0.0,0.0,0.0,0.0,0.0,0.0,0.0,0.0,0.0,,,0,0.0,0.0,h_c + his__L_c --> h_e + his__L_e
1441,HOMtex_reverse,0.0,0.0,0.0,0.0,0.0,0.0,0.0,0.0,0.0,0.0,,,0,0.0,0.0,hom__L_c --> hom__L_e
1442,HYXNtpp_reverse,0.0,0.0,0.0,0.0,0.0,0.0,0.0,0.0,0.0,0.0010088306130014034,,,0,0.0,0.0,hxan_c --> hxan_e
1443,ILEt2rpp_reverse,0.0,0.0,0.0,0.0,0.0,0.0,0.0,0.0,0.0,0.0,,Cgl2310,0,0.0,0.0,h_c + ile__L_c --> h_e + ile__L_e
1444,INDOLEt2rpp_reverse,0.0,0.0,0.0,0.0,0.0,0.0,0.0,0.0,0.0,0.0,,,0,0.0,0.0,h_c + indole_c --> h_e + indole_e
1445,INSt2rpp_reverse,0.0,0.0,0.0,0.0,0.0,0.0,0.0,0.0,0.0,0.0,,,0,0.0,0.0,h_c + ins_c --> h_e + ins_e
1446,LEUt2rpp_reverse_num1,0.0,0.0,0.0,0.0,0.0,0.0,0.0,0.0,0.0,0.0,,Cgl0258,0,0.0,0.0,h_c + leu__L_c --> h_e + leu__L_e
1447,L_LACt2rpp_reverse,0.0,0.0,0.0,0.0,0.0,0.0,0.0,0.0,0.0,0.0,,,0,0.0,0.0,h_c + lac__L_c --> h_e + lac__L_e
1448,LYSt2pp_reverse,0.0,0.0,0.0,0.0,0.0,0.0,0.0,0.0,0.0,0.0,,Cgl0968,0,0.0,0.0,h_c + lys__L_c --> h_e + lys__L_e
1449,METt2rpp_reverse,0.0,0.0,0.0,0.0,0.0,0.0,0.0,0.0,0.0,0.0,,,0,0.0,0.0,h_c + met__L_c --> h_e + met__L_e
1450,NAtex_reverse,0.0,0.0,0.0,0.0,0.0,0.0,0.0,0.0,54.70115732020082,0.0,,,0,0.0,0.0,na1_c --> na1_e
1451,NO3tex_reverse,0.0,0.0,0.0,0.0,0.0,0.0,0.0,0.0,0.0,0.0,,Cgl1190,0,0.0,0.0,no3_c --> no3_e
1452,NOtex_reverse,0.0,0.0,0.0,0.0,0.0,0.0,0.0,0.0,0.0,0.0,,,0,0.0,0.0,no_c --> no_e
1453,O2Stex_reverse,0.0,0.0,0.0,0.0,0.0,0.0,0.0,0.0,0.0,0.0,,,0,0.0,0.0,o2s_c --> o2s_e
1454,PHEt2rpp_reverse,0.0,0.0,0.0,0.0,0.0,0.0,0.0,0.0,0.0,0.0,,,0,0.0,0.0,h_c + phe__L_c --> h_e + phe__L_e
1455,PSERtex_reverse_num1,0.0,0.0,0.0,0.0,0.0,0.0,0.0,0.0,0.0,0.0,,Cgl0296,0,0.0,0.0,pser__L_c --> pser__L_e
1456,PTRCORNt7pp_reverse,0.0,0.0,0.0,0.0,0.0,0.0,0.0,0.0,0.0,0.0,,,0,0.0,0.0,orn_e + ptrc_c --> orn_c + ptrc_e
1457,PYRt2rpp_reverse,0.0,0.0,0.0,0.0,0.0,0.0,0.0,0.0,0.0,0.0,,,0,0.0,0.0,h_c + pyr_c --> h_e + pyr_e
1458,THMDt2rpp_reverse,0.0,0.0,0.0,0.0,0.0,0.0,0.0,0.0,0.0,0.0,,,0,0.0,0.0,h_c + thymd_c --> h_e + thymd_e
1459,TRPt2rpp_reverse,0.0,0.0,0.0,0.0,0.0,0.0,0.0,0.0,0.0,0.0,,Cgl1107,0,0.0,0.0,h_c + trp__L_c --> h_e + trp__L_e
1460,TYRt2rpp_reverse,0.0,0.0,0.0,0.0,0.0,0.0,0.0,0.0,0.0,0.0,,,0,0.0,0.0,h_c + tyr__L_c --> h_e + tyr__L_e
1461,URAt2rpp_reverse_num1,0.0,0.0,0.0,0.0,0.0,0.0,0.0,0.0,0.0,0.0,,Cgl0824,0,0.0,0.0,h_c + ura_c --> h_e + ura_e
1462,UREAtpp_reverse,0.0,0.0,0.0,0.0,0.0,0.0,0.0,0.0,0.0,0.0,,Cgl0090 and Cgl0087 and Cgl0088 and Cgl0089,0,0.0,0.0,urea_c --> urea_e
1463,URIt2rpp_reverse,0.0,0.0,0.0,0.0,0.0,0.0,0.0,0.0,0.0,0.0,,,0,0.0,0.0,h_c + uri_c --> h_e + uri_e
1464,VALt2rpp_reverse,0.0,0.0,0.0,0.0,0.0,0.0,0.0,0.0,0.0,0.0,,Cgl2310,0,0.0,0.0,h_c + val__L_c --> h_e + val__L_e
1465,XANtpp_reverse,0.06967692534493172,0.06367624260143878,0.05767555985793979,0.05167487711443293,0.04575112620096332,0.0397504434574551,0.03374976071395952,0.0,0.012975328299016545,0.0,,,0,0.06367624260143878,-3.88,xan_c --> xan_e
1466,XTSNt2rpp_reverse,0.0,0.0,0.0,0.0,0.0,0.0,0.0,0.0,0.0,0.0,,,0,0.0,0.0,h_c + xtsn_c --> h_e + xtsn_e
1467,PHETA1_reverse_num1,0.0,0.0,0.0,0.0,0.0,0.0,0.0,0.0,0.0,0.0,,Cgl0218,0,0.0,0.0,akg_c + phe__L_c --> glu__L_c + phpyr_c
1468,PSCVT_reverse,0.0,0.0,0.0,0.0,0.0,0.0,0.0,0.0,0.0,0.0,,Cgl0764,0,0.0,0.0,3psme_c + pi_c --> pep_c + skm5p_c
1469,SHK3Dr_reverse_num1,0.0,0.0,0.0,0.0,0.0,0.0,0.0,0.0,0.0,0.0,,Cgl1132,0,0.0,0.0,nadp_c + skm_c --> 3dhsk_c + h_c + nadph_c
1470,TYRTA_reverse_num1,0.0,0.0,0.0,0.0,0.0,0.0,0.0,0.0,0.0,0.0,,Cgl0218,0,0.0,0.0,akg_c + tyr__L_c --> 34hpp_c + glu__L_c
1471,ILETA_reverse,0.0,0.0,0.0,0.0,0.0,0.0,0.0,0.0,0.0,0.0,,Cgl2204,0,0.0,0.0,akg_c + ile__L_c --> 3mop_c + glu__L_c
1472,IPPMIa_reverse,0.1673685606002338,0.15295452570378745,0.13854049080734077,0.12412645591089388,0.109897216333632,0.095483181437185,0.08106914654073859,0.05991190761059888,0.031167592570583526,0.002423277530568492,down,Cgl1315 and Cgl1316,0,0.15295452570378745,-2.295,2ippm_c + h2o_c --> 3c2hmp_c
1473,IPPMIb_reverse,0.1673685606002338,0.15295452570378745,0.13854049080734077,0.12412645591089388,0.109897216333632,0.095483181437185,0.08106914654073859,0.05991190761059888,0.031167592570583526,0.002423277530568492,down,Cgl1315 and Cgl1316,0,0.15295452570378745,-2.295,3c3hmp_c --> 2ippm_c + h2o_c
1474,KARA1_reverse,0.29784121053799567,0.2721906726657802,0.24654013479356401,0.2208895969213476,0.19556791209877467,0.16991737422655787,0.14426683635434231,0.10661641006164224,0.05546438033216064,0.0043123506026796566,,Cgl1273,0,0.2721906726657802,-2.295,alac__S_c + h_c + nadph_c --> 23dhmb_c + nadp_c
1475,KARA2_reverse,0.0,0.0,0.0,0.0,0.0,0.0,0.0,0.0,0.0,0.0,,Cgl1273,0,0.0,0.0,23dhmp_c + nadp_c --> 2ahbut_c + h_c + nadph_c
1476,LEUTAi_reverse,0.0,0.0,0.0,0.0,0.0,0.0,0.0,0.0,0.0,0.0,,Cgl2204,0,0.0,0.0,akg_c + leu__L_c --> 4mop_c + glu__L_c
1477,ADNUC_num2,0.0,0.0,0.0,0.0,0.0,0.0,0.0,0.0,0.0,0.0,,Cgl0761,0,0.0,0.0,adn_c + h2o_c --> ade_c + rib__D_c
1478,ADNUC_num3,0.0,0.0,0.0,0.0,0.0,0.0,0.0,0.0,0.0,0.0,,Cgl0918,0,0.0,0.0,adn_c + h2o_c --> ade_c + rib__D_c
1479,ALCD19_num2,0.0,0.0,0.0,0.0,0.0,0.0,0.0,0.0,0.0,0.0,,cg1423,0,0.0,0.0,glyald_c + h_c + nadh_c --> glyc_c + nad_c
1480,ALCD19_num3,0.0,0.0,0.0,0.0,0.0,0.0,0.0,0.0,0.0,0.0,,Cgl2469,0,0.0,0.0,glyald_c + h_c + nadh_c --> glyc_c + nad_c
1481,ARAI_num2,0.0,0.0,0.0,0.0,0.0,0.0,0.0,0.0,0.0,0.0,,Cgl3006,0,0.0,0.0,arab__L_c --> rbl__L_c
1482,FFSD_num2,0.0,0.0,0.0,0.0,0.0,0.0,0.0,0.0,0.0,0.0,,Cgl1116,0,0.0,0.0,h2o_c + suc6p_c --> fru_c + g6p_c
1483,GNK_num2,0.0,0.0,0.0,0.0,0.0,0.0,0.0,0.0,0.0,0.0,,Cgl3008,0,0.0,0.0,atp_c + glcn_c --> 6pgc_c + adp_c + h_c
1484,HPYRI_num2,0.0,0.0,0.0,0.0,0.0,0.0,0.0,0.0,0.0,0.0,,Cgl2471,0,0.0,0.0,hpyr_c --> 2h3oppan_c
1485,MCITL2_num2,0.0,0.0,0.0,0.0,0.0,0.0,0.0,0.0,0.0,0.0,,Cgl0658,0,0.0,0.0,micit_c --> pyr_c + succ_c
1486,MSDH_num2,0.0,0.0,0.0,0.0,0.0,0.0,0.0,0.0,0.0,0.0,,Cgl0295,0,0.0,0.0,2mop_c + coa_c + h2o_c + nad_c --> hco3_c + nadh_c + ppcoa_c
1487,PGLYCP_num2,0.0,0.0,0.0,0.0,0.0,0.0,0.0,0.0,0.0,0.0,,Cgl1462,0,0.0,0.0,2pglyc_c + h2o_c --> glyclt_c + pi_c
1488,PMANM_num2,0.0,0.0,0.0,0.0,0.0,0.0,0.0,0.0,0.0,0.0,,Cgl0746,0,0.0,0.0,man1p_c --> man6p_c
1489,RBK_num2,0.0,0.0,0.0,0.05167487711443293,0.0,0.0,0.03374976071395952,0.0,0.012975328299016545,0.0,,Cgl2325,0,0.0,0.0,atp_c + rib__D_c --> adp_c + h_c + r5p_c
1490,UDPGPpp_num2,0.0,0.0,0.0,0.0,0.0,0.0,0.0,0.0,0.0,0.0,,Cgl2922,0,0.0,0.0,h2o_c + udpg_c --> g1p_c + 2.0 h_c + ump_c
1491,MCITD_num2,0.0,0.0,0.0,0.0,0.0,0.0,0.0,0.0,0.0,0.0,,Cgl0694,0,0.0,0.0,2mcit_c --> 2mcacn_c + h2o_c
1492,MCITD_num3,0.0,0.0,0.0,0.0,0.0,0.0,0.0,0.0,0.0,0.0,,Cgl2538,0,0.0,0.0,2mcit_c --> 2mcacn_c + h2o_c
1493,ME1_num2,0.0,0.0,0.0,0.0,0.0,0.0,0.0,0.0,0.0,0.0,,Cgl3007,0,0.0,0.0,mal__L_c + nad_c --> co2_c + nadh_c + pyr_c
1494,AMPTASEPG_num2,0.0,0.0,0.0,0.0,0.0,0.0,0.0,0.0,0.0,0.0,,Cgl2205,0,0.0,0.0,h2o_c + progly_c --> gly_c + pro__L_c
1495,SPMDAT2_num2,0.0,0.0,0.0,0.0,0.0,0.0,0.0,0.0,0.0,0.0,,Cgl0178,0,0.0,0.0,accoa_c + spmd_c --> coa_c + h_c + n8aspmd_c
1496,SPMDAT2_num3,0.0,0.0,0.0,0.0,0.0,0.0,0.0,0.0,0.0,0.0,,Cgl0536,0,0.0,0.0,accoa_c + spmd_c --> coa_c + h_c + n8aspmd_c
1497,SPMDAT2_num4,0.0,0.0,0.0,0.0,0.0,0.0,0.0,0.0,0.0,0.0,,Cgl0569,0,0.0,0.0,accoa_c + spmd_c --> coa_c + h_c + n8aspmd_c
1498,SPMDAT2_num5,0.0,0.0,0.0,0.0,0.0,0.0,0.0,0.0,0.0,0.0,,cg1175,0,0.0,0.0,accoa_c + spmd_c --> coa_c + h_c + n8aspmd_c
1499,SPMDAT2_num6,0.0,0.0,0.0,0.0,0.0,0.0,0.0,0.0,0.0,0.0,,Cgl2739,0,0.0,0.0,accoa_c + spmd_c --> coa_c + h_c + n8aspmd_c
1500,SSALy_num2,0.0,0.0,0.0,0.0,0.0,0.0,0.0,0.0,0.0,0.0,,Cgl0480,0,0.0,0.0,h2o_c + nadp_c + sucsal_c --> 2.0 h_c + nadph_c + succ_c
1501,SSALy_num3,0.0,0.0,0.0,0.0,0.0,0.0,0.0,0.7421438429033611,0.0,0.0,,Cgl2713,0,0.0,0.0,h2o_c + nadp_c + sucsal_c --> 2.0 h_c + nadph_c + succ_c
1502,3OAS100_num2,0.0,0.0,0.0,0.14890509178827468,0.0,0.0,0.0,0.0,0.0,0.0,,Cgl2683,0,0.0,0.0,h_c + malACP_c + ocACP_c --> 3odecACP_c + ACP_c + co2_c
1503,3OAS100_num3,0.0,0.0,0.0,0.0,0.0,0.0,0.0,0.0,0.0,0.0,,Cgl2872,0,0.0,0.0,h_c + malACP_c + ocACP_c --> 3odecACP_c + ACP_c + co2_c
1504,3OAS120_num2,0.0909228417366005,0.08309242837237395,0.07526201500814725,0.06743160164392044,0.059701578194619485,0.0518711648303926,0.04404075146616604,0.03254709770031148,0.01693177067690007,0.0013164436534888336,,Cgl2683,0,0.08309242837237395,-2.295,dcaACP_c + h_c + malACP_c --> 3oddecACP_c + ACP_c + co2_c
1505,3OAS120_num3,0.0,0.0,0.0,0.0,0.0,0.0,0.0,0.0,0.0,0.0,,Cgl2872,0,0.0,0.0,dcaACP_c + h_c + malACP_c --> 3oddecACP_c + ACP_c + co2_c
1506,3OAS121_num2,0.0,0.0,0.0,0.0,0.0,0.0,0.0,0.0,0.0,0.0,,Cgl2683,0,0.0,0.0,cdec3eACP_c + h_c + malACP_c --> 3ocddec5eACP_c + ACP_c + co2_c
1507,3OAS121_num3,0.10985652230598446,0.10039551158544129,0.0,0.0,0.0,0.0,0.0,0.0,0.0,0.0,unchanged,Cgl2872,0,0.10039551158544129,0.0,cdec3eACP_c + h_c + malACP_c --> 3ocddec5eACP_c + ACP_c + co2_c
1508,3OAS140_num2,0.0,0.0,0.0,0.0,0.0,0.0,0.0,0.0,0.0,0.0,,Cgl2683,0,0.0,0.0,ddcaACP_c + h_c + malACP_c --> 3omrsACP_c + ACP_c + co2_c
1509,3OAS140_num3,0.0909228417366005,0.08309242837237395,0.07526201500814725,0.06743160164392044,0.059701578194619485,0.0518711648303926,0.04404075146616604,0.03254709770031148,0.01693177067690007,0.0013164436534888336,,Cgl2872,0,0.08309242837237395,-2.295,ddcaACP_c + h_c + malACP_c --> 3omrsACP_c + ACP_c + co2_c
1510,3OAS141_num2,0.0,0.0,0.09093450086489782,0.0,0.0,0.0,0.0,0.0,0.0,0.0,,Cgl2683,0,0.0,0.0,cddec5eACP_c + h_c + malACP_c --> 3ocmrs7eACP_c + ACP_c + co2_c
1511,3OAS141_num3,0.0,0.0,0.0,0.0,0.0,0.06267276371250466,0.05321175299196143,0.03932467239494577,0.02045762547144331,0.0015905785479409604,,Cgl2872,0,0.0,0.0,cddec5eACP_c + h_c + malACP_c --> 3ocmrs7eACP_c + ACP_c + co2_c
1512,3OAS160_num2,0.0,0.0,0.0,0.0,0.0,0.0,0.0,0.0,0.0,0.0,,Cgl2683,0,0.0,0.0,h_c + malACP_c + myrsACP_c --> 3opalmACP_c + ACP_c + co2_c
1513,3OAS160_num3,0.0,0.0,0.0,0.0,0.0,0.0,0.0,0.0,0.0,0.0,,Cgl2872,0,0.0,0.0,h_c + malACP_c + myrsACP_c --> 3opalmACP_c + ACP_c + co2_c
1514,3OAS161_num2,0.0,0.0,0.0,0.0,0.0,0.0,0.0,0.0,0.0,0.0,,Cgl2683,0,0.0,0.0,h_c + malACP_c + tdeACP_c --> 3ocpalm9eACP_c + ACP_c + co2_c
1515,3OAS161_num3,0.0,0.0,0.0,0.0,0.0,0.0,0.0,0.0,0.0,0.0,,Cgl2872,0,0.0,0.0,h_c + malACP_c + tdeACP_c --> 3ocpalm9eACP_c + ACP_c + co2_c
1516,3OAS180_num2,0.0,0.0,0.0,0.0,0.0,0.0,0.0,0.0,0.0,0.0,,Cgl2683,0,0.0,0.0,h_c + malACP_c + palmACP_c --> 3ooctdACP_c + ACP_c + co2_c
1517,3OAS180_num3,0.0,0.0,0.0,0.0,0.0,0.0,0.0,0.0,0.0,0.0,,Cgl2872,0,0.0,0.0,h_c + malACP_c + palmACP_c --> 3ooctdACP_c + ACP_c + co2_c
1518,3OAS181_num2,0.0,0.0,0.0,0.0,0.0,0.0,0.0,0.0,0.0,0.0,,Cgl2683,0,0.0,0.0,h_c + hdeACP_c + malACP_c --> 3ocvac11eACP_c + ACP_c + co2_c
1519,3OAS181_num3,0.0,0.0,0.0,0.0,0.0,0.0,0.0,0.0,0.0,0.0,,Cgl2872,0,0.0,0.0,h_c + hdeACP_c + malACP_c --> 3ocvac11eACP_c + ACP_c + co2_c
1520,3OAS60_num2,0.0,0.0,0.0,0.0,0.0,0.0,0.0,0.0,0.0,0.0,,Cgl2683,0,0.0,0.0,butACP_c + h_c + malACP_c --> 3ohexACP_c + ACP_c + co2_c
1521,3OAS60_num3,0.0,0.0,0.0,0.0,0.0,0.0,0.0,0.0,0.0,0.0,,Cgl2872,0,0.0,0.0,butACP_c + h_c + malACP_c --> 3ohexACP_c + ACP_c + co2_c
1522,3OAS80_num2,0.20077936404258495,0.18348793995781523,0.16619651587304507,0.14890509178827468,0.1318353526276678,0.0,0.0,0.0,0.0,0.0,unchanged,Cgl2683,0,0.18348793995781523,0.0,h_c + hexACP_c + malACP_c --> 3ooctACP_c + ACP_c + co2_c
1523,3OAS80_num3,0.0,0.0,0.0,0.0,0.0,0.0,0.0,0.0,0.0,0.0,,Cgl2872,0,0.0,0.0,h_c + hexACP_c + malACP_c --> 3ooctACP_c + ACP_c + co2_c
1524,AACPS1_num2,0.0,0.0,0.0,0.0,0.0,0.0,0.0,0.0,0.0,0.0,,Cgl2683,0,0.0,0.0,ACP_c + atp_c + ttdca_c --> amp_c + myrsACP_c + ppi_c
1525,AACPS1_num3,0.0,0.0,0.0,0.0,0.0,0.0,0.0,0.0,0.0,0.0,,Cgl2872,0,0.0,0.0,ACP_c + atp_c + ttdca_c --> amp_c + myrsACP_c + ppi_c
1526,AACPS2_num2,0.0,0.0,0.0,0.0,0.0,0.0,0.0,0.0,0.0,0.0,,Cgl2683,0,0.0,0.0,ACP_c + atp_c + ttdcea_c --> amp_c + ppi_c + tdeACP_c
1527,AACPS2_num3,0.0,0.0,0.0,0.0,0.0,0.0,0.0,0.0,0.0,0.0,,Cgl2872,0,0.0,0.0,ACP_c + atp_c + ttdcea_c --> amp_c + ppi_c + tdeACP_c
1528,AACPS3_num2,0.0,0.0,0.0,0.0,0.0,0.0,0.0,0.0,0.0,0.0,,Cgl2683,0,0.0,0.0,ACP_c + atp_c + hdca_c --> amp_c + palmACP_c + ppi_c
1529,AACPS3_num3,0.0,0.0,0.0,0.0,0.0,0.0,0.0,0.0,0.0,0.0,,Cgl2872,0,0.0,0.0,ACP_c + atp_c + hdca_c --> amp_c + palmACP_c + ppi_c
1530,AACPS4_num2,0.0,0.0,0.0,0.0,0.0,0.0,0.0,0.0,0.0,0.0,,Cgl2683,0,0.0,0.0,ACP_c + atp_c + hdcea_c --> amp_c + hdeACP_c + ppi_c
1531,AACPS4_num3,0.0,0.0,0.0,0.0,0.0,0.0,0.0,0.0,0.0,0.0,,Cgl2872,0,0.0,0.0,ACP_c + atp_c + hdcea_c --> amp_c + hdeACP_c + ppi_c
1532,AACPS5_num2,0.0,0.0,0.0,0.0,0.0,0.0,0.0,0.0,0.0,0.0,,Cgl2683,0,0.0,0.0,ACP_c + atp_c + ocdcea_c --> amp_c + octeACP_c + ppi_c
1533,AACPS5_num3,0.0,0.0,0.0,0.0,0.0,0.0,0.0,0.0,0.0,0.0,,Cgl2872,0,0.0,0.0,ACP_c + atp_c + ocdcea_c --> amp_c + octeACP_c + ppi_c
1534,AACPS6_num2,0.0,0.0,0.0,0.0,0.0,0.0,0.0,0.0,0.0,0.0,,Cgl2683,0,0.0,0.0,ACP_c + atp_c + ocdca_c --> amp_c + ocdcaACP_c + ppi_c
1535,AACPS6_num3,0.0,0.0,0.0,0.0,0.0,0.0,0.0,0.0,0.0,0.0,,Cgl2872,0,0.0,0.0,ACP_c + atp_c + ocdca_c --> amp_c + ocdcaACP_c + ppi_c
1536,AACPS7_num2,0.0,0.0,0.0,0.0,0.0,0.0,0.0,0.0,0.0,0.0,,Cgl2683,0,0.0,0.0,ACP_c + atp_c + ddca_c --> amp_c + ddcaACP_c + ppi_c
1537,AACPS7_num3,0.0,0.0,0.0,0.0,0.0,0.0,0.0,0.0,0.0,0.0,,Cgl2872,0,0.0,0.0,ACP_c + atp_c + ddca_c --> amp_c + ddcaACP_c + ppi_c
1538,AACPS8_num2,0.0,0.0,0.0,0.0,0.0,0.0,0.0,0.0,0.0,0.0,,Cgl2683,0,0.0,0.0,ACP_c + atp_c + dca_c --> amp_c + dcaACP_c + ppi_c
1539,AACPS8_num3,0.0,0.0,0.0,0.0,0.0,0.0,0.0,0.0,0.0,0.0,,Cgl2872,0,0.0,0.0,ACP_c + atp_c + dca_c --> amp_c + dcaACP_c + ppi_c
1540,AACPS9_num2,0.0,0.0,0.0,0.0,0.0,0.0,0.0,0.0,0.0,0.0,,Cgl2683,0,0.0,0.0,ACP_c + atp_c + octa_c --> amp_c + ocACP_c + ppi_c
1541,AACPS9_num3,0.0,0.0,0.0,0.0,0.0,0.0,0.0,0.0,0.0,0.0,,Cgl2872,0,0.0,0.0,ACP_c + atp_c + octa_c --> amp_c + ocACP_c + ppi_c
1542,FA100ACPHi_num2,0.0,0.0,0.0,0.0,0.0,0.0,0.0,0.0,0.0,0.0,,Cgl0297,0,0.0,0.0,dcaACP_c + h2o_c --> ACP_c + dca_c + h_c
1543,FA120ACPHi_num2,0.0,0.0,0.0,0.0,0.0,0.0,0.0,0.0,0.0,0.0,,Cgl0297,0,0.0,0.0,ddcaACP_c + h2o_c --> ACP_c + ddca_c + h_c
1544,FA140ACPHi_num2,0.0,0.0,0.0,0.0,0.0,0.0,0.0,0.0,0.0,0.0,,Cgl0297,0,0.0,0.0,h2o_c + myrsACP_c --> ACP_c + h_c + ttdca_c
1545,FA141ACPHi_num2,0.0,0.0,0.0,0.0,0.0,0.0,0.0,0.0,0.0,0.0,,Cgl0297,0,0.0,0.0,h2o_c + tdeACP_c --> ACP_c + h_c + ttdcea_c
1546,FA160ACPHi_num2,0.0,0.0,0.0,0.0,0.0,0.0,0.0,0.0,0.0,0.0,,Cgl0297,0,0.0,0.0,h2o_c + palmACP_c --> ACP_c + h_c + hdca_c
1547,FA161ACPHi_num2,0.0,0.0,0.0,0.0,0.0,0.0,0.0,0.0,0.0,0.0,,Cgl0297,0,0.0,0.0,h2o_c + hdeACP_c --> ACP_c + h_c + hdcea_c
1548,FA80ACPHi_num2,0.0,0.0,0.0,0.0,0.0,0.0,0.0,0.0,0.0,0.0,,Cgl0297,0,0.0,0.0,h2o_c + ocACP_c --> ACP_c + h_c + octa_c
1549,FACOAL100t2pp_num2,0.0,0.0,0.0,0.0,0.0,0.0,0.0,0.0,0.0,0.0,,0341,0,0.0,0.0,atp_c + coa_c + dca_e + h_e --> amp_c + dcacoa_c + h_c + ppi_c
1550,FACOAL120t2pp_num2,0.0,0.0,0.0,0.0,0.0,0.0,0.0,0.0,0.0,0.0,,0341,0,0.0,0.0,atp_c + coa_c + ddca_e + h_e --> amp_c + ddcacoa_c + h_c + ppi_c
1551,FACOAL140t2pp_num2,0.0,0.0,0.0,0.0,0.0,0.0,0.0,0.0,0.0,0.0,,0341,0,0.0,0.0,atp_c + coa_c + h_e + ttdca_e --> amp_c + h_c + ppi_c + tdcoa_c
1552,FACOAL141t2pp_num2,0.0,0.0,0.0,0.0,0.0,0.0,0.0,0.0,0.0,0.0,,0341,0,0.0,0.0,atp_c + coa_c + h_e + ttdcea_e --> amp_c + h_c + ppi_c + tdecoa_c
1553,FACOAL160t2pp_num2,0.0,0.0,0.0,0.0,0.0,0.0,0.0,0.0,0.0,0.0,,0341,0,0.0,0.0,atp_c + coa_c + h_e + hdca_e --> amp_c + h_c + pmtcoa_c + ppi_c
1554,FACOAL161t2pp_num2,0.0,0.0,0.0,0.0,0.0,0.0,0.0,0.0,0.0,0.0,,0341,0,0.0,0.0,atp_c + coa_c + h_e + hdcea_e --> amp_c + h_c + hdcoa_c + ppi_c
1555,FACOAL180t2pp_num2,0.0,0.0,0.0,0.0,0.0,0.0,0.0,0.0,0.0,0.0,,0341,0,0.0,0.0,atp_c + coa_c + h_e + ocdca_e --> amp_c + h_c + ppi_c + stcoa_c
1556,FACOAL181t2pp_num2,0.0,0.0,0.0,0.0,0.0,0.0,0.0,0.0,0.0,0.0,,0341,0,0.0,0.0,atp_c + coa_c + h_e + ocdcea_e --> amp_c + h_c + odecoa_c + ppi_c
1557,FACOAL60t2pp_num2,0.0,0.0,0.0,0.0,0.0,0.0,0.0,0.0,0.0,0.0,,0341,0,0.0,0.0,atp_c + coa_c + h_e + hxa_e --> amp_c + h_c + hxcoa_c + ppi_c
1558,FACOAL80t2pp_num2,0.0,0.0,0.0,0.0,0.0,0.0,0.0,0.0,0.0,0.0,,0341,0,0.0,0.0,atp_c + coa_c + h_e + octa_e --> amp_c + h_c + occoa_c + ppi_c
1559,MI1PP_num2,0.0,0.0,0.0,0.0,0.0,0.0,0.0,0.0,0.0,0.0,,Cgl2095,0,0.0,0.0,h2o_c + mi1p__D_c --> inost_c + pi_c
1560,TDPGDH_num2,0.0,0.0,0.0,0.0,0.0,0.0,0.0,0.0,0.0,0.0,,Cgl0334,0,0.0,0.0,dtdpglu_c --> dtdp4d6dg_c + h2o_c
1561,TDPGDH_num3,0.0,0.0,0.0,0.0,0.0,0.0,0.0,0.0,0.0,0.0,,Cgl0347,0,0.0,0.0,dtdpglu_c --> dtdp4d6dg_c + h2o_c
1562,UAGCVT_num2,0.0,0.0,0.0,0.0,0.0,0.0,0.0,0.0,0.0,0.0,,Cgl2558,0,0.0,0.0,pep_c + uacgam_c --> pi_c + uaccg_c
1563,UAMDH_num2,0.0,0.0,0.0,0.0,0.0,0.0,0.0,0.0,0.0,0.0,,Cgl0397,0,0.0,0.0,h_c + nadph_c + uaccg_c --> nadp_c + uamr_c
1564,UDPGD_num2,0.0,0.0,0.0,0.0,0.0,0.0,0.0,0.0,0.0,0.0,,Cgl2847,0,0.0,0.0,h2o_c + 2.0 nad_c + udpg_c --> 3.0 h_c + 2.0 nadh_c + udpglcur_c
1565,GALUi_num2,0.0,0.0,0.0,0.04343465077215061,0.02484735337851002,0.0,0.0,0.0,0.0,0.0,,Cgl0882,0,0.0,0.0,g1p_c + h_c + utp_c --> ppi_c + udpg_c
1566,CS_num2,0.0,0.0,0.0,0.0,0.0,0.0,0.0,0.0,0.0,0.0,,Cgl0829,0,0.0,0.0,accoa_c + h2o_c + oaa_c --> cit_c + coa_c + h_c
1567,ACPS1_num2,0.0,0.0,0.0,0.0,0.0,0.0,0.0,0.0,0.0,0.0,,Cgl2683,0,0.0,0.0,apoACP_c + coa_c --> ACP_c + h_c + pap_c
1568,ACPS1_num3,0.0,0.0,0.0,0.0,0.0,0.0,0.0,0.0,0.0,0.0,,Cgl2872,0,0.0,0.0,apoACP_c + coa_c --> ACP_c + h_c + pap_c
1569,BMOCOS_num2,0.0,0.0,0.0,0.0,0.0,0.0,0.0,0.0,0.0,0.0,,Cgl0883,0,0.0,0.0,moco_c + mptamp_c --> amp_c + bmoco_c + cu2_c
1570,BMOCOS_num3,0.0,0.0,0.0,0.0,0.0,0.0,0.0,0.0,0.0,0.0,,Cgl1196,0,0.0,0.0,moco_c + mptamp_c --> amp_c + bmoco_c + cu2_c
1571,BWCOS_num2,0.0,0.0,0.0,0.0,0.0,0.0,0.0,0.0,0.0,0.0,,Cgl0883,0,0.0,0.0,mptamp_c + wco_c --> amp_c + bwco_c + cu2_c
1572,BWCOS_num3,0.0,0.0,0.0,0.0,0.0,0.0,0.0,0.0,0.0,0.0,,Cgl1196,0,0.0,0.0,mptamp_c + wco_c --> amp_c + bwco_c + cu2_c
1573,CPMPS_num2,0.0,0.0,0.0,0.0,0.0,0.0,0.0,0.0,0.0,0.0,,Cgl0210,0,0.0,0.0,gtp_c + h2o_c --> cpmp_c + ppi_c
1574,DHPPDA2_num2,0.0,0.0,0.0,0.0,0.0,0.0,0.0,0.0,0.0,0.0,,Cgl1896,0,0.0,0.0,25drapp_c + h2o_c + h_c --> 5apru_c + nh4_c
1575,DHPS2_num2,0.0,0.0,0.0,0.0,0.0,0.0,0.0,0.0,0.0,0.0,,Cgl2694,0,0.0,0.0,4abz_c + 6hmhptpp_c --> dhpt_c + ppi_c
1576,DMATT_num2,0.0,0.0,0.0,0.0,0.0,0.0,0.0,0.0,0.0,0.0,,Cgl2172,0,0.0,0.0,dmpp_c + ipdp_c --> grdp_c + ppi_c
1577,GRTT_num2,0.0,0.0,0.0,0.0,0.0,0.0,0.0,0.0,0.0,0.0,,Cgl2528,0,0.0,0.0,grdp_c + ipdp_c --> frdp_c + ppi_c
1578,GTPDPDP_num2,0.0,0.0,0.0,0.0,0.0,0.0,0.0,0.0,0.0,0.0,,Cgl0373,0,0.0,0.0,gdptp_c + h2o_c --> h_c + pi_c + ppgpp_c
1579,MOCOS_num2,0.0,0.0,0.0,0.0,0.0,0.0,0.0,0.0,0.0,0.0,,Cgl0883,0,0.0,0.0,2.0 h_c + mobd_c + mptamp_c --> amp_c + cu2_c + h2o_c + moco_c
1580,MOCOS_num3,0.0,0.0,0.0,0.0,0.0,0.0,0.0,0.0,0.0,0.0,,Cgl1196,0,0.0,0.0,2.0 h_c + mobd_c + mptamp_c --> amp_c + cu2_c + h2o_c + moco_c
1581,MSDHD_num2,0.0,0.0,0.0,0.0,0.0,0.0,0.0,0.0,0.0,0.0,,Cgl0295,0,0.0,0.0,coa_c + msa_c + nad_c --> accoa_c + co2_c + nadh_c
1582,NADDP_num2,0.0,0.0,0.0,0.0,0.0,0.0,0.0,0.0,0.0,0.0,,Cgl1244,0,0.0,0.0,h2o_c + nad_c --> amp_c + 2.0 h_c + nmn_c
1583,NADPPPS_num2,0.0,0.0,0.0,0.0,0.0,0.0,0.0,0.0,0.0,0.0,,Cgl0415,0,0.0,0.0,h2o_c + nadp_c --> nad_c + pi_c
1584,NADPPPS_num3,0.0,0.0,0.0,0.0,0.0,0.0,0.0,0.0,0.0,0.0,,Cgl1153,0,0.0,0.0,h2o_c + nadp_c --> nad_c + pi_c
1585,PANTS_num2,0.0,0.0,0.0,0.00022053527500128206,0.0,0.00016964481521460092,0.00014403542254785157,0.0,0.0,0.0,,Cgl2688,0,0.0,0.0,ala_B_c + atp_c + pant__R_c --> amp_c + h_c + pnto__R_c + ppi_c
1586,TMPPP_num2,0.0,0.0,0.0,0.0,0.0,0.0,0.0,0.0,0.0,0.0,,Cgl2038,0,0.0,0.0,2mahmp_c + 4mpetz_c + h_c --> ppi_c + thmmp_c
1587,TMPPP_num3,0.0,0.0,0.0,0.0,0.0,0.0,0.0,0.0,0.0,0.0,,Cgl0097,0,0.0,0.0,2mahmp_c + 4mpetz_c + h_c --> ppi_c + thmmp_c
1588,TRATF_num2,0.0,0.0,0.0,0.0,0.0,0.0,0.0,0.0,0.0,0.0,,Cgl0202,0,0.0,0.0,akg_c + tau_c --> 2saa_c + glu__L_c
1589,UPP3MT_num2,0.0,0.0,0.0,0.0,0.0,0.0,0.0,0.0,0.0,0.0,,Cgl1998,0,0.0,0.0,2.0 amet_c + uppg3_c --> 2.0 ahcys_c + dscL_c + h_c
1590,WCOS_num2,0.0,0.0,0.0,0.0,0.0,0.0,0.0,0.0,0.0,0.0,,Cgl0883,0,0.0,0.0,2.0 h_c + mptamp_c + tungs_c --> amp_c + cu2_c + h2o_c + wco_c
1591,WCOS_num3,0.0,0.0,0.0,0.0,0.0,0.0,0.0,0.0,0.0,0.0,,Cgl1196,0,0.0,0.0,2.0 h_c + mptamp_c + tungs_c --> amp_c + cu2_c + h2o_c + wco_c
1592,AMPTASECG_num2,0.0,0.0,0.0,0.0,0.0,0.0,0.0,0.0,0.0,0.0,,Cgl2205,0,0.0,0.0,cgly_c + h2o_c --> cys__L_c + gly_c
1593,MCPST_num2,0.0,0.0,0.0,0.0,0.0,0.0,0.0,0.0,0.0,0.0,,Cgl1424,0,0.0,0.0,cyan_c + mercppyr_c --> h_c + pyr_c + tcynt_c
1594,MCPST_num3,0.0,0.0,0.0,0.0,0.0,0.0,0.0,0.0,0.0,0.0,,Cgl2776,0,0.0,0.0,cyan_c + mercppyr_c --> h_c + pyr_c + tcynt_c
1595,GLNS_num2,0.0,0.5043352766280489,0.0,0.0,0.0,0.0,0.0,0.0,0.0,0.008039401742768905,unchanged,Cgl2229,0,0.5043352766280489,-5.971,atp_c + glu__L_c + nh4_c --> adp_c + gln__L_c + h_c + pi_c
1596,G3PAT120_num2,0.0,0.0,0.0,0.0,0.0,0.0,0.0,0.0,0.0,0.0,,Cgl2254,0,0.0,0.0,ddcaACP_c + glyc3p_c --> 1ddecg3p_c + ACP_c
1597,G3PAT120_num3,0.0,0.0,0.0,0.0,0.0,0.0,0.0,0.0,0.0,0.0,,cg3050,0,0.0,0.0,ddcaACP_c + glyc3p_c --> 1ddecg3p_c + ACP_c
1598,G3PAT120_num4,0.0,0.0,0.0,0.0,0.0,0.0,0.0,0.0,0.0,0.0,,Cgl2858,0,0.0,0.0,ddcaACP_c + glyc3p_c --> 1ddecg3p_c + ACP_c
1599,G3PAT120_num5,0.0,0.0,0.0,0.0,0.0,0.0,0.0,0.0,0.0,0.0,,Cgl2892,0,0.0,0.0,ddcaACP_c + glyc3p_c --> 1ddecg3p_c + ACP_c
1600,G3PAT140_num2,0.0,0.0,0.0,0.0,0.0,0.0,0.0,0.0,0.0,0.0,,Cgl2254,0,0.0,0.0,glyc3p_c + myrsACP_c --> 1tdecg3p_c + ACP_c
1601,G3PAT140_num3,0.0,0.0,0.0,0.0,0.0,0.0,0.0,0.0,0.0,0.0,,cg3050,0,0.0,0.0,glyc3p_c + myrsACP_c --> 1tdecg3p_c + ACP_c
1602,G3PAT140_num4,0.0,0.0,0.0,0.0,0.0,0.0,0.0,0.0,0.0,0.0,,Cgl2858,0,0.0,0.0,glyc3p_c + myrsACP_c --> 1tdecg3p_c + ACP_c
1603,G3PAT140_num5,0.0,0.0,0.0,0.0,0.0,0.0,0.0,0.0,0.0,0.0,,Cgl2892,0,0.0,0.0,glyc3p_c + myrsACP_c --> 1tdecg3p_c + ACP_c
1604,G3PAT141_num2,0.0,0.0,0.0,0.0,0.0,0.0,0.0,0.0,0.0,0.0,,Cgl2254,0,0.0,0.0,glyc3p_c + tdeACP_c --> 1tdec7eg3p_c + ACP_c
1605,G3PAT141_num3,0.0,0.0,0.0,0.0,0.0,0.0,0.0,0.0,0.0,0.0,,cg3050,0,0.0,0.0,glyc3p_c + tdeACP_c --> 1tdec7eg3p_c + ACP_c
1606,G3PAT141_num4,0.0,0.0,0.0,0.0,0.0,0.0,0.0,0.0,0.0,0.0,,Cgl2858,0,0.0,0.0,glyc3p_c + tdeACP_c --> 1tdec7eg3p_c + ACP_c
1607,G3PAT141_num5,0.0,0.0,0.0,0.0,0.0,0.0,0.0,0.0,0.0,0.0,,Cgl2892,0,0.0,0.0,glyc3p_c + tdeACP_c --> 1tdec7eg3p_c + ACP_c
1608,G3PAT160_num2,0.0,0.0,0.0,0.0,0.0,0.0,0.0,0.0,0.0,0.0,,Cgl2254,0,0.0,0.0,glyc3p_c + palmACP_c --> 1hdecg3p_c + ACP_c
1609,G3PAT160_num3,0.0,0.0,0.0,0.0,0.0,0.0,0.0,0.0,0.0,0.0,,cg3050,0,0.0,0.0,glyc3p_c + palmACP_c --> 1hdecg3p_c + ACP_c
1610,G3PAT160_num4,0.0,0.0,0.0,0.0,0.0,0.0,0.0,0.0,0.0,0.0,,Cgl2858,0,0.0,0.0,glyc3p_c + palmACP_c --> 1hdecg3p_c + ACP_c
1611,G3PAT160_num5,0.0,0.0,0.0,0.0,0.0,0.0,0.0,0.0,0.0,0.0,,Cgl2892,0,0.0,0.0,glyc3p_c + palmACP_c --> 1hdecg3p_c + ACP_c
1612,G3PAT161_num2,0.0,0.0,0.0,0.0,0.0,0.0,0.0,0.0,0.0,0.0,,Cgl2254,0,0.0,0.0,glyc3p_c + hdeACP_c --> 1hdec9eg3p_c + ACP_c
1613,G3PAT161_num3,0.0,0.0,0.0,0.0,0.0,0.0,0.0,0.0,0.0,0.0,,cg3050,0,0.0,0.0,glyc3p_c + hdeACP_c --> 1hdec9eg3p_c + ACP_c
1614,G3PAT161_num4,0.0,0.0,0.0,0.0,0.0,0.0,0.0,0.0,0.0,0.0,,Cgl2858,0,0.0,0.0,glyc3p_c + hdeACP_c --> 1hdec9eg3p_c + ACP_c
1615,G3PAT161_num5,0.0,0.0,0.0,0.0,0.0,0.0,0.0,0.0,0.0,0.0,,Cgl2892,0,0.0,0.0,glyc3p_c + hdeACP_c --> 1hdec9eg3p_c + ACP_c
1616,G3PAT180_num2,0.0,0.0,0.0,0.0,0.0,0.0,0.0,0.0,0.0,0.0,,Cgl2254,0,0.0,0.0,glyc3p_c + ocdcaACP_c --> 1odecg3p_c + ACP_c
1617,G3PAT180_num3,0.0,0.0,0.0,0.0,0.0,0.0,0.0,0.0,0.0,0.0,,cg3050,0,0.0,0.0,glyc3p_c + ocdcaACP_c --> 1odecg3p_c + ACP_c
1618,G3PAT180_num4,0.0,0.0,0.0,0.0,0.0,0.0,0.0,0.0,0.0,0.0,,Cgl2858,0,0.0,0.0,glyc3p_c + ocdcaACP_c --> 1odecg3p_c + ACP_c
1619,G3PAT180_num5,0.0,0.0,0.0,0.0,0.0,0.0,0.0,0.0,0.0,0.0,,Cgl2892,0,0.0,0.0,glyc3p_c + ocdcaACP_c --> 1odecg3p_c + ACP_c
1620,G3PAT181_num2,0.0,0.0,0.0,0.0,0.0,0.0,0.0,0.0,0.0,0.0,,Cgl2254,0,0.0,0.0,glyc3p_c + octeACP_c --> 1odec11eg3p_c + ACP_c
1621,G3PAT181_num3,0.0,0.0,0.0,0.0,0.0,0.0,0.0,0.0,0.0,0.0,,cg3050,0,0.0,0.0,glyc3p_c + octeACP_c --> 1odec11eg3p_c + ACP_c
1622,G3PAT181_num4,0.0,0.0,0.0,0.0,0.0,0.0,0.0,0.0,0.0,0.0,,Cgl2858,0,0.0,0.0,glyc3p_c + octeACP_c --> 1odec11eg3p_c + ACP_c
1623,G3PAT181_num5,0.0,0.0,0.0,0.0,0.0,0.0,0.0,0.0,0.0,0.0,,Cgl2892,0,0.0,0.0,glyc3p_c + octeACP_c --> 1odec11eg3p_c + ACP_c
1624,LPLIPAL1A180pp_num2,0.0,0.0,0.0,0.0,0.0,0.0,0.0,0.0,0.0,0.0,,Cgl0081,0,0.0,0.0,1odecg3p_c + h2o_c --> glyc3p_c + h_c + ocdca_c
1625,GAPD_num2,0.0,7.744915276169693,7.902273310845661,8.05963134552162,8.2149719694966,8.372330004172554,8.529688038848532,8.848090585757888,8.95138159238469,9.30723101990306,,Cgl1588,0,7.744915276169693,0.793,g3p_c + nad_c + pi_c --> 13dpg_c + h_c + nadh_c
1626,GLCP_num2,0.0,0.0,0.0,0.0,0.0,0.0,0.0,0.0,0.0,0.0,,Cgl2087,0,0.0,0.0,glycogen_c + pi_c --> g1p_c
1627,GLCP2_num2,0.0,0.0,0.0,0.0,0.0,0.0,0.0,0.0,0.0,0.0,,Cgl2087,0,0.0,0.0,bglycogen_c + pi_c --> g1p_c
1628,PGM_num2,0.0,0.0,0.0,0.0,0.0,0.0,0.0,0.0,0.0,0.0,,Cgl2236,0,0.0,0.0,3pg_c --> 2pg_c
1629,PGM_num3,0.0,0.0,0.0,0.0,0.0,0.0,0.0,0.0,0.0,0.0,,Cgl2350,0,0.0,0.0,3pg_c --> 2pg_c
1630,PGM_num4,0.0,0.0,0.0,0.0,0.0,0.0,0.0,0.0,0.0,0.0,,cg3506,0,0.0,0.0,3pg_c --> 2pg_c
1631,PGM_num5,7.094371332019814,7.2942032870312365,7.494035242042651,7.693867197054056,7.891137203924286,8.090969158935685,8.29080111394711,8.671547819677551,8.859539866358555,9.300090333931125,,Cgl0402,0,7.2942032870312365,0.294,3pg_c --> 2pg_c
1632,PYK_num2,0.0,0.0,0.04869547603659267,0.0,0.0,0.0,0.0,0.0,4.140399443937258,0.0,,Cgl2910,0,0.0,6.41,adp_c + h_c + pep_c --> atp_c + pyr_c
1633,HSTPT_num2,0.0,0.0,0.0,0.0,0.0,0.0,0.0,0.0,0.0,0.0,,Cgl2101,0,0.0,0.0,glu__L_c + imacp_c --> akg_c + hisp_c
1634,CAt6pp_num2,0.0,0.0,0.0,0.0,0.0,0.0,0.0,0.0,0.0,0.0,,Cgl2731,0,0.0,0.0,ca2_c + na1_e --> ca2_e + na1_c
1635,CAt6pp_num3,0.0,0.0,0.0,0.0,0.0,0.0,0.0,0.0,0.0,0.0,,Cgl2729,0,0.0,0.0,ca2_c + na1_e --> ca2_e + na1_c
1636,CAt6pp_num4,0.0,0.0,0.0,0.0,0.0,0.0,0.0,0.0,0.0,0.0,,Cgl0269,0,0.0,0.0,ca2_c + na1_e --> ca2_e + na1_c
1637,CAt6pp_num5,0.0,0.0,0.0,0.0,0.0,0.0,0.0,0.0,0.0,0.0,,Cgl2732,0,0.0,0.0,ca2_c + na1_e --> ca2_e + na1_c
1638,CAt6pp_num6,0.0,0.0,0.0,0.0,0.0,0.0,0.0,0.0,0.0,0.0,,Cgl2730,0,0.0,0.0,ca2_c + na1_e --> ca2_e + na1_c
1639,CAt6pp_num7,0.0,0.0,0.0,0.0,0.0,0.0,0.0,0.0,0.0,0.0,,Cgl0268,0,0.0,0.0,ca2_c + na1_e --> ca2_e + na1_c
1640,CAt6pp_num8,0.0,0.0,0.0,0.0,0.0,0.0,0.0,0.0,0.0,0.0,,Cgl2733,0,0.0,0.0,ca2_c + na1_e --> ca2_e + na1_c
1641,CAt6pp_num9,0.0,0.0,0.0,0.0,0.0,0.0,0.0,0.0,0.0,0.0,,Cgl2734,0,0.0,0.0,ca2_c + na1_e --> ca2_e + na1_c
1642,CYANSTpp_num2,0.0,0.0,0.0,0.0,0.0,0.0,0.0,0.0,0.0,0.0,,Cgl1424,0,0.0,0.0,cyan_c + tsul_c --> h_c + so3_c + tcynt_c
1643,CYANSTpp_num3,0.0,0.0,0.0,0.0,0.0,0.0,0.0,0.0,0.0,0.0,,Cgl2776,0,0.0,0.0,cyan_c + tsul_c --> h_c + so3_c + tcynt_c
1644,CYANSTpp_num4,0.0,0.0,0.0,0.0,0.0,0.0,0.0,0.0,0.0,0.0,,Cgl0054,0,0.0,0.0,cyan_c + tsul_c --> h_c + so3_c + tcynt_c
1645,CYANSTpp_num5,0.0,0.0,0.0,0.0,0.0,0.0,0.0,0.0,0.0,0.0,,Cgl0055,0,0.0,0.0,cyan_c + tsul_c --> h_c + so3_c + tcynt_c
1646,FE3abcpp_num2,0.0,0.0,0.0,0.0,0.0,0.0,0.0,0.0,0.0,0.0,,Cgl0389 and Cgl0390 and Cgl0391,0,0.0,0.0,atp_c + fe3_e + h2o_c --> adp_c + fe3_c + h_c + pi_c
1647,Kabcpp_num2,0.0,0.0,0.0,0.0,0.0,0.0,0.0,0.0,0.0,0.0,,Cgl2784,0,0.0,0.0,atp_c + h2o_c + k_e --> adp_c + h_c + k_c + pi_c
1648,Kabcpp_num3,0.0,0.0,0.0,0.0,0.0,0.0,0.0,0.0,0.0,0.0,,Cgl1141,0,0.0,0.0,atp_c + h2o_c + k_e --> adp_c + h_c + k_c + pi_c
1649,Kabcpp_num4,0.0,0.0,0.0,0.0,0.0,0.0,0.0,0.0,0.0,0.0,,Cgl2887,0,0.0,0.0,atp_c + h2o_c + k_e --> adp_c + h_c + k_c + pi_c
1650,Kabcpp_num5,0.0,0.0,0.0,0.0,0.0,0.0,0.0,0.0,0.0,0.0,,Cgl1509,0,0.0,0.0,atp_c + h2o_c + k_e --> adp_c + h_c + k_c + pi_c
1651,MG2t3_2pp_num2,0.0,0.0,0.0,0.0,0.0,0.0,0.0,0.0,0.0,0.0,,Cgl0224,0,0.0,0.0,2.0 h_c + mg2_e --> 2.0 h_e + mg2_c
1652,NAt3_1p5pp_num2,0.0,0.0,0.0,0.0,0.0,0.0,0.0,0.0,0.0,0.0,,Cgl2731,0,0.0,0.0,3.0 h_e + 2.0 na1_c --> 3.0 h_c + 2.0 na1_e
1653,NAt3_1p5pp_num3,0.0,0.0,0.0,0.0,0.0,0.0,0.0,0.0,0.0,0.0,,Cgl2729,0,0.0,0.0,3.0 h_e + 2.0 na1_c --> 3.0 h_c + 2.0 na1_e
1654,NAt3_1p5pp_num4,0.0,0.0,0.0,0.0,0.0,0.0,0.0,0.0,0.0,0.0,,Cgl0269,0,0.0,0.0,3.0 h_e + 2.0 na1_c --> 3.0 h_c + 2.0 na1_e
1655,NAt3_1p5pp_num5,0.0,0.0,0.0,0.0,0.0,0.0,0.0,0.0,0.0,0.0,,Cgl2732,0,0.0,0.0,3.0 h_e + 2.0 na1_c --> 3.0 h_c + 2.0 na1_e
1656,NAt3_1p5pp_num6,0.0,0.0,0.0,0.0,0.0,0.0,0.0,0.0,0.0,0.0,,Cgl2730,0,0.0,0.0,3.0 h_e + 2.0 na1_c --> 3.0 h_c + 2.0 na1_e
1657,NAt3_1p5pp_num7,0.0,0.0,0.0,0.0,0.0,0.0,0.0,0.0,0.0,0.0,,Cgl0268,0,0.0,0.0,3.0 h_e + 2.0 na1_c --> 3.0 h_c + 2.0 na1_e
1658,NAt3_1p5pp_num8,0.0,0.0,0.0,0.0,0.0,0.0,0.0,0.0,0.0,0.0,,Cgl2733,0,0.0,0.0,3.0 h_e + 2.0 na1_c --> 3.0 h_c + 2.0 na1_e
1659,NAt3_1p5pp_num9,0.0,0.0,0.0,0.0,0.0,0.0,0.0,0.0,0.0,0.0,,Cgl2734,0,0.0,0.0,3.0 h_e + 2.0 na1_c --> 3.0 h_c + 2.0 na1_e
1660,NAt3_2pp_num2,0.0,0.0,0.0,0.0,0.0,0.0,0.0,0.0,0.0,0.0,,Cgl2731,0,0.0,0.0,2.0 h_e + na1_c --> 2.0 h_c + na1_e
1661,NAt3_2pp_num3,0.0,0.0,0.0,0.0,0.0,0.0,0.0,0.0,0.0,0.0,,Cgl2729,0,0.0,0.0,2.0 h_e + na1_c --> 2.0 h_c + na1_e
1662,NAt3_2pp_num4,0.0,0.0,0.0,0.0,0.0,0.0,0.0,0.0,0.0,0.0,,Cgl0269,0,0.0,0.0,2.0 h_e + na1_c --> 2.0 h_c + na1_e
1663,NAt3_2pp_num5,0.0,0.0,0.0,0.0,0.0,0.0,0.0,0.0,0.0,0.0,,Cgl2732,0,0.0,0.0,2.0 h_e + na1_c --> 2.0 h_c + na1_e
1664,NAt3_2pp_num6,0.0,0.0,0.0,0.0,0.0,0.0,0.0,0.0,0.0,0.0,,Cgl2730,0,0.0,0.0,2.0 h_e + na1_c --> 2.0 h_c + na1_e
1665,NAt3_2pp_num7,0.0,0.0,0.0,0.0,0.0,0.0,0.0,0.0,0.0,0.0,,Cgl0268,0,0.0,0.0,2.0 h_e + na1_c --> 2.0 h_c + na1_e
1666,NAt3_2pp_num8,0.0,0.0,0.0,0.0,0.0,0.0,0.0,0.0,0.0,0.0,,Cgl2733,0,0.0,0.0,2.0 h_e + na1_c --> 2.0 h_c + na1_e
1667,NAt3_2pp_num9,0.0,0.0,0.0,0.0,0.0,0.0,0.0,0.0,0.0,0.0,,Cgl2734,0,0.0,0.0,2.0 h_e + na1_c --> 2.0 h_c + na1_e
1668,NH4tpp_num2,0.0,3.4343061608821044,0.0,0.0,0.0,0.0,0.0,0.0,0.0,0.0,,Cgl1583,0,3.4343061608821044,0.0,nh4_e --> nh4_c
1669,ZN2abcpp_num2,0.0,0.0,0.0,0.0,0.0,0.0,0.0,0.0,0.0,0.0,,Cgl2628 and Cgl2629 and Cgl2630,0,0.0,0.0,atp_c + h2o_c + zn2_c --> adp_c + h_c + pi_c + zn2_e
1670,FE2tpp_num2,0.0,0.0,0.0,0.0,0.0,0.0,0.0,0.0,0.007619413018185764,0.0,,Cgl0039,0,0.0,0.0,fe2_e --> fe2_c
1671,MI2DH_num2,0.0,0.0,0.0,0.0,0.0,0.0,0.0,0.0,0.0,0.0,,Cgl2110,0,0.0,0.0,inost_c + nad_c --> 2ins_c + h_c + nadh_c
1672,MI2DH_num3,0.0,0.0,0.0,0.0,0.0,0.0,0.0,0.0,0.0,0.0,,Cgl3062,0,0.0,0.0,inost_c + nad_c --> 2ins_c + h_c + nadh_c
1673,MI2DH_num4,0.0,0.0,0.0,0.0,0.0,0.0,0.0,0.0,0.0,0.0,,Cgl3063,0,0.0,0.0,inost_c + nad_c --> 2ins_c + h_c + nadh_c
1674,U23GAAT_num2,0.0,0.0,0.0,0.0,0.0,0.0,0.0,0.0,0.0,0.0,,Cgl2254,0,0.0,0.0,3hmrsACP_c + u3hga_c --> ACP_c + h_c + u23ga_c
1675,U23GAAT_num3,0.0,0.0,0.0,0.0,0.0,0.0,0.0,0.0,0.0,0.0,,cg3050,0,0.0,0.0,3hmrsACP_c + u3hga_c --> ACP_c + h_c + u23ga_c
1676,U23GAAT_num4,0.0,0.0,0.0,0.0,0.0,0.0,0.0,0.0,0.0,0.0,,Cgl2858,0,0.0,0.0,3hmrsACP_c + u3hga_c --> ACP_c + h_c + u23ga_c
1677,U23GAAT_num5,0.0,0.0,0.0,0.0,0.0,0.0,0.0,0.0,0.0,0.0,,Cgl2892,0,0.0,0.0,3hmrsACP_c + u3hga_c --> ACP_c + h_c + u23ga_c
1678,UAGAAT_num2,0.0,0.0,0.0,0.0,0.0,0.0,0.0,0.0,0.0,0.0,,Cgl2254,0,0.0,0.0,3hmrsACP_c + uacgam_c --> ACP_c + u3aga_c
1679,UAGAAT_num3,0.0,0.0,0.0,0.0,0.0,0.0,0.0,0.0,0.0,0.0,,cg3050,0,0.0,0.0,3hmrsACP_c + uacgam_c --> ACP_c + u3aga_c
1680,UAGAAT_num4,0.0,0.0,0.0,0.0,0.0,0.0,0.0,0.0,0.0,0.0,,Cgl2858,0,0.0,0.0,3hmrsACP_c + uacgam_c --> ACP_c + u3aga_c
1681,UAGAAT_num5,0.0,0.0,0.0,0.0,0.0,0.0,0.0,0.0,0.0,0.0,,Cgl2892,0,0.0,0.0,3hmrsACP_c + uacgam_c --> ACP_c + u3aga_c
1682,ACCOAC_num2,0.0,0.0,0.0,0.0,0.0,0.0,0.0,0.0,0.0,0.0,,Cgl2870,0,0.0,0.0,accoa_c + atp_c + hco3_c --> adp_c + h_c + malcoa_c + pi_c
1683,ACOATA_num2,0.0,0.0,0.0,0.0,0.0,0.0,0.0,0.0,0.0,0.0,,Cgl2254,0,0.0,0.0,ACP_c + accoa_c --> acACP_c + coa_c
1684,ACOATA_num3,0.0,0.0,0.0,0.0,0.0,0.0,0.0,0.0,0.0,0.0,,cg3050,0,0.0,0.0,ACP_c + accoa_c --> acACP_c + coa_c
1685,ACOATA_num4,0.0,0.0,0.0,0.0,0.0,0.0,0.0,0.0,0.0,0.0,,Cgl2858,0,0.0,0.0,ACP_c + accoa_c --> acACP_c + coa_c
1686,ACOATA_num5,0.0,0.0,0.0,0.0,0.0,0.0,0.0,0.0,0.0,0.0,,Cgl2892,0,0.0,0.0,ACP_c + accoa_c --> acACP_c + coa_c
1687,KAS14_num2,0.0,0.0,0.0,0.14890509178827468,0.0,0.0,0.0,0.0,0.0,0.0,,Cgl2683,0,0.0,0.0,acACP_c + h_c + malACP_c --> ACP_c + actACP_c + co2_c
1688,KAS14_num3,0.0,0.0,0.0,0.0,0.0,0.0,0.09725250445812747,0.07187177009525725,0.0,0.0,,Cgl2872,0,0.0,0.0,acACP_c + h_c + malACP_c --> ACP_c + actACP_c + co2_c
1689,KAS15_num2,0.0,0.0,0.0,0.0,0.0,0.0,0.0,0.0,0.0,0.0,,Cgl2683,0,0.0,0.0,accoa_c + h_c + malACP_c --> actACP_c + co2_c + coa_c
1690,KAS15_num3,0.0,0.0,0.0,0.0,0.0,0.0,0.0,0.0,0.0,0.0,,Cgl2872,0,0.0,0.0,accoa_c + h_c + malACP_c --> actACP_c + co2_c + coa_c
1691,MCOATA_num2,0.0,0.0,1.2489949116667232,1.1190469366210418,0.9907649612554316,0.8608169862097492,0.7308690111640724,0.612000272006987,0.2809876325881887,0.0,,Cgl2254,0,0.0,-0.484,ACP_c + malcoa_c --> coa_c + malACP_c
1692,MCOATA_num3,0.0,0.0,0.0,0.0,0.0,0.0,0.0,0.0,0.0,0.0,,cg3050,0,0.0,0.0,ACP_c + malcoa_c --> coa_c + malACP_c
1693,MCOATA_num4,0.0,0.0,0.0,0.0,0.0,0.0,0.0,0.0,0.0,0.0,,Cgl2858,0,0.0,0.0,ACP_c + malcoa_c --> coa_c + malACP_c
1694,MCOATA_num5,0.0,0.0,0.0,0.0,0.0,0.0,0.0,0.0,0.0,0.0,,Cgl2892,0,0.0,0.0,ACP_c + malcoa_c --> coa_c + malACP_c
1695,HSST_num2,0.0,0.0,0.0,0.0,0.02371497147661792,0.0,0.0,0.0,0.0,0.0,,Cgl0839,0,0.0,0.0,accoa_c + hom__L_c --> achms_c + coa_c
1696,METSOXR1_num2,0.0,0.0,0.0,0.0,0.0,0.0,0.0,0.0,0.0,0.0,,Cgl2926,0,0.0,0.0,metsox_S__L_c + trdrd_c --> h2o_c + met__L_c + trdox_c
1697,SHSL1_num2,0.036116844203472886,0.0,0.0,0.0,0.0,0.0,0.0,0.0,0.0,0.0005229245965875652,,Cgl2786,0,0.0,-6.11,cys__L_c + suchms_c --> cyst__L_c + h_c + succ_c
1698,MPTG_num2,0.0,0.0,0.0,0.0,0.0,0.0,0.0,0.0,0.0,0.0,,Cgl0325,0,0.0,0.0,2.0 uaagmda_c --> 2.0 h_c + murein5p5p_e + 2.0 udcpdp_c
1699,MPTG_num3,0.0,0.0,0.0,0.0,0.0,0.0,0.0,0.0,0.0,0.0,,Cgl0327,0,0.0,0.0,2.0 uaagmda_c --> 2.0 h_c + murein5p5p_e + 2.0 udcpdp_c
1700,MPTG_num4,0.0,0.0,0.0,0.0,0.0,0.0,0.0,0.0,0.0,0.0,,Cgl0349,0,0.0,0.0,2.0 uaagmda_c --> 2.0 h_c + murein5p5p_e + 2.0 udcpdp_c
1701,MPTG2_num2,0.0,0.0,0.0,0.0,0.0,0.0,0.0,0.0,0.0,0.0,,Cgl0325,0,0.0,0.0,murein5p5p_e + uaagmda_c --> h_c + murein5p5p5p_e + udcpdp_c
1702,MPTG2_num3,0.0,0.0,0.0,0.0,0.0,0.0,0.0,0.0,0.0,0.0,,Cgl0327,0,0.0,0.0,murein5p5p_e + uaagmda_c --> h_c + murein5p5p5p_e + udcpdp_c
1703,MPTG2_num4,0.0,0.0,0.0,0.0,0.0,0.0,0.0,0.0,0.0,0.0,,Cgl0349,0,0.0,0.0,murein5p5p_e + uaagmda_c --> h_c + murein5p5p5p_e + udcpdp_c
1704,NHFRBO_num2,0.0,0.0,0.0,0.0,0.0,0.0,0.0,0.0,0.0,0.0,,Cgl0100,0,0.0,0.0,h_c + nadh_c + 2.0 no_c --> h2o_c + n2o_c + nad_c
1705,DCTPD_num2,0.0,0.0,0.0,0.0,0.0,0.0,0.0,0.0,0.0,0.0,,Cgl0228,0,0.0,0.0,dctp_c + h2o_c + h_c --> dutp_c + nh4_c
1706,GSNHYDRO_num2,0.0,0.0,0.0,0.0,0.0,0.0,0.0,0.0,0.0,0.0,,Cgl1144,0,0.0,0.0,gsn_c + h2o_c --> gua_c + rib__D_c
1707,HXPRT_num2,0.0,0.0,0.0,0.0,0.0,0.0,0.0,0.0,0.0,0.0,,Cgl1468,0,0.0,0.0,hxan_c + prpp_c --> imp_c + ppi_c
1708,UPPRT_num2,0.0,0.0,0.0,0.0,0.0,0.0,0.0,0.0,0.0,0.0,,Cgl1613,0,0.0,0.0,prpp_c + ura_c --> ppi_c + ump_c
1709,XTSNH_num2,0.0,0.0,0.0,0.0,0.0,0.0,0.0,0.0,0.0,0.0,,Cgl1178,0,0.0,0.0,h2o_c + xtsn_c --> rib__D_c + xan_c
1710,XTSNH_num3,0.0,0.0,0.0,0.0,0.04575112620096332,0.0397504434574551,0.0,0.0,0.0,0.0,,Cgl2793,0,0.0,0.0,h2o_c + xtsn_c --> rib__D_c + xan_c
1711,FDH4pp_num2,0.0,0.0,0.0,0.0,0.0,0.0,0.0,0.0,0.0,0.0,,Cgl0529,0,0.0,0.0,for_e + 2.0 h_c + q8_c --> co2_c + h_e + q8h2_c
1712,FDH5pp_num2,0.0,0.0,0.0,0.0,0.0,0.0,0.0,0.0,0.0,0.0,,Cgl0529,0,0.0,0.0,for_e + 2.0 h_c + mqn8_c --> co2_c + h_e + mql8_c
1713,NADPHQR2_num2,0.0,0.0,0.0,0.0,0.0,0.0,0.0,0.0,0.0,0.0,,Cgl2537,0,0.0,0.0,h_c + nadph_c + q8_c --> nadp_c + q8h2_c
1714,NADPHQR2_num3,0.0,0.0,0.0,0.0,0.0,0.0,0.0,0.0,0.0,0.0,,Cgl3004,0,0.0,0.0,h_c + nadph_c + q8_c --> nadp_c + q8h2_c
1715,NADPHQR2_num4,0.0,0.0,0.0,0.0,0.0,0.0,0.0,0.0,0.0,0.0,,Cgl0203,0,0.0,0.0,h_c + nadph_c + q8_c --> nadp_c + q8h2_c
1716,NADPHQR3_num2,0.0,0.0,0.0,0.0,0.0,0.0,0.0,0.0,0.0,0.0,,Cgl2537,0,0.0,0.0,h_c + mqn8_c + nadph_c --> mql8_c + nadp_c
1717,NADPHQR3_num3,0.0,0.0,0.0,0.0,0.0,0.0,0.0,0.0,0.0,0.0,,Cgl3004,0,0.0,0.0,h_c + mqn8_c + nadph_c --> mql8_c + nadp_c
1718,NADPHQR3_num4,0.0,0.0,0.0,0.0,0.0,0.0,0.0,0.0,0.0,0.0,,Cgl0203,0,0.0,0.0,h_c + mqn8_c + nadph_c --> mql8_c + nadp_c
1719,NADPHQR4_num2,0.0,0.0,0.0,0.0,0.0,0.0,0.0,0.0,0.0,0.0,,Cgl2537,0,0.0,0.0,2dmmq8_c + h_c + nadph_c --> 2dmmql8_c + nadp_c
1720,NADPHQR4_num3,0.0,0.0,0.0,0.0,0.0,0.0,0.0,0.0,0.0,0.0,,Cgl3004,0,0.0,0.0,2dmmq8_c + h_c + nadph_c --> 2dmmql8_c + nadp_c
1721,NADPHQR4_num4,0.0,0.0,0.0,0.0,0.0,0.0,0.0,0.0,0.0,0.0,,Cgl0203,0,0.0,0.0,2dmmq8_c + h_c + nadph_c --> 2dmmql8_c + nadp_c
1722,IMPD_num2,0.0,0.08823451139293653,0.07991952155895961,0.0,0.0633961443247512,0.0,0.0,0.0,0.0,0.0,,Cgl0604,0,0.08823451139293653,0.0,h2o_c + imp_c + nad_c --> h_c + nadh_c + xmp_c
1723,IMPD_num3,0.0,0.0,0.0,0.0,0.0,0.0,0.0,0.0,0.0,0.0,,Cgl2679,0,0.0,0.0,h2o_c + imp_c + nad_c --> h_c + nadh_c + xmp_c
1724,ALCD2x_num2,0.0,0.0,0.0,0.0,0.0,0.0,0.0,0.0,0.0,0.0,,Cgl0222,0,0.0,0.0,etoh_c + nad_c --> acald_c + h_c + nadh_c
1725,DAPDC_num2,0.0,0.0812697536673564,0.0,0.06595245514353898,0.05839199369268021,0.05073334443077138,0.04307469516886286,0.03183316054788839,0.0,0.0012875667919649172,,Cgl2135,0,0.0812697536673564,-1.295,26dap__M_c + h_c --> co2_c + lys__L_c
1726,THDPS_num2,0.0,0.0,0.0,0.0,0.0,0.0,0.0,0.0,0.0,0.0,,Cgl1108,0,0.0,0.0,h2o_c + succoa_c + thdp_c --> coa_c + sl2a6o_c
1727,ACMANAptspp_num2,0.0,0.0,0.0,0.0,0.0,0.0,0.0,0.0,0.0,0.0,,Cgl1937,0,0.0,0.0,acmana_e + pep_c --> acmanap_c + pyr_c
1728,ACMUMptspp_num2,0.0,0.0,0.0,0.0,0.0,0.0,0.0,0.0,0.0,0.0,,Cgl1937,0,0.0,0.0,acmum_e + pep_c --> acmum6p_c + pyr_c
1729,GLYBabcpp_num2,0.0,0.0,0.0,0.0,0.0,0.0,0.0,0.0,0.0,0.0,,Cgl2312,0,0.0,0.0,atp_c + glyb_e + h2o_c --> adp_c + glyb_c + h_c + pi_c
1730,LEUt2rpp_num2,0.0,0.0,0.0,0.0,0.0,0.0,0.0,0.0,0.0,0.0,,Cgl0259,0,0.0,0.0,h_e + leu__L_e --> h_c + leu__L_c
1731,LEUt2rpp_num3,0.0,0.0,0.0,0.0,0.0,0.0,0.0,0.0,0.0,0.0,,Cgl2310,0,0.0,0.0,h_e + leu__L_e --> h_c + leu__L_c
1732,PA120abcpp_num2,0.0,0.0,0.0,0.0,0.0,0.0,0.0,0.0,0.0,0.0,,Cgl1458 and Cgl1459 and Cgl1460 and Cgl1461,0,0.0,0.0,atp_c + h2o_c + pa120_c --> adp_c + h_c + pa120_e + pi_c
1733,PA140abcpp_num2,0.0,0.0,0.0,0.0,0.0,0.0,0.0,0.0,0.0,0.0,,Cgl1458 and Cgl1459 and Cgl1460 and Cgl1461,0,0.0,0.0,atp_c + h2o_c + pa140_c --> adp_c + h_c + pa140_e + pi_c
1734,PA141abcpp_num2,0.0,0.0,0.0,0.0,0.0,0.0,0.0,0.0,0.0,0.0,,Cgl1458 and Cgl1459 and Cgl1460 and Cgl1461,0,0.0,0.0,atp_c + h2o_c + pa141_c --> adp_c + h_c + pa141_e + pi_c
1735,PA160abcpp_num2,0.0,0.0,0.0,0.0,0.0,0.0,0.0,0.0,0.0,0.0,,Cgl1458 and Cgl1459 and Cgl1460 and Cgl1461,0,0.0,0.0,atp_c + h2o_c + pa160_c --> adp_c + h_c + pa160_e + pi_c
1736,PA161abcpp_num2,0.0,0.0,0.0,0.0,0.0,0.0,0.0,0.0,0.0,0.0,,Cgl1458 and Cgl1459 and Cgl1460 and Cgl1461,0,0.0,0.0,atp_c + h2o_c + pa161_c --> adp_c + h_c + pa161_e + pi_c
1737,PA180abcpp_num2,0.0,0.0,0.0,0.0,0.0,0.0,0.0,0.0,0.0,0.0,,Cgl1458 and Cgl1459 and Cgl1460 and Cgl1461,0,0.0,0.0,atp_c + h2o_c + pa180_c --> adp_c + h_c + pa180_e + pi_c
1738,PA181abcpp_num2,0.0,0.0,0.0,0.0,0.0,0.0,0.0,0.0,0.0,0.0,,Cgl1458 and Cgl1459 and Cgl1460 and Cgl1461,0,0.0,0.0,atp_c + h2o_c + pa181_c --> adp_c + h_c + pa181_e + pi_c
1739,PGP120abcpp_num2,0.0,0.0,0.0,0.0,0.0,0.0,0.0,0.0,0.0,0.0,,Cgl1458 and Cgl1459 and Cgl1460 and Cgl1461,0,0.0,0.0,atp_c + h2o_c + pgp120_c --> adp_c + h_c + pgp120_e + pi_c
1740,PGP140abcpp_num2,0.0,0.0,0.0,0.0,0.0,0.0,0.0,0.0,0.0,0.0,,Cgl1458 and Cgl1459 and Cgl1460 and Cgl1461,0,0.0,0.0,atp_c + h2o_c + pgp140_c --> adp_c + h_c + pgp140_e + pi_c
1741,PGP141abcpp_num2,0.0,0.0,0.0,0.0,0.0,0.0,0.0,0.0,0.0,0.0,,Cgl1458 and Cgl1459 and Cgl1460 and Cgl1461,0,0.0,0.0,atp_c + h2o_c + pgp141_c --> adp_c + h_c + pgp141_e + pi_c
1742,PGP160abcpp_num2,0.0,0.0,0.0,0.0,0.0,0.0,0.0,0.0,0.0,0.0,,Cgl1458 and Cgl1459 and Cgl1460 and Cgl1461,0,0.0,0.0,atp_c + h2o_c + pgp160_c --> adp_c + h_c + pgp160_e + pi_c
1743,PGP161abcpp_num2,0.0,0.0,0.0,0.0,0.0,0.0,0.0,0.0,0.0,0.0,,Cgl1458 and Cgl1459 and Cgl1460 and Cgl1461,0,0.0,0.0,atp_c + h2o_c + pgp161_c --> adp_c + h_c + pgp161_e + pi_c
1744,PGP180abcpp_num2,0.0,0.0,0.0,0.0,0.0,0.0,0.0,0.0,0.0,0.0,,Cgl1458 and Cgl1459 and Cgl1460 and Cgl1461,0,0.0,0.0,atp_c + h2o_c + pgp180_c --> adp_c + h_c + pgp180_e + pi_c
1745,PGP181abcpp_num2,0.0,0.0,0.0,0.0,0.0,0.0,0.0,0.0,0.0,0.0,,Cgl1458 and Cgl1459 and Cgl1460 and Cgl1461,0,0.0,0.0,atp_c + h2o_c + pgp181_c --> adp_c + h_c + pgp181_e + pi_c
1746,PHEMEabcpp_num2,0.0,0.0,0.0,0.0,0.0,0.0,0.0,0.0,0.0,0.0,,Cgl1458 and Cgl1459 and Cgl1460 and Cgl1461,0,0.0,0.0,atp_c + h2o_c + pheme_c --> adp_c + h_c + pheme_e + pi_c
1747,PSERtex_num2,0.0,0.0,0.0,0.0,0.0,0.0,0.0,0.0,0.0,0.0,,Cgl0575,0,0.0,0.0,pser__L_e --> pser__L_c
1748,PSERtex_num3,0.0,0.0,0.0,0.0,0.0,0.0,0.0,0.0,0.0,0.0,,Cgl0876,0,0.0,0.0,pser__L_e --> pser__L_c
1749,PSERtex_num4,0.0,0.0,0.0,0.0,0.0,0.0,0.0,0.0,0.0,0.0,,Cgl1093,0,0.0,0.0,pser__L_e --> pser__L_c
1750,TREptsp_num2,0.0,0.0,0.0,0.0,0.0,0.0,0.0,0.0,0.0,0.0,,Cgl2875,0,0.0,0.0,pep_c + tre_c --> pyr_c + tre6p_c
1751,TREptsp_num3,0.0,0.0,0.0,0.0,0.0,0.0,0.0,0.0,0.0,0.0,,Cgl2878,0,0.0,0.0,pep_c + tre_c --> pyr_c + tre6p_c
1752,TREptspp_num2,0.0,0.0,0.0,0.0,0.0,0.0,0.0,0.0,0.0,0.0,,Cgl2875,0,0.0,0.0,pep_c + tre_e --> pyr_c + tre6p_c
1753,TREptspp_num3,0.0,0.0,0.0,0.0,0.0,0.0,0.0,0.0,0.0,0.0,,Cgl2878,0,0.0,0.0,pep_c + tre_e --> pyr_c + tre6p_c
1754,URAt2pp_num2,0.0,0.0,0.0,0.0,0.0,0.0,0.0,0.0,0.0,0.0,,Cgl2358,0,0.0,0.0,h_e + ura_e --> h_c + ura_c
1755,URAt2rpp_num2,0.0,0.0,0.0,0.0,0.0,0.0,0.0,0.0,0.0,0.0,,Cgl2358,0,0.0,0.0,h_e + ura_e --> h_c + ura_c
1756,XANt2pp_num2,0.0,0.0,0.0,0.0,0.0,0.0,0.0,0.0,0.0,0.0,,Cgl2358,0,0.0,0.0,h_e + xan_e --> h_c + xan_c
1757,ALATRS_num2,0.0,0.0,0.0,0.0,0.0,0.0,0.0,0.0,0.0,0.0,,cgtRNA_3530,0,0.0,0.0,ala__L_c + atp_c + trnaala_c --> alatrna_c + amp_c + ppi_c
1758,ALATRS_num3,0.0,0.0,0.0,0.0,0.0,0.0,0.0,0.0,0.0,0.0,,cgtRNA_3532,0,0.0,0.0,ala__L_c + atp_c + trnaala_c --> alatrna_c + amp_c + ppi_c
1759,ALATRS_num4,0.0,0.0,0.0,0.0,0.0,0.0,0.0,0.0,0.0,0.0,,cgtRNA_3580,0,0.0,0.0,ala__L_c + atp_c + trnaala_c --> alatrna_c + amp_c + ppi_c
1760,ARGTRS_num2,0.0,0.0,0.0,0.0,0.0,0.0,0.0,0.0,0.0,0.0,,cgtRNA_3537,0,0.0,0.0,arg__L_c + atp_c + trnaarg_c --> amp_c + argtrna_c + ppi_c
1761,ARGTRS_num3,0.0,0.0,0.0,0.0,0.0,0.0,0.0,0.0,0.0,0.0,,cgtRNA_3549,0,0.0,0.0,arg__L_c + atp_c + trnaarg_c --> amp_c + argtrna_c + ppi_c
1762,ARGTRS_num4,0.0,0.0,0.0,0.0,0.0,0.0,0.0,0.0,0.0,0.0,,cgtRNA_3552,0,0.0,0.0,arg__L_c + atp_c + trnaarg_c --> amp_c + argtrna_c + ppi_c
1763,ARGTRS_num5,0.0,0.0,0.0,0.0,0.0,0.0,0.0,0.0,0.0,0.0,,cgtRNA_3575,0,0.0,0.0,arg__L_c + atp_c + trnaarg_c --> amp_c + argtrna_c + ppi_c
1764,ASNTRS_num2,0.0,0.0,0.0,0.0,0.0,0.0,0.0,0.0,0.0,0.0,,cgtRNA_3572,0,0.0,0.0,asn__L_c + atp_c + trnaasn_c --> amp_c + asntrna_c + ppi_c
1765,CYSTRS_num2,0.0,0.0,0.0,0.0,0.0,0.0,0.0,0.0,0.0,0.0,,Cgl0368 and cgtRNA_3564,0,0.0,0.0,atp_c + cys__L_c + trnacys_c --> amp_c + cystrna_c + ppi_c
1766,FMETTRS_num2,0.0,0.0,0.0,0.0,0.0,0.0,0.0,0.0,0.0,0.0,,Cgl0893,0,0.0,0.0,10fthf_c + mettrna_c --> fmettrna_c + h_c + thf_c
1767,GLUTRS_num2,0.0,0.0,0.0,0.0,0.0,0.0,0.0,0.0,0.0,0.0,,cgtRNA_3556,0,0.0,0.0,atp_c + glu__L_c + trnaglu_c --> amp_c + glutrna_c + ppi_c
1768,GLUTRS_num3,0.0,0.0,0.0,0.0,0.0,0.0,0.0,0.0,0.0,0.0,,cgtRNA_3557,0,0.0,0.0,atp_c + glu__L_c + trnaglu_c --> amp_c + glutrna_c + ppi_c
1769,GLUTRS_num4,0.0,0.0,0.0,0.0,0.0,0.0,0.0,0.0,0.0,0.0,,cgtRNA_3584,0,0.0,0.0,atp_c + glu__L_c + trnaglu_c --> amp_c + glutrna_c + ppi_c
1770,GLYTRS_num2,0.0,0.0,0.0,0.0,0.0,0.0,0.0,0.0,0.0,0.0,,cgtRNA_3565,0,0.0,0.0,atp_c + gly_c + trnagly_c --> amp_c + glytrna_c + ppi_c
1771,GLYTRS_num3,0.0,0.0,0.0,0.0,0.0,0.0,0.0,0.0,0.0,0.0,,cgtRNA_3567,0,0.0,0.0,atp_c + gly_c + trnagly_c --> amp_c + glytrna_c + ppi_c
1772,GLYTRS_num4,0.0,0.0,0.0,0.0,0.0,0.0,0.0,0.0,0.0,0.0,,cgtRNA_3574,0,0.0,0.0,atp_c + gly_c + trnagly_c --> amp_c + glytrna_c + ppi_c
1773,GLYTRS_num5,0.0,0.0,0.0,0.0,0.0,0.0,0.0,0.0,0.0,0.0,,cgtRNA_3587,0,0.0,0.0,atp_c + gly_c + trnagly_c --> amp_c + glytrna_c + ppi_c
1774,ILETRS_num2,0.0,0.0,0.0,0.0,0.0,0.0,0.0,0.0,0.0,0.0,,cgtRNA_2531,0,0.0,0.0,atp_c + ile__L_c + trnaile_c --> amp_c + iletrna_c + ppi_c
1775,LEUTRS_num2,0.0,0.0,0.0,0.0,0.0,0.0,0.0,0.0,0.0,0.0,,cgtRNA_3551,0,0.0,0.0,atp_c + leu__L_c + trnaleu_c --> amp_c + leutrna_c + ppi_c
1776,LEUTRS_num3,0.0,0.0,0.0,0.0,0.0,0.0,0.0,0.0,0.0,0.0,,cgtRNA_3558,0,0.0,0.0,atp_c + leu__L_c + trnaleu_c --> amp_c + leutrna_c + ppi_c
1777,LEUTRS_num4,0.0,0.0,0.0,0.0,0.0,0.0,0.0,0.0,0.0,0.0,,cgtRNA_3560,0,0.0,0.0,atp_c + leu__L_c + trnaleu_c --> amp_c + leutrna_c + ppi_c
1778,LEUTRS_num5,0.0,0.0,0.0,0.0,0.0,0.0,0.0,0.0,0.0,0.0,,cgtRNA_3561,0,0.0,0.0,atp_c + leu__L_c + trnaleu_c --> amp_c + leutrna_c + ppi_c
1779,LEUTRS_num6,0.0,0.0,0.0,0.0,0.0,0.0,0.0,0.0,0.0,0.0,,cgtRNA_3579,0,0.0,0.0,atp_c + leu__L_c + trnaleu_c --> amp_c + leutrna_c + ppi_c
1780,LYSTRS_num2,0.0,0.0,0.0,0.0,0.0,0.0,0.0,0.0,0.0,0.0,,cgtRNA_3578,0,0.0,0.0,atp_c + lys__L_c + trnalys_c --> amp_c + lystrna_c + ppi_c
1781,LYSTRS_num3,0.0,0.0,0.0,0.0,0.0,0.0,0.0,0.0,0.0,0.0,,cgtRNA_3585,0,0.0,0.0,atp_c + lys__L_c + trnalys_c --> amp_c + lystrna_c + ppi_c
1782,METTRS_num2,0.0,0.0,0.0,0.0,0.0,0.0,0.0,0.0,0.0,0.0,,cgtRNA_3547,0,0.0,0.0,atp_c + met__L_c + trnamet_c --> amp_c + mettrna_c + ppi_c
1783,METTRS_num3,0.0,0.0,0.0,0.0,0.0,0.0,0.0,0.0,0.0,0.0,,cgtRNA_3548,0,0.0,0.0,atp_c + met__L_c + trnamet_c --> amp_c + mettrna_c + ppi_c
1784,METTRS_num4,0.0,0.0,0.0,0.0,0.0,0.0,0.0,0.0,0.0,0.0,,cgtRNA_3570,0,0.0,0.0,atp_c + met__L_c + trnamet_c --> amp_c + mettrna_c + ppi_c
1785,PROTRS_num2,0.0,0.0,0.0,0.0,0.0,0.0,0.0,0.0,0.0,0.0,,cgtRNA_3559,0,0.0,0.0,atp_c + pro__L_c + trnapro_c --> amp_c + ppi_c + protrna_c
1786,PROTRS_num3,0.0,0.0,0.0,0.0,0.0,0.0,0.0,0.0,0.0,0.0,,cgtRNA_3573,0,0.0,0.0,atp_c + pro__L_c + trnapro_c --> amp_c + ppi_c + protrna_c
1787,SERTRS_num2,0.0,0.0,0.0,0.0,0.0,0.0,0.0,0.0,0.0,0.0,,cgtRNA_3535,0,0.0,0.0,atp_c + ser__L_c + trnaser_c --> amp_c + ppi_c + sertrna_c
1788,SERTRS_num3,0.0,0.0,0.0,0.0,0.0,0.0,0.0,0.0,0.0,0.0,,cgtRNA_3538,0,0.0,0.0,atp_c + ser__L_c + trnaser_c --> amp_c + ppi_c + sertrna_c
1789,SERTRS_num4,0.0,0.0,0.0,0.0,0.0,0.0,0.0,0.0,0.0,0.0,,cgtRNA_3579,0,0.0,0.0,atp_c + ser__L_c + trnaser_c --> amp_c + ppi_c + sertrna_c
1790,THRTRS_num2,0.0,0.0,0.0,0.0,0.0,0.0,0.0,0.0,0.0,0.0,,cgtRNA_3543,0,0.0,0.0,atp_c + thr__L_c + trnathr_c --> amp_c + ppi_c + thrtrna_c
1791,THRTRS_num3,0.0,0.0,0.0,0.0,0.0,0.0,0.0,0.0,0.0,0.0,,cgtRNA_3544,0,0.0,0.0,atp_c + thr__L_c + trnathr_c --> amp_c + ppi_c + thrtrna_c
1792,THRTRS_num4,0.0,0.0,0.0,0.0,0.0,0.0,0.0,0.0,0.0,0.0,,cgtRNA_3586,0,0.0,0.0,atp_c + thr__L_c + trnathr_c --> amp_c + ppi_c + thrtrna_c
1793,VALTRS_num2,0.0,0.0,0.0,0.0,0.0,0.0,0.0,0.0,0.0,0.0,,cgtRNA_3566,0,0.0,0.0,atp_c + trnaval_c + val__L_c --> amp_c + ppi_c + valtrna_c
1794,VALTRS_num3,0.0,0.0,0.0,0.0,0.0,0.0,0.0,0.0,0.0,0.0,,cgtRNA_3568,0,0.0,0.0,atp_c + trnaval_c + val__L_c --> amp_c + ppi_c + valtrna_c
1795,VALTRS_num4,0.0,0.0,0.0,0.0,0.0,0.0,0.0,0.0,0.0,0.0,,cgtRNA_3569,0,0.0,0.0,atp_c + trnaval_c + val__L_c --> amp_c + ppi_c + valtrna_c
1796,PHETA1_num2,0.0,0.0,0.0,0.0,0.0,0.0,0.029563360123017596,0.021847982567067454,0.01136583771569151,0.0008836928643156829,,Cgl2101,0,0.0,0.0,glu__L_c + phpyr_c --> akg_c + phe__L_c
1797,SHK3Dr_num2,0.0,0.0,0.0,0.0,0.0,0.0,0.0,0.03981142120003865,0.0,0.0,,Cgl1629,0,0.0,0.0,3dhsk_c + h_c + nadph_c --> nadp_c + skm_c
1798,TYRTA_num2,0.0,0.0,0.0,0.0,0.0,0.0,0.0,0.0,0.0,0.0,,Cgl2101,0,0.0,0.0,34hpp_c + glu__L_c --> akg_c + tyr__L_c
1799,THRD_L_num2,0.0,0.0,0.0,0.0,0.0,0.0,0.0,0.0,0.0,0.0,,Cgl2127,0,0.0,0.0,thr__L_c --> 2obut_c + nh4_c
1800,ALCD19_reverse_num2,0.0,0.0,0.0,0.0,0.0,0.0,0.0,0.0,0.0,0.0,,cg1423,0,0.0,0.0,glyc_c + nad_c --> glyald_c + h_c + nadh_c
1801,ALCD19_reverse_num3,0.0,0.0,0.0,0.0,0.0,0.0,0.0,0.0,0.0,0.0,,Cgl2469,0,0.0,0.0,glyc_c + nad_c --> glyald_c + h_c + nadh_c
1802,ARAI_reverse_num2,0.0,0.0,0.0,0.0,0.0,0.0,0.0,0.0,0.0,0.0,,Cgl3006,0,0.0,0.0,rbl__L_c --> arab__L_c
1803,HPYRI_reverse_num2,0.0,0.0,0.0,0.0,0.0,0.0,0.0,0.0,0.0,0.0,,Cgl2471,0,0.0,0.0,2h3oppan_c --> hpyr_c
1804,MCITL2_reverse_num2,0.0,0.0,0.0,0.0,0.0,0.0,0.0,0.0,0.0,0.0,,Cgl0658,0,0.0,0.0,pyr_c + succ_c --> micit_c
1805,PMANM_reverse_num2,0.0,0.0,0.0,0.0,0.0,0.0,0.0,0.0,0.0,0.0,,Cgl0746,0,0.0,0.0,man6p_c --> man1p_c
1806,MCITD_reverse_num2,0.0,0.0,0.0,0.0,0.0,0.0,0.0,0.0,0.0,0.0,,Cgl0694,0,0.0,0.0,2mcacn_c + h2o_c --> 2mcit_c
1807,MCITD_reverse_num3,0.0,0.0,0.0,0.0,0.0,0.0,0.0,0.0,0.0,0.0,,Cgl2538,0,0.0,0.0,2mcacn_c + h2o_c --> 2mcit_c
1808,GALUi_reverse_num2,0.0,0.0,0.0,0.0,0.0,0.0,0.0,0.0,0.0,0.0,,Cgl0882,0,0.0,0.0,ppi_c + udpg_c --> g1p_c + h_c + utp_c
1809,TRATF_reverse_num2,0.0,0.0,0.0,0.0,0.0,0.0,0.0,0.0,0.0,0.0,,Cgl0202,0,0.0,0.0,2saa_c + glu__L_c --> akg_c + tau_c
1810,GAPD_reverse_num2,0.0,0.0,0.0,0.0,0.0,0.0,0.0,0.0,0.0,0.0,,Cgl1588,0,0.0,0.0,13dpg_c + h_c + nadh_c --> g3p_c + nad_c + pi_c
1811,PGM_reverse_num2,0.0,0.0,0.0,0.0,0.0,0.0,0.0,0.0,0.0,0.0,,Cgl2236,0,0.0,0.0,2pg_c --> 3pg_c
1812,PGM_reverse_num3,0.0,0.0,0.0,0.0,0.0,0.0,0.0,0.0,0.0,0.0,,Cgl2350,0,0.0,0.0,2pg_c --> 3pg_c
1813,PGM_reverse_num4,0.0,0.0,0.0,0.0,0.0,0.0,0.0,0.0,0.0,0.0,,cg3506,0,0.0,0.0,2pg_c --> 3pg_c
1814,PGM_reverse_num5,0.0,0.0,0.0,0.0,0.0,0.0,0.0,0.0,0.0,0.0,,Cgl0402,0,0.0,0.0,2pg_c --> 3pg_c
1815,CAt6pp_reverse_num2,0.0,0.0,0.0,0.0,0.0,0.0,0.0,0.0,0.0,0.0,,Cgl2731,0,0.0,0.0,ca2_e + na1_c --> ca2_c + na1_e
1816,CAt6pp_reverse_num3,0.0,0.0,0.0,0.0,0.0,0.0,0.0,0.0,0.0,0.0,,Cgl2729,0,0.0,0.0,ca2_e + na1_c --> ca2_c + na1_e
1817,CAt6pp_reverse_num4,0.0,0.0,0.0,0.0,0.0,0.0,0.0,0.0,0.0,0.0,,Cgl0269,0,0.0,0.0,ca2_e + na1_c --> ca2_c + na1_e
1818,CAt6pp_reverse_num5,0.0,0.0,0.0,0.0,0.0,0.0,0.0,0.0,0.0,0.0,,Cgl2732,0,0.0,0.0,ca2_e + na1_c --> ca2_c + na1_e
1819,CAt6pp_reverse_num6,0.0,0.0,0.0,0.0,0.0,0.0,0.0,0.0,0.0,0.0,,Cgl2730,0,0.0,0.0,ca2_e + na1_c --> ca2_c + na1_e
1820,CAt6pp_reverse_num7,0.0,0.0,0.0,0.0,0.0,0.0,0.0,0.0,0.0,0.0,,Cgl0268,0,0.0,0.0,ca2_e + na1_c --> ca2_c + na1_e
1821,CAt6pp_reverse_num8,0.014665370518215152,0.013402366512798775,0.01213936250738237,0.0,0.0,0.0,0.0,0.0,0.0,0.0,,Cgl2733,0,0.013402366512798775,0.0,ca2_e + na1_c --> ca2_c + na1_e
1822,CAt6pp_reverse_num9,0.0,0.0,0.0,0.0,0.0,0.0,0.0,0.0,0.0,0.0,,Cgl2734,0,0.0,0.0,ca2_e + na1_c --> ca2_c + na1_e
1823,MG2t3_2pp_reverse_num2,0.0,0.0,0.0,0.0,0.0,0.0,0.0,0.0,0.0,0.0,,Cgl0224,0,0.0,0.0,2.0 h_e + mg2_c --> 2.0 h_c + mg2_e
1824,NH4tpp_reverse_num2,0.0,0.0,0.0,0.0,0.0,0.0,0.0,0.0,0.0,0.0,,Cgl1583,0,0.0,0.0,nh4_c --> nh4_e
1825,MI2DH_reverse_num2,0.0,0.0,0.0,0.0,0.0,0.0,0.0,0.0,0.0,0.0,,Cgl2110,0,0.0,0.0,2ins_c + h_c + nadh_c --> inost_c + nad_c
1826,MI2DH_reverse_num3,0.0,0.0,0.0,0.0,0.0,0.0,0.0,0.0,0.0,0.0,,Cgl3062,0,0.0,0.0,2ins_c + h_c + nadh_c --> inost_c + nad_c
1827,MI2DH_reverse_num4,0.0,0.0,0.0,0.0,0.0,0.0,0.0,0.0,0.0,0.0,,Cgl3063,0,0.0,0.0,2ins_c + h_c + nadh_c --> inost_c + nad_c
1828,UAGAAT_reverse_num2,0.0,0.0,0.0,0.0,0.0,0.0,0.0,0.0,0.0,0.0,,Cgl2254,0,0.0,0.0,ACP_c + u3aga_c --> 3hmrsACP_c + uacgam_c
1829,UAGAAT_reverse_num3,0.0,0.0,0.0,0.0,0.0,0.0,0.0,0.0,0.0,0.0,,cg3050,0,0.0,0.0,ACP_c + u3aga_c --> 3hmrsACP_c + uacgam_c
1830,UAGAAT_reverse_num4,0.0,0.0,0.0,0.0,0.0,0.0,0.0,0.0,0.0,0.0,,Cgl2858,0,0.0,0.0,ACP_c + u3aga_c --> 3hmrsACP_c + uacgam_c
1831,UAGAAT_reverse_num5,0.0,0.0,0.0,0.0,0.0,0.0,0.0,0.0,0.0,0.0,,Cgl2892,0,0.0,0.0,ACP_c + u3aga_c --> 3hmrsACP_c + uacgam_c
1832,ACOATA_reverse_num2,0.0,0.0,0.0,0.0,0.0,0.0,0.0,0.0,0.0,0.0,,Cgl2254,0,0.0,0.0,acACP_c + coa_c --> ACP_c + accoa_c
1833,ACOATA_reverse_num3,0.0,0.0,0.0,0.0,0.0,0.0,0.0,0.0,0.0,0.0,,cg3050,0,0.0,0.0,acACP_c + coa_c --> ACP_c + accoa_c
1834,ACOATA_reverse_num4,0.0,0.0,0.0,0.0,0.0,0.0,0.0,0.0,0.0,0.0,,Cgl2858,0,0.0,0.0,acACP_c + coa_c --> ACP_c + accoa_c
1835,ACOATA_reverse_num5,0.0,0.0,0.0,0.0,0.0,0.0,0.0,0.0,0.0,0.0,,Cgl2892,0,0.0,0.0,acACP_c + coa_c --> ACP_c + accoa_c
1836,MCOATA_reverse_num2,0.0,0.0,0.0,0.0,0.0,0.0,0.0,0.0,0.0,0.0,,Cgl2254,0,0.0,0.0,coa_c + malACP_c --> ACP_c + malcoa_c
1837,MCOATA_reverse_num3,0.0,0.0,0.0,0.0,0.0,0.0,0.0,0.0,0.0,0.0,,cg3050,0,0.0,0.0,coa_c + malACP_c --> ACP_c + malcoa_c
1838,MCOATA_reverse_num4,0.0,0.0,0.0,0.0,0.0,0.0,0.0,0.0,0.0,0.0,,Cgl2858,0,0.0,0.0,coa_c + malACP_c --> ACP_c + malcoa_c
1839,MCOATA_reverse_num5,0.0,0.0,0.0,0.0,0.0,0.0,0.0,0.0,0.0,0.0,,Cgl2892,0,0.0,0.0,coa_c + malACP_c --> ACP_c + malcoa_c
1840,ALCD2x_reverse_num2,0.0,0.0,0.0,0.0,0.0,0.0,0.0,0.0,0.0,0.0,,Cgl0222,0,0.0,0.0,acald_c + h_c + nadh_c --> etoh_c + nad_c
1841,LEUt2rpp_reverse_num2,0.0,0.0,0.0,0.0,0.0,0.0,0.0,0.0,0.0,0.0,,Cgl0259,0,0.0,0.0,h_c + leu__L_c --> h_e + leu__L_e
1842,LEUt2rpp_reverse_num3,0.0,0.0,0.0,0.0,0.0,0.0,0.0,0.0,0.0,0.0,,Cgl2310,0,0.0,0.0,h_c + leu__L_c --> h_e + leu__L_e
1843,PSERtex_reverse_num2,0.0,0.0,0.0,0.0,0.0,0.0,0.0,0.0,0.0,0.0,,Cgl0575,0,0.0,0.0,pser__L_c --> pser__L_e
1844,PSERtex_reverse_num3,0.0,0.0,0.0,0.0,0.0,0.0,0.0,0.0,0.0,0.0,,Cgl0876,0,0.0,0.0,pser__L_c --> pser__L_e
1845,PSERtex_reverse_num4,0.0,0.0,0.0,0.0,0.0,0.0,0.0,0.0,0.0,0.0,,Cgl1093,0,0.0,0.0,pser__L_c --> pser__L_e
1846,URAt2rpp_reverse_num2,0.0,0.0,0.0,0.0,0.0,0.0,0.0,0.0,0.0,0.0,,Cgl2358,0,0.0,0.0,h_c + ura_c --> h_e + ura_e
1847,PHETA1_reverse_num2,0.0,0.0,0.0,0.0,0.0,0.0,0.0,0.0,0.0,0.0,,Cgl2101,0,0.0,0.0,akg_c + phe__L_c --> glu__L_c + phpyr_c
1848,SHK3Dr_reverse_num2,0.0,0.0,0.0,0.0,0.0,0.0,0.0,0.0,0.0,0.0,,Cgl1629,0,0.0,0.0,nadp_c + skm_c --> 3dhsk_c + h_c + nadph_c
1849,TYRTA_reverse_num2,0.0,0.0,0.0,0.0,0.0,0.0,0.0,0.0,0.0,0.0,,Cgl2101,0,0.0,0.0,akg_c + tyr__L_c --> 34hpp_c + glu__L_c
1850,EX_fe2_e_reverse,0.04091590284313573,0.03739216308409437,0.03386842332505293,0.03034468356601144,0.026866119957726843,0.02334238019868532,0.019818640439643948,0.014646417356706139,0.007619413018185764,0.0005924086796654674,,,0,0.03739216308409437,-2.295, --> fe2_e
1851,EX_fe3_e_reverse,0.0,0.0,0.0,0.0,0.0,0.0,0.0,0.0,0.0,0.0,,,0,0.0,0.0, --> fe3_e
