	formula	contained C	name
atp_c	C10H12N5O13P3	Yes	ATP C10H12N5O13P3
f6p_c	C6H11O9P	Yes	D-Fructose 6-phosphate
coa_c	C21H32N7O16P3S	Yes	Coenzyme A
pyr_c	C3H3O3	Yes	Pyruvate
g6p_c	C6H11O9P	Yes	D-Glucose 6-phosphate
3pg_c	C3H4O7P	Yes	3-Phospho-D-glycerate
6pgl_c	C6H9O9P	Yes	"6-phospho-D-glucono-1,5-lactone"
h2o_c		No	H2O H2O
acald_c	C2H4O	Yes	Acetaldehyde
nad_c	C21H26N7O14P2	Yes	Nicotinamide adenine dinucleotide
akg_e	C5H4O5	Yes	2-Oxoglutarate
h_e		No	H+
2pg_c	C3H4O7P	Yes	D-Glycerate 2-phosphate
pi_e		No	Phosphate
etoh_c	C2H6O	Yes	Ethanol
acald_e	C2H4O	Yes	Acetaldehyde
ac_c	C2H3O2	Yes	Acetate
co2_c	CO2	Yes	CO2 CO2
pep_c	C3H2O6P	Yes	Phosphoenolpyruvate
cit_c	C6H5O7	Yes	Citrate
acon_C_c	C6H3O6	Yes	Cis-Aconitate
oaa_c	C4H2O5	Yes	Oxaloacetate
ac_e	C2H3O2	Yes	Acetate
amp_c	C10H12N5O7P	Yes	AMP C10H12N5O7P
akg_c	C5H4O5	Yes	2-Oxoglutarate
adp_c	C10H12N5O10P2	Yes	ADP C10H12N5O10P2
pi_c		No	Phosphate
accoa_c	C23H34N7O17P3S	Yes	Acetyl-CoA
h_c		No	H+
e4p_c	C4H7O7P	Yes	D-Erythrose 4-phosphate
g3p_c	C3H5O6P	Yes	Glyceraldehyde 3-phosphate
gln__L_c	C5H10N2O3	Yes	L-Glutamine
glu__L_c	C5H8NO4	Yes	L-Glutamate
nadph_c	C21H26N7O17P3	Yes	Nicotinamide adenine dinucleotide phosphate - reduced
r5p_c	C5H9O8P	Yes	Alpha-D-Ribose 5-phosphate
pyr_e	C3H3O3	Yes	Pyruvate
co2_e	CO2	Yes	CO2 CO2
ru5p__D_c	C5H9O8P	Yes	D-Ribulose 5-phosphate
succ_e	C4H4O4	Yes	Succinate
o2_c		No	O2 O2
q8h2_c	C49H76O4	Yes	Ubiquinol-8
lac__D_e	C3H5O3	Yes	D-Lactate
succ_c	C4H4O4	Yes	Succinate
etoh_e	C2H6O	Yes	Ethanol
q8_c	C49H74O4	Yes	Ubiquinone-8
s7p_c	C7H13O10P	Yes	Sedoheptulose 7-phosphate
nadh_c	C21H27N7O14P2	Yes	Nicotinamide adenine dinucleotide - reduced
nadp_c	C21H25N7O17P3	Yes	Nicotinamide adenine dinucleotide phosphate
xu5p__D_c	C5H9O8P	Yes	D-Xylulose 5-phosphate
dhap_c	C3H5O6P	Yes	Dihydroxyacetone phosphate
for_e	CH1O2	Yes	Formate
fru_e	C6H12O6	Yes	D-Fructose
fum_e	C4H2O4	Yes	Fumarate
glc__D_e	C6H12O6	Yes	D-Glucose
gln__L_e	C5H10N2O3	Yes	L-Glutamine
glu__L_e	C5H8NO4	Yes	L-Glutamate
h2o_e		No	H2O H2O
mal__L_e	C4H4O5	Yes	L-Malate
nh4_e		No	Ammonium
o2_e		No	O2 O2
fdp_c	C6H10O12P2	Yes	"D-Fructose 1,6-bisphosphate"
fum_c	C4H2O4	Yes	Fumarate
nh4_c		No	Ammonium
6pgc_c	C6H10O10P	Yes	6-Phospho-D-gluconate
icit_c	C6H5O7	Yes	Isocitrate
lac__D_c	C3H5O3	Yes	D-Lactate
glx_c	C2H1O3	Yes	Glyoxylate
mal__L_c	C4H4O5	Yes	L-Malate
cd2_e	Cd	No	Cadmium
3ooctACP_c	C19H33N2O9PRS	Yes	3-Oxooctanoyl-[acyl-carrier protein]
cbi_e	C48H72CoN11O8	Yes	Cobinamide
cbl1_e	C62H88CoN13O14P	Yes	Cob(I)alamin
2agpe120_c	C17H36NO7P1	Yes	2-Acyl-sn-glycero-3-phosphoethanolamine (n-C12:0)
ddca_c	C12H23O2	Yes	Dodecanoate (n-C12:0)
2agpe140_c	C19H40NO7P1	Yes	2-Acyl-sn-glycero-3-phosphoethanolamine (n-C14:0)
ttdca_c	C14H27O2	Yes	Tetradecanoate (n-C14:0)
malACP_c	C14H22N2O10PRS	Yes	Malonyl-[acyl-carrier protein]
ocACP_c	C19H35N2O8PRS	Yes	Octanoyl-ACP (n-C8:0ACP)
12dgr120_p	C27H52O5	Yes	"1,2-Diacyl-sn-glycerol (didodecanoyl, n-C12:0)"
2agpe141_c	C19H38NO7P1	Yes	2-Acyl-sn-glycero-3-phosphoethanolamine (n-C14:1)
ttdcea_c	C14H25O2	Yes	Tetradecenoate (n-C14:1)
dcaACP_c	C21H39N2O8PRS	Yes	Decanoyl-ACP (n-C10:0ACP)
2agpe160_c	C21H44NO7P1	Yes	2-Acyl-sn-glycero-3-phosphoethanolamine (n-C16:0)
hdca_c	C16H31O2	Yes	Hexadecanoate (n-C16:0)
2agpe161_c	C21H42NO7P1	Yes	2-Acyl-sn-glycero-3-phosphoethanolamine (n-C16:1)
hdcea_c	C16H29O2	Yes	Hexadecenoate (n-C16:1)
2agpe180_c	C23H48NO7P1	Yes	2-Acyl-sn-glycero-3-phosphoethanolamine (n-C18:0)
ocdca_c	C18H35O2	Yes	Octadecanoate (n-C18:0)
12dgr140_p	C31H60O5	Yes	"1,2-Diacyl-sn-glycerol (ditetradecanoyl, n-C14:0)"
2agpe181_c	C23H46NO7P1	Yes	2-Acyl-sn-glycero-3-phosphoethanolamine (n-C18:1)
ocdcea_c	C18H33O2	Yes	Octadecenoate (n-C18:1)
cdec3eACP_c	C21H37N2O8PRS	Yes	Cis-dec-3-enoyl-[acyl-carrier protein] (n-C10:1)
2agpg120_p	C18H36O9P1	Yes	2-Acyl-sn-glycero-3-phosphoglycerol (n-C12:0)
2agpg140_p	C20H40O9P1	Yes	2-Acyl-sn-glycero-3-phosphoglycerol (n-C14:0)
12dgr141_p	C31H56O5	Yes	"1,2-Diacyl-sn-glycerol (ditetradec-7-enoyl, n-C14:1)"
12dgr160_p	C35H68O5	Yes	"1,2-Diacyl-sn-glycerol (dihexadecanoyl, n-C16:0)"
12dgr161_p	C35H64O5	Yes	"1,2-Diacyl-sn-glycerol (dihexadec-9-enoyl, n-C16:1)"
2agpg141_p	C20H38O9P1	Yes	2-Acyl-sn-glycero-3-phosphoglycerol (n-C14:1)
12dgr180_p	C39H76O5	Yes	"1,2-Diacyl-sn-glycerol (dioctadecanoyl, n-C18:0)"
ddcaACP_c	C23H43N2O8PRS	Yes	Dodecanoyl-ACP (n-C12:0ACP)
12dgr181_p	C39H72O5	Yes	"1,2-Diacyl-sn-glycerol (dioctadec-11-enoyl, n-C18:1)"
2agpg160_p	C22H44O9P1	Yes	2-Acyl-sn-glycero-3-phosphoglycerol (n-C16:0)
cddec5eACP_c	C23H41N2O8PRS	Yes	Cis-dodec-5-enoyl-[acyl-carrier protein] (n-C12:1)
2agpg161_p	C22H42O9P1	Yes	2-Acyl-sn-glycero-3-phosphoglycerol (n-C16:1)
2agpg180_p	C24H48O9P1	Yes	2-Acyl-sn-glycero-3-phosphoglycerol (n-C18:0)
2agpg181_p	C24H46O9P1	Yes	2-Acyl-sn-glycero-3-phosphoglycerol (n-C18:1)
2agpg120_c	C18H36O9P1	Yes	2-Acyl-sn-glycero-3-phosphoglycerol (n-C12:0)
2agpg140_c	C20H40O9P1	Yes	2-Acyl-sn-glycero-3-phosphoglycerol (n-C14:0)
2agpg141_c	C20H38O9P1	Yes	2-Acyl-sn-glycero-3-phosphoglycerol (n-C14:1)
2agpg160_c	C22H44O9P1	Yes	2-Acyl-sn-glycero-3-phosphoglycerol (n-C16:0)
2agpg161_c	C22H42O9P1	Yes	2-Acyl-sn-glycero-3-phosphoglycerol (n-C16:1)
2agpg180_c	C24H48O9P1	Yes	2-Acyl-sn-glycero-3-phosphoglycerol (n-C18:0)
myrsACP_c	C25H47N2O8PRS	Yes	Myristoyl-ACP (n-C14:0ACP)
2agpg181_c	C24H46O9P1	Yes	2-Acyl-sn-glycero-3-phosphoglycerol (n-C18:1)
tdeACP_c	C25H45N2O8PRS	Yes	Cis-tetradec-7-enoyl-[acyl-carrier protein] (n-C14:1)
palmACP_c	C27H51N2O8PRS	Yes	Palmitoyl-ACP (n-C16:0ACP)
hdeACP_c	C27H49N2O8PRS	Yes	Cis-hexadec-9-enoyl-[acyl-carrier protein] (n-C16:1)
butACP_c	C15H27N2O8PRS	Yes	Butyryl-ACP (n-C4:0ACP)
hexACP_c	C17H31N2O8PRS	Yes	Hexanoyl-ACP (n-C6:0ACP)
oxadpcoa_c	C27H37N7O20P3S	Yes	3-Oxoadipyl-CoA
LalaDgluMdap_p	C15H25N4O8	Yes	"L-alanine-D-glutamate-meso-2,6-diaminoheptanedioate"
12ppd__S_e	C3H8O2	Yes	"(S)-Propane-1,2-diol"
LalaDgluMdap_e	C15H25N4O8	Yes	"L-alanine-D-glutamate-meso-2,6-diaminoheptanedioate"
2dhglcn_c	C6H9O7	Yes	2-Dehydro-D-gluconate
3hppnl_c	C3H6O2	Yes	3-Hydroxypropanal
2dhguln_c	C6H9O7	Yes	2-Dehydro-L-gulonate
3ump_e	C9H11N2O9P	Yes	3  UMP C9H11N2O9P
13ppd_e		No	"1,3-Propanediol"
13ppd_p		No	"1,3-Propanediol"
dopa_p	C8H12NO2	Yes	Dopamine
h2o_p		No	H2O H2O
o2_p		No	O2 O2
14glucan_p	C36H62O31	Yes	"1,4-alpha-D-glucan"
4hoxpacd_e	C8H8O2	Yes	4-Hydroxyphenylacetaldehyde
14glucan_e	C36H62O31	Yes	"1,4-alpha-D-glucan"
23camp_e	C10H11N5O6P	Yes	"2',3'-Cyclic AMP"
23ccmp_e	C9H11N3O7P	Yes	"2',3'-Cyclic CMP"
23cgmp_e	C10H11N5O7P	Yes	"2',3'-Cyclic GMP"
23cump_e	C9H10N2O8P	Yes	"2',3'-Cyclic UMP"
23dappa_p	C3H9N2O2	Yes	"2,3-diaminopropionate"
h_p		No	H+
2ins_c	C6H10O6	Yes	2-Inosose
2mahmp_c	C6H8N3O7P2	Yes	2-Methyl-4-amino-5-hydroxymethylpyrimidine diphosphate
phthr_c	C4H8NO7P	Yes	O-Phospho-4-hydroxy-L-threonine
34dhpac_e	C8H8O3	Yes	"3,4-Dihydroxyphenylacetaldehyde"
3amp_e	C10H12N5O7P	Yes	3  AMP C10H12N5O7P
23dappa_e	C3H9N2O2	Yes	"2,3-diaminopropionate"
23cump_p	C9H10N2O8P	Yes	"2',3'-Cyclic UMP"
23ccmp_p	C9H11N3O7P	Yes	"2',3'-Cyclic CMP"
3cmp_e	C9H12N3O8P	Yes	3  CMP C9H12N3O8P
23camp_p	C10H11N5O6P	Yes	"2',3'-Cyclic AMP"
LalaDgluMdapDala_c	C18H30N5O9	Yes	"L-alanine-D-glutamate-meso-2,6-diaminoheptanedioate-D-alanine"
23cgmp_p	C10H11N5O7P	Yes	"2',3'-Cyclic GMP"
3gmp_e	C10H12N5O8P	Yes	Guanosine 3  phosphate C10H12N5O8P
3hdecACP_c	C21H39N2O9PRS	Yes	(R)-3-Hydroxydecanoyl-[acyl-carrier protein]
3hddecACP_c	C23H43N2O9PRS	Yes	(R)-3-Hydroxydodecanoyl-[acyl-carrier protein]
LalaDgluMdapDala_p	C18H30N5O9	Yes	"L-alanine-D-glutamate-meso-2,6-diaminoheptanedioate-D-alanine"
3hcddec5eACP_c	C23H41N2O9PRS	Yes	(R)-3-hydroxy-cis-dodec-5-enoyl-[acyl-carrier protein]
26dap__M_e	C7H14N2O4	Yes	"Meso-2,6-Diaminoheptanedioate"
2ddecg3p_p	C15H30O7P1	Yes	2-dodecanoyl-sn-glycerol 3-phosphate
2tdecg3p_p	C17H34O7P1	Yes	2-tetradecanoyl-sn-glycerol 3-phosphate
3hmrsACP_c	C25H47N2O9PRS	Yes	(R)-3-Hydroxytetradecanoyl-[acyl-carrier protein]
3hcmrs7eACP_c	C25H45N2O9PRS	Yes	(R)-3-hydroxy-cis-myristol-7-eoyl-[acyl-carrier protein]
3hpalmACP_c	C27H51N2O9PRS	Yes	R-3-hydroxypalmitoyl-[acyl-carrier protein]
2tdec7eg3p_p	C17H32O7P1	Yes	2-tetradec-7-enoyl-sn-glycerol 3-phosphate
2hdecg3p_p	C19H38O7P1	Yes	2-hexadecanoyl-sn-glycerol 3-phosphate
2hdec9eg3p_p	C19H36O7P1	Yes	2-hexadec-9-enoyl-sn-glycerol 3-phosphate
2odecg3p_p	C21H42O7P1	Yes	2-octadecanoyl-sn-glycerol 3-phosphate
2odec11eg3p_p	C21H40O7P1	Yes	2-octadec-11-enoyl-sn-glycerol 3-phosphate
3hcpalm9eACP_c	C27H49N2O9PRS	Yes	(R)-3-hydroxy-cis-palm-9-eoyl-[acyl-carrier protein]
2agpe120_p	C17H36NO7P1	Yes	2-Acyl-sn-glycero-3-phosphoethanolamine (n-C12:0)
3hoctaACP_c	C29H55N2O9PRS	Yes	(R)-3-Hydroxyoctadecanoyl-[acyl-carrier protein]
3hcvac11eACP_c	C29H53N2O9PRS	Yes	(R)-3-hydroxy-cis-vacc-11-enoyl-[acyl-carrier protein]
2agpe140_p	C19H40NO7P1	Yes	2-Acyl-sn-glycero-3-phosphoethanolamine (n-C14:0)
2agpe141_p	C19H38NO7P1	Yes	2-Acyl-sn-glycero-3-phosphoethanolamine (n-C14:1)
3haACP_c	C15H27N2O9PRS	Yes	(3R)-3-Hydroxyacyl-[acyl-carrier protein]
2agpe160_p	C21H44NO7P1	Yes	2-Acyl-sn-glycero-3-phosphoethanolamine (n-C16:0)
3hhexACP_c	C17H31N2O9PRS	Yes	(R)-3-Hydroxyhexanoyl-[acyl-carrier protein]
LalaDgluMdapDala_e	C18H30N5O9	Yes	"L-alanine-D-glutamate-meso-2,6-diaminoheptanedioate-D-alanine"
3hoctACP_c	C19H35N2O9PRS	Yes	(R)-3-Hydroxyoctanoyl-[acyl-carrier protein]
2agpe161_p	C21H42NO7P1	Yes	2-Acyl-sn-glycero-3-phosphoethanolamine (n-C16:1)
2agpe180_p	C23H48NO7P1	Yes	2-Acyl-sn-glycero-3-phosphoethanolamine (n-C18:0)
3hcinnm_c	C9H7O3	Yes	3-hydroxycinnamic acid
5dglcn_e	C6H9O7	Yes	5-Dehydro-D-gluconate
3hpppn_c	C9H9O3	Yes	3-(3-hydroxy-phenyl)propionate
2agpe181_p	C23H46NO7P1	Yes	2-Acyl-sn-glycero-3-phosphoethanolamine (n-C18:1)
3ump_p	C9H11N2O9P	Yes	3  UMP C9H11N2O9P
dad_5_c	C10H13N5O3	Yes	5'-Deoxyadenosine
3cmp_p	C9H12N3O8P	Yes	3  CMP C9H12N3O8P
3amp_p	C10H12N5O7P	Yes	3  AMP C10H12N5O7P
3gmp_p	C10H12N5O8P	Yes	Guanosine 3  phosphate C10H12N5O8P
acgal_e	C8H15NO6	Yes	N-Acetyl-D-galactosamine
acgam1p_e	C8H14NO9P	Yes	N-Acetyl-D-glucosamine 1-phosphate
acgam_c	C8H15NO6	Yes	N-Acetyl-D-glucosamine
uacgam_c	C17H25N3O17P2	Yes	UDP-N-acetyl-D-glucosamine
udcpp_c	C55H89O4P	Yes	Undecaprenyl phosphate
ACP_c	C11H21N2O7PRS	Yes	Acyl carrier protein
acgam_p	C8H15NO6	Yes	N-Acetyl-D-glucosamine
acgam_e	C8H15NO6	Yes	N-Acetyl-D-glucosamine
acglu_c	C7H9NO5	Yes	N-Acetyl-L-glutamate
2obut_c	C4H5O3	Yes	2-Oxobutanoate
3oxoadp_c	C6H6O5	Yes	3-Oxoadipate
succoa_c	C25H35N7O19P3S	Yes	Succinyl-CoA
3odecACP_c	C21H37N2O9PRS	Yes	3-Oxodecanoyl-[acyl-carrier protein]
3oddecACP_c	C23H41N2O9PRS	Yes	3-Oxododecanoyl-[acyl-carrier protein]
3ocddec5eACP_c	C23H39N2O9PRS	Yes	3-oxo-cis-dodec-5-enoyl-[acyl-carrier protein]
3omrsACP_c	C25H45N2O9PRS	Yes	3-Oxotetradecanoyl-[acyl-carrier protein]
alac__S_c	C5H7O4	Yes	(S)-2-Acetolactate
3ocmrs7eACP_c	C25H43N2O9PRS	Yes	3-oxo-cis-myristol-7-eoyl-[acyl-carrier protein]
thmpp_c	C12H16N4O7P2S	Yes	Thiamine diphosphate
dca_c	C10H19O2	Yes	Decanoate (n-C10:0)
uacmamu_c	C17H22N3O18P2	Yes	UDP-N-acetyl-D-mannosaminouronate
unaga_c	C63H103NO12P2	Yes	Undecaprenyl diphospho N-acetyl-glucosamine
acmana_p	C8H15NO6	Yes	N-Acetyl-D-mannosamine
acmana_e	C8H15NO6	Yes	N-Acetyl-D-mannosamine
3opalmACP_c	C27H49N2O9PRS	Yes	3-Oxohexadecanoyl-[acyl-carrier protein]
3ocpalm9eACP_c	C27H47N2O9PRS	Yes	3-oxo-cis-palm-9-eoyl-[acyl-carrier protein]
3ooctdACP_c	C29H53N2O9PRS	Yes	3-Oxooctadecanoyl-[acyl-carrier protein]
3ocvac11eACP_c	C29H51N2O9PRS	Yes	3-oxo-cis-vacc-11-enoyl-[acyl-carrier protein]
actACP_c	C15H25N2O9PRS	Yes	Acetoacetyl-ACP
3ohexACP_c	C17H29N2O9PRS	Yes	3-Oxohexanoyl-[acyl-carrier protein]
acmum_p	C11H18NO8	Yes	N-Acetylmuramate
acmum_e	C11H18NO8	Yes	N-Acetylmuramate
octa_c	C8H15O2	Yes	Octanoate (n-C8:0)
btcoa_c	C25H38N7O17P3S	Yes	Butanoyl-CoA
fad_c	C27H31N9O15P2	Yes	Flavin adenine dinucleotide oxidized
adn_c	C10H13N5O4	Yes	Adenosine
hxcoa_c	C27H42N7O17P3S	Yes	Hexanoyl-CoA (n-C6:0CoA)
dtdp4aaddg_c	C18H27N3O15P2	Yes	"DTDP-4-acetamido-4,6-dideoxy-D-galactose"
unagamu_c	C71H113N2O18P2	Yes	Undecaprenyl-diphospho-N-acetylglucosamine-N-acetylmannosaminuronate
occoa_c	C29H46N7O17P3S	Yes	Octanoyl-CoA (n-C8:0CoA)
dcacoa_c	C31H50N7O17P3S	Yes	Decanoyl-CoA (n-C10:0CoA)
adn_p	C10H13N5O4	Yes	Adenosine
14glucan_c	C36H62O31	Yes	"1,4-alpha-D-glucan"
adn_e	C10H13N5O4	Yes	Adenosine
adocbi_c	C58H84CoN16O11	Yes	Adenosyl cobinamide
ddcacoa_c	C33H54N7O17P3S	Yes	Dodecanoyl-CoA (n-C12:0CoA)
tdcoa_c	C35H58N7O17P3S	Yes	Tetradecanoyl-CoA (n-C14:0CoA)
pmtcoa_c	C37H62N7O17P3S	Yes	Palmitoyl-CoA (n-C16:0CoA)
stcoa_c	C39H66N7O17P3S	Yes	Stearoyl-CoA (n-C18:0CoA)
agdpcbi_c	C68H95CoN21O21P2	Yes	Adenosine-GDP-cobinamide
rdmbzi_c	C14H18N2O4	Yes	"N1-(alpha-D-ribosyl)-5,6-dimethylbenzimidazole"
adocbl_p	C72H100CoN18O17P	Yes	Adenosylcobalamin
adocbl_e	C72H100CoN18O17P	Yes	Adenosylcobalamin
adprib_c	C15H21N5O14P2	Yes	ADPribose C15H21N5O14P2
ade_c	C5H5N5	Yes	Adenine
prpp_c	C5H8O14P3	Yes	5-Phospho-alpha-D-ribose 1-diphosphate
aps_c	C10H12N5O10PS	Yes	Adenosine 5'-phosphosulfate
acorn_c	C7H14N2O3	Yes	N2-Acetyl-L-ornithine
dcamp_c	C14H14N5O11P	Yes	"N6-(1,2-Dicarboxyethyl)-AMP"
arbt6p_c	C12H15O10P	Yes	Arbutin 6-phosphate
25aics_c	C13H15N4O12P	Yes	(S)-2-[5-Amino-1-(5-phospho-D-ribosyl)imidazole-4-carboxamido]succinate
asp__L_c	C4H6NO4	Yes	L-Aspartate
gtp_c	C10H12N5O14P3	Yes	GTP C10H12N5O14P3
imp_c	C10H11N4O8P	Yes	IMP C10H11N4O8P
acgam6p_c	C8H14NO9P	Yes	N-Acetyl-D-glucosamine 6-phosphate
acolipa_p	C181H314N3O103P4	Yes	4-Amino-4-deoxy-L-arabinose modified core oligosaccharide lipid A
acon_T_c	C6H3O6	Yes	Trans-Aconitate
amet_c	C15H23N6O5S	Yes	S-Adenosyl-L-methionine
4abut_c	C4H9NO2	Yes	4-Aminobutanoate
anhgm3p_c	C34H52N6O19	Yes	N-Acetyl-D-glucosamine(anhydrous)N-Acetylmuramyl-tripeptide
anhgm3p_p	C34H52N6O19	Yes	N-Acetyl-D-glucosamine(anhydrous)N-Acetylmuramyl-tripeptide
abt__D_c	C5H12O5	Yes	D-Arabitol
apoACP_c	C373H583N94O136S2	Yes	Apoprotein [acyl carrier protein]
4abutn_c	C4H10NO	Yes	4-Aminobutanal
anhgm4p_c	C37H57N7O20	Yes	N-Acetyl-D-glucosamine(anhydrous)N-Acetylmuramyl-tetrapeptide
anhgm4p_p	C37H57N7O20	Yes	N-Acetyl-D-glucosamine(anhydrous)N-Acetylmuramyl-tetrapeptide
acser_e	C5H9NO4	Yes	O-Acetyl-L-serine
acser_c	C5H9NO4	Yes	O-Acetyl-L-serine
4abut_p	C4H9NO2	Yes	4-Aminobutanoate
actn__R_c	C4H8O2	Yes	 R  Acetoin C4H8O2
anhgm_c	C19H29N2O12	Yes	N-Acetyl-D-glucosamine(anhydrous)N-Acetylmuramic acid
adphep_DD_c	C17H25N5O16P2	Yes	ADP-D-glycero-D-manno-heptose
ac_p	C2H3O2	Yes	Acetate
na1_p		No	Sodium
4abut_e	C4H9NO2	Yes	4-Aminobutanoate
4adcho_c	C10H10NO5	Yes	4-amino-4-deoxychorismate
agm_p	C5H16N4	Yes	Agmatine
ptrc_c	C4H14N2	Yes	Putrescine
agm_c	C5H16N4	Yes	Agmatine
anhgm_p	C19H29N2O12	Yes	N-Acetyl-D-glucosamine(anhydrous)N-Acetylmuramic acid
adcobhex_c	C55H76CoN15O11	Yes	Adenosyl-cobyric acid
appl_c	C3H10NO	Yes	1-Aminopropan-2-ol
acald_p	C2H4O	Yes	Acetaldehyde
chor_c	C10H8O6	Yes	Chorismate
agm_e	C5H16N4	Yes	Agmatine
1ddecg3p_c	C15H29O7P1	Yes	1-dodecanoyl-sn-glycerol 3-phosphate
1tdecg3p_c	C17H33O7P1	Yes	1-tetradecanoyl-sn-glycerol 3-phosphate
anth_c	C7H6NO2	Yes	Anthranilate
adocbip_c	C58H83CoN16O14P	Yes	Adenosyl cobinamide phosphate
hco3_c	CHO3	Yes	Bicarbonate
acgal1p_e	C8H14NO9P	Yes	N-Acetyl-D-galactosamine 1-phosphate
adcobdam_c	C55H68CoN11O15	Yes	Adenosyl cobyrinate diamide
1tdec7eg3p_c	C17H31O7P1	Yes	1-tetradec-7-enoyl-sn-glycerol 3-phosphate
ala__L_e	C3H7NO2	Yes	L-Alanine
1hdecg3p_c	C19H37O7P1	Yes	1-hexadecanoyl-sn-glycerol 3-phosphate
1hdec9eg3p_c	C19H35O7P1	Yes	1-hexadec-9-enoyl-sn-glycerol 3-phosphate
1odecg3p_c	C21H41O7P1	Yes	1-octadecanoyl-sn-glycerol 3-phosphate
ocdcaACP_c	C29H55N2O8PRS	Yes	Octadecanoyl-ACP (n-C18:0ACP)
1odec11eg3p_c	C21H39O7P1	Yes	1-octadec-11-enoyl-sn-glycerol 3-phosphate
octeACP_c	C29H53N2O8PRS	Yes	Cis-octadec-11-enoyl-[acyl-carrier protein] (n-C18:1)
acg5sa_c	C7H10NO4	Yes	N-Acetyl-L-glutamate 5-semialdehyde
ag_c	Ag	No	Silver
ade_p	C5H5N5	Yes	Adenine
ade_e	C5H5N5	Yes	Adenine
itp_c	C10H11N4O14P3	Yes	ITP C10H11N4O14P3
arg__L_c	C6H15N4O2	Yes	L-Arginine
arg__L_e	C6H15N4O2	Yes	L-Arginine
ahcys_c	C14H20N6O5S	Yes	S-Adenosyl-L-homocysteine
dkmpp_c	C6H9O6PS	Yes	"2,3-diketo-5-methylthio-1-phosphopentane"
glyald_c	C3H6O3	Yes	D-Glyceraldehyde
aspsa_c	C4H7NO3	Yes	L-Aspartate 4-semialdehyde
ascb6p_c	C6H7O9P	Yes	L-ascorbate-6-phosphate
10fthf_c	C20H21N7O7	Yes	10-Formyltetrahydrofolate
aicar_c	C9H13N4O8P	Yes	5-Amino-1-(5-Phospho-D-ribosyl)imidazole-4-carboxamide
air_c	C8H12N3O7P	Yes	5-amino-1-(5-phospho-D-ribosyl)imidazole
5aizc_c	C9H11N3O9P	Yes	5-amino-1-(5-phospho-D-ribosyl)imidazole-4-carboxylate
ascb__L_p	C6H8O6	Yes	L-Ascorbate
ascb__L_e	C6H8O6	Yes	L-Ascorbate
asn__L_c	C4H8N2O3	Yes	L-Asparagine
akg_p	C5H4O5	Yes	2-Oxoglutarate
alaala_p	C6H12N2O3	Yes	D-Alanyl-D-alanine
ala__D_c	C3H7NO2	Yes	D-Alanine
alaala_e	C6H12N2O3	Yes	D-Alanyl-D-alanine
LalaDglu_c	C8H13N2O5	Yes	L-alanine-D-glutamate
asn__L_p	C4H8N2O3	Yes	L-Asparagine
trnaasn_c	C10H17O10PR2	Yes	TRNA Asn  C10H17O10PR2
asn__L_e	C4H8N2O3	Yes	L-Asparagine
aso3_c	AsO3	No	Arsenite
ppal_c	C3H6O	Yes	Propanal
aso3_e	AsO3	No	Arsenite
cbp_c	CH2NO5P	Yes	Carbamoyl phosphate
pacald_c	C8H8O	Yes	Phenylacetaldehyde
ala__L_c	C3H7NO2	Yes	L-Alanine
pydx5p_c	C8H8NO6P	Yes	Pyridoxal 5'-phosphate
mqn8_c	C51H72O2	Yes	Menaquinone 8
trnaala_c	C15H23O16P2R3	Yes	TRNA(Ala)
ala__L_p	C3H7NO2	Yes	L-Alanine
trnaasp_c	C15H23O16P2R3	Yes	TRNA(Asp)
asp__L_p	C4H6NO4	Yes	L-Aspartate
all6p_c	C6H11O9P	Yes	D-Allose 6-phosphate
asp__L_e	C4H6NO4	Yes	L-Aspartate
bz12diol_c	C7H7O4	Yes	"Cis-1,2-Dihydroxycyclohexa-3,5-diene-1-carboxylate"
alltt_c	C4H7N4O4	Yes	Allantoate
alltn_c	C4H6N4O3	Yes	Allantoin
bz_e	C7H5O2	Yes	Benzoate
allul6p_c	C6H11O9P	Yes	Allulose 6-phosphate
athr__L_c	C4H9NO3	Yes	L-Allo-threonine
all__D_e	C6H12O6	Yes	D-Allose
ala_B_p	C3H7NO2	Yes	Beta-Alanine
ala_B_e	C3H7NO2	Yes	Beta-Alanine
betald_c	C5H12NO	Yes	Betaine aldehyde
ca2_c		No	Calcium
ca2_e		No	Calcium
alpp_p	X	No	Applipoprotein
pe160_p	C37H74N1O8P1	Yes	"Phosphatidylethanolamine (dihexadecanoyl, n-C16:0)"
15dap_c	C5H16N2	Yes	"1,5-Diaminopentane"
lys__L_p	C6H15N2O2	Yes	L-Lysine
h2o2_c		No	Hydrogen peroxide
cellb_c	C12H22O11	Yes	Cellobiose
fmnh2_c	C17H21N4O9P	Yes	Reduced FMN
pap_c	C10H11N5O10P2	Yes	"Adenosine 3',5'-bisphosphate"
btnso_c	C10H15N2O4S	Yes	D-biotin d-sulfoxide
catechol_c	C6H6O2	Yes	Catechol
cbi_c	C48H72CoN11O8	Yes	Cobinamide
pg160_p	C38H74O10P1	Yes	"Phosphatidylglycerol (dihexadecanoyl, n-C16:0)"
cbi_p	C48H72CoN11O8	Yes	Cobinamide
cbl1_p	C62H88CoN13O14P	Yes	Cob(I)alamin
mthgxl_c	C3H4O2	Yes	Methylglyoxal
cbl1_c	C62H88CoN13O14P	Yes	Cob(I)alamin
btd_RR_c	C4H10O2	Yes	 R R  2 3 Butanediol C4H10O2
acetol_c	C3H6O2	Yes	Acetol cytosol
dtbt_c	C10H17N2O3	Yes	Dethiobiotin
s_c		No	Sulfur
cd2_c	Cd	No	Cadmium
but_c	C4H7O2	Yes	Butyrate (n-C4:0)
butso3_p	C4H9O3S	Yes	Butanesulfonate
butso3_e	C4H9O3S	Yes	Butanesulfonate
altrn_c	C6H11O7	Yes	D-Altronate
but_e	C4H7O2	Yes	Butyrate (n-C4:0)
cd2_p	Cd	No	Cadmium
cdpdddecg_c	C36H63N3O15P2	Yes	"CDP-1,2-didodecanoylglycerol"
bz_c	C7H5O2	Yes	Benzoate
anhm3p_c	C26H39N5O14	Yes	"1,6-anhydrous-N-Acetylmuramyl-tripeptide"
cdpdtdecg_c	C40H71N3O15P2	Yes	"CDP-1,2-ditetradecanoylglycerol"
cdpdtdec7eg_c	C40H67N3O15P2	Yes	"CDP-1,2-ditetradec-7-enoylglycerol"
cdpdhdecg_c	C44H79N3O15P2	Yes	"CDP-1,2-dihexadecanoylglycerol"
cdpdhdec9eg_c	C44H75N3O15P2	Yes	"CDP-1,2-dihexadec-9-enoylglycerol"
pg181_p	C42H78O10P1	Yes	"Phosphatidylglycerol (dioctadec-11-enoyl, n-C18:1)"
cl_p	Cl	No	Chloride
anhm4p_c	C29H44N6O15	Yes	"1,6-anhydrous-N-Acetylmuramyl-tetrapeptide"
cl_e	Cl	No	Chloride
cdpdodecg_c	C48H87N3O15P2	Yes	"CDP-1,2-dioctadecanoylglycerol"
cdpdodec11eg_c	C48H83N3O15P2	Yes	"CDP-1,2-dioctadec-11-enoylglycerol"
4c2me_c	C14H23N3O14P2	Yes	4-(cytidine 5'-diphospho)-2-C-methyl-D-erythritol
cellb_e	C12H22O11	Yes	Cellobiose
pe161_c	C37H70N1O8P1	Yes	"Phosphatidylethanolamine (dihexadec-9enoyl, n-C16:1)"
5cmhmsa_c	C8H6O6	Yes	2-Hydroxy-5-carboxymethylmuconate-Semialdehyde
5cmhm_c	C8H5O7	Yes	5-Carboxymethyl-2-hydroxymuconate
cmp_e	C9H12N3O8P	Yes	CMP C9H12N3O8P
pg161_c	C38H70O10P1	Yes	"Phosphatidylglycerol (dihexadec-9-enoyl, n-C16:1)"
malt_c	C12H22O11	Yes	Maltose C12H22O11
malttr_c	C18H32O16	Yes	Maltotriose C18H32O16
pe181_c	C41H78N1O8P1	Yes	"Phosphatidylethanolamine (dioctadec-11-enoyl, n-C18:1)"
co2_p	CO2	Yes	CO2 CO2
pg181_c	C42H78O10P1	Yes	"Phosphatidylglycerol (dioctadec-11-enoyl, n-C18:1)"
maltttr_c	C24H42O21	Yes	Maltotetraose
cobalt2_c		No	Co2+
cgly_p	C5H10N2O3S	Yes	Cys Gly C5H10N2O3S
maltpt_c	C30H52O26	Yes	Maltopentaose
cgly_e	C5H10N2O3S	Yes	Cys Gly C5H10N2O3S
cobalt2_e		No	Co2+
cobalt2_p		No	Co2+
colipa_c	C176H303N2O100P4	Yes	Core oligosaccharide lipid A
chol_p	C5H14NO	Yes	Choline C5H14NO
chol_e	C5H14NO	Yes	Choline C5H14NO
malthx_c	C36H62O31	Yes	Maltohexaose
3psme_c	C10H9O10P	Yes	5-O-(1-Carboxyvinyl)-3-phosphoshikimate
copre2_c	C42H38N4O16Co	Yes	Cobalt-precorrin-2
copre3_c	C43H40N4O16Co	Yes	Cobalt-precorrin 3
copre4_c	C44H43N4O16Co	Yes	Cobalt-precorrin 4
cit_e	C6H5O7	Yes	Citrate
acmanap_c	C8H14NO9P	Yes	N-Acetyl-D-mannosamine 6-phosphate
copre5_c	C45H45N4O16Co	Yes	Cobalt-precorrin 5
8aonn_c	C9H17NO3	Yes	8-Amino-7-oxononanoate
codhpre6_c	C44H47N4O16Co	Yes	Cobalt-dihydro-precorrin 6
copre6_c	C44H45N4O16Co	Yes	Cobalt-precorrin 6
na1_e		No	Sodium
lipa_cold_p	C114H202N2O39P2	Yes	Cold adapted KDO(2)-lipid (A)
copre8_c	C45H52N4O14Co	Yes	Cobalt-precorrin 8
clpn120_p	C57H108O17P2	Yes	"Cardiolipin (tetradodecanoyl, n-C12:0)"
2dmmql8_c	C50H72O2	Yes	2-Demethylmenaquinol 8
clpn140_p	C65H124O17P2	Yes	"Cardiolipin (tetratetradecanoyl, n-C14:0)"
clpn141_p	C65H116O17P2	Yes	"Cardiolipin (tetratetradec-7-enoyl, n-C14:1)"
cpgn_p	C35H52N6O13Fe	Yes	Coprogen
cpppg3_c	C36H40N4O8	Yes	Coproporphyrinogen III
clpn160_p	C73H140O17P2	Yes	"Cardiolipin (tetrahexadecanoyl, n-C16:0)"
clpn161_p	C73H132O17P2	Yes	"Cardiolipin (tetrahexadec-9-enoyl, n-C16:1)"
crn__D_p	C7H15NO3	Yes	D-Carnitine
crn_p	C7H15NO3	Yes	L-Carnitine
clpn180_p	C81H156O17P2	Yes	"Cardiolipin (tetraoctadecanoyl, n-C18:0)"
clpn181_p	C81H148O17P2	Yes	"Cardiolipin (tetraoctadec-11-enoyl, n-C18:1)"
pg120_p	C30H58O10P1	Yes	"Phosphatidylglycerol (didodecanoyl, n-C12:0)"
pg140_p	C34H66O10P1	Yes	"Phosphatidylglycerol (ditetradecanoyl, n-C14:0)"
crn_e	C7H15NO3	Yes	L-Carnitine
csn_c	C4H5N3O	Yes	Cytosine
csn_p	C4H5N3O	Yes	Cytosine
csn_e	C4H5N3O	Yes	Cytosine
pg141_p	C34H62O10P1	Yes	"Phosphatidylglycerol (ditetradec-7-enoyl, n-C14:1)"
ctbt_p	C7H13NO2	Yes	Crotonobetaine
pg161_p	C38H70O10P1	Yes	"Phosphatidylglycerol (dihexadec-9-enoyl, n-C16:1)"
cgly_c	C5H10N2O3S	Yes	Cys Gly C5H10N2O3S
pg180_p	C42H82O10P1	Yes	"Phosphatidylglycerol (dioctadecanoyl, n-C18:0)"
utp_c	C9H11N2O15P3	Yes	UTP C9H11N2O15P3
cu_p	Cu	No	Cu+
cu_c	Cu	No	Cu+
cu2_c		No	Copper
progly_c	C7H12N2O3	Yes	L-Prolinylglycine
amp_e	C10H12N5O7P	Yes	AMP C10H12N5O7P
anhgm_e	C19H29N2O12	Yes	N-Acetyl-D-glucosamine(anhydrous)N-Acetylmuramic acid
cu2_e		No	Copper
cu2_p		No	Copper
cu_e	Cu	No	Cu+
cyan_c	CHN	Yes	Hydrogen cyanide
tsul_c	O3S2	No	Thiosulfate
cys__D_e	C3H7NO2S	Yes	D-Cysteine
h2s_c		No	Hydrogen sulfide
3sala_c	C3H5NO4S	Yes	3-Sulfino-L-alanine
cyan_p	CHN	Yes	Hydrogen cyanide
tsul_p	O3S2	No	Thiosulfate
anhm_c	C11H16NO7	Yes	"1,6-anhydrous-N-Acetylmuramate"
cyan_e	CHN	Yes	Hydrogen cyanide
cynt_p	CNO	Yes	Cyanate
cynt_e	CNO	Yes	Cyanate
co1dam_c	C45H56CoN6O12	Yes	"Cob(I)yrinate a,c diamide"
co2dam_c	C45H56CoN6O12	Yes	"Cob(II)yrinate a,c diamide"
cyst__L_c	C7H14N2O4S	Yes	L-Cystathionine
cys__L_c	C3H7NO2S	Yes	L-Cysteine
trnacys_c	C15H23O16P2R3	Yes	TRNA(Cys)
cobya_c	C45H52N4O14Co	Yes	Cobyrinate
ser__L_c	C3H7NO3	Yes	L-Serine
hcys__L_c	C4H9NO2S	Yes	L-Homocysteine
cys__D_c	C3H7NO2S	Yes	D-Cysteine
cys__L_p	C3H7NO2S	Yes	L-Cysteine
2aobut_c	C4H7NO3	Yes	L-2-Amino-3-oxobutanoate
cys__L_e	C3H7NO2S	Yes	L-Cysteine
cys__D_p	C3H7NO2S	Yes	D-Cysteine
pmcoa_c	C28H41N7O19P3S	Yes	Pimeloyl-CoA
cytd_c	C9H13N3O5	Yes	Cytidine
dcyt_p	C9H13N3O4	Yes	Deoxycytidine
dcyt_e	C9H13N3O4	Yes	Deoxycytidine
ap4a_c	C20H24N10O19P4	Yes	"P1,P4-Bis(5'-adenosyl) tetraphosphate"
ddca_e	C12H23O2	Yes	Dodecanoate (n-C12:0)
2dh3dgal_c	C6H9O6	Yes	2-Dehydro-3-deoxy-D-galactonate
cytd_p	C9H13N3O5	Yes	Cytidine
cytd_e	C9H13N3O5	Yes	Cytidine
cmp_c	C9H12N3O8P	Yes	CMP C9H12N3O8P
2ddglcn_p	C6H9O6	Yes	2-Dehydro-3-deoxy-D-gluconate
2ddglcn_e	C6H9O6	Yes	2-Dehydro-3-deoxy-D-gluconate
dcmp_c	C9H12N3O7P	Yes	DCMP C9H12N3O7P
ap5a_c	C20H24N10O22P5	Yes	"P1,P5-Bis(5'-adenosyl) pentaphosphate"
lac__D_p	C3H5O3	Yes	D-Lactate
2ddglcn_c	C6H9O6	Yes	2-Dehydro-3-deoxy-D-gluconate
2dh3dgal6p_c	C6H8O9P	Yes	2-Dehydro-3-deoxy-D-galactonate 6-phosphate
d5kg_c	C6H9O6	Yes	2-Deoxy-5-keto-D-gluconic acid
dgmp_c	C10H12N5O7P	Yes	DGMP C10H12N5O7P
aact_c	C3H8NO	Yes	Aminoacetone
dgmp_e	C10H12N5O7P	Yes	DGMP C10H12N5O7P
dgsn_p	C10H13N5O4	Yes	Deoxyguanosine
dgsn_e	C10H13N5O4	Yes	Deoxyguanosine
d5kgp_c	C6H8O9P	Yes	2-Deoxy-5-keto-D-gluconic acid 6-phosphate
23dhmb_c	C5H9O4	Yes	"(R)-2,3-Dihydroxy-3-methylbutanoate"
diact_c	C4H6O2	Yes	Diacetyl C4H6O2
dad_2_c	C10H13N5O3	Yes	Deoxyadenosine
damp_c	C10H12N5O6P	Yes	DAMP C10H12N5O6P
dad_2_p	C10H13N5O3	Yes	Deoxyadenosine
23dhmp_c	C6H11O4	Yes	"(R)-2,3-Dihydroxy-3-methylpentanoate"
5apru_c	C9H13N4O9P	Yes	5-Amino-6-(5'-phosphoribosylamino)uracil
dha_c	C3H6O3	Yes	Dihydroxyacetone
dad_2_e	C10H13N5O3	Yes	Deoxyadenosine
12dgr120_c	C27H52O5	Yes	"1,2-Diacyl-sn-glycerol (didodecanoyl, n-C12:0)"
12dgr140_c	C31H60O5	Yes	"1,2-Diacyl-sn-glycerol (ditetradecanoyl, n-C14:0)"
dha_e	C3H6O3	Yes	Dihydroxyacetone
dha_p	C3H6O3	Yes	Dihydroxyacetone
12dgr141_c	C31H56O5	Yes	"1,2-Diacyl-sn-glycerol (ditetradec-7-enoyl, n-C14:1)"
5aptn_c	C5H11NO2	Yes	5-Aminopentanoate
12dgr160_c	C35H68O5	Yes	"1,2-Diacyl-sn-glycerol (dihexadecanoyl, n-C16:0)"
23ddhb_c	C7H7O4	Yes	"2,3-Dihydro-2,3-dihydroxybenzoate"
23dhb_c	C7H5O4	Yes	"2,3-Dihydroxybenzoate"
23dhbzs_c	C10H10NO6	Yes	"2,3-dihydroxybenzoylserine"
12dgr161_c	C35H64O5	Yes	"1,2-Diacyl-sn-glycerol (dihexadec-9-enoyl, n-C16:1)"
arab__L_c	C5H10O5	Yes	L-Arabinose
12dgr180_c	C39H76O5	Yes	"1,2-Diacyl-sn-glycerol (dioctadecanoyl, n-C18:0)"
12dgr181_c	C39H72O5	Yes	"1,2-Diacyl-sn-glycerol (dioctadec-11-enoyl, n-C18:1)"
dhcinnm_c	C9H7O4	Yes	"2,3-dihydroxicinnamic acid"
23dhdp_c	C7H5NO4	Yes	"2,3-Dihydrodipicolinate"
24dhhed_c	C7H8O6	Yes	"2,4-Dihydroxyhept-2-enedioate"
ala__D_p	C3H7NO2	Yes	D-Alanine
ala__D_e	C3H7NO2	Yes	D-Alanine
4met2obut_c	C5H8O3S	Yes	4-Methylthio-2-oxobutanoate
damp_e	C10H12N5O6P	Yes	DAMP C10H12N5O6P
23dappa_c	C3H9N2O2	Yes	"2,3-diaminopropionate"
dhf_c	C19H19N7O6	Yes	"7,8-Dihydrofolate"
dhpt_c	C14H13N6O3	Yes	Dihydropteroate
dhna_c	C11H7O4	Yes	"1,4-Dihydroxy-2-naphthoate"
octdp_c	C40H65O7P2	Yes	All-trans-Octaprenyl diphosphate
dhnpt_c	C9H13N5O4	Yes	Dihydroneopterin
dhor__S_c	C5H5N2O4	Yes	(S)-Dihydroorotate
26dap__M_c	C7H14N2O4	Yes	"Meso-2,6-Diaminoheptanedioate"
arbtn_fe3_p	C22H33FeN4O13	Yes	Aerobactin
26dap_LL_c	C7H14N2O4	Yes	"LL-2,6-Diaminoheptanedioate"
15dap_e	C5H16N2	Yes	"1,5-Diaminopentane"
ctp_c	C9H12N3O14P3	Yes	CTP C9H12N3O14P3
pa120_c	C27H51O8P1	Yes	"1,2-didodecanoyl-sn-glycerol 3-phosphate"
2dhphaccoa_c	C29H40N7O19P3S	Yes	"1,2-Dihydroxy-1,2-dihydrophenylacetyl-CoA"
arab__L_p	C5H10O5	Yes	L-Arabinose
34dhpha_c	C8H7O4	Yes	3-4-Dihydroxyphenylacetate
25drapp_c	C9H14N5O8P	Yes	"2,5-Diamino-6-(ribosylamino)-4-(3H)-pyrimidinone 5'-phosphate"
pa140_c	C31H59O8P1	Yes	"1,2-ditetradecanoyl-sn-glycerol 3-phosphate"
pa141_c	C31H55O8P1	Yes	"1,2-ditetradec-7-enoyl-sn-glycerol 3-phosphate"
4abz_c	C7H6NO2	Yes	4-Aminobenzoate
6hmhptpp_c	C7H8N5O8P2	Yes	6-hydroxymethyl-dihydropterin pyrophosphate
pa160_c	C35H67O8P1	Yes	"1,2-dihexadecanoyl-sn-glycerol 3-phosphate"
pa161_c	C35H63O8P1	Yes	"1,2-dihexadec-9-enoyl-sn-glycerol 3-phosphate"
pa180_c	C39H75O8P1	Yes	"1,2-dioctadecanoyl-sn-glycerol 3-phosphate"
ahdt_c	C9H12N5O13P3	Yes	"2-Amino-4-hydroxy-6-(erythro-1,2,3-trihydroxypropyl)dihydropteridine triphosphate"
2dda7p_c	C7H10O10P	Yes	2-Dehydro-3-deoxy-D-arabino-heptonate 7-phosphate
3dhq_c	C7H9O6	Yes	3-Dehydroquinate
pa181_c	C39H71O8P1	Yes	"1,2-dioctadec-11-enoyl-sn-glycerol 3-phosphate"
dimp_e	C10H11N4O7P	Yes	DIMP C10H12N4O7P
arab__L_e	C5H10O5	Yes	L-Arabinose
din_p	C10H12N4O4	Yes	Deoxyinosine
din_e	C10H12N4O4	Yes	Deoxyinosine
dann_c	C9H21N2O2	Yes	"7,8-Diaminononanoate"
dca_e	C10H19O2	Yes	Decanoate (n-C10:0)
dcmp_e	C9H12N3O7P	Yes	DCMP C9H12N3O7P
dctp_c	C9H12N3O13P3	Yes	DCTP C9H12N3O13P3
dkdi_c	C6H8O5	Yes	"D-2,3-Diketo 4-deoxy-epi-inositol"
25dkglcn_c	C6H7O7	Yes	"2,5-diketo-D-gluconate"
dcyt_c	C9H13N3O4	Yes	Deoxycytidine
dhmtp_c	C6H10O3S	Yes	"1,2-Dihydroxy-5-(methylthio)pent-1-en-3-one"
dmpp_c	C5H9O7P2	Yes	Dimethylallyl diphosphate
ipdp_c	C5H9O7P2	Yes	Isopentenyl diphosphate
h2mb4p_c	C5H9O8P2	Yes	1-hydroxy-2-methyl-2-(E)-butenyl 4-diphosphate
2omhmbl_c	C48H74O4	Yes	"2-Octaprenyl-3-methyl-5-hydroxy-6-methoxy-1,4-benzoquinol"
dopa_e	C8H12NO2	Yes	Dopamine
dpcoa_c	C21H33N7O13P2S	Yes	Dephospho-CoA
dmso_c	C2H6OS	Yes	Dimethyl sulfoxide
mql8_c	C51H74O2	Yes	Menaquinol 8
2dhp_c	C6H9O4	Yes	2-Dehydropantoate
arg__L_p	C6H15N4O2	Yes	L-Arginine
2dr5p_c	C5H9O7P	Yes	2-Deoxy-D-ribose 5-phosphate
dsbard_p	XH2	No	Periplasmic protein disulfide isomerase I (reduced)
dmso_e	C2H6OS	Yes	Dimethyl sulfoxide
dms_e	C2H6S	Yes	Dimethyl sulfide
orn_c	C5H13N2O2	Yes	Ornithine
dsbcox_p	X	No	Protein disulfide isomerase II (oxidized)
gthrd_p	C10H16N3O6S	Yes	Reduced glutathione
dsbdox_c	X	No	Fused thiol:disulfide interchange protein (oxidized)
trdrd_c	C6H9NO2S2R2	Yes	Reduced thioredoxin
dsbgox_p	X	No	Periplasmic disulfide isomerase/thiol-disulphide oxidase (oxidized)
ser__D_c	C3H7NO3	Yes	D-Serine
ser__D_p	C3H7NO3	Yes	D-Serine
dna_c	C10H17O8PR2	Yes	DNA
dhpmp_c	C9H12N5O7P	Yes	Dihydroneopterin monophosphate
ser__D_e	C3H7NO3	Yes	D-Serine
argsuc_c	C10H17N4O6	Yes	N(omega)-(L-Arginino)succinate
citr__L_c	C6H13N3O3	Yes	L-Citrulline
trnaarg_c	C15H23O16P2R3	Yes	TRNA(Arg)
dtmp_c	C10H13N2O8P	Yes	DTMP C10H13N2O8P
3hodcoa_c	C39H66N7O18P3S	Yes	(S)-3-Hydroxyoctadecanoyl-CoA
2ddg6p_c	C6H8O9P	Yes	2-Dehydro-3-deoxy-D-gluconate 6-phosphate
dtmp_e	C10H13N2O8P	Yes	DTMP C10H13N2O8P
dump_e	C9H11N2O8P	Yes	DUMP C9H11N2O8P
duri_c	C9H12N2O5	Yes	Deoxyuridine
kdo2lipid4_c	C84H148N2O37P2	Yes	KDO(2)-lipid IV(A)
kdo2lipid4L_c	C96H170N2O38P2	Yes	KDO(2)-lipid IV(A) with laurate
kdo2lipid4p_c	C100H176N2O38P2	Yes	KDO(2)-lipid IV(A) with palmitoleoyl
duri_p	C9H12N2O5	Yes	Deoxyuridine
duri_e	C9H12N2O5	Yes	Deoxyuridine
dutp_c	C9H11N2O14P3	Yes	DUTP C9H11N2O14P3
dxyl5p_c	C5H9O7P	Yes	1-deoxy-D-xylulose 5-phosphate
hkmpp_c	C6H9O6PS	Yes	2-Hydroxy-3-keto-5-methylthiopentenyl-1-phosphate
23dhba_c	C17H17N5O10P	Yes	"(2,3-Dihydroxybenzoyl)adenylate"
seramp_c	C13H19N6O9P	Yes	L-seryl-AMP
enter_c	C30H27N3O15	Yes	Enterochelin
feenter_c	C30H27FeN3O15	Yes	Fe-enterobactin
etha_c	C2H8NO	Yes	Ethanolamine
dxyl_c	C5H10O4	Yes	1-deoxy-D-xylulose
tdec2eACP_c	C21H37N2O8PRS	Yes	Trans-Dec-2-enoyl-[acyl-carrier protein]
tddec2eACP_c	C23H41N2O8PRS	Yes	Trans-Dodec-2-enoyl-[acyl-carrier protein]
for_p	CH1O2	Yes	Formate
t3c5ddeceACP_c	C23H39N2O8PRS	Yes	Trans-3-cis-5-dodecenoyl-[acyl-carrier protein]
tmrs2eACP_c	C25H45N2O8PRS	Yes	Trans-Tetradec-2-enoyl-[acyl-carrier protein]
t3c7mrseACP_c	C25H43N2O8PRS	Yes	Trans-3-cis-7-myristoleoyl-[acyl-carrier protein]
etha_e	C2H8NO	Yes	Ethanolamine
ethso3_p	C2H5O3S	Yes	Ethanesulfonate
ethso3_e	C2H5O3S	Yes	Ethanesulfonate
etoh_p	C2H6O	Yes	Ethanol
tpalm2eACP_c	C27H49N2O8PRS	Yes	Trans-Hexadec-2-enoyl-[acyl-carrier protein]
isetac_c	C2H5O4S	Yes	Isethionic acid
t3c9palmeACP_c	C27H47N2O8PRS	Yes	Trans-3-cis-9-palmitoleoyl-[acyl-carrier protein]
toctd2eACP_c	C29H53N2O8PRS	Yes	Trans-octadec-2-enoyl-[acyl-carrier protein]
f6p_p	C6H11O9P	Yes	D-Fructose 6-phosphate
f6p_e	C6H11O9P	Yes	D-Fructose 6-phosphate
t3c11vaceACP_c	C29H51N2O8PRS	Yes	Trans-3-cis-11-vacceoyl-[acyl-carrier protein]
but2eACP_c	C15H25N2O8PRS	Yes	But-2-enoyl-[acyl-carrier protein]
thex2eACP_c	C17H29N2O8PRS	Yes	Trans-Hex-2-enoyl-[acyl-carrier protein]
mso3_c	CH3O3S	Yes	Methanesulfonate
tdecoa_c	C35H56N7O17P3S	Yes	Tetradecenoyl-CoA (n-C14:1CoA)
toct2eACP_c	C19H33N2O8PRS	Yes	Trans-Oct-2-enoyl-[acyl-carrier protein]
unagamuf_p	C79H126N3O22P2	Yes	"Undecaprenyl-diphospho N-acetylglucosamine-N-acetylmannosaminuronate-N-acetamido-4,6-dideoxy-D-galactose"
eca2und_p	C103H162N6O37P2	Yes	(enterobacterial common antigen)x2 undecaprenyl-diphosphate
hdcoa_c	C37H60N7O17P3S	Yes	Hexadecenoyl-CoA (n-C16:1CoA)
eca3und_p	C127H198N9O52P2	Yes	(enterobacterial common antigen)x3 undecaprenyl-diphosphate
odecoa_c	C39H64N7O17P3S	Yes	Octadecenoyl-CoA (n-C18:1CoA)
ethso3_c	C2H5O3S	Yes	Ethanesulfonate
unagamuf_c	C79H126N3O22P2	Yes	"Undecaprenyl-diphospho N-acetylglucosamine-N-acetylmannosaminuronate-N-acetamido-4,6-dideoxy-D-galactose"
3hbcoa_c	C25H38N7O18P3S	Yes	(S)-3-Hydroxybutanoyl-CoA
3hhcoa_c	C27H42N7O18P3S	Yes	(S)-3-Hydroxyhexanoyl-CoA
3hocoa_c	C29H46N7O18P3S	Yes	(S)-3-Hydroxyoctanoyl-CoA
dca_p	C10H19O2	Yes	Decanoate (n-C10:0)
ddca_p	C12H23O2	Yes	Dodecanoate (n-C12:0)
ttdca_p	C14H27O2	Yes	Tetradecanoate (n-C14:0)
ttdcea_p	C14H25O2	Yes	Tetradecenoate (n-C14:1)
3hdcoa_c	C31H50N7O18P3S	Yes	(S)-3-Hydroxydecanoyl-CoA
butso3_c	C4H9O3S	Yes	Butanesulfonate
3hddcoa_c	C33H54N7O18P3S	Yes	(S)-3-Hydroxydodecanoyl-CoA
3htdcoa_c	C35H58N7O18P3S	Yes	(S)-3-Hydroxytetradecanoyl-CoA
3hhdcoa_c	C37H62N7O18P3S	Yes	(S)-3-Hydroxyhexadecanoyl-CoA
hdca_p	C16H31O2	Yes	Hexadecanoate (n-C16:0)
hdcea_p	C16H29O2	Yes	Hexadecenoate (n-C16:1)
ocdca_p	C18H35O2	Yes	Octadecanoate (n-C18:0)
sulfac_c	C2H2O5S	Yes	Sulfoacetate
ocdcea_p	C18H33O2	Yes	Octadecenoate (n-C18:1)
hxa_p	C6H11O2	Yes	Hexanoate (n-C6:0)
octa_p	C8H15O2	Yes	Octanoate (n-C8:0)
fe2_p		No	Fe2+ mitochondria
hmgth_c	C11H18N3O7S	Yes	Hydroxymethylglutathione
fald_e	CH2O	Yes	Formaldehyde
fru_p	C6H12O6	Yes	D-Fructose
fuc__L_c	C6H12O5	Yes	L-Fucose
fcl__L_c	C6H12O5	Yes	L-fuculose
fc1p_c	C6H11O8P	Yes	L-Fuculose 1-phosphate
fuc__L_e	C6H12O5	Yes	L-Fucose
fuc__L_p	C6H12O5	Yes	L-Fucose
fum_p	C4H2O4	Yes	Fumarate
fe2_c		No	Fe2+ mitochondria
ppp9_c	C34H32N4O4	Yes	Protoporphyrin
gam1p_c	C6H13NO8P	Yes	D-Glucosamine 1-phosphate
g1p_p	C6H11O9P	Yes	D-Glucose 1-phosphate
fe2_e		No	Fe2+ mitochondria
dttp_c	C10H13N2O14P3	Yes	DTTP C10H13N2O14P3
g1p_c	C6H11O9P	Yes	D-Glucose 1-phosphate
g1p_e	C6H11O9P	Yes	D-Glucose 1-phosphate
galctn__L_p	C6H11O7	Yes	L-Galactonate
galctn__L_e	C6H11O7	Yes	L-Galactonate
galctn__D_p	C6H11O7	Yes	D-Galactonate
galctn__D_e	C6H11O7	Yes	D-Galactonate
glu1sa_c	C5H9NO3	Yes	L-Glutamate 1-semialdehyde
glyc2p_p	C3H7O6P	Yes	Glycerol 2-phosphate
galct__D_p	C6H8O8	Yes	D-Galactarate
galct__D_e	C6H8O8	Yes	D-Galactarate
gal_c	C6H12O6	Yes	D-Galactose
gal_bD_p	C6H12O6	Yes	Beta D-Galactose
melib_c	C12H22O11	Yes	Melibiose C12H22O11
galt_p	C6H14O6	Yes	Galactitol
glyc3p_c	C3H7O6P	Yes	Glycerol 3-phosphate
galt_e	C6H14O6	Yes	Galactitol
galur_p	C6H9O7	Yes	D-Galacturonate
fe3dhbzs_p	C10H10NO6Fe	Yes	"Ferric 2,3-dihydroxybenzoylserine"
g3pc_p	C8H20NO6P	Yes	Sn-Glycero-3-phosphocholine
galur_e	C6H9O7	Yes	D-Galacturonate
gal_p	C6H12O6	Yes	D-Galactose
g3pc_e	C8H20NO6P	Yes	Sn-Glycero-3-phosphocholine
fe3dhbzs_e	C10H10NO6Fe	Yes	"Ferric 2,3-dihydroxybenzoylserine"
gal_e	C6H12O6	Yes	D-Galactose
gam6p_p	C6H13NO8P	Yes	D-Glucosamine 6-phosphate
gam6p_e	C6H13NO8P	Yes	D-Glucosamine 6-phosphate
2dmmq8_c	C50H70O2	Yes	2-Demethylmenaquinone 8
g3pe_p	C5H14NO6P	Yes	Sn-Glycero-3-phosphoethanolamine
g3pe_e	C5H14NO6P	Yes	Sn-Glycero-3-phosphoethanolamine
gam_p	C6H14NO5	Yes	D-Glucosamine
gam_e	C6H14NO5	Yes	D-Glucosamine
gar_c	C7H14N2O8P	Yes	N1-(5-Phospho-D-ribosyl)glycinamide
g3pg_p	C6H14O8P	Yes	Glycerophosphoglycerol
for_c	CH1O2	Yes	Formate
g3pg_e	C6H14O8P	Yes	Glycerophosphoglycerol
gcald_c	C2H4O2	Yes	Glycolaldehyde
fe3hox_p	C9H18O6N3Fe	Yes	Fe(III)hydroxamate
gdp_c	C10H12N5O11P2	Yes	GDP C10H12N5O11P2
g3pi_p	C9H18O11P	Yes	Sn-Glycero-3-phospho-1-inositol
g3pi_e	C9H18O11P	Yes	Sn-Glycero-3-phospho-1-inositol
g3ps_p	C6H13NO8P	Yes	Glycerophosphoserine
gdpmann_c	C16H23N5O16P2	Yes	GDP-D-mannose
fe3hox_e	C9H18O6N3Fe	Yes	Fe(III)hydroxamate
gdp_e	C10H12N5O11P2	Yes	GDP C10H12N5O11P2
ggbutal_c	C9H16O4N2	Yes	Gamma-glutamyl-gamma-butyraldehyde
g3ps_e	C6H13NO8P	Yes	Glycerophosphoserine
glu5sa_c	C5H9NO3	Yes	L-Glutamate 5-semialdehyde
gg4abut_c	C9H15O5N2	Yes	Gamma-glutamyl-gamma aminobutyric acid
glu5p_c	C5H8NO7P	Yes	L-Glutamate 5-phosphate
fadh2_c	C27H33N9O15P2	Yes	Flavin adenine dinucleotide reduced
fe3_c		No	Iron (Fe3+)
gam6p_c	C6H13NO8P	Yes	D-Glucosamine 6-phosphate
ggptrc_c	C9H20O3N3	Yes	Gamma-glutamyl-putrescine
thf_c	C19H21N7O6	Yes	"5,6,7,8-Tetrahydrofolate"
gmp_c	C10H12N5O8P	Yes	GMP C10H12N5O8P
g6p_p	C6H11O9P	Yes	D-Glucose 6-phosphate
g6p_e	C6H11O9P	Yes	D-Glucose 6-phosphate
gal1p_p	C6H11O9P	Yes	Alpha-D-Galactose 1-phosphate
fe3_p		No	Iron (Fe3+)
gal1p_e	C6H11O9P	Yes	Alpha-D-Galactose 1-phosphate
gal_bD_e	C6H12O6	Yes	Beta D-Galactose
udpgalur_c	C15H22N2O18P2	Yes	UDPgalacturonate
fe3_e		No	Iron (Fe3+)
galct__D_c	C6H8O8	Yes	D-Galactarate
glycogen_c	C6H10O5	Yes	Glycogen C6H10O5
fecrm_c	C27H42FeN9O12	Yes	Ferrichrome
rbflvrd_c	C17H22N4O6	Yes	Reduced riboflavin
glc__D_c	C6H12O6	Yes	D-Glucose
fecrm_p	C27H42FeN9O12	Yes	Ferrichrome
glc__D_p	C6H12O6	Yes	D-Glucose
glcn_p	C6H11O7	Yes	D-Gluconate
fecrm_e	C27H42FeN9O12	Yes	Ferrichrome
glcn_e	C6H11O7	Yes	D-Gluconate
glutar_c	C5H6O4	Yes	Glutarate
bglycogen_c	C6H10O5	Yes	Branching glycogen
5dh4dglc_c	C6H6O7	Yes	5-Dehydro-4-deoxy-D-glucarate
glcr_c	C6H8O8	Yes	D-Glucarate
feenter_p	C30H27FeN3O15	Yes	Fe-enterobactin
trnagln_c	C15H23O16P2R3	Yes	TRNA(Gln)
gln__L_p	C5H10N2O3	Yes	L-Glutamine
glcr_p	C6H8O8	Yes	D-Glucarate
glcr_e	C6H8O8	Yes	D-Glucarate
adpglc_c	C16H23N5O15P2	Yes	ADPglucose C16H23N5O15P2
galt1p_c	C6H13O9P	Yes	Galactitol 1-phosphate
glcur1p_e	C6H8O10P	Yes	D-Glucuronate 1-phosphate
glcur_p	C6H9O7	Yes	D-Glucuronate
feenter_e	C30H27FeN3O15	Yes	Fe-enterobactin
glcur_e	C6H9O7	Yes	D-Glucuronate
feoxam_p	C25H46FeN6O8	Yes	Generic ferrioxamine-Fe-III
glyc_c	C3H8O3	Yes	Glycerol
feoxam_e	C25H46FeN6O8	Yes	Generic ferrioxamine-Fe-III
glu__D_c	C5H8NO4	Yes	D-Glutamate
lgt__S_c	C13H20N3O8S	Yes	(R)-S-Lactoylglutathione
gly_c	C2H5NO2	Yes	Glycine
trnagly_c	C15H23O16P2R3	Yes	TRNA(Gly)
gly_p	C2H5NO2	Yes	Glycine
gly_e	C2H5NO2	Yes	Glycine
gmhep1p_c	C7H13O10P	Yes	D-Glycero-D-manno-heptose 1-phosphate
gmhep7p_c	C7H13O10P	Yes	D-Glycero-D-manno-heptose 7-phosphate
glutrna_c	C5H7NO3R	Yes	L-Glutamyl-tRNA(Glu)
trnaglu_c	C15H23O16P2R3	Yes	TRNA (Glu)
glu__L_p	C5H8NO4	Yes	L-Glutamate
gmhep17bp_c	C7H12O13P2	Yes	"D-Glycero-D-manno-heptose 1,7-bisphosphate"
xmp_c	C10H11N4O9P	Yes	Xanthosine 5'-phosphate
gmp_e	C10H12N5O8P	Yes	GMP C10H12N5O8P
suc6p_c	C12H21O14P	Yes	Sucrose 6-phosphate
glcn_c	C6H11O7	Yes	D-Gluconate
gp4g_c	C20H24N10O21P4	Yes	"P1,P4-Bis(5'-guanosyl) tetraphosphate"
glyald_e	C3H6O3	Yes	D-Glyceraldehyde
glyald_p	C3H6O3	Yes	D-Glyceraldehyde
g3pc_c	C8H20NO6P	Yes	Sn-Glycero-3-phosphocholine
tre6p_c	C12H21O14P	Yes	"Alpha,alpha'-Trehalose 6-phosphate"
g3pe_c	C5H14NO6P	Yes	Sn-Glycero-3-phosphoethanolamine
g3ps_c	C6H13NO8P	Yes	Glycerophosphoserine
g3pg_c	C6H14O8P	Yes	Glycerophosphoglycerol
glyb_p	C5H11NO2	Yes	Glycine betaine
glyb_e	C5H11NO2	Yes	Glycine betaine
glyc2p_e	C3H7O6P	Yes	Glycerol 2-phosphate
glyc3p_p	C3H7O6P	Yes	Glycerol 3-phosphate
forglu_c	C6H8N2O4	Yes	N-Formimidoyl-L-glutamate
glyc3p_e	C3H7O6P	Yes	Glycerol 3-phosphate
g3pi_c	C9H18O11P	Yes	Sn-Glycero-3-phospho-1-inositol
grdp_c	C10H17O7P2	Yes	Geranyl diphosphate
glyc__R_p	C3H5O4	Yes	(R)-Glycerate
glyc__R_e	C3H5O4	Yes	(R)-Glycerate
grxox_c	X	No	Glutaredoxin (oxidized)
gthrd_c	C10H16N3O6S	Yes	Reduced glutathione
gsn_c	C10H13N5O5	Yes	Guanosine
fldox_c	C17H19N4O9P	Yes	Flavodoxin (oxidized) - obsolete
gsn_p	C10H13N5O5	Yes	Guanosine
gsn_e	C10H13N5O5	Yes	Guanosine
gtspmd_c	C17H36N6O5S	Yes	Glutathionylspermidine
spmd_c	C7H22N3	Yes	Spermidine
glyc__R_c	C3H5O4	Yes	(R)-Glycerate
glyclt_p	C2H3O3	Yes	Glycolate C2H3O3
gthox_e	C20H30N6O12S2	Yes	Oxidized glutathione
gthox_c	C20H30N6O12S2	Yes	Oxidized glutathione
ribflv_c	C17H20N4O6	Yes	Riboflavin C17H20N4O6
glyclt_e	C2H3O3	Yes	Glycolate C2H3O3
glyc_e	C3H8O3	Yes	Glycerol
gthrd_e	C10H16N3O6S	Yes	Reduced glutathione
glucys_c	C8H13N2O5S	Yes	Gamma-L-Glutamyl-L-cysteine
mettrna_c	C5H10NOSR	Yes	L-Methionyl-tRNA (Met)
h2_e		No	Hydrogen
h2_p		No	Hydrogen
gdptp_c	C10H11N5O20P5	Yes	Guanosine 3'-diphosphate 5'-triphosphate
fmn_c	C17H19N4O9P	Yes	FMN C17H19N4O9P
gtp_e	C10H12N5O14P3	Yes	GTP C10H12N5O14P3
gua_c	C5H5N5O	Yes	Guanine
gua_p	C5H5N5O	Yes	Guanine
gua_e	C5H5N5O	Yes	Guanine
glcur_c	C6H9O7	Yes	D-Glucuronate
galur_c	C6H9O7	Yes	D-Galacturonate
h2o2_e	H2O2	No	Hydrogen peroxide
h2s_e	H2S	No	Hydrogen sulfide
frmd_c	CH3NO	Yes	Formamide
3hadpcoa_c	C27H39N7O20P3S	Yes	(3S)-3-Hydroxyadipyl-CoA
4hbz_c	C7H5O3	Yes	4-Hydroxybenzoate
3hcinnm_p	C9H7O3	Yes	3-hydroxycinnamic acid
3hcinnm_e	C9H7O3	Yes	3-hydroxycinnamic acid
hxa_e	C6H11O2	Yes	Hexanoate (n-C6:0)
hxa_c	C6H11O2	Yes	Hexanoate (n-C6:0)
hxan_c	C5H4N4O	Yes	Hypoxanthine
h2_c	H2	No	Hydrogen
pyam5p_c	C8H12N2O5P	Yes	Pyridoxamine 5'-phosphate
hxan_e	C5H4N4O	Yes	Hypoxanthine
mmet_c	C6H14NO2S	Yes	S-Methyl-L-methionine
hdca_e	C16H31O2	Yes	Hexadecanoate (n-C16:0)
hdcea_e	C16H29O2	Yes	Hexadecenoate (n-C16:1)
frdp_c	C15H25O7P2	Yes	Farnesyl diphosphate
pheme_c	C34H30FeN4O4	Yes	Protoheme C34H30FeN4O4
adphep_LD_c	C17H25N5O16P2	Yes	ADP-L-glycero-D-manno-heptose
lipa_c	C110H196N2O39P2	Yes	KDO(2)-lipid (A)
hlipa_c	C117H208N2O45P2	Yes	Heptosyl-kdo2-lipidA
phhlipa_c	C124H219N2O54P3	Yes	Phospho-heptosyl-heptosyl-kdo2-lipidA
ichor_c	C10H8O6	Yes	Isochorismate
idon__L_e	C6H11O7	Yes	L-Idonate
prlp_c	C15H21N5O15P2	Yes	5-[(5-phospho-1-deoxyribulos-1-ylamino)methylideneamino]-1-(5-phosphoribosyl)imidazole-4-carboxamide
4mhetz_c	C6H9NOS	Yes	4-Methyl-5-(2-hydroxyethyl)-thiazole
eig3p_c	C6H9N2O6P	Yes	D-erythro-1-(Imidazol-4-yl)glycerol 3-phosphate
fru_c	C6H12O6	Yes	D-Fructose
2cpr5p_c	C12H13NO9P	Yes	1-(2-Carboxyphenylamino)-1-deoxy-D-ribulose 5-phosphate
ile__L_c	C6H13NO2	Yes	L-Isoleucine
hg2_c	Hg	No	Mercury  charged 2  Hg
trnaile_c	C15H23O16P2R3	Yes	TRNA(Ile)
ile__L_p	C6H13NO2	Yes	L-Isoleucine
ile__L_e	C6H13NO2	Yes	L-Isoleucine
hg2_e	Hg	No	Mercury  charged 2  Hg
2hh24dd_c	C7H6O5	Yes	2-Hydroxyhepta-2-4-dienedioate
imp_e	C10H11N4O8P	Yes	IMP C10H11N4O8P
f1p_c	C6H11O9P	Yes	D-Fructose 1-phosphate
indole_c	C8H7N	Yes	Indole
indole_p	C8H7N	Yes	Indole
indole_e	C8H7N	Yes	Indole
his__L_c	C6H9N3O2	Yes	L-Histidine
histd_c	C6H12N3O	Yes	L-Histidinol
hisp_c	C6H11N3O4P	Yes	L-Histidinol phosphate
frulys_e	C12H25N2O7	Yes	Fructoselysine
trnahis_c	C15H23O16P2R3	Yes	TRNA(His)
his__L_p	C6H9N3O2	Yes	L-Histidine
inost_c	C6H12O6	Yes	Myo-Inositol
ins_c	C10H12N4O5	Yes	Inosine
fruur_e	C6H9O7	Yes	D-Fructuronate
his__L_e	C6H9N3O2	Yes	L-Histidine
galctn__D_c	C6H11O7	Yes	D-Galactonate
hkndd_c	C9H8O6	Yes	"2-Hydroxy-6-oxonona-2,4-diene-1,9-dioate"
hkntd_c	C9H6O6	Yes	2-hydroxy-6-ketononatrienedioate
inost_e	C6H12O6	Yes	Myo-Inositol
ppbng_c	C10H13N2O4	Yes	Porphobilinogen
4ahmmp_c	C6H9N3O	Yes	4-Amino-5-hydroxymethyl-2-methylpyrimidine
ins_p	C10H12N4O5	Yes	Inosine
ins_e	C10H12N4O5	Yes	Inosine
hom__L_c	C4H9NO3	Yes	L-Homoserine
3otdcoa_c	C35H56N7O18P3S	Yes	3-Oxotetradecanoyl-CoA
3c2hmp_c	C7H10O5	Yes	3-Carboxy-2-hydroxy-4-methylpentanoate
2ippm_c	C7H8O4	Yes	2-Isopropylmaleate
3mob_c	C5H7O3	Yes	3-Methyl-2-oxobutanoate
isetac_p	C2H5O4S	Yes	Isethionic acid
isetac_e	C2H5O4S	Yes	Isethionic acid
hom__L_e	C4H9NO3	Yes	L-Homoserine
4h2opntn_c	C5H7O4	Yes	4-Hydroxy-2-oxopentanoate
4hphac_c	C8H7O3	Yes	4-Hydroxyphenylacetate
4hphac_e	C8H7O3	Yes	4-Hydroxyphenylacetate
6hmhpt_c	C7H9N5O2	Yes	6-hydroxymethyl dihydropterin
dhpppn_c	C9H9O4	Yes	"3-(2,3-Dihydroxyphenyl)propanoate"
3hpppn_p	C9H9O3	Yes	3-(3-hydroxy-phenyl)propionate
4izp_c	C6H7N2O3	Yes	4-Imidazolone-5-propanoate
3ohdcoa_c	C37H60N7O18P3S	Yes	3-Oxohexadecanoyl-CoA
3hpppn_e	C9H9O3	Yes	3-(3-hydroxy-phenyl)propionate
hpyr_c	C3H3O4	Yes	Hydroxypyruvate
kdo2lipid4_p	C84H148N2O37P2	Yes	KDO(2)-lipid IV(A)
3ohodcoa_c	C39H64N7O18P3S	Yes	3-Oxooctadecanoyl-CoA
imacp_c	C6H7N2O5P	Yes	3-(Imidazol-4-yl)-2-oxopropyl phosphate
2ahbut_c	C6H9O4	Yes	(S)-2-Aceto-2-hydroxybutanoate
acACP_c	C13H23N2O8PRS	Yes	Acetyl-ACP
aacoa_c	C25H36N7O18P3S	Yes	Acetoacetyl-CoA
3oddcoa_c	C33H52N7O18P3S	Yes	3-Oxododecanoyl-CoA
3ohcoa_c	C27H40N7O18P3S	Yes	3-Oxohexanoyl-CoA
kdo_c	C8H13O8	Yes	3-Deoxy-D-manno-2-octulosonate
3oocoa_c	C29H44N7O18P3S	Yes	3-Oxooctanoyl-CoA
3odcoa_c	C31H48N7O18P3S	Yes	3-Oxodecanoyl-CoA
kdo8p_c	C8H12O11P	Yes	3-Deoxy-D-manno-octulosonate 8-phosphate
ara5p_c	C5H9O8P	Yes	D-Arabinose 5-phosphate
1agpg160_p	C22H44O9P1	Yes	1-Acyl-sn-glycero-3-phosphoglycerol (n-C16:0)
malttr_p	C18H32O16	Yes	Maltotriose C18H32O16
1agpg161_p	C22H42O9P1	Yes	1-Acyl-sn-glycero-3-phosphoglycerol (n-C16:1)
3dhgulnp_c	C6H8O10P	Yes	3-keto-L-gulonate-6-phosphate
1agpg180_p	C24H48O9P1	Yes	1-Acyl-sn-glycero-3-phosphoglycerol (n-C18:0)
1agpg181_p	C24H46O9P1	Yes	1-Acyl-sn-glycero-3-phosphoglycerol (n-C18:1)
malttr_e	C18H32O16	Yes	Maltotriose C18H32O16
maltttr_p	C24H42O21	Yes	Maltotetraose
maltttr_e	C24H42O21	Yes	Maltotetraose
2ddecg3p_c	C15H30O7P1	Yes	2-dodecanoyl-sn-glycerol 3-phosphate
malt_p	C12H22O11	Yes	Maltose C12H22O11
k_p		No	Potassium
malt_e	C12H22O11	Yes	Maltose C12H22O11
2tdecg3p_c	C17H34O7P1	Yes	2-tetradecanoyl-sn-glycerol 3-phosphate
2tdec7eg3p_c	C17H32O7P1	Yes	2-tetradec-7-enoyl-sn-glycerol 3-phosphate
2hdecg3p_c	C19H38O7P1	Yes	2-hexadecanoyl-sn-glycerol 3-phosphate
2hdec9eg3p_c	C19H36O7P1	Yes	2-hexadec-9-enoyl-sn-glycerol 3-phosphate
2odecg3p_c	C21H42O7P1	Yes	2-octadecanoyl-sn-glycerol 3-phosphate
mal__L_p	C4H4O5	Yes	L-Malate
man6p_c	C6H11O9P	Yes	D-Mannose 6-phosphate
man6p_p	C6H11O9P	Yes	D-Mannose 6-phosphate
2odec11eg3p_c	C21H40O7P1	Yes	2-octadec-11-enoyl-sn-glycerol 3-phosphate
pg120_c	C30H58O10P1	Yes	"Phosphatidylglycerol (didodecanoyl, n-C12:0)"
man6p_e	C6H11O9P	Yes	D-Mannose 6-phosphate
mana_c	C6H11O7	Yes	D-Mannonate
pg140_c	C34H66O10P1	Yes	"Phosphatidylglycerol (ditetradecanoyl, n-C14:0)"
manglyc_e	C9H15O9	Yes	2(alpha-D-Mannosyl)-D-glycerate
k_c		No	Potassium
man_p	C6H12O6	Yes	D-Mannose
pg141_c	C34H62O10P1	Yes	"Phosphatidylglycerol (ditetradec-7-enoyl, n-C14:1)"
pg160_c	C38H74O10P1	Yes	"Phosphatidylglycerol (dihexadecanoyl, n-C16:0)"
man_e	C6H12O6	Yes	D-Mannose
k_e		No	Potassium
pg180_c	C42H82O10P1	Yes	"Phosphatidylglycerol (dioctadecanoyl, n-C18:0)"
malcoa_c	C24H33N7O19P3S	Yes	Malonyl CoA C24H33N7O19P3S
lac__L_c	C3H5O3	Yes	L-Lactate
mercppyr_c	C3H3O3S	Yes	Mercaptopyruvate
murein5p5p_p	C80H124N16O42	Yes	"Two linked disacharide pentapeptide murein units (uncrosslinked, middle of chain)"
murein5p5p5p_p	C120H186N24O63	Yes	"Three linked disacharide pentapeptide murein units (uncrosslinked, middle of chain)"
murein5px4p_p	C77H117N15O40	Yes	"Two disacharide linked murein units, pentapeptide crosslinked tetrapeptide (A2pm->D-ala) (middle of chain)"
murein5px4px4p_p	C114H172N22O59	Yes	Three disacharide linked murein units (pentapeptide crosslinked tetrapeptide (A2pm->D-ala) tetrapeptide corsslinked tetrapeptide (A2pm->D-ala)) (middle of chain)
murein5p4p_p	C77H119N15O41	Yes	"Two linked disacharide pentapeptide and tetrapeptide murein units (uncrosslinked, middle of chain)"
murein5p3p_p	C74H114N14O40	Yes	"Two linked disacharide pentapeptide and tripeptide murein units (uncrosslinked, middle of chain)"
murein4px4p_p	C74H112N14O39	Yes	"Two disacharide linked murein units, tetrapeptide corsslinked tetrapeptide (A2pm->D-ala) (middle of chain)"
lac__L_p	C3H5O3	Yes	L-Lactate
murein3px4p_p	C71H107N13O38	Yes	"Two disacharide linked murein units, tripeptide crosslinked tetrapeptide (A2pm->D-ala) (middle of chain)"
murein4px4px4p_p	C111H167N21O58	Yes	Three disacharide linked murein units (tetrapeptide crosslinked tetrapeptide (A2pm->D-ala) & tetrapeptide corsslinked tetrapeptide (A2pm->D-ala)) (middle of chain)
lac__L_e	C3H5O3	Yes	L-Lactate
5mdru1p_c	C6H11O7PS	Yes	5-Methylthio-5-deoxy-D-ribulose 1-phosphate
2mecdp_c	C5H10O9P2	Yes	"2-C-methyl-D-erythritol 2,4-cyclodiphosphate"
2p4c2me_c	C14H22N3O17P3	Yes	2-phospho-4-(cytidine 5'-diphospho)-2-C-methyl-D-erythritol
colipa_p	C176H303N2O100P4	Yes	Core oligosaccharide lipid A
uLa4n_p	C60H100N1O7P1	Yes	Undecaprenyl phosphate-4-amino-4-deoxy-L-arabinose
melib_p	C12H22O11	Yes	Melibiose C12H22O11
melib_e	C12H22O11	Yes	Melibiose C12H22O11
2me4p_c	C5H11O7P	Yes	2-C-methyl-D-erythritol 4-phosphate
met__L_c	C5H11NO2S	Yes	L-Methionine
lys__L_c	C6H15N2O2	Yes	L-Lysine
lcts_c	C12H22O11	Yes	Lactose C12H22O11
trnalys_c	C15H23O16P2R3	Yes	TRNA(Lys)
met__D_p	C5H10NO2S	Yes	D-Methionine
met__D_e	C5H10NO2S	Yes	D-Methionine
5mthf_c	C20H24N7O6	Yes	5-Methyltetrahydrofolate
metsox_S__L_e	C5H11NO3S	Yes	L-Methionine Sulfoxide
lys__L_e	C6H15N2O2	Yes	L-Lysine
lyx__L_c	C5H10O5	Yes	L-Lyxose
metsox_R__L_e	C5H11NO3S	Yes	L-methionine-R-sulfoxide
lcts_p	C12H22O11	Yes	Lactose C12H22O11
metsox_S__L_c	C5H11NO3S	Yes	L-Methionine Sulfoxide
lyx__L_p	C5H10O5	Yes	L-Lyxose
lyx__L_e	C5H10O5	Yes	L-Lyxose
mnl1p_c	C6H13O9P	Yes	D-Mannitol 1-phosphate
metsox_R__L_c	C5H11NO3S	Yes	L-methionine-R-sulfoxide
LalaDgluMdap_c	C15H25N4O8	Yes	"L-alanine-D-glutamate-meso-2,6-diaminoheptanedioate"
malon_c		No	Malonate
mal__D_c	C4H4O5	Yes	D-Malate
trnamet_c	C15H23O16P2R3	Yes	TRNA(Met)
met__L_p	C5H11NO2S	Yes	L-Methionine
met__L_e	C5H11NO2S	Yes	L-Methionine
mal__D_p	C4H4O5	Yes	D-Malate
mal__D_e	C4H4O5	Yes	D-Malate
mg2_p		No	Magnesium
mg2_e		No	Magnesium
malthx_p	C36H62O31	Yes	Maltohexaose
LalaLglu_c	C8H13N2O5	Yes	L-alanine-L-glutamate
mi1p__D_c	C6H11O9P	Yes	1D-myo-Inositol 1-phosphate
malthx_e	C36H62O31	Yes	Maltohexaose
maltpt_p	C30H52O26	Yes	Maltopentaose
maltpt_e	C30H52O26	Yes	Maltopentaose
lald__L_c	C3H6O2	Yes	L-Lactaldehyde
lald__D_c	C3H6O2	Yes	D-Lactaldehyde
n2o_e	N2O	No	Nitrous oxide
malthp_c	C42H72O36	Yes	Maltoheptaose
n2o_p	N2O	No	Nitrous oxide
murein4p4p_p	C74H114N14O40	Yes	"Two linked disacharide tetrapeptide murein units (uncrosslinked, middle of chain)"
lcts_e	C12H22O11	Yes	Lactose C12H22O11
murein4p3p_p	C71H109N13O39	Yes	"Two linked disacharide tetrapeptide and tripeptide murein units (uncrosslinked, middle of chain)"
murein3p3p_p	C68H104N12O38	Yes	"Two linked disacharide tripeptide murein units (uncrosslinked, middle of chain)"
nac_e	C6H4NO2	Yes	Nicotinate
nac_p	C6H4NO2	Yes	Nicotinate
murein4px4p4p_p	C111H169N21O59	Yes	"Three disacharide linked murein units (tetrapeptide crosslinked tetrapeptide (A2pm->D-ala), one uncrosslinked tetrapaptide) (middle of chain)"
mmet_p	C6H14NO2S	Yes	S-Methyl-L-methionine
mmet_e	C6H14NO2S	Yes	S-Methyl-L-methionine
na1_c		No	Sodium
msa_c	C3H3O3	Yes	Malonate semialdehyde
mn2_c		No	Manganese
4mop_c	C6H9O3	Yes	4-Methyl-2-oxopentanoate
mn2_p		No	Manganese
leu__L_c	C6H13NO2	Yes	L-Leucine
trnaleu_c	C15H23O16P2R3	Yes	TRNA(Leu)
mnl_p	C6H14O6	Yes	D-Mannitol
dnad_c	C21H24N6O15P2	Yes	Deamino-NAD+
mnl_e	C6H14O6	Yes	D-Mannitol
leu__L_p	C6H13NO2	Yes	L-Leucine
mn2_e		No	Manganese
ckdo_c	C17H24N3O15P	Yes	CMP-3-deoxy-D-manno-octulosonate
lipidA_c	C68H126N2O23P2	Yes	"2,3,2'3'-Tetrakis(beta-hydroxymyristoyl)-D-glucosaminyl-1,6-beta-D-glucosamine 1,4'-bisphosphate"
kdolipid4_c	C76H137N2O30P2	Yes	KDO-lipid IV(A)
nac_c	C6H4NO2	Yes	Nicotinate
mobd_p		No	Molybdate
mobd_e		No	Molybdate
udp_c	C9H11N2O12P2	Yes	UDP C9H11N2O12P2
cdp_c	C9H12N3O11P2	Yes	CDP C9H12N3O11P2
mlthf_c	C20H21N7O6	Yes	"5,10-Methylenetetrahydrofolate"
uaagmda_c	C95H152N8O28P2	Yes	"Undecaprenyl-diphospho-N-acetylmuramoyl-(N-acetylglucosamine)-L-ala-D-glu-meso-2,6-diaminopimeloyl-D-ala-D-ala"
dtdp_c	C10H13N2O11P2	Yes	DTDP C10H13N2O11P2
mso3_p	CH3O3S	Yes	Methanesulfonate
dgdp_c	C10H12N5O10P2	Yes	DGDP C10H12N5O10P2
leu__L_e	C6H13NO2	Yes	L-Leucine
dudp_c	C9H11N2O11P2	Yes	DUDP C9H11N2O11P2
dcdp_c	C9H12N3O10P2	Yes	DCDP C9H12N3O10P2
mso3_e	CH3O3S	Yes	Methanesulfonate
5mta_c	C11H15N5O3S	Yes	5-Methylthioadenosine
methf_c	C20H20N7O6	Yes	"5,10-Methenyltetrahydrofolate"
dadp_c	C10H12N5O9P2	Yes	DADP C10H12N5O9P2
nh4_p		No	Ammonium
no_c		No	Nitric oxide
5mdr1p_c	C6H11O7PS	Yes	5-Methylthio-5-deoxy-D-ribose 1-phosphate
5mtr_c	C6H12O4S	Yes	5-Methylthio-D-ribose
ni2_c	Ni	No	Nickel
ni2_e		No	Nickel
ni2_p		No	Nickel
Nmtrp_c	C12H14N2O2	Yes	N-Methyltryptophan
ccmuac_c	C6H4O4	Yes	"Cis,cis-Muconate"
mucl_c	C6H5O4	Yes	Mucolactone
nmn_c	C11H14N2O8P	Yes	NMN C11H14N2O8P
lipa_cold_c	C114H202N2O39P2	Yes	Cold adapted KDO(2)-lipid (A)
nmn_p	C11H14N2O8P	Yes	NMN C11H14N2O8P
colipa_e	C176H303N2O100P4	Yes	Core oligosaccharide lipid A
lipa_e	C110H196N2O39P2	Yes	KDO(2)-lipid (A)
nmn_e	C11H14N2O8P	Yes	NMN C11H14N2O8P
nicrnt_c	C11H12NO9P	Yes	Nicotinate D-ribonucleotide
dmbzid_c	C9H10N2	Yes	"5,6-Dimethylbenzimidazole"
quln_c	C7H3NO4	Yes	Quinolinate
ncam_c	C6H6N2O	Yes	Nicotinamide
no2_p	NO2	No	Nitrite
no2_e	NO2	No	Nitrite
no3_c		No	Nitrate
no2_c		No	Nitrite
no3_p		No	Nitrate
no3_e		No	Nitrate
dgtp_c	C10H12N5O13P3	Yes	DGTP C10H12N5O13P3
lipidX_c	C34H64NO12P	Yes	"2,3-Bis(3-hydroxytetradecanoyl)-beta-D-glucosaminyl 1-phosphate"
u23ga_c	C43H75N3O20P2	Yes	"UDP-2,3-bis(3-hydroxytetradecanoyl)glucosamine"
no_e	NO	No	Nitric oxide
no_p	NO	No	Nitric oxide
o2s_e	O2	No	Superoxide anion
sbzcoa_c	C32H39N7O20P3S	Yes	O-Succinylbenzoyl-CoA
1ddecg3p_p	C15H29O7P1	Yes	1-dodecanoyl-sn-glycerol 3-phosphate
dump_c	C9H11N2O8P	Yes	DUMP C9H11N2O8P
1tdecg3p_p	C17H33O7P1	Yes	1-tetradecanoyl-sn-glycerol 3-phosphate
xmp_p	C10H11N4O9P	Yes	Xanthosine 5'-phosphate
imp_p	C10H11N4O8P	Yes	IMP C10H11N4O8P
ocdca_e	C18H35O2	Yes	Octadecanoate (n-C18:0)
1tdec7eg3p_p	C17H31O7P1	Yes	1-tetradec-7-enoyl-sn-glycerol 3-phosphate
ocdcea_e	C18H33O2	Yes	Octadecenoate (n-C18:1)
octa_e	C8H15O2	Yes	Octanoate (n-C8:0)
dimp_c	C10H11N4O7P	Yes	DIMP C10H12N4O7P
dimp_p	C10H11N4O7P	Yes	DIMP C10H12N4O7P
dump_p	C9H11N2O8P	Yes	DUMP C9H11N2O8P
ump_c	C9H11N2O9P	Yes	UMP C9H11N2O9P
ump_p	C9H11N2O9P	Yes	UMP C9H11N2O9P
2ohed_c	C7H6O5	Yes	"2-Oxohept-3-ene-1,7-dioate"
ohpb_c	C4H4O8P	Yes	2-Oxo-3-hydroxy-4-phosphobutanoate
dcmp_p	C9H12N3O7P	Yes	DCMP C9H12N3O7P
1hdecg3p_p	C19H37O7P1	Yes	1-hexadecanoyl-sn-glycerol 3-phosphate
2ohph_c	C46H70O2	Yes	2-Octaprenyl-6-hydroxyphenol
2ombzl_c	C47H72O3	Yes	"2-Octaprenyl-6-methoxy-1,4-benzoquinol"
3c4mop_c	C7H8O5	Yes	3-Carboxy-4-methyl-2-oxopentanoate
2ommbl_c	C48H74O3	Yes	"2-Octaprenyl-3-methyl-6-methoxy- 1,4-benzoquinol"
cmp_p	C9H12N3O8P	Yes	CMP C9H12N3O8P
1hdec9eg3p_p	C19H35O7P1	Yes	1-hexadec-9-enoyl-sn-glycerol 3-phosphate
dtmp_p	C10H13N2O8P	Yes	DTMP C10H13N2O8P
orot5p_c	C10H10N2O11P	Yes	Orotidine 5'-phosphate
2omph_c	C47H72O2	Yes	2-Octaprenyl-6-methoxyphenol
op4en_c	C5H5O3	Yes	2-Oxopent-4-enoate
damp_p	C10H12N5O6P	Yes	DAMP C10H12N5O6P
3ophb_c	C47H69O3	Yes	3-Octaprenyl-4-hydroxybenzoate
1odecg3p_p	C21H41O7P1	Yes	1-octadecanoyl-sn-glycerol 3-phosphate
amp_p	C10H12N5O7P	Yes	AMP C10H12N5O7P
dgmp_p	C10H12N5O7P	Yes	DGMP C10H12N5O7P
gmp_p	C10H12N5O8P	Yes	GMP C10H12N5O8P
2oph_c	C46H70O	Yes	2-Octaprenylphenol
5cohe_c	C8H5O7	Yes	5-Carboxy-2-oxohept-3-enedioate
orn_p	C5H13N2O2	Yes	Ornithine
orn_e	C5H13N2O2	Yes	Ornithine
orot_p	C5H3N2O4	Yes	Orotate C5H3N2O4
1odec11eg3p_p	C21H39O7P1	Yes	1-octadec-11-enoyl-sn-glycerol 3-phosphate
orot_e	C5H3N2O4	Yes	Orotate C5H3N2O4
ppi_c		No	Diphosphate
ditp_c	C10H11N4O13P3	Yes	DITP(4-)
xtp_c	C10H11N4O15P3	Yes	XTP
1agpe120_p	C17H36NO7P1	Yes	1-Acyl-sn-glycero-3-phosphoethanolamine (n-C12:0)
1agpe140_p	C19H40NO7P1	Yes	1-Acyl-sn-glycero-3-phosphoethanolamine (n-C14:0)
5odhf2a_c	C6H5O4	Yes	"5-Oxo-4,5-dihydrofuran-2-acetate"
1agpe141_p	C19H38NO7P1	Yes	1-Acyl-sn-glycero-3-phosphoethanolamine (n-C14:1)
oxptn_c	C5H7O3	Yes	5-Oxopentanoate
1pyr5c_c	C5H6NO2	Yes	1-Pyrroline-5-carboxylate
1agpe160_p	C21H44NO7P1	Yes	1-Acyl-sn-glycero-3-phosphoethanolamine (n-C16:0)
datp_c	C10H12N5O12P3	Yes	DATP C10H12N5O12P3
1agpe161_p	C21H42NO7P1	Yes	1-Acyl-sn-glycero-3-phosphoethanolamine (n-C16:1)
1agpe180_p	C23H48NO7P1	Yes	1-Acyl-sn-glycero-3-phosphoethanolamine (n-C18:0)
pacald_p	C8H8O	Yes	Phenylacetaldehyde
pacald_e	C8H8O	Yes	Phenylacetaldehyde
pac_c	C8H7O2	Yes	Phenylacetic acid
pa180_p	C39H75O8P1	Yes	"1,2-dioctadecanoyl-sn-glycerol 3-phosphate"
1agpe181_p	C23H46NO7P1	Yes	1-Acyl-sn-glycero-3-phosphoethanolamine (n-C18:1)
ala_B_c	C3H7NO2	Yes	Beta-Alanine
pant__R_c	C6H11O4	Yes	(R)-Pantoate
1agpg120_p	C18H36O9P1	Yes	1-Acyl-sn-glycero-3-phosphoglycerol (n-C12:0)
pa120_p	C27H51O8P1	Yes	"1,2-didodecanoyl-sn-glycerol 3-phosphate"
pa181_p	C39H71O8P1	Yes	"1,2-dioctadec-11-enoyl-sn-glycerol 3-phosphate"
ugmda_c	C41H61N9O28P2	Yes	"UDP-N-acetylmuramoyl-L-alanyl-D-glutamyl-meso-2,6-diaminopimeloyl-D-alanyl-D-alanine"
pa140_p	C31H59O8P1	Yes	"1,2-ditetradecanoyl-sn-glycerol 3-phosphate"
paps_c	C10H11N5O13P2S	Yes	3'-Phosphoadenylyl sulfate
grxrd_c	XH2	No	Glutaredoxin (reduced)
camp_c	C10H11N5O6P	Yes	CAMP C10H11N5O6P
pdx5p_c	C8H10NO6P	Yes	Pyridoxine 5'-phosphate
pa141_p	C31H55O8P1	Yes	"1,2-ditetradec-7-enoyl-sn-glycerol 3-phosphate"
pa160_p	C35H67O8P1	Yes	"1,2-dihexadecanoyl-sn-glycerol 3-phosphate"
1agpg140_p	C20H40O9P1	Yes	1-Acyl-sn-glycero-3-phosphoglycerol (n-C14:0)
pe120_c	C29H58N1O8P1	Yes	"Phosphatidylethanolamine (didodecanoyl, n-C12:0)"
pa161_p	C35H63O8P1	Yes	"1,2-dihexadec-9-enoyl-sn-glycerol 3-phosphate"
pe140_c	C33H66N1O8P1	Yes	"Phosphatidylethanolamine (ditetradecanoyl, n-C14:0)"
1agpg141_p	C20H38O9P1	Yes	1-Acyl-sn-glycero-3-phosphoglycerol (n-C14:1)
pe141_c	C33H62N1O8P1	Yes	"Phosphatidylethanolamine (ditetradec-7-enoyl, n-C14:1)"
pe160_c	C37H74N1O8P1	Yes	"Phosphatidylethanolamine (dihexadecanoyl, n-C16:0)"
pe180_c	C41H82N1O8P1	Yes	"Phosphatidylethanolamine (dioctadecanoyl, n-C18:0)"
peamn_p	C8H12N	Yes	Phenethylamine
pgp180_c	C42H81O13P2	Yes	"Phosphatidylglycerophosphate (dioctadecanoyl, n-C18:0)"
pgp180_p	C42H81O13P2	Yes	"Phosphatidylglycerophosphate (dioctadecanoyl, n-C18:0)"
pgp181_c	C42H77O13P2	Yes	"Phosphatidylglycerophosphate (dioctadec-11-enoyl, n-C18:1)"
pgp181_p	C42H77O13P2	Yes	"Phosphatidylglycerophosphate (dioctadec-11-enoyl, n-C18:1)"
peamn_e	C8H12N	Yes	Phenethylamine
4per_c	C4H6O8P	Yes	4-Phospho-D-erythronate
lipa_p	C110H196N2O39P2	Yes	KDO(2)-lipid (A)
pe161_p	C37H70N1O8P1	Yes	"Phosphatidylethanolamine (dihexadec-9enoyl, n-C16:1)"
pe181_p	C41H78N1O8P1	Yes	"Phosphatidylethanolamine (dioctadec-11-enoyl, n-C18:1)"
tag6p__D_c	C6H11O9P	Yes	D-Tagatose 6-phosphate
phaccoa_c	C29H38N7O17P3S	Yes	Phenylacetyl-CoA
pheme_p	C34H30FeN4O4	Yes	Protoheme C34H30FeN4O4
phe__L_c	C9H11NO2	Yes	L-Phenylalanine
trnaphe_c	C15H23O16P2R3	Yes	TRNA(Phe)
phe__L_p	C9H11NO2	Yes	L-Phenylalanine
phe__L_e	C9H11NO2	Yes	L-Phenylalanine
pi_p		No	Phosphate
man1p_c	C6H11O9P	Yes	D-Mannose 1-phosphate
2pglyc_c	C2H2O6P	Yes	2-Phosphoglycolate
pgp120_c	C30H57O13P2	Yes	"Phosphatidylglycerophosphate (didodecanoyl, n-C12:0)"
5aprbu_c	C9H15N4O9P	Yes	5-Amino-6-(5'-phosphoribitylamino)uracil
pgp140_c	C34H65O13P2	Yes	"Phosphatidylglycerophosphate (ditetradecanoyl, n-C14:0)"
pgp141_c	C34H61O13P2	Yes	"Phosphatidylglycerophosphate (ditetradec-7-enoyl, n-C14:1)"
pgp160_c	C38H73O13P2	Yes	"Phosphatidylglycerophosphate (dihexadecanoyl, n-C16:0)"
pgp161_c	C38H69O13P2	Yes	"Phosphatidylglycerophosphate (dihexadec-9-enoyl, n-C16:1)"
pe120_p	C29H58N1O8P1	Yes	"Phosphatidylethanolamine (didodecanoyl, n-C12:0)"
pe140_p	C33H66N1O8P1	Yes	"Phosphatidylethanolamine (ditetradecanoyl, n-C14:0)"
pe141_p	C33H62N1O8P1	Yes	"Phosphatidylethanolamine (ditetradec-7-enoyl, n-C14:1)"
4ampm_c	C6H8N3O4P	Yes	4-Amino-2-methyl-5-phosphomethylpyrimidine
pgp120_p	C30H57O13P2	Yes	"Phosphatidylglycerophosphate (didodecanoyl, n-C12:0)"
pgp140_p	C34H65O13P2	Yes	"Phosphatidylglycerophosphate (ditetradecanoyl, n-C14:0)"
pe180_p	C41H82N1O8P1	Yes	"Phosphatidylethanolamine (dioctadecanoyl, n-C18:0)"
pnto__R_c	C9H16NO5	Yes	(R)-Pantothenate
pgp141_p	C34H61O13P2	Yes	"Phosphatidylglycerophosphate (ditetradec-7-enoyl, n-C14:1)"
pgp160_p	C38H73O13P2	Yes	"Phosphatidylglycerophosphate (dihexadecanoyl, n-C16:0)"
pgp161_p	C38H69O13P2	Yes	"Phosphatidylglycerophosphate (dihexadec-9-enoyl, n-C16:1)"
pnto__R_p	C9H16NO5	Yes	(R)-Pantothenate
pnto__R_e	C9H16NO5	Yes	(R)-Pantothenate
ps120_c	C30H57N1O10P1	Yes	"Phosphatidylserine (didodecanoyl, n-C12:0)"
ps140_c	C34H65N1O10P1	Yes	"Phosphatidylserine (ditetradecanoyl, n-C14:0)"
ps141_c	C34H61N1O10P1	Yes	"Phosphatidylserine (ditetradec-7-enoyl, n-C14:1)"
ps160_c	C38H73N1O10P1	Yes	"Phosphatidylserine (dihexadecanoyl, n-C16:0)"
ps161_c	C38H69N1O10P1	Yes	"Phosphatidylserine (dihexadec-9-enoyl, n-C16:1)"
ps180_c	C42H81N1O10P1	Yes	"Phosphatidylserine (dioctadecanoyl, n-C18:0)"
ps181_c	C42H77N1O10P1	Yes	"Phosphatidylserine (dioctadec-11-enoyl, n-C18:1)"
3php_c	C3H2O7P	Yes	3-Phosphohydroxypyruvate
pppi_c	HO10P3	No	Inorganic triphosphate
pser__L_e	C3H6NO6P	Yes	O-Phospho-L-serine
pser__L_c	C3H6NO6P	Yes	O-Phospho-L-serine
pser__L_p	C3H6NO6P	Yes	O-Phospho-L-serine
ppap_c	C3H5O5P	Yes	Propanoyl phosphate
ppal_e	C3H6O	Yes	Propanal
ppa_p	C3H5O2	Yes	Propionate (n-C3:0)
ppcoa_c	C24H36N7O17P3S	Yes	Propanoyl-CoA
rib__D_p	C5H10O5	Yes	D-Ribose
rib__D_e	C5H10O5	Yes	D-Ribose
ppa_e	C3H5O2	Yes	Propionate (n-C3:0)
thrp_p	C4H8NO6P	Yes	L-Threonine O-3-phosphate
pan4p_c	C11H21N2O7PS	Yes	Pantetheine 4'-phosphate
rmn_c	C6H12O5	Yes	L-Rhamnose
rml_c	C6H12O5	Yes	L-Rhamnulose
rmn_e	C6H12O5	Yes	L-Rhamnose
5aop_c	C5H9NO3	Yes	5-Amino-4-oxopentanoate
ptrc_p	C4H14N2	Yes	Putrescine
rmn_p	C6H12O5	Yes	L-Rhamnose
rml1p_c	C6H11O8P	Yes	L-Rhamnulose 1-phosphate
ptrc_e	C4H14N2	Yes	Putrescine
dgsn_c	C10H13N5O4	Yes	Deoxyguanosine
din_c	C10H12N4O4	Yes	Deoxyinosine
pydam_c	C8H13N2O2	Yes	Pyridoxamine
pydx_c	C8H9NO3	Yes	Pyridoxal
fldrd_c	XH2	No	Flavodoxin (reduced) - obsolete
4ppcys_c	C12H20N2O9PS	Yes	N-((R)-4-Phosphopantothenoyl)-L-cysteine
pydxn_c	C8H11NO3	Yes	Pyridoxine
uri_c	C9H12N2O6	Yes	Uridine
pyr_p	C3H3O3	Yes	Pyruvate
iasp_c	C4H3NO4	Yes	Iminoaspartate
r15bp_c	C5H8O11P2	Yes	"D-Ribose 1,5-bisphosphate"
5prdmbz_c	C14H17N2O7P	Yes	"N1-(5-Phospho-alpha-D-ribosyl)-5,6-dimethylbenzimidazole"
rbt_e	C5H12O5	Yes	Ribitol
sucarg_c	C10H17N4O5	Yes	N2-Succinyl-L-arginine
so4_c		No	Sulfate
sarcs_c	C3H7NO2	Yes	Sarcosine C3H7NO2
sbt6p_c	C6H13O9P	Yes	D-Sorbitol 6-phosphate
sbt__D_p	C6H14O6	Yes	D-Sorbitol
r1p_c	C5H9O8P	Yes	Alpha-D-Ribose 1-phosphate
r5p_p	C5H9O8P	Yes	Alpha-D-Ribose 5-phosphate
sbt__D_e	C6H14O6	Yes	D-Sorbitol
r5p_e	C5H9O8P	Yes	Alpha-D-Ribose 5-phosphate
12ppd__S_c	C3H8O2	Yes	"(S)-Propane-1,2-diol"
4r5au_c	C9H16N4O6	Yes	4-(1-D-Ribitylamino)-5-aminouracil
db4p_c	C4H7O6P	Yes	"3,4-dihydroxy-2-butanone 4-phosphate"
sl26da_c	C11H16N2O7	Yes	"N-Succinyl-LL-2,6-diaminoheptanedioate"
selnp_c	H2O3PSe	No	Selenophosphate
sertrna_sec_c	C3H6NO2R	Yes	L-Seryl-tRNA(Sec)
dmlz_c	C13H18N4O6	Yes	"6,7-Dimethyl-8-(1-D-ribityl)lumazine"
ppgpp_c	C10H11N5O17P4	Yes	"Guanosine 3',5'-bis(diphosphate)"
rib__D_c	C5H10O5	Yes	D-Ribose
seln_c	HSe	No	Selenide
rbl__D_c	C5H10O5	Yes	D-Ribulose
rbl__L_c	C5H10O5	Yes	L-Ribulose
ru5p__L_c	C5H9O8P	Yes	L-Ribulose 5-phosphate
rbt_c	C5H12O5	Yes	Ribitol
ser__L_p	C3H7NO3	Yes	L-Serine
ser__L_e	C3H7NO3	Yes	L-Serine
Sfglutth_c	C11H16N3O7S	Yes	S-Formylglutathione
rhcys_c	C9H17NO6S	Yes	S-Ribosyl-L-homocysteine
trnaser_c	C15H23O16P2R3	Yes	TRNA(Ser)
trnasecys_c	R	No	TRNA(SeCys)
sucglu_c	C9H10NO7	Yes	N2-Succinyl-L-glutamate
sucgsa_c	C9H11NO6	Yes	N2-Succinyl-L-glutamate 5-semialdehyde
dscl_c	C42H41N4O16	Yes	Dihydrosirohydrochlorin
2dr1p_c	C5H9O7P	Yes	2-Deoxy-D-ribose 1-phosphate
ssaltpp_c	C16H21N4O10P2S	Yes	Succinate semialdehyde-thiamin diphosphate anion
4ppan_c	C9H15NO8P	Yes	D-4'-Phosphopantothenate
scl_c	C42H39N4O16	Yes	Sirohydrochlorin
3dhsk_c	C7H7O5	Yes	3-Dehydroshikimate
taur_c	C2H7NO3S	Yes	Taurine C2H7NO3S
taur_p	C2H7NO3S	Yes	Taurine C2H7NO3S
skm_c	C7H9O5	Yes	Shikimate
pphn_c	C10H8O6	Yes	Prephenate
suchms_c	C8H12NO6	Yes	O-Succinyl-L-homoserine
skm_p	C7H9O5	Yes	Shikimate
taur_e	C2H7NO3S	Yes	Taurine C2H7NO3S
tcynt_e	CNS	Yes	Thiocyanate
skm_e	C7H9O5	Yes	Shikimate
so2_e	O2S	No	Sulfur dioxide
so2_p	O2S	No	Sulfur dioxide
so3_e	O3S	No	Sulfite
so4_e		No	Sulfate
dtdp4addg_c	C16H26N3O14P2	Yes	"DTDP-4-amino-4,6-dideoxy-D-galactose"
dtdp4d6dg_c	C16H22N2O15P2	Yes	DTDP-4-dehydro-6-deoxy-D-glucose
dtdp4d6dm_c	C16H22N2O15P2	Yes	DTDP-4-dehydro-6-deoxy-L-mannose
sucorn_c	C9H15N2O5	Yes	N2-Succinyl-L-ornithine
dtdpglu_c	C16H24N2O16P2	Yes	DTDPglucose
pppg9_c	C34H38N4O4	Yes	Protoporphyrinogen IX
lipidAds_c	C68H127N2O20P	Yes	Lipid A Disaccharide
dsbdrd_c	XH2	No	Fused thiol:disulfide interchange protein (reduced)
spmd_p	C7H22N3	Yes	Spermidine
spmd_e	C7H22N3	Yes	Spermidine
tagdp__D_c	C6H10O12P2	Yes	"D-Tagatose 1,6-biphosphate"
thdp_c	C7H7NO4	Yes	"2,3,4,5-Tetrahydrodipicolinate"
ametam_c	C14H24N6O3S	Yes	S-Adenosylmethioninamine
o2s_c	O2	No	Superoxide anion
o2s_p	O2	No	Superoxide anion
pppn_p	C9H9O2	Yes	Phenylpropanoate
sucsal_c	C4H5O3	Yes	Succinic semialdehyde
thymd_p	C10H14N2O5	Yes	Thymidine C10H14N2O5
thymd_e	C10H14N2O5	Yes	Thymidine C10H14N2O5
thm_p	C12H17N4OS	Yes	Thiamin
thm_e	C12H17N4OS	Yes	Thiamin
sucbz_c	C11H8O5	Yes	O-Succinylbenzoate
2shchc_c	C11H10O6	Yes	"2-Succinyl-6-hydroxy-2,4-cyclohexadiene-1-carboxylate"
succ_p	C4H4O4	Yes	Succinate
pppn_e	C9H9O2	Yes	Phenylpropanoate
thr__L_c	C4H9NO3	Yes	L-Threonine
thrp_e	C4H8NO6P	Yes	L-Threonine O-3-phosphate
phom_c	C4H8NO6P	Yes	O-Phospho-L-homoserine
pprdn_c	C5H9N	Yes	Piperideine
trnathr_c	C15H23O16P2R3	Yes	TRNA(Thr)
thr__L_p	C4H9NO3	Yes	L-Threonine
sucr_e	C12H22O11	Yes	Sucrose C12H22O11
sucr_p	C12H22O11	Yes	Sucrose C12H22O11
thr__L_e	C4H9NO3	Yes	L-Threonine
thym_c	C5H6N2O2	Yes	Thymine C5H6N2O2
thym_e	C5H6N2O2	Yes	Thymine C5H6N2O2
sulfac_p	C2H2O5S	Yes	Sulfoacetate
sulfac_e	C2H2O5S	Yes	Sulfoacetate
so3_c		No	Sulfite
so4_p		No	Sulfate
tartr__L_c	C4H4O6	Yes	L-tartrate
tyr__L_c	C9H11NO3	Yes	L-Tyrosine
tartr__L_p	C4H4O6	Yes	L-tartrate
ppt_p	HO3P	No	Phosphonate
tartr__L_e	C4H4O6	Yes	L-tartrate
tmao_c	C3H9NO	Yes	Trimethylamine N-oxide
tmao_e	C3H9NO	Yes	Trimethylamine N-oxide
ppt_e	HO3P	No	Phosphonate
tma_e	C3H10N	Yes	Trimethylamine
thymd_c	C10H14N2O5	Yes	Thymidine C10H14N2O5
pram_c	C5H11NO7P	Yes	5-Phospho-beta-D-ribosylamine
thm_c	C12H17N4OS	Yes	Thiamin
trdox_c	C6H7NO2S2R2	Yes	Oxidized thioredoxin
udpg_c	C15H22N2O17P2	Yes	UDPglucose
fpram_c	C8H15N3O8P	Yes	2-(Formamido)-N1-(5-phospho-D-ribosyl)acetamidine
tre_c	C12H22O11	Yes	Trehalose
tre_p	C12H22O11	Yes	Trehalose
pran_c	C12H13NO9P	Yes	N-(5-Phospho-D-ribosyl)anthranilate
tre_e	C12H22O11	Yes	Trehalose
3ig3p_c	C11H12NO6P	Yes	C'-(3-Indolyl)-glycerol 3-phosphate
thmmp_c	C12H16N4O4PS	Yes	Thiamin monophosphate
4mpetz_c	C6H8NO4PS	Yes	4-Methyl-5-(2-phosphoethyl)-thiazole
prbamp_c	C15H19N5O14P2	Yes	1-(5-Phosphoribosyl)-AMP
trp__L_c	C11H12N2O2	Yes	L-Tryptophan
trnatrp_c	C15H23O16P2R3	Yes	TRNA(Trp)
trp__L_p	C11H12N2O2	Yes	L-Tryptophan
trp__L_e	C11H12N2O2	Yes	L-Tryptophan
udpgal_p	C15H22N2O17P2	Yes	UDPgalactose
udpgal_e	C15H22N2O17P2	Yes	UDPgalactose
udpglcur_c	C15H19N2O18P2	Yes	UDP-D-glucuronate
udpglcur_e	C15H19N2O18P2	Yes	UDP-D-glucuronate
udpg_p	C15H22N2O17P2	Yes	UDPglucose
2h3oppan_c	C3H3O4	Yes	2-Hydroxy-3-oxopropanoate
tsul_e	O3S2	No	Thiosulfate
ttdca_e	C14H27O2	Yes	Tetradecanoate (n-C14:0)
ttdcea_e	C14H25O2	Yes	Tetradecenoate (n-C14:1)
udpg_e	C15H22N2O17P2	Yes	UDPglucose
udpLa4o_c	C14H18N2O16P2	Yes	UDP-4-keto-pyranose
udpglcur_p	C15H19N2O18P2	Yes	UDP-D-glucuronate
gal1p_c	C6H11O9P	Yes	Alpha-D-Galactose 1-phosphate
urdglyc_c	C3H5N2O4	Yes	(-)-Ureidoglycolate
alaala_c	C6H12N2O3	Yes	D-Alanyl-D-alanine
ugmd_c	C35H51N7O26P2	Yes	"UDP-N-acetylmuramoyl-L-alanyl-D-gamma-glutamyl-meso-2,6-diaminopimelate"
tungs_p	O4W1	No	Tungstate
tungs_e	O4W1	No	Tungstate
prbatp_c	C15H19N5O20P4	Yes	1-(5-Phosphoribosyl)-ATP
tym_e	C8H12NO	Yes	Tyramine
tym_p	C8H12NO	Yes	Tyramine
tyrp_p	C9H10NO6P	Yes	Phosphotyrosine
tyrp_e	C9H10NO6P	Yes	Phosphotyrosine
u3aga_c	C31H51N3O19P2	Yes	UDP-3-O-(3-hydroxytetradecanoyl)-N-acetylglucosamine
udpLa4n_c	C14H22N3O15P2	Yes	Uridine 5''-diphospho-{beta}-4-deoxy-4-amino-L-arabinose
uLa4n_c	C60H100N1O7P1	Yes	Undecaprenyl phosphate-4-amino-4-deoxy-L-arabinose
uamr_c	C20H28N3O19P2	Yes	UDP-N-acetylmuramate
fgam_c	C8H13N2O9P	Yes	N2-Formyl-N1-(5-phospho-D-ribosyl)glycinamide
trnatyr_c	C15H23O16P2R3	Yes	TRNA(Tyr)
um4p_c	C38H56N8O27P2	Yes	"UDP-N-acetylmuramoyl-L-alanyl-D-gamma-glutamyl-meso-2,6-diaminopimelate-D-alanine"
tyr__L_p	C9H11NO3	Yes	L-Tyrosine
ump_e	C9H11N2O9P	Yes	UMP C9H11N2O9P
2kmb_c	C5H7O3S	Yes	2-keto-4-methylthiobutyrate
tyr__L_e	C9H11NO3	Yes	L-Tyrosine
u3hga_c	C29H50N3O18P2	Yes	UDP-3-O-(3-hydroxytetradecanoyl)-D-glucosamine
uamag_c	C28H39N5O23P2	Yes	UDP-N-acetylmuramoyl-L-alanyl-D-glutamate
uLa4fn_c	C61H99N1O8P1	Yes	Undecaprenyl phosphate-4-amino-4-formyl-L-arabinose
udpacgal_p	C17H25N3O17P2	Yes	UDP-N-acetyl-D-galactosamine
udpLa4fn_c	C15H21N3O16P2	Yes	Uridine 5''-diphospho-{beta}-4-deoxy-4-formamido-L-arabinose
prfp_c	C15H21N5O15P2	Yes	1-(5-Phosphoribosyl)-5-[(5-phosphoribosylamino)methylideneamino]imidazole-4-carboxamide
uppg3_c	C40H36N4O16	Yes	Uroporphyrinogen III
hmbil_c	C40H38N4O17	Yes	Hydroxymethylbilane
uacgam_p	C17H25N3O17P2	Yes	UDP-N-acetyl-D-glucosamine
uacgam_e	C17H25N3O17P2	Yes	UDP-N-acetyl-D-glucosamine
uacmam_c	C17H25N3O17P2	Yes	UDP-N-acetyl-D-mannosamine
ura_c	C4H4N2O2	Yes	Uracil
pro__L_c	C5H9NO2	Yes	L-Proline
acgam1p_c	C8H14NO9P	Yes	N-Acetyl-D-glucosamine 1-phosphate
ura_p	C4H4N2O2	Yes	Uracil
ura_e	C4H4N2O2	Yes	Uracil
uagmda_c	C87H139N7O23P2	Yes	"Undecaprenyl-diphospho-N-acetylmuramoyl-L-alanyl-D-glutamyl-meso-2,6-diaminopimeloyl-D-alanyl-D-alanine"
uama_c	C23H33N4O20P2	Yes	UDP-N-acetylmuramoyl-L-alanine
progly_p	C7H12N2O3	Yes	L-Prolinylglycine
uaccg_c	C20H26N3O19P2	Yes	UDP-N-acetyl-3-O-(1-carboxyvinyl)-D-glucosamine
progly_e	C7H12N2O3	Yes	L-Prolinylglycine
udcpdp_c	C55H89O7P2	Yes	Undecaprenyl diphosphate
udcpdp_p	C55H89O7P2	Yes	Undecaprenyl diphosphate
udcpp_p	C55H89O4P	Yes	Undecaprenyl phosphate
urcan_c	C6H5N2O2	Yes	Urocanate C6H5N2O2
urea_c	CH4N2O	Yes	Urea CH4N2O
urea_e	CH4N2O	Yes	Urea CH4N2O
udpacgal_e	C17H25N3O17P2	Yes	UDP-N-acetyl-D-galactosamine
trnapro_c	C15H23O16P2R3	Yes	TRNA(Pro)
urea_p	CH4N2O	Yes	Urea CH4N2O
urate_c	C5H4N4O3	Yes	Urate C5H4N4O3
pro__L_p	C5H9NO2	Yes	L-Proline
xylu__D_c	C5H10O5	Yes	D-Xylulose
xylu__L_c	C5H10O5	Yes	L-Xylulose
xylu__L_e	C5H10O5	Yes	L-Xylulose
uri_p	C9H12N2O6	Yes	Uridine
uri_e	C9H12N2O6	Yes	Uridine
xyl__D_p	C5H10O5	Yes	D-Xylose
val__L_c	C5H11NO2	Yes	L-Valine
trnaval_c	C15H23O16P2R3	Yes	TRNA(Val)
xyl__D_e	C5H10O5	Yes	D-Xylose
zn2_c		No	Zinc
zn2_p		No	Zinc
zn2_e		No	Zinc
val__L_p	C5H11NO2	Yes	L-Valine
val__L_e	C5H11NO2	Yes	L-Valine
pro__L_e	C5H9NO2	Yes	L-Proline
xu5p__L_c	C5H9O8P	Yes	L-Xylulose 5-phosphate
xan_c	C5H4N4O2	Yes	Xanthine
abt__D_e	C5H12O5	Yes	D-Arabitol
hethmpp_c	C14H20N4O8P2S	Yes	Hydroxy ethyl Thiamin diphosphate
xan_p	C5H4N4O2	Yes	Xanthine
xan_e	C5H4N4O2	Yes	Xanthine
xmp_e	C10H11N4O9P	Yes	Xanthosine 5'-phosphate
psclys_e	C12H25N2O7	Yes	Psicoselysine
xtsn_c	C10H12N4O6	Yes	Xanthosine
xtsn_e	C10H12N4O6	Yes	Xanthosine
skm5p_c	C7H8O8P	Yes	Shikimate 5-phosphate
xyl__D_c	C5H10O5	Yes	D-Xylose
diact_e	C4H6O2	Yes	Diacetyl C4H6O2
acolipa_e	C181H314N3O103P4	Yes	4-Amino-4-deoxy-L-arabinose modified core oligosaccharide lipid A
ag_e	Ag	No	Silver
btd_RR_e	C4H10O2	Yes	 R R  2 3 Butanediol C4H10O2
hacolipa_e	C192H333N2O101P4	Yes	Hepta-acylated core oligosaccharide lipid A (E. coli)
halipa_e	C126H226N2O40P2	Yes	Hepta-acylated KDO(2)-lipid (A)
kdo2lipid4_e	C84H148N2O37P2	Yes	KDO(2)-lipid IV(A)
lipa_cold_e	C114H202N2O39P2	Yes	Cold adapted KDO(2)-lipid (A)
dtdprmn_c	C16H24N2O15P2	Yes	DTDP-L-rhamnose
udpgal_c	C15H22N2O17P2	Yes	UDPgalactose
dna5mtc_c	C11H19O8PR2	Yes	DNA 5-methylcytosine
pheme_e	C34H30FeN4O4	Yes	Protoheme C34H30FeN4O4
gm1lipb_e	C128H227N3O63P2	Yes	"4-Amino-4-deoxy-L-arabinose modified core oligosaccharide lipid B (G. metallireducens, variant 1)"
gm2lipa_e	C142H255N5O63P2	Yes	"4-Amino-4-deoxy-L-arabinose modified core oligosaccharide lipid A (G. metallireducens, variant 2)"
ibt_e	C4H7O2	Yes	Isobutyrate
gm1lipa_e	C142H253N3O65P2	Yes	"4-Amino-4-deoxy-L-arabinose modified core oligosaccharide lipid A (G. metallireducens, variant 1)"
5drib_c	C5H10O4	Yes	5'-deoxyribose
amob_c	C15H19N5O6S	Yes	S-Adenosyl-4-methylthio-2-oxobutanoate
kdo2lipid4b_e	C70H122N2O35P2	Yes	KDO(2)-lipid IV(B)
2fe2s_c	S2Fe2	No	[2Fe-2S] iron-sulfur cluster
4fe4s_c	S4Fe4	No	[4Fe-4S] iron-sulfur cluster
adocbl_c	C72H100CoN18O17P	Yes	Adenosylcobalamin
bmocogdp_c	C40H44N20O27P4S4Mo	Yes	Bis-molybdopterin guanine dinucleotide
btn_c	C10H15N2O3S	Yes	Biotin
cl_c	Cl	No	Chloride
hemeO_c	C49H56FeN4O5	Yes	Heme O C49H56FeN4O5
mg2_c		No	Magnesium
mobd_c		No	Molybdate
mocogdp_c	C20H22N10O15P2S2Mo	Yes	Molybdopterin guanine dinucleotide
sheme_c	C42H36FeN4O16	Yes	Siroheme C42H36FeN4O16
2obut_e	C4H5O3	Yes	2-Oxobutanoate
lipb_e	C96H170N2O37P2	Yes	KDO(2)-lipid (B)
3httdca_e	C14H27O3	Yes	3-hydroxy tetradecanoate (n-C14:0)
3mb_e	C5H9O2	Yes	3-Methylbutanoic acid
4crsol_e	C7H8O	Yes	P-Cresol
4hba_e	C7H8O2	Yes	4-Hydroxy-benzyl alcohol
4hbald_e	C7H6O2	Yes	4-Hydroxybenzaldehyde
3hpimcoa_c	C28H46N7O20P3S	Yes	3-Hydroxypimelyl-CoA
3mb_p	C5H9O2	Yes	3-Methylbutanoic acid
r3mmal_c	C5H6O5	Yes	D-erythro-3-Methylmalate
4hbz_e	C7H5O3	Yes	4-Hydroxybenzoate
meoh_e	CH4O1	Yes	Methanol
Lcyst_e	C3H6NO5S	Yes	L-Cysteate
aso4_e	AsO4	No	Arsenate
btoh_e	C4H10O	Yes	Butanol
bzal_e	C7H6O	Yes	Benzaldehyde
bzalc_e	C7H8O	Yes	Benzyl alcohol
mn4_e	Mn	No	Mn4+
4hbald_p	C7H6O2	Yes	4-Hydroxybenzaldehyde
cro4_e		No	Chromate
4hbutcoa_c	C25H38N7O18P3S	Yes	4-Hydroxybutanoyl-CoA
4hbzcoa_c	C28H36N7O18P3S	Yes	4 hydroxybenoyl CoA C28H36N7O18P3S
fdxr_42_c	Fe8S8X	No	Ferredoxin (reduced form 4:2)
elao_e	X	No	Anode (oxidized)
elar_e	X	No	Anode  (reduced)
elco_e	X	No	Cathode (Oxidized)
4hbz_p	C7H5O3	Yes	4-Hydroxybenzoate
elcr_e	X	No	Cathode (reduced)
n2_e	N2	No	Nitrogen
5hbzid_c	C7H6N2O	Yes	5-hydroxybenzimidazole
oxa_e	C2O4	Yes	Oxalate
phenol_e	C6H6O	Yes	Phenol
ppoh_e	C3H8O	Yes	1-Propanol
pta_e	C5H9O2	Yes	Pentanoate
tc4_e	Tc	No	Technetium(IV)
fdxo_42_c	Fe8S8X	No	Ferredoxin (oxidized form 4:2)
tc7_e	Tc	No	Technetium(VII)
tol_e	C7H8	Yes	Toluene
ppa_c	C3H5O2	Yes	Propionate (n-C3:0)
acmana_c	C8H15NO6	Yes	N-Acetyl-D-mannosamine
applp_c	C3H9NO4P	Yes	D-1-Aminopropan-2-ol O-phosphate
u4_e	U	No	Uranium(IV)
u6_e	U	No	Uranium(VI)
v4_e	V	No	Vanadium(IV)
v5_e	V	No	Vanadium(V)
meoh_c	CH4O1	Yes	Methanol
btoh_c	C4H10O	Yes	Butanol
pimACP_c	C18H31N2O10PRS	Yes	Pimeloyl-[acyl-carrier protein]
ddcap_c	C12H24O5P1	Yes	Dodecanoly-phosphate (n-C12:0)
ttdcap_c	C14H28O5P	Yes	Tetradecanoyl-phosphate (n-C14:0)
ttdceap_c	C14H26O5P	Yes	Tetradecanoyl-phosphate (n-C14:1)
hdcap_c	C16H32O5P	Yes	Hexadecanoyl-phosphate (n-C16:0)
hdceap_c	C16H30O5P	Yes	Hexadecanoyl-phosphate (n-C16:1)
ocdcap_c	C18H36O5P	Yes	Octadecanoyl-phosphate (n-C18:0)
ocdceap_c	C18H34O5P	Yes	Octadecanoyl-phosphate (n-C18:1)
aso4_p	AsO4	No	Arsenate
aso4_c	AsO4	No	Arsenate
cph4_c	C7H8N5O3	Yes	"6-carboxy-5,6,7,8-tetrahydropterin"
flxr_c	XH	No	Flavodoxin reduced
benzcoa_c	C28H40N7O17P3S	Yes	Benzoyl-CoA
bzal_c	C7H6O	Yes	Benzaldehyde
moco_c	C10H10N5O8PS2Mo	Yes	Molybdenum cofactor
mptamp_c	C20H22N10O12P2S2Cu	Yes	Adenylated molybdopterin
bmoco_c	C20H20N10O13P2S4Mo	Yes	Bis-molybdenum cofactor
bmoco1gdp_c	C30H32N15O20P3S4Mo	Yes	Bis-molybdopterin mono-guanine dinucleotide
btoh_p	C4H10O	Yes	Butanol
btal_c	C4H8O	Yes	Butanal C4H8O
but_p	C4H7O2	Yes	Butyrate (n-C4:0)
bwco_c	C20H20N10O13P2S4W	Yes	Tungsten bispterin cofactor
bwco1gdp_c	C30H32N15O20P3S4W	Yes	Tungsten bispterin cofactor mono-guanine dinucleotide
wco_c	C10H10N5O8PS2W	Yes	Tungsten binding cofactor
bzalc_p	C7H8O	Yes	Benzyl alcohol
bzalc_c	C7H8O	Yes	Benzyl alcohol
bzal_p	C7H6O	Yes	Benzaldehyde
bzsuccoa_c	C32H41N7O19P3S	Yes	Benzylsuccinyl-CoA
bzsucc_c	C11H10O4	Yes	Benzylsuccinate
tol_c	C7H8	Yes	Toluene
bz_p	C7H5O2	Yes	Benzoate
ca2_p		No	Calcium
campp_c	C10H11N5O9P2	Yes	"3',5'-cyclic adenosine monophosphate-2'-phosphate"
Ncbmpts_c	C5H13N3O	Yes	N-Carbamoylputrescine
cdg_c	C7H5N4O3	Yes	7-deaza-7-carboxyguanine
preq0_c	C7H5N5O	Yes	7-cyano-7-carbaguanine
cdigmp_c	C20H22N10O14P2	Yes	Cyclic diguanosine monophosphate
ch15deccoa_c	C28H42N7O17P3S	Yes	"Cyclohexa-1,5-dienecarbonyl-CoA"
citm_c	C5H6O5	Yes	Citramalate
citac_c	C5H4O4	Yes	Citraconate
co_c	CO	Yes	Carbon monoxide
focytC_c	C42H54FeN8O6S2	Yes	Ferrocytochrome C
4crsol_c	C7H8O	Yes	P-Cresol
4crsol_p	C7H8O	Yes	P-Cresol
cro4_p	CrO4	No	Chromate
cro4_c		No	Chromate
ficytC_c	C42H54FeN8O6S2	Yes	Ferricytochrome c
focytc_c	C34H32FeN4O4	Yes	Ferrocytochrome c C42H53FeN8O6S2
ficytb_c	C34H32FeN4O4	Yes	Ferricytochrome b
cspmd_c	C8H21N3O2	Yes	Carboxyspermidine
cdhxfut_c	C14H13O7	Yes	Cyclic de-hypoxanthine futalosine
dhxfut_c	C14H15O7	Yes	De-hypoxanthine futalosine
dptne_c	C30H50	Yes	Diploptene
kdo2lipid4n_c	C84H150N4O35P2	Yes	KDO(2)-lipid IV(A) (glucosediaminyl)
kdo2lipid4Ln_c	C96H172N4O36P2	Yes	KDO(2)-lipid IV(A) with laurate (glucosediaminyl)
egmeACP_c	C17H27N2O10PRS	Yes	Enoylglutaryl-[acyl-carrier protein] methyl ester
omclo_e	C42H54FeN8O6S2	Yes	Outer Membrane Cytochrome c type oxidized (low potential)
omchr_e	C42H54FeN8O6S2	Yes	Outer Membrane Cytochrome c reduced (high potential)
epmeACP_c	C19H31N2O10PRS	Yes	Enoylpimeloyl-[acyl-carrier protein] methyl ester
ibt_p	C4H7O2	Yes	Isobutyrate
pta_p	C5H9O2	Yes	Pentanoate
hhlipa_c	C124H220N2O51P2	Yes	Heptosyl-heptosyl-kdo2-lipidA
hhlipan_c	C124H222N4O49P2	Yes	Heptosyl-heptosyl-kdo2-lipidA (glucosediaminyl)
3fe4s_c	S4Fe3	No	[3Fe-4S] damaged iron-sulfur cluster
fol_c	C19H18N7O6	Yes	Folate
ppc1r_p	C42H54FeN8O6S2	Yes	Perimplasmic cytochromes c type reduced 1
lplarg_c	X	No	Lipoyl carrier protein LarG
5fthf_c	C20H21N7O7	Yes	5-Formyltetrahydrofolate
glutcoa_c	C26H37N7O19P3S	Yes	Glutaryl-CoA mitochondria
fut_c	C19H17N4O7	Yes	Futalosine
glyclt_c	C2H3O3	Yes	Glycolate C2H3O3
hghhlipa_c	C137H242N2O62P2	Yes	Heptosyl-glucosyl-heptosyl-heptosyl-kdo2-lipidA
gm1lipa_p	C142H253N3O65P2	Yes	"4-Amino-4-deoxy-L-arabinose modified core oligosaccharide lipid A (G. metallireducens, variant 1)"
hghhlipan_c	C137H244N4O60P2	Yes	Heptosyl-glucosyl-heptosyl-heptosyl-kdo2-lipidA (glucosediamine)
gm2lipa_p	C142H255N5O63P2	Yes	"4-Amino-4-deoxy-L-arabinose modified core oligosaccharide lipid A (G. metallireducens, variant 2)"
lpro_c	S2X	No	Lipoylprotein S2X
alpro_c	CH6NS2X	Yes	S Aminomethyldihydrolipoylprotein CH6NS2X
gdpofuc_c	C16H21N5O15P2	Yes	GDP-4-oxo-L-fucose
dhlpro_c	H2S2X	No	Dihydrolipolprotein H2S2X
gdpddman_c	C16H21N5O15P2	Yes	GDP-4-dehydro-6-deoxy-D-mannose
lipan_c	C110H198N4O37P2	Yes	KDO(2)-lipid (A) (glucosediaminyl)
hlipan_c	C117H210N4O43P2	Yes	Heptosyl-kdo2-lipidA (glucosediaminyl)
ghhlipa_c	C130H230N2O56P2	Yes	Glucosyl-heptosyl-heptosyl-kdo2-lipidA
phpyr_c	C9H7O3	Yes	Phenylpyruvate
34hpp_c	C9H7O4	Yes	3-(4-Hydroxyphenyl)pyruvate
indpyr_c	C11H8NO3	Yes	Indolepyruvate C11H8NO3
ghhlipan_c	C130H232N4O54P2	Yes	Glucosyl-heptosyl-heptosyl-kdo2-lipidA (glucosediamine)
lipidAn_c	C68H128N4O21P2	Yes	"2,3,2'3'-Tetrakis(beta-hydroxymyristoyl)-D-glucosaminyl-1,6-beta-D-glucosediaminyl 1,4'-bisphosphate"
man_c	C6H12O6	Yes	D-Mannose
ivcoa_c	C26H40N7O17P3S	Yes	Isovaleryl-CoA
3mb2coa_c	C26H38N7O17P3S	Yes	3-Methylbut-2-enoyl-CoA
2mcit_c	C7H7O7	Yes	2-Methylcitrate
micit_c	C7H7O7	Yes	Methylisocitrate
5mcsn_c	C5H7N3O	Yes	5-Methylcytosine
hghhlipa_p	C137H242N2O62P2	Yes	Heptosyl-glucosyl-heptosyl-heptosyl-kdo2-lipidA
hghhlipan_p	C137H244N4O60P2	Yes	Heptosyl-glucosyl-heptosyl-heptosyl-kdo2-lipidA (glucosediamine)
dhlplarg_c		No	Dihydrolipoyl carrier protein LarG
laccoa_c	C24H36N7O18P3S	Yes	Lactoyl-CoA
Lcyst_p	C3H6NO5S	Yes	L-Cysteate
5pg35pg_c	C20H23N10O15P2	Yes	5-Phosphoguanylyl(3->5)guanosine
meoh_p	CH4O1	Yes	Methanol
achms_c	C6H11NO4	Yes	O Acetyl L homoserine C6H11NO4
hmgcoa_c	C27H39N7O20P3S	Yes	Hydroxymethylglutaryl CoA C27H39N7O20P3S
lipidXn_c	C34H65N2O11P	Yes	"2,3-Bis(3-hydroxytetradecanoyl)-beta-D-glucosediamine 1-phosphate"
u23gn_c	C43H76N4O19P2	Yes	"UDP-2,3-bis(3-hydroxytetradecanoyl)glucosediamine"
3mgcoa_c	C27H37N7O19P3S	Yes	3-Methylglutaconyl-CoA
2mcacn_c	C7H5O6	Yes	Cis-2-Methylaconitate
murein5px3p_p	C74H112N14O39	Yes	"Two disacharide linked murein units, pentapeptide corsslinked tripeptide (A2pm->A2pm) (middle of chain)"
murein3px3p_p	C68H102N12O37	Yes	"Two disacharide linked murein units, tripeptide crosslinked tripeptide (A2pm->A2pm) (middle of chain)"
mmcoa__R_c	C25H35N7O19P3S	Yes	(R)-Methylmalonyl-CoA
2m3osuc_c	C5H4O5	Yes	2-methyl-3-oxosuccinate
malttre_c	C24H42O21	Yes	Maltosyltrehalose
malttrtre_c	C30H52O26	Yes	Maltotriosyltrehalose
maltttrtre_c	C36H62O31	Yes	Maltotetraosyltrehalose
maltpttre_c	C42H72O36	Yes	Maltopentaosyltrehalose
iscssh_c	HS2R	No	IscS with bound sulfur
moadamp_c	C11H12N5O8P1X	Yes	MoaD Protein with bound AMP
kdolipid4n_c	C76H139N4O28P2	Yes	KDO-lipid IV(A) (glucosediaminyl)
mpt_c	C10H10N5O6PS2Cu	Yes	Molybdopterin
hmpscoa_c	C32H41N7O20P3S	Yes	(Hydroxymethylphenyl)succinyl-CoA
cpmp_c	C10H13N5O8P	Yes	Cyclic pyranopterin monophosphate
moadcosh_c	C1H1O1S1X	Yes	MoaD Protein with thiocarboxylate
moadcoo_c	C1O2X	Yes	MoaD Protein with carboxylate
6hch1eccoa_c	C28H44N7O18P3S	Yes	6-Hydroxycyclohex-1-ene-1-carboxyl-CoA
1p3h5c_c	C5H6NO3	Yes	L 1 Pyrroline 3 hydroxy 5 carboxylate C5H6NO3
n2_c	N2	No	Nitrogen
n2o_c	N2O	No	Nitrous oxide
n2_p	N2	No	Nitrogen
rdxr_c		No	Rubredoxin reduced
n2ppn_c	C3H7NO2	Yes	2-Nitropropane
3optcoa_c	C26H38N7O18P3S	Yes	3-Ocopentanoyl-CoA
ppcr_p	C42H54FeN8O6S2	Yes	Periplasmic cytochromes c type - reduced
hxan_p	C5H4N4O	Yes	Hypoxanthine
3mop_c	C6H9O3	Yes	(S)-3-Methyl-2-oxopentanoate
6occhcoa_c	C28H38N7O18P3S	Yes	6-oxocyclohex-1-ene-1-carboxyl-CoA
omclr_e	C42H54FeN8O6S2	Yes	Outer Membrane Cytochrome c type reduced 1(low potential)
ppco_p	C42H54FeN8O6S2	Yes	Periplasmic cytochromes c type oxidized
ppc1o_p	C42H54FeN8O6S2	Yes	Periplasmic cytochromes c type oxidized 1
acac_c	C4H5O3	Yes	Acetoacetate
omcho_e	C42H54FeN8O6S2	Yes	Outer Membrane Cytochrome c type oxidized (high potential)
3mb_c	C5H9O2	Yes	3-Methylbutanoic acid
ghb_c	C4H7O3	Yes	Gamma-hydroxybutyrate
3opimcoa_c	C28H44N7O20P3S	Yes	3-Oxopimeloyl-CoA
hpmeACP_c	C19H33N2O11PRS	Yes	3-Hydroxypimeloyl-[acyl-carrier protein] methyl ester
opmeACP_c	C19H31N2O11PRS	Yes	3-Oxo-pimeloyl-[acyl-carrier protein] methyl ester
hgmeACP_c	C17H29N2O11PRS	Yes	3-Hydroxyglutaryl-[acyl-carrier protein] methyl ester
ogmeACP_c	C17H27N2O11PRS	Yes	3-Oxo-glutaryl-[acyl-carrier protein] methyl ester
malcoame_c	C25H36N7O19P3S	Yes	Malonyl-CoA methyl ester
gmeACP_c	C17H29N2O10PRS	Yes	Glutaryl-[acyl-carrier protein] methyl ester
oxa_p	C2O4	Yes	Oxalate
ind3ac_c	C10H8NO2	Yes	Indole 3 acetate C10H8NO2
2fe1s_c	SFe2	No	[2Fe-1S] desulfurated iron-sulfur cluster
iscu_c	H8O2S6R	No	IscU scaffold protein
4hba_p	C7H8O2	Yes	4-Hydroxy-benzyl alcohol
iscu_2fe2s_c	H4O2S8Fe2R	No	IscU with bound [2Fe-2S] cluster
4hbald_c	C7H6O2	Yes	4-Hydroxybenzaldehyde
phenol_p	C6H6O	Yes	Phenol
iscu_2fe2s2_c	O2S10Fe4R	No	IscU with two bound [2Fe-2S] clusters
pphos_c	C6H5O4P	Yes	Phenylphosphate
iscu_4fe4s_c	H4O2S10Fe4R	No	IscU with bound [4Fe-4S] cluster
phenol_c	C6H6O	Yes	Phenol
phitcoa_c	C32H39N7O19P3S	Yes	E-Phenylitaconyl-CoA
pmeACP_c	C19H33N2O10PRS	Yes	Pimeloyl-[acyl-carrier protein] methyl ester
flxso_c	XH	No	Flavodoxin semi oxidized
iscs_c	HSR	No	IscS sulfur acceptor protein
ppoh_p	C3H8O	Yes	1-Propanol
rdxo_c		No	Rubredoxin oxidized
selcys_c	C3H7NO2Se	Yes	Selenocysteine
so3_p	O3S	No	Sulfite
dhgly_c	C2H2NO2	Yes	Dehydroglycine
lipidAdsn_c	C68H129N4O18P	Yes	Lipid A Disaccharide (glucosediaminyl)
thrp_c	C4H8NO6P	Yes	L-Threonine O-3-phosphate
vaccoa_c	C25H36N7O17P3S	Yes	Vinylacetyl-CoA
tol_p	C7H8	Yes	Toluene
ptcoa_c	C26H40N7O17P3S	Yes	Pentanoyl-CoA
3hptcoa_c	C26H40N7O18P3S	Yes	3-Hydroxypentoyl-CoA
tungs_c	O4W1	No	Tungstate
u3hgn_c	C29H51N4O17P2	Yes	"UDP-3-N-(3-hydroxytetradecanoyl)-glucose-2,3-diamine"
uacgamo_c	C17H23N3O17P2	Yes	UDP-2-acetamido-2-deoxy-alpha-D-ribo-hexopyranos-3-ulose
uacgnn_c	C17H27N4O16P2	Yes	"UDP-2-N-acetylglucose-2,3-diamine"
u3agn_c	C31H52N4O18P2	Yes	UDP-3-N-(3-hydroxytetradecanoyl)-2-N-acetylglucosediamine
4abz_e	C7H6NO2	Yes	4-Aminobenzoate
4ahmmp_e	C6H9N3O	Yes	4-Amino-5-hydroxymethyl-2-methylpyrimidine
5fthf_e	C20H21N7O7	Yes	5-Formyltetrahydrofolate
Hb_e	C2950H4498N780O810Fe4S10	Yes	Hemoglobin
adp_e	C10H12N5O10P2	Yes	ADP C10H12N5O10P2
arachd_e	C20H31O2	Yes	Arachidonic acid
atp_e	C10H12N5O13P3	Yes	ATP C10H12N5O13P3
dhpt_e	C14H13N6O3	Yes	Dihydropteroate
fol_e	C19H18N7O6	Yes	Folate
adp_m	C10H12N5O10P2	Yes	ADP C10H12N5O10P2
pi_m	HO4P	No	Phosphate
atp_m	C10H12N5O13P3	Yes	ATP C10H12N5O13P3
ca2_m	Ca	No	Calcium
cdpdag_pf_16_0_16_0_c	C44H79N3O15P2	Yes	"CDP diacylglycerol(plasmodium,C16:0,C16:0)"
cdpdag_pf_16_0_18_0_c	C46H83N3O15P2	Yes	"CDP diacylglycerol(plasmodium,C16:0,C18:0)"
cdpdag_pf_16_0_18_1_c	C46H81N3O15P2	Yes	"CDP diacylglycerol(plasmodium,C16:0,C18:1)"
cdpdag_pf_18_0_18_0_c	C48H87N3O15P2	Yes	"CDP diacylglycerol(plasmodium,C18:0,C18:0)"
cdpdag_pf_18_0_18_1_c	C48H85N3O15P2	Yes	"CDP diacylglycerol(plasmodium,C18:0,C18:1)"
cdpdag_pf_18_1_18_1_c	C48H83N3O15P2	Yes	"CDP diacylglycerol(plasmodium,C18:1,C18:1)"
4c2me_h	C14H23N3O14P2	Yes	4-(cytidine 5'-diphospho)-2-C-methyl-D-erythritol
atp_h	C10H12N5O13P3	Yes	ATP C10H12N5O13P3
pa_pf_16_0_16_0_c	C35H67O8P	Yes	"Phosphatidic acid(plasmodium,C16:0,C16:0)"
pa_pf_16_0_18_0_c	C37H71O8P	Yes	"Phosphatidic acid(plasmodium,C16:0,C18:0)"
pa_pf_16_0_18_1_c	C37H69O8P	Yes	"Phosphatidic acid(plasmodium,C16:0,C18:1)"
pa_pf_18_0_18_0_c	C39H75O8P	Yes	"Phosphatidic acid(plasmodium,C18:0,C18:0)"
pa_pf_18_0_18_1_c	C39H73O8P	Yes	"Phosphatidic acid(plasmodium,C18:0,C18:1)"
pa_pf_18_1_18_1_c	C39H71O8P	Yes	"Phosphatidic acid(plasmodium,C18:1,C18:1)"
cdpchol_c	C14H25N4O11P2	Yes	CDPcholine C14H25N4O11P2
dag_pf_16_0_16_0_c	C35H68O5	Yes	"Diacylglycerol(plasmodium,C16:0,C16:0)"
dag_pf_16_0_18_1_c	C37H70O5	Yes	"Diacylglycerol(plasmodium,C16:0,C18:1)"
dag_pf_16_0_18_2_c	C37H68O5	Yes	"Diacylglycerol(plasmodium,C16:0,C18:2)"
dag_pf_18_1_18_1_c	C39H72O5	Yes	"Diacylglycerol(plasmodium,C18:1,C18:1)"
dag_pf_18_1_18_2_c	C39H70O5	Yes	"Diacylglycerol(plasmodium,C18:1,C18:2)"
dag_pf_18_2_18_2_c	C39H68O5	Yes	"Diacylglycerol(plasmodium,C18:2,C18:2)"
cdpea_c	C11H19N4O11P2	Yes	CDPethanolamine C11H19N4O11P2
cholp_c	C5H13NO4P	Yes	Choline phosphate C5H13NO4P
chol_c	C5H14NO	Yes	Choline C5H14NO
cit_m	C6H5O7	Yes	Citrate
succ_m	C4H4O4	Yes	Succinate
icit_m	C6H5O7	Yes	Isocitrate
accoa_m	C23H34N7O17P3S	Yes	Acetyl-CoA
h2o_m	H2O	No	H2O H2O
oaa_m	C4H2O5	Yes	Oxaloacetate
focytC_m	C42H54FeN8O6S2	Yes	Ferrocytochrome C
h_m	H	No	H+
o2_m	O2	No	O2 O2
ficytC_m	C42H54FeN8O6S2	Yes	Ferricytochrome c
mql4_m	C31H44O2	Yes	Menaquinol4
q8h2_m	C49H76O4	Yes	Ubiquinol-8
lnlc_c	C18H31O2	Yes	Linoleic acid (all cis C18:2) n-6
arachd_c	C20H31O2	Yes	Arachidonic acid
fe2_m	Fe	No	Fe2+ mitochondria
ppp9_m	C34H32N4O4	Yes	Protoporphyrin
2ahhmd_c	C7H8N5O8P2	Yes	2 Amino 4 hydroxy 6 hydroxymethyl 7 8 dihydropteridine diphosphate C7H8N5O8P2
fum_m	C4H2O4	Yes	Fumarate
dhap_h	C3H5O6P	Yes	Dihydroxyacetone phosphate
h_h	H	No	H+
nadh_h	C21H27N7O14P2	Yes	Nicotinamide adenine dinucleotide - reduced
fad_m	C27H31N9O15P2	Yes	Flavin adenine dinucleotide oxidized
pi_h	HO4P	No	Phosphate
g6p_B_c	C6H11O9P	Yes	Beta D glucose 6 phosphate C6H11O9P
gacpail_pf_18_0_18_1_16_0_c	C67H126NO18P	Yes	"Glucosaminyl-acylphosphatidyl inositol(plasmodium,C18:0,C18:1,inositol-C16:0)"
ggdp_c	C20H33O7P2	Yes	Geranylgeranyl diphosphate C20H33O7P2
ser__L_h	C3H7NO3	Yes	L-Serine
thf_h	C19H21N7O6	Yes	"5,6,7,8-Tetrahydrofolate"
ser__L_m	C3H7NO3	Yes	L-Serine
thf_m	C19H21N7O6	Yes	"5,6,7,8-Tetrahydrofolate"
glu__L_h	C5H8NO4	Yes	L-Glutamate
h2o_h	H2O	No	H2O H2O
nadp_h	C21H25N7O17P3	Yes	Nicotinamide adenine dinucleotide phosphate
xolest_16_0_c	C43H76O2	Yes	(chole)sterol ester
gly_m	C2H5NO2	Yes	Glycine
nad_m	C21H26N7O14P2	Yes	Nicotinamide adenine dinucleotide
lgt__S_h	C13H20N3O8S	Yes	(R)-S-Lactoylglutathione
gly_h	C2H5NO2	Yes	Glycine
4hpro_LT_c	C5H9NO3	Yes	Trans 4 Hydroxy L proline C5H9NO3
h_g	H	No	H+
nadp_m	C21H25N7O17P3	Yes	Nicotinamide adenine dinucleotide phosphate
h2mb4p_h	C5H9O8P2	Yes	1-hydroxy-2-methyl-2-(E)-butenyl 4-diphosphate
nadph_h	C21H26N7O17P3	Yes	Nicotinamide adenine dinucleotide phosphate - reduced
ipdp_h	C5H9O7P2	Yes	Isopentenyl diphosphate
acACP_h	C13H23N2O8PRS	Yes	Acetyl-ACP
malACP_h	C14H22N2O10PRS	Yes	Malonyl-[acyl-carrier protein]
Lcyst_c	C3H6NO5S	Yes	L-Cysteate
gthrd_h	C10H16N3O6S	Yes	Reduced glutathione
mthgxl_h	C3H4O2	Yes	Methylglyoxal
lipoamp_m	C18H25N5O8PS2	Yes	Lipoyl-AMP
lipoate_m	C8H14O2S2	Yes	Lipoate
ocACP_h	C19H35N2O8PRS	Yes	Octanoyl-ACP (n-C8:0ACP)
4fe4s_h	S4Fe4	No	[4Fe-4S] iron-sulfur cluster
amet_h	C15H23N6O5S	Yes	S-Adenosyl-L-methionine
nad_h	C21H26N7O14P2	Yes	Nicotinamide adenine dinucleotide
octapb_h	C8H15O	Yes	Octanoate (protein bound)
lipoate_e	C8H14O2S2	Yes	Lipoate
lipoate_c	C8H14O2S2	Yes	Lipoate
lnlc_e	C18H31O2	Yes	Linoleic acid (all cis C18:2) n-6
lpchol_pf_16_0_c	C24H50NO7P	Yes	"Lysophosphatidyl choline(plasmodium,C16:0)"
lpchol_pf_18_1_c	C26H52NO7P	Yes	"Lysophosphatidyl choline(plasmodium,C18:1)"
lpchol_pf_18_2_c	C26H50NO7P	Yes	"Lysophosphatidyl choline(plasmodium,C18:2)"
lpchol_pf_20_4_c	C28H50NO7P	Yes	"Lysophosphatidyl choline(plasmodium,C20:4)"
lpe_pf_16_0_c	C21H44NO7P	Yes	"Lysophosphatidyl ethanolamine(plasmodium,C16:0)"
lpe_pf_18_1_c	C23H46NO7P	Yes	"Lysophosphatidyl ethanolamine(plasmodium,C18:1)"
lpe_pf_18_2_c	C23H44NO7P	Yes	"Lysophosphatidyl ethanolamine(plasmodium,C18:2)"
lpe_pf_20_4_c	C25H44NO7P	Yes	"Lysophosphatidyl ethanolamine(plasmodium,C20:4)"
ACP_h	C11H21N2O7PRS	Yes	Acyl carrier protein
malcoa_h	C24H33N7O19P3S	Yes	Malonyl CoA C24H33N7O19P3S
mal__L_m	C4H4O5	Yes	L-Malate
q8_m	C49H74O4	Yes	Ubiquinone-8
mqn4_m	C31H42O2	Yes	Menaquinone4
2mecdp_h	C5H10O9P2	Yes	"2-C-methyl-D-erythritol 2,4-cyclodiphosphate"
2p4c2me_h	C14H22N3O17P3	Yes	2-phospho-4-(cytidine 5'-diphospho)-2-C-methyl-D-erythritol
2me4p_h	C5H11O7P	Yes	2-C-methyl-D-erythritol 4-phosphate
ctp_h	C9H12N3O14P3	Yes	CTP C9H12N3O14P3
p4a_c	C10H12N5O16P4	Yes	Adenosinetetraphosphate
pchol_pf_16_0_16_0_c	C40H80NO8P	Yes	"Phosphatidyl choline(plasmodium,C16:0,C16:0)"
pchol_pf_16_0_18_1_c	C42H82NO8P	Yes	"Phosphatidyl choline(plasmodium,C16:0,C18:1)"
pchol_pf_16_0_18_2_c	C42H80NO8P	Yes	"Phosphatidyl choline(plasmodium,C16:0,C18:2)"
pchol_pf_18_1_18_1_c	C44H84NO8P	Yes	"Phosphatidyl choline(plasmodium,C18:1,C18:1)"
pchol_pf_18_1_18_2_c	C44H82NO8P	Yes	"Phosphatidyl choline(plasmodium,C18:1,C18:2)"
pchol_pf_18_2_18_2_c	C44H80NO8P	Yes	"Phosphatidyl choline(plasmodium,C18:2,C18:2)"
35cdamp_c	C10H11N5O5P	Yes	3  5  Cyclic dAMP C10H11N5O5P
35cimp_c	C10H10N4O7P	Yes	3  5  Cyclic IMP C10H10N4O7P
35cgmp_c	C10H11N5O7P	Yes	"3',5'-Cyclic GMP"
35ccmp_c	C9H11N3O7P	Yes	3  5  Cyclic CMP C9H11N3O7P
coa_h	C21H32N7O16P3S	Yes	Coenzyme A
pyr_h	C3H3O3	Yes	Pyruvate
pe_pf_16_0_16_0_c	C37H74NO8P	Yes	"Phosphatidyl ethanolamine(plasmodium,C16:0,C16:0)"
pe_pf_16_0_18_1_c	C39H76NO8P	Yes	"Phosphatidyl ethanolamine(plasmodium,C16:0,C18:1)"
pe_pf_16_0_18_2_c	C39H74NO8P	Yes	"Phosphatidyl ethanolamine(plasmodium,C16:0,C18:2)"
pe_pf_18_1_18_1_c	C41H78NO8P	Yes	"Phosphatidyl ethanolamine(plasmodium,C18:1,C18:1)"
pe_pf_18_1_18_2_c	C41H76NO8P	Yes	"Phosphatidyl ethanolamine(plasmodium,C18:1,C18:2)"
pe_pf_18_2_18_2_c	C41H74NO8P	Yes	"Phosphatidyl ethanolamine(plasmodium,C18:2,C18:2)"
ethamp_c	C2H7NO4P	Yes	Ethanolamine phosphate C2H7NO4P
amet_g	C15H23N6O5S	Yes	S-Adenosyl-L-methionine
ethamp_g	C2H7NO4P	Yes	Ethanolamine phosphate C2H7NO4P
pheme_m	C34H30FeN4O4	Yes	Protoheme C34H30FeN4O4
pail45p_pf_16_0_18_1_c	C43H78O19P3	Yes	"Phosphatidyl inositol4,5-bisphosphate(plasmodium,C16:0,C18:1)"
pail45p_pf_18_0_18_1_c	C45H82O19P3	Yes	"Phosphatidyl inositol4,5-bisphosphate(plasmodium,C18:0,C18:1)"
pail4p_pf_16_0_18_1_c	C43H79O16P2	Yes	"1-Phosphatidyl-1D-myo-inositol4-phosphate(plasmodium,C16:0,C18:1)"
pail4p_pf_18_0_18_1_c	C45H83O16P2	Yes	"1-Phosphatidyl-1D-myo-inositol4-phosphate(plasmodium,C18:0,C18:1)"
pail_pf_18_0_18_1_c	C45H84O13P	Yes	"Phosphatidyl inositol(plasmodium,C18:0,C18:1)"
pail_pf_16_0_18_1_c	C43H80O13P	Yes	"Phosphatidyl inositol(plasmodium,C16:0,C18:1)"
plrxrd_c	XH2	No	"Plasmoredoxin,reduced"
2sephchc_c	C14H13O9	Yes	2-succinyl-5-enolpyruvyl-6-hydroxy-3-cyclohexene-1-carboxylate
h_l		No	H+
o2s_l	O2	No	Superoxide anion
o2s_m	O2	No	Superoxide anion
fadh2_m	C27H33N9O15P2	Yes	Flavin adenine dinucleotide reduced
coa_m	C21H32N7O16P3S	Yes	Coenzyme A
gtp_m	C10H12N5O14P3	Yes	GTP C10H12N5O14P3
nadh_m	C21H27N7O14P2	Yes	Nicotinamide adenine dinucleotide - reduced
h2o2_m	H2O2	No	Hydrogen peroxide
trdrd_m	XH2	No	Reduced thioredoxin
gthox_m	C20H30N6O12S2	Yes	Oxidized glutathione
nadph_m	C21H26N7O17P3	Yes	Nicotinamide adenine dinucleotide phosphate - reduced
trdox_m	X	No	Oxidized thioredoxin
ttdca_h	C14H27O2	Yes	Tetradecanoate (n-C14:0)
naglc2p_L_dolp11_c	C63H105NO12P2	Yes	N-Acetyl-D-glucosaminyl diphosphodolichol(11)
ttc_ggdp_c	C20H33O7P2	Yes	"Trans,trans,cis-Geranylgeranyl diphosphate"
up4u_c	C18H22N4O23P4	Yes	"P1,P4-Bis(5-uridyl)tetraphosphate"
hmbil_h	C40H38N4O17	Yes	Hydroxymethylbilane
uppg3_h	C40H36N4O16	Yes	Uroporphyrinogen III
uppg1_h	C40H36N4O16	Yes	Uroporphyrinogen I
xp4x_c	C20H22N8O23P4	Yes	"P1,P4-Bis(5-xanthosyl)tetraphosphate"
5thf_c	C39H45N11O18	Yes	Pentaglutamyl folate (THF)
clpn_pf_16_0_18_1_16_0_18_1_m	C77H144O17P2	Yes	Cardiolipin(plasmodium)
gdpfuc_c	C16H23N5O15P2	Yes	GDP-L-fucose
lipopb_m	C8H13OS2	Yes	Lipoate (protein bound)
mem3gacpail_pf_18_0_18_1_16_0_r	C93H172N2O41P2	Yes	"Mannosyl,phosphoethanolaminyl,trimannosyl-glucosaminyl-acylphosphatidyl inositol(plasmodium,C18:0,C18:1,C16:0)"
pail_pf_16_0_16_0_c	C41H78O13P	Yes	"Phosphatidyl inositol(plasmodium,C16:0,C16:0)"
pail_pf_16_0_18_0_c	C43H82O13P	Yes	"Phosphatidyl inositol(plasmodium,C16:0,C18:0)"
pail_pf_18_0_18_0_c	C45H86O13P	Yes	"Phosphatidyl inositol(plasmodium,C18:0,C18:0)"
pail_pf_18_1_18_1_c	C45H82O13P	Yes	"Phosphatidyl inositol(plasmodium,C18:1,C18:1)"
pchol_pf_16_0_18_0_c	C42H84NO8P	Yes	"Phosphatidyl choline(plasmodium,C16:0,C18:0)"
pchol_pf_16_0_20_4_c	C44H80NO8P	Yes	"Phosphatidyl choline(plasmodium,C16:0,C20:4)"
pe_pf_20_4_20_4_c	C45H74NO8P	Yes	"Phosphatidyl ethanolamine(plasmodium,C20:4,C20:4)"
ps_pf_18_0_18_1_c	C42H79NO10P	Yes	"Phosphatidyl serine(plasmodium,C18:0,C18:1)"
ps_pf_18_0_20_4_c	C44H77NO10P	Yes	"Phosphatidyl serine(plasmodium,C18:0,C20:4)"
ps_pf_18_1_18_1_c	C42H77NO10P	Yes	"Phosphatidyl serine(plasmodium,C18:1,C18:1)"
ps_pf_18_1_20_4_c	C44H75NO10P	Yes	"Phosphatidyl serine(plasmodium,C18:1,C20:4)"
ps_pf_20_4_20_4_c	C46H73NO10P	Yes	"Phosphatidyl serine(plasmodium,C20:4,C20:4)"
sphymyln_pf_18_1_16_0_g	C39H79N2O6P	Yes	N-(hexadecanoyl)-sphing-4-enine-1-phosphocholine
sphymyln_pf_18_1_18_0_g	C41H83N2O6P	Yes	N-(octadecanoyl)-sphing-4-enine-1-phosphocholine
sphymyln_pf_18_1_24_0_g	C47H95N2O6P	Yes	N-(tetracosanoyl)-sphing-4-enine-1-phosphocholine
tag_pf_16_0_18_0_18_0_c	C55H106O6	Yes	"1-hexadecanoyl-2,3-dioctadecanoyl-sn-glycerol"
tag_pf_18_0_18_0_18_1_c	C57H108O6	Yes	"1,2-dioctadecanoyl-3-(9Z-octadecenoyl)-sn-glycerol"
tag_pf_18_0_18_1_16_0_c	C55H104O6	Yes	Triacylglycerol(18:0/18:1(9Z)/16:0) or 1-palmitoyl-2-stearoyl-3-oleoyl-glycerol
tag_pf_18_1_18_2_18_2_c	C57H100O6	Yes	"1-(9Z-octadecenoyl)-2,3-di-(9Z,12Z-octadecadienoyl)-sn-glycerol"
orot_c	C5H3N2O4	Yes	Orotate C5H3N2O4
hmz_l	C272H240Fe8N32O32	Yes	Hemozoin
dag_pf_16_0_18_0_c	C37H72O5	Yes	"Diacylglycerol(plasmodium,C16:0,C18:0)"
dag_pf_16_0_20_4_c	C39H68O5	Yes	"Diacylglycerol(plasmodium,C16:0,C20:4)"
dag_pf_18_0_16_0_c	C37H72O5	Yes	"Diacylglycerol(plasmodium,C18:0,C16:0)"
dag_pf_18_0_18_0_c	C39H76O5	Yes	"Diacylglycerol(plasmodium,C18:0,C18:0)"
dag_pf_18_0_18_1_c	C39H74O5	Yes	"Diacylglycerol(plasmodium,C18:0,C18:1)"
dag_pf_18_0_18_2_c	C39H72O5	Yes	"Diacylglycerol(plasmodium,C18:0,C18:2)"
dag_pf_18_0_20_4_c	C41H72O5	Yes	"Diacylglycerol(plasmodium,C18:0,C20:4)"
dag_pf_18_1_16_0_c	C37H70O5	Yes	"Diacylglycerol(plasmodium,C18:1,C16:0)"
dag_pf_18_1_18_0_c	C39H74O5	Yes	"Diacylglycerol(plasmodium,C18:1,C18:0)"
dag_pf_18_1_20_4_c	C41H70O5	Yes	"Diacylglycerol(plasmodium,C18:1,C20:4)"
dag_pf_18_2_16_0_c	C37H68O5	Yes	"Diacylglycerol(plasmodium,C18:2,C16:0)"
dag_pf_18_2_18_0_c	C39H72O5	Yes	"Diacylglycerol(plasmodium,C18:2,C18:0)"
dag_pf_18_2_18_1_c	C39H70O5	Yes	"Diacylglycerol(plasmodium,C18:2,C18:1)"
dag_pf_18_2_20_4_c	C41H68O5	Yes	"Diacylglycerol(plasmodium,C18:2,C20:4)"
dag_pf_20_4_16_0_c	C39H68O5	Yes	"Diacylglycerol(plasmodium,C20:4,C16:0)"
dag_pf_20_4_18_0_c	C41H72O5	Yes	"Diacylglycerol(plasmodium,C20:4,C18:0)"
dag_pf_20_4_18_1_c	C41H70O5	Yes	"Diacylglycerol(plasmodium,C20:4,C18:1)"
dag_pf_20_4_18_2_c	C41H68O5	Yes	"Diacylglycerol(plasmodium,C20:4,C18:2)"
amet_e	C15H23N6O5S	Yes	S-Adenosyl-L-methionine
sphgn_c	C18H40NO2	Yes	Sphinganine C18H40NO2
lgnccoa_c	C45H78N7O17P3S	Yes	Lignocericyl coenzyme A
lgn_e	C24H47O2	Yes	Lignoceric acid or tetracosanoicacid C24:0
lgn_c	C24H47O2	Yes	Lignoceric acid or tetracosanoicacid C24:0
crm_pf_18_1_18_0_g	C36H71NO3	Yes	N-(octadecanoyl)-sphing-4-enine
h2o_g	H2O	No	H2O H2O
pchol_pf_16_0_16_0_g	C40H80NO8P	Yes	"Phosphatidyl choline(plasmodium,C16:0,C16:0)"
pchol_pf_16_0_18_1_g	C42H82NO8P	Yes	"Phosphatidyl choline(plasmodium,C16:0,C18:1)"
pchol_pf_16_0_18_0_g	C42H84NO8P	Yes	"Phosphatidyl choline(plasmodium,C16:0,C18:0)"
pchol_pf_18_1_18_1_g	C44H84NO8P	Yes	"Phosphatidyl choline(plasmodium,C18:1,C18:1)"
pchol_pf_18_1_18_2_g	C44H82NO8P	Yes	"Phosphatidyl choline(plasmodium,C18:1,C18:2)"
pchol_pf_18_2_18_2_g	C44H80NO8P	Yes	"Phosphatidyl choline(plasmodium,C18:2,C18:2)"
crm_pf_18_1_18_0_c	C36H71NO3	Yes	N-(octadecanoyl)-sphing-4-enine
dhcrm_pf_18_0_18_0_c	C36H73NO3	Yes	N-(octadecanoyl)-sphinganine
crm_pf_18_1_24_0_g	C42H83NO3	Yes	N-(tetracosanoyl)-sphing-4-enine
crm_pf_18_1_24_0_c	C42H83NO3	Yes	N-(tetracosanoyl)-sphing-4-enine
dhcrm_pf_18_0_24_0_c	C42H85NO3	Yes	N-(tetracosanoyl)-sphinganine
pa_pf_18_1_20_4_c	C41H69O8P	Yes	"Phosphatidic acid(plasmodium,C18:1,C20:4)"
alpa_pf_18_1_c	C21H39O7P	Yes	"Lysophosphatidic acid(plasmodium,C18:1)"
arachdcoa_c	C41H62N7O17P3S	Yes	C20:4-CoA
pa_pf_20_4_20_4_c	C43H67O8P	Yes	"Phosphatidic acid(plasmodium,C20:4,C20:4)"
alpa_pf_20_4_c	C23H37O7P	Yes	"Lysophosphatidic acid(plasmodium,C20:4)"
alpa_pf_16_0_c	C19H37O7P	Yes	"Lysophosphatidic acid(plasmodium,C16:0)"
pa_pf_16_0_20_4_c	C39H67O8P	Yes	"Phosphatidic acid(plasmodium,C16:0,C20:4)"
dag_pf_20_4_20_4_c	C43H68O5	Yes	"Diacylglycerol(plasmodium,C20:4,C20:4)"
pe_pf_16_0_16_0_r	C37H74NO8P	Yes	"Phosphatidyl ethanolamine(plasmodium,C16:0,C16:0)"
pe_pf_16_0_18_1_r	C39H76NO8P	Yes	"Phosphatidyl ethanolamine(plasmodium,C16:0,C18:1)"
pe_pf_16_0_18_2_r	C39H74NO8P	Yes	"Phosphatidyl ethanolamine(plasmodium,C16:0,C18:2)"
pe_pf_18_1_18_1_r	C41H78NO8P	Yes	"Phosphatidyl ethanolamine(plasmodium,C18:1,C18:1)"
pe_pf_18_1_18_2_r	C41H76NO8P	Yes	"Phosphatidyl ethanolamine(plasmodium,C18:1,C18:2)"
pe_pf_18_2_18_2_r	C41H74NO8P	Yes	"Phosphatidyl ethanolamine(plasmodium,C18:2,C18:2)"
dag_pf_16_0_18_1_r	C37H70O5	Yes	"Diacylglycerol(plasmodium,C16:0,C18:1)"
dag_pf_16_0_18_2_r	C37H68O5	Yes	"Diacylglycerol(plasmodium,C16:0,C18:2)"
dag_pf_18_1_18_1_r	C39H72O5	Yes	"Diacylglycerol(plasmodium,C18:1,C18:1)"
dag_pf_18_1_18_2_r	C39H70O5	Yes	"Diacylglycerol(plasmodium,C18:1,C18:2)"
dag_pf_18_2_18_2_r	C39H68O5	Yes	"Diacylglycerol(plasmodium,C18:2,C18:2)"
dag_pf_16_0_16_0_r	C35H68O5	Yes	"Diacylglycerol(plasmodium,C16:0,C16:0)"
pgp_pf_16_0_18_1_c	C40H75O13P2	Yes	Phosphatidyl glycerophsophate(plasmodium)
pglyc_pf_16_0_18_1_c	C40H76O10P	Yes	Phosphatidyl glycerol(plasmodium)
pglyc_pf_16_0_18_1_m	C40H76O10P	Yes	Phosphatidyl glycerol(plasmodium)
saccrp__L_c	C11H19N2O6	Yes	L Saccharopine C11H19N2O6
6a2ohxnt_c	C6H11NO3	Yes	6-Amino-2-oxohexanoate
1pipdn2c_c	C6H9NO2	Yes	Delta1-Piperideine-2-carboxylate
Lpipecol_e	C6H11NO2	Yes	L-pipecolic acid; piperidine-2-carboxylic acid
4pyrdx_c	C8H9NO4	Yes	4-Pyridoxate
4pyrdx_e	C8H9NO4	Yes	4-Pyridoxate
accoa_h	C23H34N7O17P3S	Yes	Acetyl-CoA
hco3_h	CHO3	Yes	Bicarbonate
acgpail_pf_18_0_18_1_c	C53H97NO18P	Yes	"N-Acetyl-D-glucosaminyl phosphatidyl inositol(plasmodium,C18:0,C18:1)"
acon_C_m	C6H3O6	Yes	Cis-Aconitate
apoACP_h	RHO	No	Apoprotein [acyl carrier protein]
13dpg_c	C3H4O10P2	Yes	3-Phospho-D-glyceroyl phosphate
amp_m	C10H12N5O7P	Yes	AMP C10H12N5O7P
lnlccoa_c	C39H62N7O17P3S	Yes	Linoleic coenzyme A
alpa_pf_18_0_c	C21H41O7P	Yes	"Lysophosphatidic acid(plasmodium,C18:0)"
alpa_pf_18_2_c	C21H37O7P1	Yes	"Lysophosphatidic acid(plasmodium,C18:2)"
ahcys_h	C14H20N6O5S	Yes	S-Adenosyl-L-homocysteine
akg_m	C5H4O5	Yes	2-Oxoglutarate
succoa_m	C25H35N7O19P3S	Yes	Succinyl-CoA
glyald_h	C3H6O3	Yes	D-Glyceraldehyde
2dmmq4_c	C30H40O2	Yes	2-Demethylmenaquinone4
aopox_h	X	No	Antioxidant protein(oxidized)
plrxrd_h	XH2	No	"Plasmoredoxin,reduced"
aoprd_h	XH2	No	Antioxidant protein(reduced)
h2o2_h	H2O2	No	Hydrogen peroxide
grxrd_h	XH2	No	Glutaredoxin (reduced)
ap3a_c	C20H24N10O16P3	Yes	"P1,P3-Bis(5-adenosyl)triphosphate"
lac__D_h	C3H5O3	Yes	D-Lactate
ddcpdp_c	C60H97O7P2	Yes	Dodecaprenyldiphosphate
14dhncoa_c	C32H38N7O19P3S	Yes	"1,4-dihydroxy-2-napthoyl-CoA"
dhor__S_m	C5H5N2O4	Yes	(S)-Dihydroorotate
dmpp_h	C5H9O7P2	Yes	Dimethylallyl diphosphate
2omhmbl_m	C48H74O4	Yes	"2-Octaprenyl-3-methyl-5-hydroxy-6-methoxy-1,4-benzoquinol"
amet_m	C15H23N6O5S	Yes	S-Adenosyl-L-methionine
dol11manp_c	C61H102O9P	Yes	Dolichylphosphate(11subunits)D-mannose
dolp11_c	C55H91O4P	Yes	Dolichol(11subunits)phosphate
dol12manp_c	C66H110O9P	Yes	Dolichylphosphate(12subunits)D-mannose
dolp12_c	C60H99O4P	Yes	Dolichol(12subunits)phosphate
doldp11_c	C55H91O7P2	Yes	Dolichol(11subunits)diphosphate
doldp12_c	C60H99O7P2	Yes	Dolichol(12subunits)diphosphate
dolichol11_c	C55H92O	Yes	Dolichol(11subunits)
dolichol12_c	C60H100O	Yes	Dolichol(12subunits)
dpcoa_h	C21H33N7O13P2S	Yes	Dephospho-CoA
23dpg_c	C3H3O10P2	Yes	2 3 Disphospho D glycerate C3H3O10P2
dxyl5p_h	C5H9O7P	Yes	1-deoxy-D-xylulose 5-phosphate
g3p_h	C3H5O6P	Yes	Glyceraldehyde 3-phosphate
tdec2eACP_h	C21H37N2O8PRS	Yes	Trans-Dec-2-enoyl-[acyl-carrier protein]
tddec2eACP_h	C23H41N2O8PRS	Yes	Trans-Dodec-2-enoyl-[acyl-carrier protein]
tmrs2eACP_h	C25H45N2O8PRS	Yes	Trans-Tetradec-2-enoyl-[acyl-carrier protein]
tpalm2eACP_h	C27H49N2O8PRS	Yes	Trans-Hexadec-2-enoyl-[acyl-carrier protein]
but2eACP_h	C15H25N2O8PRS	Yes	But-2-enoyl-[acyl-carrier protein]
thex2eACP_h	C17H29N2O8PRS	Yes	Trans-Hex-2-enoyl-[acyl-carrier protein]
toct2eACP_h	C19H33N2O8PRS	Yes	Trans-Oct-2-enoyl-[acyl-carrier protein]
2mp2coa_c	C25H36N7O17P3S	Yes	2-Methylprop-2-enoyl-CoA
2mb2coa_c	C26H38N7O17P3S	Yes	Trans-2-Methylbut-2-enoyl-CoA
e4hglu_c	C5H8NO5	Yes	L erythro 4 Hydroxyglutamate C5H8NO5
myrsACP_h	C25H47N2O8PRS	Yes	Myristoyl-ACP (n-C14:0ACP)
palmACP_h	C27H51N2O8PRS	Yes	Palmitoyl-ACP (n-C16:0ACP)
gpail_pf_18_0_18_1_c	C51H96NO17P	Yes	"D-glucosaminyl phosphatidyl inositol(plasmodium,C18:0,C18:1)"
dol11manp_r	C61H102O9P	Yes	Dolichylphosphate(11subunits)D-mannose
gacpail_pf_18_0_18_1_16_0_r	C67H126NO18P	Yes	"Glucosaminyl-acylphosphatidyl inositol(plasmodium,C18:0,C18:1,inositol-C16:0)"
dol12manp_r	C66H110O9P	Yes	Dolichylphosphate(12subunits)D-mannose
grxox_h	X	No	Glutaredoxin (oxidized)
gthox_h	C20H30N6O12S2	Yes	Oxidized glutathione
gdp_m	C10H12N5O11P2	Yes	GDP C10H12N5O11P2
m4gacpail_pf_18_0_18_1_16_0_r	C91H166NO38P	Yes	"Tetramannosyl-glucosaminyl-acylphosphatidyl inositol(plasmodium,C18:0,C18:1,C16:0)"
Hb_l	C2950H4498N780O810Fe4S10	Yes	Hemoglobin
h2o_l		No	H2O H2O
polypep_l	C2814H4378N764O794S10	Yes	Polypeptide
4hbz_m	C7H5O3	Yes	4-Hydroxybenzoate
octdp_m	C40H65O7P2	Yes	All-trans-Octaprenyl diphosphate
hdca_h	C16H31O2	Yes	Hexadecanoate (n-C16:0)
hemeO_m	C49H56FeN4O5	Yes	Heme O C49H56FeN4O5
frdp_m	C15H25O7P2	Yes	Farnesyl diphosphate
hepdp_c	C35H57O7P2	Yes	All-trans-Heptaprenyl diphosphate
gam_c	C6H14NO5	Yes	D-Glucosamine
hexdp_c	C30H49O7P2	Yes	All trans Hexaprenyl diphosphate C30H49O7P2
ppbng_h	C10H13N2O4	Yes	Porphobilinogen
hemeBo_l	C34H30FeN4O4	Yes	HemeBoxidized
2ahhmp_c	C7H9N5O2	Yes	2 Amino 4 hydroxy 6 hydroxymethyl 7 8 dihydropteridine C7H9N5O2
mi3p__D_c	C6H11O9P	Yes	1D-myo-Inositol 3-phosphate
mqn4_c	C31H42O2	Yes	Menaquinone4
ncam_e	C6H6N2O	Yes	Nicotinamide
nmettyam_h	C9H14NO	Yes	N-Methyltyramine
no3_m	NO3	No	Nitrate
no2_m	NO2	No	Nitrite
o2_l		No	O2 O2
2ohph_m	C46H70O2	Yes	2-Octaprenyl-6-hydroxyphenol
4mop_m	C6H9O3	Yes	4-Methyl-2-oxopentanoate
3mob_m	C5H7O3	Yes	3-Methyl-2-oxobutanoate
3mop_m	C6H9O3	Yes	(S)-3-Methyl-2-oxopentanoate
2ombzl_m	C47H72O3	Yes	"2-Octaprenyl-6-methoxy-1,4-benzoquinol"
2ommbl_m	C48H74O3	Yes	"2-Octaprenyl-3-methyl-6-methoxy- 1,4-benzoquinol"
2omph_m	C47H72O2	Yes	2-Octaprenyl-6-methoxyphenol
3ophb_m	C47H69O3	Yes	3-Octaprenyl-4-hydroxybenzoate
2oph_m	C46H70O	Yes	2-Octaprenylphenol
plrxox_c	X	No	"Plasmoredoxin,oxidized"
pa_pf_16_0_18_2_c	C37H67O8P	Yes	"Phosphatidic acid(plasmodium,C16:0,C18:2)"
pa_pf_18_1_18_2_c	C39H69O8P	Yes	"Phosphatidic acid(plasmodium,C18:1,C18:2)"
pa_pf_18_2_18_2_c	C39H67O8P	Yes	"Phosphatidic acid(plasmodium,C18:2,C18:2)"
ppi_h	HO7P2	No	Diphosphate
ppi_m	HO7P2	No	Diphosphate
5aop_h	C5H9NO3	Yes	5-Amino-4-oxopentanoate
pppg9_m	C34H38N4O4	Yes	Protoporphyrinogen IX
pendp_c	C25H41O7P2	Yes	All trans Pentaprenyl diphosphate C25H41O7P2
pa_pf_18_0_20_4_c	C41H71O8P	Yes	"Phosphatidic acid(plasmodium,C18:0,C20:4)"
cdpdag_pf_18_0_20_4_c	C50H83N3O15P2	Yes	"CDP diacylglycerol(plasmodium,C18:0,C20:4)"
cdpdag_pf_18_1_20_4_c	C50H81N3O15P2	Yes	"CDP diacylglycerol(plasmodium,C18:1,C20:4)"
cdpdag_pf_20_4_20_4_c	C52H79N3O15P2	Yes	"CDP diacylglycerol(plasmodium,C20:4,C20:4)"
5mti_c	C11H14N4O4S	Yes	5-Methylthioinosine
adp_h	C10H12N5O10P2	Yes	ADP C10H12N5O10P2
pep_h	C3H2O6P	Yes	Phosphoenolpyruvate
ribflv_e	C17H20N4O6	Yes	Riboflavin C17H20N4O6
pail3p_pf_18_0_18_1_c	C45H83O16P2	Yes	"1-Phosphatidyl-1D-myo-inositol3-phosphate(plasmodium,C18:0,C18:1)"
dsbcox_r	X	No	Protein disulfide isomerase II (oxidized)
gthrd_r	C10H16N3O6S	Yes	Reduced glutathione
dsbgox_r	X	No	Periplasmic disulfide isomerase/thiol-disulphide oxidase (oxidized)
dttp_e	C10H13N2O14P3	Yes	DTTP C10H13N2O14P3
gthrd_m	C10H16N3O6S	Yes	Reduced glutathione
mi145p_c	C6H9O15P3	Yes	1D myo Inositol 1 4 5 trisphosphate C6H9O15P3
mi1456p_c	C6H8O18P4	Yes	1D myo Inositol 1 4 5 6 tetrakisphosphate C6H8O18P4
mi14p_c	C6H10O12P2	Yes	"1D-myo-Inositol 1,4-bisphosphate"
sbt__D_c	C6H14O6	Yes	D-Sorbitol
chtn_c	C24H41N3O16	Yes	Chtn c
pail34p_pf_16_0_18_1_c	C43H78O19P3	Yes	"Phosphatidylinositol 3,4-bisphosphate(plasmodium,C16:0,C18:1)"
pail34p_pf_18_0_18_1_c	C45H82O19P3	Yes	"Phosphatidylinositol 3,4-bisphosphate(plasmodium,C18:0,C18:1)"
pail3p_pf_16_0_18_1_c	C43H79O16P2	Yes	"1-Phosphatidyl-1D-myo-inositol3-phosphate(plasmodium,C16:0,C18:1)"
naglc2p_L_dolp12_c	C68H113NO12P2	Yes	N-Acetyl-D-glucosaminyl diphosphodolichol(12)
fdred_h	Fe8S8H2X	No	Ferredoxin (reduced) 2[4Fe-4S]
pyr_m	C3H3O3	Yes	Pyruvate
pail345p_pf_16_0_18_1_c	C43H77O22P4	Yes	"Phosphatidylinositol 3,4,5-trisphosphate(plasmodium,C16:0,C18:1)"
mi13456p_c	C6H7O21P5	Yes	1D myo Inositol 1 3 4 5 6 pentakisphosphate C6H7O21P5
mi4p__D_c	C6H11O9P	Yes	1D-myo-Inositol 4-phosphate
pail345p_pf_18_0_18_1_c	C45H81O22P4	Yes	"Phosphatidylinositol 3,4,5-trisphosphate(plasmodium,C18:0,C18:1)"
chsterol_c	C27H46O	Yes	Chsterol c
crm_pf_18_1_16_0_g	C34H67NO3	Yes	N-(hexadecanoyl)-sphing-4-enine
crm_pf_18_1_16_0_c	C34H67NO3	Yes	N-(hexadecanoyl)-sphing-4-enine
dhcrm_pf_18_0_16_0_c	C34H69NO3	Yes	N-(hexadecanoyl)-sphinganine(dihydroceramide)
Asn_X_Ser_Thr_c	C4H6N2O2X	Yes	Asn  X  Ser FSLASH Thr l
chito2pdol_L_dolp11_c	C71H118N2O17P2	Yes	"N,N-Diacetylchitobiosyl diphosphodolichol PP-Dol11(-a1)GlcNAc(4-b1)GlcNAc"
chito2pdol_L_dolp12_c	C76H126N2O17P2	Yes	"N,N-Diacetylchitobiosyl diphosphodolichol PP-Dol12(-a1)GlcNAc(4-b1)GlcNAc"
6pthp_c	C9H11N5O3	Yes	"6-Pyruvoyl-5,6,7,8-tetrahydropterin"
cadprib_c	C15H19N5O13P2	Yes	Cyclic adenosine diphosphate ribose(cADPR)
fmet__L_c	C6H10NO3S	Yes	N-formyl-L-methioninate
chsterol_e	C27H46O	Yes	Chsterol c
hco3_e	CHO3	Yes	Bicarbonate
mthgxl_e	C3H4O2	Yes	Methylglyoxal
3dsphgn_c	C18H38NO2	Yes	3 Dehydrosphinganine C18H38NO2
3hdecACP_h	C21H39N2O9PRS	Yes	(R)-3-Hydroxydecanoyl-[acyl-carrier protein]
3hddecACP_h	C23H43N2O9PRS	Yes	(R)-3-Hydroxydodecanoyl-[acyl-carrier protein]
3hmrsACP_h	C25H47N2O9PRS	Yes	(R)-3-Hydroxytetradecanoyl-[acyl-carrier protein]
3hpalmACP_h	C27H51N2O9PRS	Yes	R-3-hydroxypalmitoyl-[acyl-carrier protein]
3haACP_h	C15H27N2O9PRS	Yes	(3R)-3-Hydroxyacyl-[acyl-carrier protein]
3hhexACP_h	C17H31N2O9PRS	Yes	(R)-3-Hydroxyhexanoyl-[acyl-carrier protein]
3hoctACP_h	C19H35N2O9PRS	Yes	(R)-3-Hydroxyoctanoyl-[acyl-carrier protein]
3hibutcoa_c	C25H38N7O18P3S	Yes	(S)-3-Hydroxyisobutyryl-CoA
3odecACP_h	C21H37N2O9PRS	Yes	3-Oxodecanoyl-[acyl-carrier protein]
3oddecACP_h	C23H41N2O9PRS	Yes	3-Oxododecanoyl-[acyl-carrier protein]
3omrsACP_h	C25H45N2O9PRS	Yes	3-Oxotetradecanoyl-[acyl-carrier protein]
3opalmACP_h	C27H49N2O9PRS	Yes	3-Oxohexadecanoyl-[acyl-carrier protein]
actACP_h	C15H25N2O9PRS	Yes	Acetoacetyl-ACP
3ohexACP_h	C17H29N2O9PRS	Yes	3-Oxohexanoyl-[acyl-carrier protein]
3ooctACP_h	C19H33N2O9PRS	Yes	3-Oxooctanoyl-[acyl-carrier protein]
dcaACP_h	C21H39N2O8PRS	Yes	Decanoyl-ACP (n-C10:0ACP)
ddcaACP_h	C23H43N2O8PRS	Yes	Dodecanoyl-ACP (n-C12:0ACP)
butACP_h	C15H27N2O8PRS	Yes	Butyryl-ACP (n-C4:0ACP)
hexACP_h	C17H31N2O8PRS	Yes	Hexanoyl-ACP (n-C6:0ACP)
4nphp_c	C6H4NO6P	Yes	4-Nitrophenyl phosphate
pail45p_hs_18_0_20_4_c		No	"Phosphatidylinositol 4,5-bisphosphate (homo sapiens, C18:0, C20:4) cytosol"
pail34p_hs_18_0_20_4_c		No	Pail34p hs 18 0 20 4[c]
pail4p_hs_18_0_20_4_c		No	"1-Phosphatidyl-1D-myo-inositol 4-phosphate (homo sapiens, C18:0, C20:4) cytosol"
pail_hs_18_0_20_4_c		No	"Phosphatidylinositol (homo sapiens, C18:0, C20:4) cytosol"
cdpdag_hs_18_0_20_4_c		No	"CDP diacylglycerol (homo sapiens, C18:0, C20:4) cytosol"
pa_hs_18_0_20_4_c		No	"Phosphatidic acid (homo sapiens,  C18:0, C20:4) cytosol"
dag_hs_18_0_20_4_c		No	"Diacylglycerol (homo sapiens, C18:0, C20:4) cytosol"
pchol_hs_18_0_20_4_c		No	"Phosphatidylcholine (homo sapiens, C18:0, C20:4) cytosol"
pa_hs_18_2_20_4_c		No	Pa hs 18 2 20 4[c]
alpha_hs_18_2_c		No	Alpha hs 18 2[c]
pa_hs_18_1_20_4_c		No	Pa hs 18 1 20 4[c]
alpha_hs_18_1_c		No	Alpha hs 18 1[c]
pail45p_hs_18_2_18_2_c		No	Pail45p hs 18 2 18 2[c]
ps_hs_18_0_20_4_c		No	"Phosphatidylserine (homo sapiens, C18:0, C20:4) cytosol"
pail345p_hs_18_2_18_2_c		No	Pail345p hs 18 2 18 2[c]
pail34p_hs_18_2_18_2_c		No	Pail34p hs 18 2 18 2[c]
pail45p_hs_18_1_18_2_c		No	"Phosphatidylinositol 4,5-bisphosphate (homo sapiens, C18:1, C18:2)"
pe_hs_18_0_20_4_c		No	"Phosphatidylethanolamine (homo sapiens, C18:0, C20:4) cytosol"
pail345p_hs_18_1_18_2_c		No	Pail345p hs 18 1 18 2[c]
pail34p_hs_18_1_18_2_c		No	Pail34p hs 18 1 18 2[c]
pail4p_hs_18_1_18_2_c		No	"1-Phosphatidyl-1D-myo-inositol 4-phosphate (homo sapiens, C18:1, C18:2)"
pail4p_hs_18_2_18_2_c		No	Pail4p hs 18 2 18 2[c]
pail_hs_18_2_18_2_c		No	Pail hs 18 2 18 2[c]
cdpdag_hs_18_2_18_2_c		No	Cdpdag hs 18 2 18 2[c]
pa_hs_18_2_18_2_c		No	Pa hs 18 2 18 2[c]
dag_hs_18_2_18_2_c		No	Dag hs 18 2 18 2[c]
pail_hs_18_1_18_2_c		No	"Phosphatidylinositol (homo sapiens, C18:1, C18:2)"
cdpdag_hs_18_1_18_2_c		No	"CDP diacylglycerol (homo sapiens, C18:1, C18:2)"
pa_hs_18_1_18_2_c		No	"Phosphatidic acid (homo sapiens, C18:1, C18:2)"
dag_hs_18_1_18_2_c		No	"Diacylglycerol (homo sapiens, C18:1, C18:2)"
pchol_hs_18_1_18_2_c		No	"Phosphatidylcholine (homo sapiens, C18:1, C18:2)"
pchol_hs_18_2_18_2_c		No	Pchol hs 18 2 18 2[c]
ps_hs_18_2_18_2_c		No	Ps hs 18 2 18 2[c]
pe_hs_18_2_18_2_c		No	Pe hs 18 2 18 2[c]
ps_hs_18_1_18_2_c		No	Ps hs 18 1 18 2[c]
pe_hs_18_1_18_2_c		No	"Phosphatidylethanolamine (homo sapiens, C18:1, C18:2)"
pail45p_hs_18_1_20_4_c		No	Pail45p hs 18 1 20 4[c]
pail345p_hs_18_1_20_4_c		No	Pail345p hs 18 1 20 4[c]
pail45p_hs_18_1_18_1_c		No	"Phosphatidylinositol 4,5-bisphosphate (homo sapiens, C18:1, C18:1)"
pail34p_hs_18_1_20_4_c		No	Pail34p hs 18 1 20 4[c]
pail4p_hs_18_1_20_4_c		No	Pail4p hs 18 1 20 4[c]
pail345p_hs_18_1_18_1_c		No	Pail345p hs 18 1 18 1[c]
pail_hs_18_1_20_4_c		No	Pail hs 18 1 20 4[c]
alpha_hs_18_0_c		No	Alpha hs 18 0[c]
pail34p_hs_18_1_18_1_c		No	Pail34p hs 18 1 18 1[c]
pail4p_hs_18_1_18_1_c		No	"1-Phosphatidyl-1D-myo-inositol 4-phosphate (homo sapiens, C18:1, C18:1)"
cdpdag_hs_18_1_20_4_c		No	Cdpdag hs 18 1 20 4[c]
pail45p_hs_18_0_18_2_c		No	Pail45p hs 18 0 18 2[c]
dag_hs_18_1_20_4_c		No	Dag hs 18 1 20 4[c]
pchol_hs_18_1_20_4_c		No	Pchol hs 18 1 20 4[c]
pail_hs_18_1_18_1_c		No	"Phosphatidylinositol (homo sapiens, C18:1, C18:1)"
cdpdag_hs_18_1_18_1_c		No	"CDP diacylglycerol (homo sapiens, C18:1, C18:1)"
pa_hs_18_1_18_1_c		No	"Phosphatidic acid (homo sapiens, C18:1, C18:1)"
ps_hs_18_1_20_4_c		No	Ps hs 18 1 20 4[c]
pail345p_hs_18_0_18_2_c		No	Pail345p hs 18 0 18 2[c]
pe_hs_18_1_20_4_c		No	Pe hs 18 1 20 4[c]
dag_hs_18_1_18_1_c		No	"Diacylglycerol (homo sapiens, C18:1, C18:1)"
pchol_hs_18_1_18_1_c		No	"Phosphatidylcholine (homo sapiens, C18:1, C18:1)"
ps_hs_18_1_18_1_c		No	Ps hs 18 1 18 1[c]
pe_hs_18_1_18_1_c		No	"Phosphatidylethanolamine (homo sapiens, C18:1, C18:1)"
pail34p_hs_18_0_18_2_c		No	Pail34p hs 18 0 18 2[c]
pail4p_hs_18_0_18_2_c		No	Pail4p hs 18 0 18 2[c]
pail345p_hs_18_0_20_4_c		No	Pail345p hs 18 0 20 4[c]
cdpdag_hs_16_0_20_4_c		No	Cdpdag hs 16 0 20 4[c]
pail4p_hs_18_0_18_1_c		No	Pail4p hs 18 0 18 1[c]
pail_hs_18_0_18_1_c		No	Pail hs 18 0 18 1[c]
pail_hs_18_0_18_2_c		No	Pail hs 18 0 18 2[c]
cdpdag_hs_18_0_18_1_c		No	Cdpdag hs 18 0 18 1[c]
pa_hs_18_0_18_1_c		No	Pa hs 18 0 18 1[c]
pa_hs_16_0_20_4_c		No	Pa hs 16 0 20 4[c]
pchol_hs_16_0_20_4_c		No	Pchol hs 16 0 20 4[c]
dag_hs_18_0_18_1_c		No	Dag hs 18 0 18 1[c]
dag_hs_16_0_20_4_c		No	Dag hs 16 0 20 4[c]
ps_hs_16_0_20_4_c		No	Ps hs 16 0 20 4[c]
pchol_hs_18_0_18_1_c		No	Pchol hs 18 0 18 1[c]
cdpdag_hs_18_0_18_2_c		No	Cdpdag hs 18 0 18 2[c]
pe_hs_16_0_20_4_c		No	Pe hs 16 0 20 4[c]
pa_hs_18_0_18_2_c		No	Pa hs 18 0 18 2[c]
ps_hs_18_0_18_1_c		No	Ps hs 18 0 18 1[c]
pe_hs_18_0_18_1_c		No	Pe hs 18 0 18 1[c]
alpha_hs_16_0_c		No	Alpha hs 16 0[c]
pail45p_hs_16_0_18_2_c		No	"Phosphatidylinositol 4,5-bisphosphate (homo sapiens, C16:0, C18:2)"
pail45p_hs_18_0_18_0_c		No	Pail45p hs 18 0 18 0[c]
pail345p_hs_18_0_18_0_c		No	Pail345p hs 18 0 18 0[c]
pail345p_hs_16_0_18_2_c		No	Pail345p hs 16 0 18 2[c]
pail34p_hs_16_0_18_2_c		No	Pail34p hs 16 0 18 2[c]
pail4p_hs_16_0_18_2_c		No	"1-Phosphatidyl-1D-myo-inositol 4-phosphate (homo sapiens, C16:0, C18:2)"
pail_hs_16_0_18_2_c		No	"Phosphatidylinositol (homo sapiens, C16:0, C18:2)"
pail34p_hs_18_0_18_0_c		No	Pail34p hs 18 0 18 0[c]
pail4p_hs_18_0_18_0_c		No	Pail4p hs 18 0 18 0[c]
dag_hs_18_0_18_2_c		No	Dag hs 18 0 18 2[c]
pail_hs_18_0_18_0_c		No	Pail hs 18 0 18 0[c]
cdpdag_hs_16_0_18_2_c		No	"CDP diacylglycerol (homo sapiens, C16:0, C18:2)"
pa_hs_16_0_18_2_c		No	"Phosphatidic acid (homo sapiens, C16:0, C18:2)"
dag_hs_16_0_18_2_c		No	"Diacylglycerol (homo sapiens, C16:0, C18:2)"
cdpdag_hs_18_0_18_0_c		No	Cdpdag hs 18 0 18 0[c]
pchol_hs_16_0_18_2_c		No	"Phosphatidylcholine (homo sapiens, C16:0, C18:2)"
pchol_hs_18_0_18_2_c		No	Pchol hs 18 0 18 2[c]
ps_hs_16_0_18_2_c		No	Ps hs 16 0 18 2[c]
pe_hs_16_0_18_2_c		No	"Phosphatidylethanolamine (homo sapiens, C16:0, C18:2)"
pa_hs_18_0_18_0_c		No	Pa hs 18 0 18 0[c]
dag_hs_18_0_18_0_c		No	Dag hs 18 0 18 0[c]
pchol_hs_18_0_18_0_c		No	Pchol hs 18 0 18 0[c]
ps_hs_18_0_18_0_c		No	Ps hs 18 0 18 0[c]
pe_hs_18_0_18_0_c		No	Pe hs 18 0 18 0[c]
pail45p_hs_16_0_18_1_c		No	"Phosphatidylinositol 4,5-bisphosphate (homo sapiens, C16:0, C18:1)"
pail345p_hs_16_0_18_1_c		No	Pail345p hs 16 0 18 1[c]
pail34p_hs_16_0_18_1_c		No	Pail34p hs 16 0 18 1[c]
pail4p_hs_16_0_18_1_c		No	"1-Phosphatidyl-1D-myo-inositol 4-phosphate (homo sapiens, C16:0, C18:1)"
pail45p_hs_16_0_20_4_c		No	Pail45p hs 16 0 20 4[c]
pail345p_hs_16_0_20_4_c		No	Pail345p hs 16 0 20 4[c]
ps_hs_18_0_18_2_c		No	Ps hs 18 0 18 2[c]
pail34p_hs_16_0_20_4_c		No	Pail34p hs 16 0 20 4[c]
pail_hs_16_0_18_1_c		No	"Phosphatidylinositol (homo sapiens, C16:0, C18:1)"
cdpdag_hs_16_0_18_1_c		No	"CDP diacylglycerol (homo sapiens, C16:0, C18:1)"
pa_hs_16_0_18_1_c		No	"Phosphatidic acid (homo sapiens, C16:0, C18:1)"
dag_hs_16_0_18_1_c		No	"Diacylglycerol (homo sapiens, C16:0, C18:1) cytosol"
pail4p_hs_16_0_20_4_c		No	Pail4p hs 16 0 20 4[c]
pail_hs_16_0_20_4_c		No	Pail hs 16 0 20 4[c]
pchol_hs_16_0_18_1_c		No	"Phosphatidylcholine (homo sapiens, C16:0, C18:1) cytosol"
pe_hs_18_0_18_2_c		No	Pe hs 18 0 18 2[c]
ps_hs_16_0_18_1_c		No	Ps hs 16 0 18 1[c]
pail45p_hs_16_0_18_0_c		No	Pail45p hs 16 0 18 0[c]
pe_hs_16_0_18_1_c		No	"Phosphatidylethanolamine (homo sapiens, C16:0, C18:1)"
pail345p_hs_16_0_18_0_c		No	Pail345p hs 16 0 18 0[c]
pail34p_hs_16_0_18_0_c		No	Pail34p hs 16 0 18 0[c]
pail4p_hs_16_0_18_0_c		No	Pail4p hs 16 0 18 0[c]
lpchol_hs_18_2_c		No	"Lysophosphatidylcholine (homo sapiens, C18:2)"
mag_hs_18_2_c		No	Mag hs 18 2[c]
lpchol_hs_18_1_c		No	"Lysophosphatidylcholine (homo sapiens, C18:1)"
mag_hs_18_1_c		No	Monoacylglycerol 2(homo sapiens C18:1) cytosol
lpchol_hs_18_0_c		No	"Lysophosphatidylcholine (homo sapiens, C18:0) cytosol"
pail45p_hs_18_0_18_1_c		No	Pail45p hs 18 0 18 1[c]
mag_hs_18_0_c		No	Monoacylglycerol 2 (homo sapiens C18:0) cytosol
pail345p_hs_18_0_18_1_c		No	Pail345p hs 18 0 18 1[c]
lpchol_hs_16_0_c		No	"Lysophosphatidylcholine (homo sapiens, C16:0) cytosol"
mag_hs_16_0_c		No	Mag hs 16 0[c]
pmtcrn_c	C23H45NO4	Yes	L-Palmitoylcarnitine
pail34p_hs_18_0_18_1_c		No	Pail34p hs 18 0 18 1[c]
acrn_c	C9H17NO4	Yes	O Acetylcarnitine C9H17NO4
5oxpro_c	C5H6NO3	Yes	5-Oxoproline
trypta_c	C10H13N2	Yes	Tryptamine cytosol
xylt_c	C5H12O5	Yes	Xylitol C5H12O5
thbpt_c	C9H15N5O3	Yes	Tetrahydrobiopterin
h2o_x		No	H2O H2O
o2_x		No	O2 O2
xan_x	C5H4N4O2	Yes	Xanthine
glygn3_c	C42H71O36X	Yes	"Glycogen, structure 3 (glycogenin-7[1,4-Glc])"
hxan_x	C5H4N4O	Yes	Hypoxanthine
pro__L_m	C5H9NO2	Yes	L-Proline
thbpt4acam_c	C9H15N5O4	Yes	Tetrahydrobiopterin-4a-carbinolamine
paf_hs_c	C11H23O4NPRCO2	Yes	1-alkyl 2-acteylglycerol 3-phosphocholine (homo sapiens)
tcynt_m	CNS	Yes	Thiocyanate
tcynt_c	CNS	Yes	Thiocyanate
paf_hs_e	C11H23O4NPRCO2	Yes	1-alkyl 2-acteylglycerol 3-phosphocholine (homo sapiens)
urate_x	C5H4N4O3	Yes	Urate C5H4N4O3
cala_c	C4H7N2O3	Yes	N-Carbamoyl-beta-alanine
Tyr_ggn_c	XOH	No	Tyr-194 of apo-glycogenin protein (primer for glycogen synthesis)
estrones_c	C18H21O5S	Yes	Estrone 3-sulfate
sucsal_m	C4H5O3	Yes	Succinic semialdehyde
srtn_e	C10H13N2O	Yes	Serotonin
ak2lgchol_hs_c	C10H21O5NPR	Yes	1-alkyl 2-lysoglycerol 3-phosphocholine
h_x		No	H+
o2s_x	O2	No	Superoxide anion
tym_c	C8H12NO	Yes	Tyramine
sphs1p_c	C18H37NO5P	Yes	Sphingosine 1-phosphate
sphings_c	C18H38NO2	Yes	Sphingosine cytosol
tymsf_c	C8H11NO4S	Yes	Tyramine O-sulfate
spc_hs_c	C23H50N2O5P	Yes	Sphingosylphosphorylcholine (homo sapiens)
pail45p_hs_20_4_20_4_c		No	Pail45p hs 20 4 20 4[c]
txa2_c	C20H31O5	Yes	Thromboxane A2
prostgh2_r	C20H31O5	Yes	Prostaglandin H2
pail345p_hs_20_4_20_4_c		No	Pail345p hs 20 4 20 4[c]
txa2_e	C20H31O5	Yes	Thromboxane A2
pail34p_hs_20_4_20_4_c		No	Pail34p hs 20 4 20 4[c]
pail4p_hs_20_4_20_4_c		No	Pail4p hs 20 4 20 4[c]
dag_hs_18_2_20_4_c		No	Dag hs 18 2 20 4[c]
pchol_hs_18_2_20_4_c		No	Pchol hs 18 2 20 4[c]
ps_hs_18_2_20_4_c		No	Ps hs 18 2 20 4[c]
sarcs_m	C3H7NO2	Yes	Sarcosine C3H7NO2
pe_hs_18_2_20_4_c		No	Pe hs 18 2 20 4[c]
pail_hs_20_4_20_4_c		No	Pail hs 20 4 20 4[c]
saccrp__L_m	C11H19N2O6	Yes	L Saccharopine C11H19N2O6
lys__L_m	C6H15N2O2	Yes	L-Lysine
cdpdag_hs_20_4_20_4_c		No	Cdpdag hs 20 4 20 4[c]
pa_hs_20_4_20_4_c		No	Pa hs 20 4 20 4[c]
rnam_c	C11H15N2O5	Yes	N Ribosylnicotinamide C11H15N2O5
dag_hs_20_4_20_4_c		No	Dag hs 20 4 20 4[c]
pchol_hs_20_4_20_4_c		No	Pchol hs 20 4 20 4[c]
hco3_m	CHO3	Yes	Bicarbonate
ppcoa_m	C24H36N7O17P3S	Yes	Propanoyl-CoA
ps_hs_20_4_20_4_c		No	Ps hs 20 4 20 4[c]
pe_hs_20_4_20_4_c		No	Pe hs 20 4 20 4[c]
pi_r	HO4P	No	Phosphate
alpha_hs_20_4_c		No	Alpha hs 20 4[c]
pheacgln_c	C13H16N2O4	Yes	Alpha-N-Phenylacetyl-L-glutamine
pail45p_hs_18_2_20_4_c		No	Pail45p hs 18 2 20 4[c]
arachd_r	C20H31O2	Yes	Arachidonic acid
h_r	H	No	H+
nadph_r	C21H26N7O17P3	Yes	Nicotinamide adenine dinucleotide phosphate - reduced
o2_r	O2	No	O2 O2
prostgg2_c		No	Prostaglandin G2 cytosol
prostgd2_e	C20H31O5	Yes	Prostaglandin D2
pail345p_hs_18_2_20_4_c		No	Pail345p hs 18 2 20 4[c]
pail34p_hs_18_2_20_4_c		No	Pail34p hs 18 2 20 4[c]
prostgh2_c	C20H31O5	Yes	Prostaglandin H2
pail4p_hs_18_2_20_4_c		No	Pail4p hs 18 2 20 4[c]
pail_hs_18_2_20_4_c		No	Pail hs 18 2 20 4[c]
peamn_c	C8H12N	Yes	Phenethylamine
cdpdag_hs_18_2_20_4_c		No	Cdpdag hs 18 2 20 4[c]
1pyr5c_m	C5H6NO2	Yes	1-Pyrroline-5-carboxylate
orn_m	C5H13N2O2	Yes	Ornithine
acac_m	C4H5O3	Yes	Acetoacetate
cbp_m	CH2NO5P	Yes	Carbamoyl phosphate
nrpphr_c	C8H12NO3	Yes	Norepinephrine
glygn1_c	C66H111O56X	Yes	"Glycogen, structure 1 (glycogenin-11[1,4-Glc])"
nrpphrsf_c	C8H11NO6S	Yes	Sulfate derivative of norepinephrine
nwharg_c	C6H15N4O3	Yes	N-(omega)-Hydroxyarginine
ggn_c	C48H81O41X	Yes	"Primed glycogenin (glycogenin-8[1,4-Glc])"
leuktrE4_c	C23H36NO5S	Yes	Leukotriene E4 cytosol
h2o_r	H2O	No	H2O H2O
leuktrC4_r	C30H45N3O9S	Yes	Leukotriene C4 ER
gluala_e	C8H13N2O5	Yes	5 L Glutamyl L alanine C8H13N2O5
10fthf7glu_l	C50H57N13O25	Yes	10-formyltetrahydrofolate-[Glu](7)
10fthf6glu_l	C45H51N12O22	Yes	10-formyltetrahydrofolate-[Glu](6)
10fthf5glu_l	C40H45N11O19	Yes	10-formyltetrahydrofolate-[Glu](5)
dxtrn_c	C48H81O41X	Yes	"Phosphorylase-limit dextrin (glycogenin-1,6{4[1,4-Glc], 4[1,4-Glc]})"
2mb2coa_m	C26H38N7O17P3S	Yes	Trans-2-Methylbut-2-enoyl-CoA
3hbcoa_m	C25H38N7O18P3S	Yes	(S)-3-Hydroxybutanoyl-CoA
2mp2coa_m	C25H36N7O17P3S	Yes	2-Methylprop-2-enoyl-CoA
gudac_c	C3H7N3O2	Yes	Guanidinoacetate
g6p_r	C6H11O9P	Yes	D-Glucose 6-phosphate
56dura_c	C4H6N2O2	Yes	"5,6-dihydrouracil"
nadp_r	C21H25N7O17P3	Yes	Nicotinamide adenine dinucleotide phosphate
glu5sa_m	C5H9NO3	Yes	L-Glutamate 5-semialdehyde
drib_c	C5H10O4	Yes	Deoxyribose C5H10O4
nad_e	C21H26N7O14P2	Yes	Nicotinamide adenine dinucleotide
tsul_m	O3S2	No	Thiosulfate
so3_m	SO3	No	Sulfite
dopa_c	C8H12NO2	Yes	Dopamine
dopasf_c	C8H11NO5S	Yes	Dopamine 3-O-sulfate
4fumacac_c	C8H6O6	Yes	4 Fumarylacetoacetate C8H6O6
ascb__L_c	C6H8O6	Yes	L-Ascorbate
q10_m	C59H90O4	Yes	Ubiquinone-10
10fthf6glu_m	C45H51N12O22	Yes	10-formyltetrahydrofolate-[Glu](6)
glu__L_m	C5H8NO4	Yes	L-Glutamate
10fthf6glu_c	C45H51N12O22	Yes	10-formyltetrahydrofolate-[Glu](6)
10fthf5glu_m	C40H45N11O19	Yes	10-formyltetrahydrofolate-[Glu](5)
dmgly_c	C4H9NO2	Yes	"N,N-Dimethylglycine"
dmgly_m	C4H9NO2	Yes	"N,N-Dimethylglycine"
dhbpt_c	C9H13N5O3	Yes	"6,7-Dihydrobiopterin"
10fthf_m	C20H21N7O7	Yes	10-Formyltetrahydrofolate
mlthf_m	C20H21N7O6	Yes	"5,10-Methylenetetrahydrofolate"
dhdascb_e	C6H6O6	Yes	Dehydroascorbate
f26bp_c	C6H10O12P2	Yes	D Fructose 2 6 bisphosphate C6H10O12P2
3dhguln_c	C6H9O7	Yes	3-Dehydro-L-gulonate
cysi__L_e	C6H12N2O4S2	Yes	L Cystine C6H12N2O4S2
methf_m	C20H20N7O6	Yes	"5,10-Methenyltetrahydrofolate"
pail_hs_16_0_18_0_c		No	Pail hs 16 0 18 0[c]
cdpdag_hs_16_0_18_0_c		No	Cdpdag hs 16 0 18 0[c]
pa_hs_16_0_18_0_c		No	Pa hs 16 0 18 0[c]
dag_hs_16_0_18_0_c		No	"Diacylglycerol (homo sapiens, C16:0, C18:0) cytosol"
2mop_m	C4H5O3	Yes	2-Methyl-3-oxopropanoate
pchol_hs_16_0_18_0_c		No	"Phosphatidylcholine (homo sapiens, C16:0, C18:0) cytosol"
occoa_m	C29H46N7O17P3S	Yes	Octanoyl-CoA (n-C8:0CoA)
arachdcoa_m	C41H62N7O17P3S	Yes	C20:4-CoA
lnlccoa_m	C39H62N7O17P3S	Yes	Linoleic coenzyme A
odecoa_m	C39H64N7O17P3S	Yes	Octadecenoyl-CoA (n-C18:1CoA)
stcoa_m	C39H66N7O17P3S	Yes	Stearoyl-CoA (n-C18:0CoA)
pmtcoa_m	C37H62N7O17P3S	Yes	Palmitoyl-CoA (n-C16:0CoA)
ps_hs_16_0_18_0_c		No	Ps hs 16 0 18 0[c]
pe_hs_16_0_18_0_c		No	Pe hs 16 0 18 0[c]
pail45p_hs_16_0_16_0_c		No	"Phosphatidylinositol 4,5-bisphosphate (homo sapiens, C16:0, C16:0)"
fald_m	CH2O	Yes	Formaldehyde
fald_c	CH2O	Yes	Formaldehyde
pail345p_hs_16_0_16_0_c		No	Pail345p hs 16 0 16 0[c]
msa_m	C3H3O3	Yes	Malonate semialdehyde
pail34p_hs_16_0_16_0_c		No	Pail34p hs 16 0 16 0[c]
pail4p_hs_16_0_16_0_c		No	"1-Phosphatidyl-1D-myo-inositol 4-phosphate (homo sapiens, C16:0, C16:0)"
pail_hs_16_0_16_0_c		No	"Phosphatidylinositol (homo sapiens, C16:0, C16:0)"
cdpdag_hs_16_0_16_0_c		No	"CDP diacylglycerol (homo sapiens, C16:0, C16:0)"
pa_hs_16_0_16_0_c		No	"Phosphatidic acid (homo sapiens, C16:0, C16:0)"
dag_hs_16_0_16_0_c		No	"Diacylglycerol (homo sapiens, C16:0, C16:0)"
etfrd_m	RH2	No	Electron transfer flavoprotein reduced
etfox_m	R	No	Electron transfer flavoprotein oxidized
estrone_c	C18H22O2	Yes	Estrone cytosol
mmcoa__R_m	C25H35N7O19P3S	Yes	(R)-Methylmalonyl-CoA
pchol_hs_16_0_16_0_c		No	"Phosphatidylcholine (homo sapiens, C16:0, C16:0)"
ps_hs_16_0_16_0_c		No	Ps hs 16 0 16 0[c]
pe_hs_16_0_16_0_c		No	"Phosphatidylethanolamine (homo sapiens, C16:0, C16:0)"
lpchol_hs_20_4_c		No	Lpchol hs 20 4[c]
mag_hs_20_4_c		No	Monoglycerol 2 (homo sapiens C20:4) cytosol
cysi__L_c	C6H12N2O4S2	Yes	L Cystine C6H12N2O4S2
q10h2_m	C59H92O4	Yes	Ubiquinol-10
ala_B_m	C3H7NO2	Yes	Beta-Alanine
cyan_m	CHN	Yes	Hydrogen cyanide
crn_c	C7H15NO3	Yes	L-Carnitine
5HPET_c	C20H31O4	Yes	"5-Hydroperoxy-6-trans-8,11,14-cis-eicosatetraenoate"
crn_m	C7H15NO3	Yes	L-Carnitine
creat_e	C4H9N3O2	Yes	Creatine cytosol
id3acald_c	C10H9NO	Yes	Indole 3 acetaldehyde C10H9NO
glu__L_l	C5H8NO4	Yes	L-Glutamate
12ppd__R_c	C3H8O2	Yes	"(R)-Propane-1,2-diol"
oh1_c	HO	No	Hydroxide ion HO
citr__L_m	C6H13N3O3	Yes	L-Citrulline
glutcoa_m	C26H37N7O19P3S	Yes	Glutaryl-CoA mitochondria
nh4_m	H4N	No	Ammonium
gln__L_m	C5H10N2O3	Yes	L-Glutamine
h2o2_x	H2O2	No	Hydrogen peroxide
arachdcrn_c	C27H45NO4	Yes	C20:4 carnitine
arachdcrn_m	C27H45NO4	Yes	C20:4 carnitine
odecrn_c	C25H47NO4	Yes	Octadecenoyl carnitine
odecrn_m	C25H47NO4	Yes	Octadecenoyl carnitine
stcrn_c	C25H49NO4	Yes	Stearoylcarnitine
stcrn_m	C25H49NO4	Yes	Stearoylcarnitine
pmtcrn_m	C23H45NO4	Yes	L-Palmitoylcarnitine
glygn2_c	C66H111O56X	Yes	"Glycogen, structure 2 (glycogenin-1,6-{7[1,4-Glc], 4[1,4-Glc]})"
adrnl_c	C9H14NO3	Yes	Adrenaline
bilirub_e	C33H34N4O6	Yes	Bilirubin cytosol
biliverd_c	C33H32N4O6	Yes	Biliverdin cytosol
5hoxindact_c	C10H9NO2	Yes	5-Hydroxyindoleacetaldehyde
glyb_c	C5H11NO2	Yes	Glycine betaine
asp__L_m	C4H6NO4	Yes	L-Aspartate
5htrp_c	C11H12N2O3	Yes	5-Hydroxy-L-tryptophan
5hoxindoa_c	C10H8NO3	Yes	5-Hydroxyindoleacetate
asn__L_m	C4H8N2O3	Yes	L-Asparagine
4nph_e	C6H5NO3	Yes	4-Nitrophenol
4nph_c	C6H5NO3	Yes	4-Nitrophenol
ibcoa_m	C25H38N7O17P3S	Yes	Isobutyryl-CoA
ivcoa_m	C26H40N7O17P3S	Yes	Isovaleryl-CoA
4nphsf_e	C6H4NO6S	Yes	4-Nitrophenyl sulfate
2mbcoa_m	C26H40N7O17P3S	Yes	2-Methylbutanoyl-CoA
4hoxpacd_c	C8H8O2	Yes	4-Hydroxyphenylacetaldehyde
hista_e	C5H10N3	Yes	Histamine extracellular
2maacoa_m	C26H38N7O18P3S	Yes	2-Methyl-3-acetoacetyl-CoA
4abut_m	C4H9NO2	Yes	4-Aminobutanoate
2oxoadp_c	C6H6O5	Yes	2 Oxoadipate C6H6O5
L2aadp6sa_m	C6H11NO3	Yes	L 2 Aminoadipate 6 semialdehyde C6H11NO3
3moxtyr_c	C9H14NO2	Yes	3-Methoxytyramine
5mthf_e	C20H24N7O6	Yes	5-Methyltetrahydrofolate
srtn_c	C10H13N2O	Yes	Serotonin
3mox4hpac_c	C9H10O3	Yes	3-Methoxy-4-hydroxyphenylacetaldehyde
34dhphe_c	C9H11NO4	Yes	"3,4-Dihydroxy-L-phenylalanine"
3hibutcoa_m	C25H38N7O18P3S	Yes	(S)-3-Hydroxyisobutyryl-CoA
hmgcoa_m	C27H39N7O20P3S	Yes	Hydroxymethylglutaryl CoA C27H39N7O20P3S
34dhpac_c	C8H8O3	Yes	"3,4-Dihydroxyphenylacetaldehyde"
hista_c	C5H10N3	Yes	Histamine extracellular
3mgcoa_m	C27H37N7O19P3S	Yes	3-Methylglutaconyl-CoA
3hmp_m	C4H7O3	Yes	3-Hydroxy-2-methylpropanoate
hgentis_c	C8H7O4	Yes	Homogentisate C8H7O4
2oxoadp_m	C6H6O5	Yes	2 Oxoadipate C6H6O5
3mb2coa_m	C26H38N7O17P3S	Yes	3-Methylbut-2-enoyl-CoA
L2aadp_c	C6H10NO4	Yes	L 2 Aminoadipate C6H10NO4
co2_m	CO2	Yes	CO2 CO2
3hmbcoa_m	C26H40N7O18P3S	Yes	(S)-3-Hydroxy-2-methylbutyryl-CoA
aacoa_m	C25H36N7O18P3S	Yes	Acetoacetyl-CoA
4mlacac_c	C8H6O6	Yes	4 Maleylacetoacetate C8H6O6
leuktrD4_c	C25H39N2O6S	Yes	Leukotriene D4 ER
leuktrA4_r	C20H29O3	Yes	Leukotriene A4 cytosol
10fthf7glu_m	C50H57N13O25	Yes	10-formyltetrahydrofolate-[Glu](7)
lnlccrn_c	C25H45NO4	Yes	Linoleyl carnitine
lnlccrn_m	C25H45NO4	Yes	Linoleyl carnitine
guln__L_r	C6H11O7	Yes	L-gulonate
glcur_r	C6H9O7	Yes	D-Glucuronate
guln__L_c	C6H11O7	Yes	L-gulonate
10fthf7glu_c	C50H57N13O25	Yes	10-formyltetrahydrofolate-[Glu](7)
txb2_c	C20H33O6	Yes	Thromboxane B2 cytosol
leuktrF4_e	C28H42N2O8S	Yes	Leukotriene F4 cytosol
leuktrA4_c	C20H29O3	Yes	Leukotriene A4 cytosol
homoval_c	C9H9O4	Yes	Homovanillate
dopasf_e	C8H11NO5S	Yes	Dopamine 3-O-sulfate
5moxact_c	C11H10NO3	Yes	5-Methoxyindoleacetate
15HPET_c	C20H31O4	Yes	15-Hydroperoxyeicosatetraenoic acid
12harachd_c	C20H31O3	Yes	12 hydroxy arachidonic acid
co_e	CO	Yes	Carbon monoxide
12HPET_c	C20H31O4	Yes	"12-Hydroperoxyeicosa-5,8,10,14-tetraenoate"
adrnl_e	C9H14NO3	Yes	Adrenaline
adprib_e	C15H21N5O14P2	Yes	ADPribose C15H21N5O14P2
35cgmp_e	C10H11N5O7P	Yes	"3',5'-Cyclic GMP"
urate_e	C5H4N4O3	Yes	Urate C5H4N4O3
tymsf_e	C8H11NO4S	Yes	Tyramine O-sulfate
sphs1p_e	C18H37NO5P	Yes	Sphingosine 1-phosphate
spc_hs_e	C23H50N2O5P	Yes	Sphingosylphosphorylcholine (homo sapiens)
pheacgln_e	C13H16N2O4	Yes	Alpha-N-Phenylacetyl-L-glutamine
nrpphrsf_e	C8H11NO6S	Yes	Sulfate derivative of norepinephrine
colipap_e	C176H303N2O103P5	Yes	Core oligosaccharide lipid A diphosphate
cpgn_e	C35H52N6O13Fe	Yes	Coprogen
cpgn_un_e	C35H52N6O13	Yes	Coprogen unloaded (no Fe(III))
fe3dcit_e	C12H10FeO14	Yes	Fe(III)dicitrate
crn__D_e	C7H15NO3	Yes	D-Carnitine
fe3hox_un_e	C9H18O6N3	Yes	"Fe(III)hydoxamate, unloaded"
fecrm_un_e	C27H42N9O12	Yes	Ferrichrome minus Fe(III)
feoxam_un_e	C25H46N6O8	Yes	Ferroxamine minus Fe(3)
alltn_e	C4H6N4O3	Yes	Allantoin
arbt_e	C12H16O7	Yes	Arbutin C12H16O7
arbtn_e	C22H33N4O13	Yes	Aerobactin minus Fe3
arbtn_fe3_e	C22H33FeN4O13	Yes	Aerobactin
fusa_e	C31H48O5	Yes	Fusidic acid
btn_e	C10H15N2O3S	Yes	Biotin
chtbs_e	C16H28N2O11	Yes	"N,N'-diacetylchitobiose"
gbbtn_e	C7H15NO2	Yes	Gamma-butyrobetaine
cm_e	C11H12Cl2N2O5	Yes	Chloramphenicol
aacald_c	C2H6NO	Yes	Aminoacetaldehyde
mththf_c	C5H10O5	Yes	"(2R,4S)-2-methyl-2,3,3,4-tetrahydroxytetrahydrofuran"
oxam_c	C2H2NO3	Yes	Oxamate
lipopb_c	C8H13OS2	Yes	Lipoate (protein bound)
mococdp_c	C19H22N8O15P2S2Mo	Yes	Molybdopterin cytosine dinucleotide
12ppd__R_e	C3H8O2	Yes	"(R)-Propane-1,2-diol"
doxrbcn_e	C27H29NO11	Yes	Doxorubicin
3hpp_e	C3H5O3	Yes	3-Hydroxypropanoate
eca4colipa_e	C272H447N14O160P4	Yes	(enterobacterial common antigen)x4 core oligosaccharide lipid A
5mtr_e	C6H12O4S	Yes	5-Methylthio-D-ribose
enlipa_e	C112H202N3O42P3	Yes	Phosphoethanolamine KDO(2)-lipid (A)
LalaDglu_e	C8H13N2O5	Yes	L-alanine-D-glutamate
enter_e	C30H27N3O15	Yes	Enterochelin
LalaLglu_e	C8H13N2O5	Yes	L-alanine-L-glutamate
acac_e	C4H5O3	Yes	Acetoacetate
acnam_e	C11H18NO9	Yes	N-Acetylneuraminate
mincyc_e	C23H27N3O7	Yes	Minocycline
minohp_e	C6H6O24P6	Yes	Myo-Inositol hexakisphosphate
slnt_e	O3Se	No	Selenite
tartr__D_e	C4H4O6	Yes	D-tartrate
novbcn_e	C31H36N2O11	Yes	Novobiocin
o16a4colipa_e	C312H523N6O200P4	Yes	(O16 antigen)x4 core oligosaccharide lipid A
ttrcyc_e	C22H24N2O8	Yes	Tetracycline
pydam_e	C8H13N2O2	Yes	Pyridoxamine
pydx_e	C8H9NO3	Yes	Pyridoxal
pydxn_e	C8H11NO3	Yes	Pyridoxine
quin_e	C7H12O6	Yes	Quinate
rfamp_e	C43H58N4O12	Yes	Rifampin
sel_e	O4Se	No	Selenate
12ppd__R_p	C3H8O2	Yes	"(R)-Propane-1,2-diol"
12ppd__S_p	C3H8O2	Yes	"(S)-Propane-1,2-diol"
5dglcn_c	C6H9O7	Yes	5-Dehydro-D-gluconate
5dglcn_p	C6H9O7	Yes	5-Dehydro-D-gluconate
acmum6p_c	C11H17NO11P	Yes	N-acetylmuramate 6-phosphate
acnam_p	C11H18NO9	Yes	N-Acetylneuraminate
acnam_c	C11H18NO9	Yes	N-Acetylneuraminate
3amac_c	C3H4NO2	Yes	3-Aminoacrylate
acgal1p_p	C8H14NO9P	Yes	N-Acetyl-D-galactosamine 1-phosphate
acgam1p_p	C8H14NO9P	Yes	N-Acetyl-D-glucosamine 1-phosphate
3hpp_c	C3H5O3	Yes	3-Hydroxypropanoate
alltn_p	C4H6N4O3	Yes	Allantoin
arbtn_fe3_c	C22H33FeN4O13	Yes	Aerobactin
arbtn_p	C22H33N4O13	Yes	Aerobactin minus Fe3
arbtn_c	C22H33N4O13	Yes	Aerobactin minus Fe3
arbt_p	C12H16O7	Yes	Arbutin C12H16O7
cbm_c	CH2NO2	Yes	Carbamate
cm_p	C11H12Cl2N2O5	Yes	Chloramphenicol
btn_p	C10H15N2O3S	Yes	Biotin
chtbs_p	C16H28N2O11	Yes	"N,N'-diacetylchitobiose"
cinnm_c	C9H7O2	Yes	Trans-Cinnamate
cit_p	C6H5O7	Yes	Citrate
colipap_p	C176H303N2O103P5	Yes	Core oligosaccharide lipid A diphosphate
cpgn_c	C35H52N6O13Fe	Yes	Coprogen
23dhacoa_c	C27H37N7O19P3S	Yes	"2,3-dehydroadipyl-CoA"
cpgn_un_p	C35H52N6O13	Yes	Coprogen unloaded (no Fe(III))
26dap__M_p	C7H14N2O4	Yes	"Meso-2,6-Diaminoheptanedioate"
cpgn_un_c	C35H52N6O13	Yes	Coprogen unloaded (no Fe(III))
cenchddd_c	C9H9O4	Yes	"Cis-3-(3-carboxyethenyl)-3,5-cyclohexadiene-1,2-diol"
dhmpt_c	C9H13N5O4	Yes	Dihydromonapterin
chtbs6p_c	C16H27N2O14P	Yes	Diacetylchitobiose-6-phosphate
cechddd_c	C9H11O4	Yes	"Cis-3-(3-carboxyethyl)-3,5-cyclohexadiene-1,2-diol"
dhptd_c	C5H8O4	Yes	"4,5-dihydroxy-2,3-pentanedione"
dhptdn_c	C6H6N4	Yes	"6,7-Dihydropteridine"
bbtcoa_c	C28H46N8O17P3S	Yes	Gamma-butyrobetainyl-CoA
tartr__D_c	C4H4O6	Yes	D-tartrate
dmso_p	C2H6OS	Yes	Dimethyl sulfoxide
crncoa_c	C28H46N8O18P3S	Yes	L-Carnitinyl-CoA
ctbtcoa_c	C28H44N8O17P3S	Yes	Crotonobetainyl-CoA
23doguln_c	C6H7O7	Yes	"2,3-Dioxo-L-gulonate"
doxrbcn_p	C27H29NO11	Yes	Doxorubicin
crn__D_c	C7H15NO3	Yes	D-Carnitine
gbbtn_c	C7H15NO2	Yes	Gamma-butyrobetaine
eca4colipa_p	C272H447N14O160P4	Yes	(enterobacterial common antigen)x4 core oligosaccharide lipid A
ctbt_c	C7H13NO2	Yes	Crotonobetaine
enlipa_p	C112H202N3O42P3	Yes	Phosphoethanolamine KDO(2)-lipid (A)
etha_p	C2H8NO	Yes	Ethanolamine
fald_p	CH2O	Yes	Formaldehyde
s17bp_c	C7H12O13P2	Yes	"Sedoheptulose 1,7-bisphosphate"
fecrm_un_p	C27H42N9O12	Yes	Ferrichrome minus Fe(III)
fecrm_un_c	C27H42N9O12	Yes	Ferrichrome minus Fe(III)
fe3dhbzs_c	C10H10NO6Fe	Yes	"Ferric 2,3-dihydroxybenzoylserine"
fe3hox_c	C9H18O6N3Fe	Yes	Fe(III)hydroxamate
fe3hox_un_c	C9H18O6N3	Yes	"Fe(III)hydoxamate, unloaded"
enter_p	C30H27N3O15	Yes	Enterochelin
feoxam_c	C25H46FeN6O8	Yes	Generic ferrioxamine-Fe-III
fe3hox_un_p	C9H18O6N3	Yes	"Fe(III)hydoxamate, unloaded"
feoxam_un_p	C25H46N6O8	Yes	Ferroxamine minus Fe(3)
feoxam_un_c	C25H46N6O8	Yes	Ferroxamine minus Fe(3)
fusa_p	C31H48O5	Yes	Fusidic acid
glyc2p_c	C3H7O6P	Yes	Glycerol 2-phosphate
forcoa_c	C22H32N7O17P3S	Yes	Formyl-CoA(4-)
oxa_c	C2O4	Yes	Oxalate
frulysp_c	C12H24N2O10P	Yes	Fructoselysine Phosphate
cynt_c	CNO	Yes	Cyanate
psclys_c	C12H25N2O7	Yes	Psicoselysine
frulys_c	C12H25N2O7	Yes	Fructoselysine
frulys_p	C12H25N2O7	Yes	Fructoselysine
fruur_p	C6H9O7	Yes	D-Fructuronate
galctn__L_c	C6H11O7	Yes	L-Galactonate
icolipa_c	C145H251N2O74P4	Yes	Inner core oligosaccharide lipid A (E coli)
gagicolipa_c	C157H271N2O84P4	Yes	Galactosyl-glucosyl-inner core oligosaccharide lipid A
glcur1p_p	C6H8O10P	Yes	D-Glucuronate 1-phosphate
hphhlipa_c	C131H231N2O60P3	Yes	Heptosyl-phospho-heptosyl-heptosyl-kdo2-lipidA
inost_p	C6H12O6	Yes	Myo-Inositol
idon__L_p	C6H11O7	Yes	L-Idonate
lipoamp_c	C18H25N5O8PS2	Yes	Lipoyl-AMP
octapb_c	C8H15O	Yes	Octanoate (protein bound)
lipoate_p	C8H14O2S2	Yes	Lipoate
LalaDglu_p	C8H13N2O5	Yes	L-alanine-D-glutamate
LalaLglu_p	C8H13N2O5	Yes	L-alanine-L-glutamate
manglyc_p	C9H15O9	Yes	2(alpha-D-Mannosyl)-D-glycerate
man6pglyc_c	C9H14O12P	Yes	2(alpha-D-Mannosyl-6-phosphate)-D-glycerate
metsox_S__L_p	C5H11NO3S	Yes	L-Methionine Sulfoxide
metsox_R__L_p	C5H11NO3S	Yes	L-methionine-R-sulfoxide
mincyc_p	C23H27N3O7	Yes	Minocycline
mdhdhf_c	C5H8O4	Yes	"(2R,4S)-2-methyl-2,4-dihydroxydihydrofuran-3-one"
mmcoa__S_c	C25H35N7O19P3S	Yes	(S)-Methylmalonyl-CoA
o16a4colipa_p	C312H523N6O200P4	Yes	(O16 antigen)x4 core oligosaccharide lipid A
gfgaragund_c	C83H135N1O27P2	Yes	Galactofuranosyl-glucosyl-O-acetyl-rhamanosyl-N-acetylglucosamyl-undecaprenyl diphosphate
oxur_c	C3H3N2O4	Yes	Oxalureate
oxalcoa_c	C23H31N7O19P3S	Yes	Oxalyl-CoA
2oxpaccoa_c	C29H38N7O18P3S	Yes	2-oxepin-2(3H)-ylideneacetyl-CoA
3oxdhscoa_c	C29H39N7O20P3S	Yes	"3-oxo-5,6-dehydrosuberyl-CoA"
novbcn_p	C31H36N2O11	Yes	Novobiocin
minohp_p	C6H6O24P6	Yes	Myo-Inositol hexakisphosphate
pppn_c	C9H9O2	Yes	Phenylpropanoate
psclys_p	C12H25N2O7	Yes	Psicoselysine
poaac_c	C3H5NO3	Yes	Peroxyaminoacrylate
pydam_p	C8H13N2O2	Yes	Pyridoxamine
pydxn_p	C8H11NO3	Yes	Pyridoxine
sufbcd_c	H8O2S6R	No	SufBCD scaffold complex
sufsesh_c	HS2R	No	SufSE with bound sulfur
sufbcd_2fe2s_c	H4O2S8Fe2R	No	SufBCD with bound [2Fe-2S] cluster
sufbcd_2fe2s2_c	O2S10Fe4R	No	SufBCD with two bound [2Fe-2S] clusters
pydx_p	C8H9NO3	Yes	Pyridoxal
sufbcd_4fe4s_c	H4O2S10Fe4R	No	SufBCD with bound [4Fe-4S] cluster
sufse_c	HSR	No	SufSE sulfur acceptor complex
quin_p	C7H12O6	Yes	Quinate
quin_c	C7H12O6	Yes	Quinate
slnt_c	O3Se	No	Selenite
dgslnt_c	C20H30N6O12S2Se	Yes	Selenodiglutathione
gslnt_c	C10H16N3O6SSe	Yes	Glutathiolselenolate
sel_c	O4Se	No	Selenate
sel_p	O4Se	No	Selenate
rephaccoa_c	C29H38N7O18P3S	Yes	"Ring 1,2-epoxyphenylacetyl-CoA"
rfamp_p	C43H58N4O12	Yes	Rifampin
gtp_p	C10H12N5O14P3	Yes	GTP C10H12N5O14P3
slnt_p	O3Se	No	Selenite
tartr__D_p	C4H4O6	Yes	D-tartrate
tmao_p	C3H9NO	Yes	Trimethylamine N-oxide
ttrcyc_p	C22H24N2O8	Yes	Tetracycline
uracp_c	C4H6N2O4	Yes	Ureidoacrylate peracid
4hba_c	C7H8O2	Yes	4-Hydroxy-benzyl alcohol
hmfurn_c	C5H6O3	Yes	4-hydroxy-5-methyl-3(2H)-furanone
xylu__L_p	C5H10O5	Yes	L-Xylulose
3hoxpac_e	C8H8O3	Yes	3 Hydroxyphenylacetic acid C8H8O3
3ntym_e	C8H15N2	Yes	3 Nitrotyramine C8H15N2
4hoxpac_e	C8H8O3	Yes	4 Hydroxyphenylacetic acid C8H8O3
6apa_e	C8H12N2O3S	Yes	6 Aminopenicillanic acid C8H12N2O3S
galam_e	C6H13NO5	Yes	D Galactosamine C6H13NO5
lipidA_core_e	C68H126N2O23P2	Yes	2 3 2'3' Tetrakis beta hydroxymyristoyl  D glucosaminyl 1 6 beta D glucosamine 1 4' bisphosphate C68H126N2O23P2
o6a4colipa_e	O225H390N2O120P2	No	 O6 antigen x4 core oligosaccharide lipid A O225H390N2O120P2
peng_e	C16H18N2O4S	Yes	Penicillin G C16H18N2O4S
raffin_e	C18H32O16	Yes	Raffinose C18H32O16
cellb_p	C12H22O11	Yes	Cellobiose
cellb6p_c	C12H21O14P	Yes	Cellobiose 6 phosphate C12H21O14P
salcn_e	C13H18O7	Yes	Salicin C13H18O7
sucr_c	C12H22O11	Yes	Sucrose C12H22O11
salcn_p	C13H18O7	Yes	Salicin C13H18O7
salcn_c	C13H18O7	Yes	Salicin C13H18O7
galam_p	C6H13NO5	Yes	D Galactosamine C6H13NO5
galam6p_c	C6H14NO8P	Yes	D Galactosamine 6 phosphate C6H14NO8P
salcn6p_c	C13H19O10P	Yes	Salicin 6-phosphate
acgal_p	C8H15NO6	Yes	N-Acetyl-D-galactosamine
acgal6p_c	C8H16NO9P	Yes	N Acetyl D galactosamine 6 phosphate C8H16NO9P
3hoxpac_p	C8H8O3	Yes	3 Hydroxyphenylacetic acid C8H8O3
raffin_p	C18H32O16	Yes	Raffinose C18H32O16
lipaA_p	C110H196N2O39P2	Yes	KDO 2  lipid  A  C110H196N2O39P2
3hoxpac_c	C8H8O3	Yes	3 Hydroxyphenylacetic acid C8H8O3
4hoxpac_p	C8H8O3	Yes	4 Hydroxyphenylacetic acid C8H8O3
4hoxpac_c	C8H8O3	Yes	4 Hydroxyphenylacetic acid C8H8O3
lipaB_p	C108H192N2O39P2	Yes	KDO 2  lipid  A   with laurate C108H192N2O39P2
lipaF_p	C110H196N2O42P3	Yes	KDO 2  lipid  A  with 1 diphosphate C110H196N2O42P3
LptA_p		No	Periplasmic lipid A binding protein 
chms_c	C8H8O6	Yes	5 Carboxymethyl 2 hydroxymuconic semialdehyde C8H8O6
chm_c	C8H8O7	Yes	5 Carboxymethyl 2 hydroxymuconiC ACID C8H8O7
opet_c	C8H8O7	Yes	5 oxo pent 3 ene 1 2 5 tricarboxylic acid C8H8O7
lipa_LptA_p	C110H196N2O39P2	Yes	KDO 2  lipid  A  C110H196N2O39P2
hhdd_c	C7H8O5	Yes	2 hydroxy hepta 2 4 diene 1 7 dioic acid C7H8O5
enlipa_LptA_p	C112H202N3O42P3	Yes	Phosphoethanolamine KDO 2  lipid  A  C112H202N3O42P3
lipaA_c	C110H196N2O39P2	Yes	KDO 2  lipid  A  C110H196N2O39P2
ohed_c	C7H8O5	Yes	2 oxo hept 3 ene 1 7 dioic acid C7H8O5
hlipaA_c	C117H208N2O45P2	Yes	Heptosyl kdo2 lipidA C117H208N2O45P2
hhed_c	C7H10O6	Yes	2 4 dihydroxy hept 2 ene 1 7 dioic acid C7H10O6
pac_e	C8H7O2	Yes	Phenylacetic acid
pac_p	C8H7O2	Yes	Phenylacetic acid
hhlipaA_c	C124H200N2O51P2	Yes	Heptosyl heptosyl kdo2 lipidA C124H200N2O51P2
phhlipaA_c	C124H199N2O54P3	Yes	Phospho heptosyl heptosyl kdo2 lipidA C124H199N2O54P3
icolipaAR1_c	C131H210N2O63P4	Yes	R1 inner core oligosaccharide lipid A  E coli  C131H210N2O63P4
gicolipaAR1_c	C137H220N2O68P4	Yes	R1 glucosyl inner core oligosaccharide lipid A C137H220N2O68P4
ggicolipaAR1_c	C143H230N2O73P4	Yes	R1 glucosyl glucosyl inner core oligosaccharide lipid A C143H230N2O73P4
gggicolipaAR1_c	C149H240N2O78P4	Yes	R1 glucosyl glucosyl glucosyl inner core oligosaccharide lipid A C149H240N2O78P4
gagggicolipaAR1_c	C155H250N2O83P4	Yes	R1 galactosyl glucosyl glucosyl glucosyl inner core oligosaccharide lipid A C155H250N2O83P4
lipaB_c	C108H192N2O39P2	Yes	KDO 2  lipid  A   with laurate C108H192N2O39P2
hlipaB_c	C115H204N2O45P2	Yes	Heptosyl kdo2 lipidA with laurate C115H204N2O45P2
hhlipaB_c	C122H196N2O51P2	Yes	Heptosyl heptosyl kdo2 lipidA with laurate C122H196N2O51P2
phhlipaB_c	C129H207N2O60P3	Yes	Phospho heptosyl heptosyl kdo2 lipidA with laurate C129H207N2O60P3
hphhlipaB_c	C122H195N2O54P3	Yes	Heptosyl phospho heptosyl heptosyl kdo2 lipidA with laurate C122H195N2O54P3
icolipaBR1_c	C129H206N2O63P4	Yes	R1 inner core oligosaccharide lipid A  E coli  with laurate C129H206N2O63P4
gicolipaBR1_c	C135H216N2O68P4	Yes	R1 glucosyl inner core oligosaccharide lipid A with laurate C135H216N2O68P4
ggicolipaBR1_c	C141H226N2O73P4	Yes	R1 glucosyl glucosyl inner core oligosaccharide lipid A with laurate C141H226N2O73P4
gggicolipaBR1_c	C147H236N2O78P4	Yes	R1 glucosyl glucosyl glucosyl inner core oligosaccharide lipid A with laurate C147H236N2O78P4
gagggicolipaBR1_c	C153H246N2O83P4	Yes	R1 galactosyl glucosyl glucosyl glucosyl inner core oligosaccharide lipid A with laurate C153H246N2O83P4
2hphaccoa_c	C29H42N7O18P3S	Yes	2 Hydroxyphenylacetyl CoA C29H42N7O18P3S
colipaB_c	C159H256N2O88P4	Yes	Core oligosaccharide lipid A with laurate C159H256N2O88P4
3dhphaccoa_c	C29H40N7O19P3S	Yes	2 3 Dihydroxy 2 3 dihydrophenylacetyl CoA C29H40N7O19P3S
3hphaccoa_c	C29H42N7O18P3S	Yes	3 Hydroxyphenylacetyl CoA C29H42N7O18P3S
34dhphaccoa_c	C29H42N7O19P3S	Yes	3 4 Dihydroxyphenylacetyl CoA C29H42N7O19P3S
hphaccoa_c	C29H42N7O18P3S	Yes	4 Hydroxyphenylacetyl CoA C29H42N7O18P3S
35dhphaccoa_c	C29H42N7O19P3S	Yes	3 5 Dihydroxyphenylacetyl CoA C29H42N7O19P3S
colipaB_p	C159H256N2O88P4	Yes	Core oligosaccharide lipid A with laurate C159H256N2O88P4
colipaF_p	C161H260N2O91P5	Yes	Core oligosaccharide lipid A with 1' diphosphate  C161H260N2O91P5
magund_c	C69H114NO17P2	Yes	Mannosyl N acetylglucosamyl undecaprenyl diphosphate C69H114NO17P2
mmagund_c	C75H125NO22P2	Yes	Mannosyl mannosyl N acetylglucosamyl undecaprenyl diphosphate C75H125NO22P2
udpacgal_c	C17H25N3O17P2	Yes	UDP-N-acetyl-D-galactosamine
gammagund_c	C83H139N2O27P2	Yes	N acetylgalactosamyl mannosyl mannosyl N acetylglucosamyl undecaprenyl diphosphate C83H139N2O27P2
o6aund_c	C89H150N2O32P2	Yes	O6 antigen undecaprenyl diphosphate C89H150N2O32P2
o6aund_p	C89H150N2O32P2	Yes	O6 antigen undecaprenyl diphosphate C89H150N2O32P2
peng_p	C16H18N2O4S	Yes	Penicillin G C16H18N2O4S
3ntym_p	C8H15N2	Yes	3 Nitrotyramine C8H15N2
o6a2und_p	C123H210NO54P2	Yes	 O6 antigen x2 undecaprenyl diphosphate C123H210NO54P2
arab__D_e	C5H10O5	Yes	D Arabinose C5H10O5
o6a3und_p	C157H270N2O76P2	Yes	 O6 antigen x3 undecaprenyl diphosphate C157H270N2O76P2
o6a4und_p	C191H330N2O98P2	Yes	 O6 antigen x4 undecaprenyl diphosphate C191H330N2O98P2
colipa_LptA_p		No	Core oligosaccharide lipid A with abundances 
o6a4colipa_p	O225H390N2O120P2	No	 O6 antigen x4 core oligosaccharide lipid A O225H390N2O120P2
4h3npacald_p	C8H11NO	Yes	4 Hydroxy 3 Nitro Phenylacetaldehyde C8H11NO
4h3npacald_c	C8H11NO	Yes	4 Hydroxy 3 Nitro Phenylacetaldehyde C8H11NO
4h3npac_c	C8H10NO2	Yes	4 Hydroxy 3 Nitro Phenylacetic acid C8H10NO2
4hoxpacd_p	C8H8O2	Yes	4-Hydroxyphenylacetaldehyde
o6a4colipa_LptA_p	O225H390N2O120P2	No	 O6 antigen x4 core oligosaccharide lipid A O225H390N2O120P2
34dhpac_p	C8H8O3	Yes	"3,4-Dihydroxyphenylacetaldehyde"
lipidA_p	C68H126N2O23P2	Yes	"2,3,2'3'-Tetrakis(beta-hydroxymyristoyl)-D-glucosaminyl-1,6-beta-D-glucosamine 1,4'-bisphosphate"
lipidA_LptA_p	C68H126N2O23P2	Yes	2 3 2'3' Tetrakis beta hydroxymyristoyl  D glucosaminyl 1 6 beta D glucosamine 1 4' bisphosphate C68H126N2O23P2
eca4colipa_LptA_p	C272H447N14O160P4	Yes	 enterobacterial common antigen x4 core oligosaccharide lipid A C272H447N14O160P4
acolipa_LptA_p	C181H314N3O103P4	Yes	4 Amino 4 deoxy L arabinose modified core oligosaccharide lipid A C181H314N3O103P4
enlipidA_p	C70H132N3O26P3	Yes	1' Phosphoethanolamin lipidIVa C70H132N3O26P3
6p2dhglcn_c	C6H8O10P	Yes	6-Phospho-2-dehydro-D-gluconate
enlipidA_LptA_p	C70H132N3O26P3	Yes	1' Phosphoethanolamin lipidIVa C70H132N3O26P3
14denlipidA_p	C72H138N4O29P4	Yes	1' 4' bisphosphoethanolamin lipidIVa C72H138N4O29P4
lipa_cold_LptA_p	C114H202N2O39P2	Yes	Cold adapted KDO 2  lipid  A  C114H202N2O39P2
cdpglyc_c	C12H19N3O13P2	Yes	CDPglycerol C12H19N3O13P2
14denlipidA_LptA_p	C72H138N4O29P4	Yes	1' 4' bisphosphoethanolamin lipidIVa C72H138N4O29P4
lipidA_e	C68H126N2O23P2	Yes	"2,3,2'3'-Tetrakis(beta-hydroxymyristoyl)-D-glucosaminyl-1,6-beta-D-glucosamine 1,4'-bisphosphate"
4gudbd_c	C5H13N4O	Yes	4 Guanidinobutanamide C5H13N4O
lipidA_core_p	C68H126N2O23P2	Yes	2 3 2'3' Tetrakis beta hydroxymyristoyl  D glucosaminyl 1 6 beta D glucosamine 1 4' bisphosphate C68H126N2O23P2
lipidA_core_LptA_p	C68H126N2O23P2	Yes	2 3 2'3' Tetrakis beta hydroxymyristoyl  D glucosaminyl 1 6 beta D glucosamine 1 4' bisphosphate C68H126N2O23P2
aa_c	C3H5NO	Yes	Acrylamide
arab__D_c	C5H10O5	Yes	D Arabinose C5H10O5
arab__D_p	C5H10O5	Yes	D Arabinose C5H10O5
2m3os_c	C5H4O5	Yes	2-methyl-3-oxosuccinate(2-)
t3mlasp_c	C5H8NO4	Yes	Threo-3-methyl-L-aspartate(1-)
iad_c	C10H10N2O	Yes	Indole 3 acetamide C10H10N2O
acac_p	C4H5O3	Yes	Acetoacetate
all__D_c	C6H12O6	Yes	D-Allose
all__D_p	C6H12O6	Yes	D-Allose
eca4und_p	C151H234N12O67P2	Yes	(enterobacterial common antigen)x4 undecaprenyl-diphosphate
ggagicolipa_c	C163H281N2O89P4	Yes	Glucosyl-galactosyl-glucosyl-inner core oligosaccharide lipid A
gggagicolipa_c	C169H291N2O94P4	Yes	Glucosyl-glucosyl-galactosyl-glucosyl-inner core oligosaccharide lipid A
phphhlipa_c	C131H230N2O63P4	Yes	Phospho-heptosyl-phospho-heptosyl-heptosyl-kdo2-lipidA
gicolipa_c	C151H261N2O79P4	Yes	Glucosyl-inner core oligosaccharide lipid A
ragund_c	C69H113N1O16P2	Yes	Rhamanosyl-N-acetylglucosamyl-undecaprenyl diphosphate
o16aund_c	C89H145N1O32P2	Yes	O16 antigen undecaprenyl diphosphate
garagund_c	C77H125N1O22P2	Yes	Glucosyl-O-acetyl-rhamanosyl-N-acetylglucosamyl-undecaprenyl diphosphate
udpgalfur_c	C15H22N2O17P2	Yes	"UDP-D-galacto-1,4-furanose"
aragund_c	C71H115N1O17P2	Yes	O-acetyl-rhamanosyl-N-acetylglucosamyl-undecaprenyl diphosphate
o16a4und_p	C191H310N4O107P2	Yes	(O16 antigen)x4 undecaprenyl diphosphate
o16aund_p	C89H145N1O32P2	Yes	O16 antigen undecaprenyl diphosphate
o16a2und_p	C123H200N2O57P2	Yes	(O16 antigen)x2 undecaprenyl diphosphate
o16a3und_p	C157H255N3O82P2	Yes	(O16 antigen)x3 undecaprenyl diphosphate
kphphhlipa_c	C139H241N2O70P4	Yes	Kdo-phospho-heptosyl-phospho-heptosyl-heptosyl-kdo2-lipidA
feroxBfe_e	C25H45FeN6O8	Yes	Ferrioxamine-B-fe
salchs4fe_e	C42FeH47N3O25	Yes	Salmochelin-S4-Fe-III
drib_e	C5H10O4	Yes	Deoxyribose C5H10O4
3pg_e	C3H4O7P	Yes	3-Phospho-D-glycerate
acon_C_e	C6H3O6	Yes	Cis-Aconitate
chitob_e	C16H28N2O11	Yes	Chitobiose C16H28N2O11
tag1p__D_c	C6H11O9P	Yes	D-Tagatose-1-phosphate
feroxB_e	C25H45N6O8	Yes	Ferrioxamine-B
tcb_e	C6H5O6	Yes	Tricarballylate
tton_e	H2O6S3	No	Trithionate
4hthr_e	C4H9NO4	Yes	4-Hydroxy-L-threonine
dxyl_e	C5H10O4	Yes	1-deoxy-D-xylulose
chitob_p	C16H28N2O11	Yes	Chitobiose C16H28N2O11
feroxEfe_e	C27H45FeN6O9	Yes	Ferrioxamine-E-fe
xtsn_p	C10H12N4O6	Yes	Xanthosine
airs_p	C8H13N3O4	Yes	Aminoimidazole-riboside
feroxE_e	C27H45N6O9	Yes	Ferrioxamine-E
pep_e	C3H2O6P	Yes	Phosphoenolpyruvate
salchsx_e	C16H21NO11	Yes	Salmochelin-SX
23dhbzs3_e	C30H29N3O16	Yes	2-3-dihydroxybenzoylserine trimer
2pg_e	C3H4O7P	Yes	D-Glycerate 2-phosphate
tet_e	O6S4	No	Tetrathionate
salchs4_e	C42H47N3O25	Yes	Salmochelin-S4
tag__D_e	C6H12O6	Yes	D-Tagatose
rnam_p	C11H15N2O5	Yes	N Ribosylnicotinamide C11H15N2O5
chit6p_c	C16H27N2O14P	Yes	Chitobiose-6-phosphate
cysi__L_p	C6H12N2O4S2	Yes	L Cystine C6H12N2O4S2
oaa_e	C4H2O5	Yes	Oxaloacetate
frmd_e	CH3NO	Yes	Formamide
colipaOA_e	C115H203N2O89P2	Yes	Membrane LPS mixture
2ameph_e	C2H7N1O3P1	Yes	2-Aminoethylphosphonate
salchs2fe_e	C42FeH49N3O26	Yes	Salmochelin-S2-Fe-III
guln__L_e	C6H11O7	Yes	L-gulonate
icit_e	C6H5O7	Yes	Isocitrate
4hthr_c	C4H9NO4	Yes	4-Hydroxy-L-threonine
colipa20Oag_e	C656H1103N2O440P4	Yes	O-antigen-x20-core-oligosaccharide-lipid-A
salchs4fe_p	C42FeH47N3O25	Yes	Salmochelin-S4-Fe-III
fe3dhbzs3_e	C30FeH29N3O16	Yes	2-3-dihydroxybenzoylserine trimer-Fe-III
salchs2_e	C42H49N3O26	Yes	Salmochelin-S2
4hthr_p	C4H9NO4	Yes	4-Hydroxy-L-threonine
remnant1_e	C4H2N2O3	Yes	Residual-atoms-of-reaction-DMBZIDSYN
scys__L_c	C3H6NO5S2	Yes	S-Sulfo-L-cysteine
dxyl_p	C5H10O4	Yes	1-deoxy-D-xylulose
adocblp_c	C72H99CoN18O20P2	Yes	Adenosylcobalamin-phosphate
airs_e	C8H13N3O4	Yes	Aminoimidazole-riboside
rnam_e	C11H15N2O5	Yes	N Ribosylnicotinamide C11H15N2O5
nicrns_c	C11H13NO6	Yes	Nicotinate D-ribonucleoside
2ombz_c	C47H70O3	Yes	"2-Octaprenyl-6-methoxy-1,4-benzoquinone"
ah6p__D_c	C6H11O9P	Yes	Arabino-3-hexulose-6-P
drib_p	C5H10O4	Yes	Deoxyribose C5H10O4
raffin_c	C18H32O16	Yes	Raffinose C18H32O16
isohensu24_c		No	Isoheptadecanoyllipoteichoic acid (n=24)
isopensu24_c		No	Isopentadecanoyllipoteichoic acid (n=24)
anteinsu24_c		No	Anteisoheptadecanoyllipoteichoic acid (n=24)
udcpo4_e	C79H132O24P2	Yes	Undecaprenyl diphosphate galactose-rhamnose-mannose-abequose
isotensu24_c		No	Isotetradecanoyllipoteichoic acid (n=24)
feroxGfe_e	C27H46FeN6O10	Yes	Ferrioxamine-G-fe
salchs2fe_p	C42FeH49N3O26	Yes	Salmochelin-S2-Fe-III
oaa_p	C4H2O5	Yes	Oxaloacetate
dhlam_c	C8H17NOS2	Yes	Dihydrolipoamide C8H17NOS2
prenoN_acid_c		No	Prenol-45n teichoic acid
palminsu24_c		No	Palmitoyllipoteichoic acid (n=24)
myrisnsu24_c		No	Myristoyllipoteichoic acid (n=24)
udcpo5_e	C81H134O25P2	Yes	Undecaprenyl diphosphate galactose-rhamnose-mannose-abequose-acetyl
stearnsu24_c		No	Stearoyllipoteichoic acid (n=24)
feroxG_e	C27H46N6O10	Yes	Ferrioxamine-G
4hphac_p	C8H7O3	Yes	4-Hydroxyphenylacetate
fe_p	Fe	No	Iron
fe_e	Fe	No	Iron
kokdolipidA_e	C110H196N2O40P2	Yes	KO-KDO-LIPID A
lipidA_core_e_p	C68H126N2O23P2	Yes	2 3 2'3' Tetrakis beta hydroxymyristoyl  D glucosaminyl 1 6 beta D glucosamine 1 4' bisphosphate C68H126N2O23P2
e4p_x		No	D-Erythrose 4-phosphate
xu5p__D_x		No	D-Xylulose 5-phosphate
a_D_glucose_e		No	A DASH D DASH glucose c
mal__L_x	C4H4O5	Yes	L-Malate
nad_x	C21H26N7O14P2	Yes	Nicotinamide adenine dinucleotide
atp_x	C10H12N5O13P3	Yes	ATP C10H12N5O13P3
f6p_x		No	D-Fructose 6-phosphate
oaa_x	C4H2O5	Yes	Oxaloacetate
r5p_x		No	Alpha-D-Ribose 5-phosphate
b_D_glucose_e		No	B DASH D DASH glucose c
nh3_c		No	Ammonia
asn__L_x	C4H8N2O3	Yes	L-Asparagine
gam6p_x	C6H13NO8P	Yes	D-Glucosamine 6-phosphate
arg__L_x		No	L-Arginine
trpdrd_c	XH2	No	Reduced tryparedoxin XH2
ocdcya_c	C18H31O2	Yes	Octadecadienoate  n C182  C18H31O2
strcoa_c	C39H66N7O17P3S	Yes	Stearyl CoA  n C180CoA  C39H66N7O17P3S
gal_x	C6H12O6	Yes	D-Galactose
udpg_x	C15H22N2O17P2	Yes	UDPglucose
trnaglu_m	HOX	No	TRNA (Glu)
gthrd_x	C10H16N3O6S	Yes	Reduced glutathione
12dgr_LM_c	C3840H6924O500	Yes	1 2 Diacylglycerol  L major  C3840H6924O500
alincoa_c	C39H60N7O17P3S	Yes	Alpha Linoyl CoA  n C1839 12 15CoA  C39H60N7O17P3S
glincoa_c	C39H60N7O17P3S	Yes	Gamma Linoyl CoA  n C1836 9 12CoA  C39H60N7O17P3S
lincoa_c	C39H62N7O17P3S	Yes	Linoleoyl CoA  n C1829 12CoA  C39H62N7O17P3S
olcoa_c	C39H64N7O17P3S	Yes	Oleoyl CoA  n C1819CoA  C39H64N7O17P3S
mag_LM_c	C2070H3862O400	Yes	Monoacylglycerol  L major  C2070H3862O400
triglyc_LM_c	C5610H9986O600	Yes	Triglyceride  L major  C5610H9986O600
12dgr_LM_m	C3840H6924O500	Yes	1 2 Diacylglycerol  L major  C3840H6924O500
ctp_m	C9H12N3O14P3	Yes	CTP C9H12N3O14P3
ethap_m	C2H7NO4P	Yes	Ethanolamine phosphate C2H7NO4P
alincoa_m	C39H60N7O17P3S	Yes	Alpha Linoyl CoA  n C1839 12 15CoA  C39H60N7O17P3S
glincoa_m	C39H60N7O17P3S	Yes	Gamma Linoyl CoA  n C1836 9 12CoA  C39H60N7O17P3S
glyc3p_m	C3H7O6P	Yes	Glycerol 3-phosphate
lincoa_m	C39H62N7O17P3S	Yes	Linoleoyl CoA  n C1829 12CoA  C39H62N7O17P3S
olcoa_m	C39H64N7O17P3S	Yes	Oleoyl CoA  n C1819CoA  C39H64N7O17P3S
strcoa_m	C39H66N7O17P3S	Yes	Stearyl CoA  n C180CoA  C39H66N7O17P3S
tdcoa_m	C35H58N7O17P3S	Yes	Tetradecanoyl-CoA (n-C14:0CoA)
ps_LM_m	C4140H7424N100O1000P100	Yes	Phosphatidylserine  L major  C4140H7424N100O1000P100
1ag3p_LM_m	C2070H3762O700P100	Yes	1 Acyl sn glycerol 3 phosphate  L major  C2070H3762O700P100
1ag3p_LM_c	C2070H3762O700P100	Yes	1 Acyl sn glycerol 3 phosphate  L major  C2070H3762O700P100
alincoa_x	C39H60N7O17P3S	Yes	Alpha Linoyl CoA  n C1839 12 15CoA  C39H60N7O17P3S
dhap_x	C3H5O6P	Yes	Dihydroxyacetone phosphate
glincoa_x	C39H60N7O17P3S	Yes	Gamma Linoyl CoA  n C1836 9 12CoA  C39H60N7O17P3S
lincoa_x	C39H62N7O17P3S	Yes	Linoleoyl CoA  n C1829 12CoA  C39H62N7O17P3S
olcoa_x	C39H64N7O17P3S	Yes	Oleoyl CoA  n C1819CoA  C39H64N7O17P3S
pmtcoa_x	C37H62N7O17P3S	Yes	Palmitoyl-CoA (n-C16:0CoA)
strcoa_x	C39H66N7O17P3S	Yes	Stearyl CoA  n C180CoA  C39H66N7O17P3S
tdcoa_x	C35H58N7O17P3S	Yes	Tetradecanoyl-CoA (n-C14:0CoA)
pa_LM_c	C3840H6824O800P100	Yes	Phosphatidate C3840H6824O800P100
pa_LM_m	C3840H6824O800P100	Yes	Phosphatidate C3840H6824O800P100
CDPdag_LM_m	C4740H8024N300O1500P200	Yes	CDP diacylglycerol  L major  C4740H8024N300O1500P200
pglyp_LM_m	C4140H7424O1300P200	Yes	Phosphatidylglycerophosphate  L major  C4140H7424O1300P200
ethap_c	C2H7NO4P	Yes	Ethanolamine phosphate C2H7NO4P
cdpea_m	C11H19N4O11P2	Yes	CDPethanolamine C11H19N4O11P2
DMino14bp_c	C6H10O12P2	Yes	D myo Inositol 1 4 bisphosphate C6H10O12P2
ptd4ino_LM_c	C4440H7824O1600P200	Yes	1 Phosphatidyl 1D myo inositol 4 phosphate C4440H7824O1600P200
idp_c	C10H11N4O11P2	Yes	IDP C10H11N4O11P2
didp_c	C10H14N4O10P2	Yes	DIDP; 2'-deoxyinosine-5'-diphosphate(3-)
atp_r	C10H12N5O13P3	Yes	ATP C10H12N5O13P3
gmp_r	C10H12N5O8P	Yes	GMP C10H12N5O8P
dgmp_r	C10H12N5O7P	Yes	DGMP C10H12N5O7P
atp_n	C10H12N5O13P3	Yes	ATP C10H12N5O13P3
gdp_n	C10H12N5O11P2	Yes	GDP C10H12N5O11P2
udp_n	C9H11N2O12P2	Yes	UDP C9H11N2O12P2
cdp_n	C9H12N3O11P2	Yes	CDP C9H12N3O11P2
dtdp_n	C10H13N2O11P2	Yes	DTDP C10H13N2O11P2
dgdp_n	C10H12N5O10P2	Yes	DGDP C10H12N5O10P2
dudp_n	C9H11N2O11P2	Yes	DUDP C9H11N2O11P2
dcdp_n	C9H12N3O10P2	Yes	DCDP C9H12N3O10P2
dadp_n	C10H12N5O9P2	Yes	DADP C10H12N5O9P2
idp_n	C10H11N4O11P2	Yes	IDP C10H11N4O11P2
didp_n	C10H14N4O10P2	Yes	DIDP; 2'-deoxyinosine-5'-diphosphate(3-)
h_n	H	No	H+
trpdrd_n	XH2	No	Reduced tryparedoxin XH2
dutp_m	C9H11N2O14P3	Yes	DUTP C9H11N2O14P3
dutp_n	C9H11N2O14P3	Yes	DUTP C9H11N2O14P3
h2o_n	H2O	No	H2O H2O
duri_m	C9H12N2O5	Yes	Deoxyuridine
thymd_m	C10H14N2O5	Yes	Thymidine C10H14N2O5
nh4_n	H4N	No	Ammonium
utp_n	C9H11N2O15P3	Yes	UTP C9H11N2O15P3
gln__L_n	C5H10N2O3	Yes	L-Glutamine
cmp_n	C9H12N3O8P	Yes	CMP C9H12N3O8P
ac_m	C2H3O2	Yes	Acetate
ppa_m	C3H5O2	Yes	Propionate (n-C3:0)
pmtcoa_r	C37H62N7O17P3S	Yes	Palmitoyl-CoA (n-C16:0CoA)
ser__L_r		No	L-Serine
3dsphgn_r	C18H38NO2	Yes	3 Dehydrosphinganine C18H38NO2
sph1p_r	C18H39NO5P	Yes	Sphinganine 1 phosphate C18H39NO5P
sphings_r	C18H38NO2	Yes	Sphingosine cytosol
44mctr_r	C29H46O	Yes	4 4 dimethylcholesta 8 14 24 trienol C29H46O
ergtetrol_r	C28H42O	Yes	Ergosta 5 7 22 24  28  tetraen 3beta ol C28H42O
5dpmev_x	C6H10O10P2	Yes	 R  5 Diphosphomevalonate C6H10O10P2
hmgcoa_x	C27H39N7O20P3S	Yes	Hydroxymethylglutaryl CoA C27H39N7O20P3S
nadph_x	C21H26N7O17P3	Yes	Nicotinamide adenine dinucleotide phosphate - reduced
ipdp_x	C5H9O7P2	Yes	Isopentenyl diphosphate
Ssq23epx_r	C30H50O	Yes	 S  Squalene 2 3 epoxide C30H50O
mev__R_x	C6H11O4	Yes	 R  Mevalonate C6H11O4
5pmev_x	C6H10O7P	Yes	 R  5 Phosphomevalonate C6H10O7P
ptd1ino_LM_c	C4440H7924O1300P100	Yes	Phosphatidyl 1D myo inositol  L major  C4440H7924O1300P100
hibcoa_m	C25H39N7O18P3S	Yes	 S  3 Hydroxyisobutyryl CoA C25H38N7O18P3S
3mbutdhla_m	C13H25NO2S2	Yes	S  3 Methylbutanoyl  dihydrolipoamide C13H25NO2S2
pg_LM_m	C4140H7524O1000P100	Yes	Phosphatidylglycerol  L major  C4140H7524O1000P100
34hpp_m	C9H7O4	Yes	3-(4-Hydroxyphenyl)pyruvate
ergst_c	C28H44O	Yes	Ergosterol C28H44O
g6p_A_x		No	Alpha-D-glucose 6 phosphate
g6p_B_x		No	Beta D glucose 6 phosphate C6H11O9P
a_D_glucose_x		No	A DASH D DASH glucose c
amp_x	C10H12N5O7P	Yes	AMP C10H12N5O7P
sdhlam_m	C12H20NO4S2	Yes	S Succinyldihydrolipoamide C12H20NO4S2
pi_x	H1O4P	No	Phosphate
pyr_x	C3H3O3	Yes	Pyruvate
glyc3p_x	C3H7O6P	Yes	Glycerol 3-phosphate
a_D_glucose_c		No	A DASH D DASH glucose c
drib_x		No	Deoxyribose C5H10O4
rib__D_x		No	D-Ribose
q6_m	C39H58O4	Yes	Ubiquinone 6 C39H58O4
fum_x		No	Fumarate
glyc_x		No	Glycerol
ala__L_m	C3H7NO2	Yes	L-Alanine
ru5p__D_x		No	D-Ribulose 5-phosphate
2dr5p_x		No	2-Deoxy-D-ribose 5-phosphate
ficytc_m	C42H52FeN8O6S2	Yes	Ferricytochrome c C42H52FeN8O6S2
q6h2_m	C39H60O4	Yes	Ubiquinol 6 C39H60O4
2ahethmpp_m	C14H20N4O8P2S	Yes	2-(alpha-Hydroxyethyl)thiamine diphosphate
lpam_m	C8H15NOS2	Yes	Lipoamide C8H15NOS2
3pg_x	C3H4O7P	Yes	3-Phospho-D-glycerate
6pgl_x		No	"6-phospho-D-glucono-1,5-lactone"
thmpp_m	C12H16N4O7P2S	Yes	Thiamine diphosphate
ppi_x	H1O7P2	No	Diphosphate
g3p_x		No	Glyceraldehyde 3-phosphate
dhlam_m	C8H17NOS2	Yes	Dihydrolipoamide C8H17NOS2
adhlam_m	C10H19NO2S2	Yes	S-Acetyldihydrolipoamide
g6p_A_c	C6H11O9P	Yes	Alpha-D-glucose 6 phosphate
ergst_e	C28H44O	Yes	Ergosterol C28H44O
nh3_e	H3N	No	Ammonia
3hbACP_m	C4H7O2X	Yes	 3R  3 Hydroxybutanoyl acyl carrier protein C4H7O2X
3hhACP_m	C6H11O2X	Yes	 R  3 Hydroxyhexanoyl acp C6H11O2X
3hocACP_m	C8H15O2X	Yes	R-3-Hydroxyoctanoyl-acyl-carrier protein
3hdeACP_m	C10H19O2X	Yes	 3R  3 Hydroxydecanoyl acyl carrier protein C10H19O2X
3hddACP_m	C12H23O2X	Yes	 R  3 Hydroxydodecanoyl acyl carrier protein C12H23O2X
3htdACP_m	C14H27O2X	Yes	 3R  3 Hydroxytetradecanoyl acyl carrier protein C14H27O2X
3hpaACP_m	C16H31O2X	Yes	R-3-hydroxypalmitoyl-acyl-carrierprotein-
3hocdacp_m	C18H35O2X	Yes	3R  3 Hydroxyoctadecanoyl acyl carrier protein
acACP_m	C2H3OX	Yes	Acetyl-ACP
malACP_m	C3H2O3X	Yes	Malonyl-[acyl-carrier protein]
butACP_m	C4H7OX	Yes	Butyryl-ACP (n-C4:0ACP)
hexACP_m	C6H11OX	Yes	Hexanoyl-ACP (n-C6:0ACP)
octACP_m	C8H15OX	Yes	Octodecanoyl-ACP
decACP_m	C10H19OX	Yes	Decanoyl acyl carrier protein C10H19OX
ddcaACP_m	C12H23OX	Yes	Dodecanoyl-ACP (n-C12:0ACP)
myrsACP_m	C14H27OX	Yes	Myristoyl-ACP (n-C14:0ACP)
palmACP_m	C16H31OX	Yes	Palmitoyl-ACP (n-C16:0ACP)
actACP_m	C4H5O2X	Yes	Acetoacetyl-ACP
3oxhACP_m	C6H9O2X	Yes	3 Oxohexanoyl acyl carrier protein C6H9O2X
3oxocACP_m	C8H13O2X	Yes	3-oxooctanoyl-acp
3oxdeACP_m	C10H17O2X	Yes	3 Oxodecanoyl acyl carrier protein C10H17O2X
3oxddACP_m	C12H21O2X	Yes	3-oxododecanoyl-acp
3oxtdACP_m	C14H25O2X	Yes	3 Oxotetradecanoyl acyl carrier protein C14H25O2X
3oxhdACP_m	C16H29O2X	Yes	3-oxohexadecanoyl-acp
3oxocdacp_m	C18H33O2X	Yes	3 Oxooctadecanoyl acp
ddcoa_m	C33H54N7O17P3S	Yes	Dodecanoyl CoA  n C120CoA  C33H54N7O17P3S
dccoa_m	C31H50N7O17P3S	Yes	Decanoyl CoA C31H50N7O17P3S
hxcoa_m	C27H42N7O17P3S	Yes	Hexanoyl-CoA (n-C6:0CoA)
btcoa_m	C25H38N7O17P3S	Yes	Butanoyl-CoA
gamla_c	C18H29O2	Yes	Gamma linolenic acid  183  C18H29O2
alpla_c	C18H29O2	Yes	Alpha linolenic acid  183  C18H29O2
ptd145bp_LM_c	C4440H7724O1900P300	Yes	Phosphatidylinositol 4 5 bisphosphate C4440H7724O1900P300
mi145tp__D_c		No	1D myo Inositol 1 4 5 trisphosphate 
12d3k5m_c	C6H8O3S	Yes	1 2 dihydroxy 3 keto 5 methylthiopentene C6H8O3S
nh4_x	H4N	No	Ammonium
trprd_c	C27H47N9O10S2	Yes	Reduced trypanothione C27H47N9O10S2
trprd_x	C27H47N9O10S2	Yes	Reduced trypanothione C27H47N9O10S2
trprd_m	C27H47N9O10S2	Yes	Reduced trypanothione C27H47N9O10S2
1agly3p_LM_x	C2070H3562O700P100	Yes	Glycerone phosphate  L major  C2070H3562O700P100
gdpman_c	C16H23N5O16P2	Yes	GDP D mannose C16H23N5O16P2
rbl__L_x		No	L-Ribulose
adp_n	C10H12N5O10P2	Yes	ADP C10H12N5O10P2
adn_x	C10H13N5O4	Yes	Adenosine
adn_m	C10H13N5O4	Yes	Adenosine
adn_r	C10H13N5O4	Yes	Adenosine
prpp_x	C5H8O14P3	Yes	5-Phospho-alpha-D-ribose 1-diphosphate
imp_x	C10H11N4O8P	Yes	IMP C10H11N4O8P
orn__L_x		No	L Ornithine C5H13N2O2
trpdox_c	X	No	Oxidized tryparedoxin X
thr__L_m	C4H9NO3	Yes	L-Threonine
fdp_x		No	"D-Fructose 1,6-bisphosphate"
focytc_m	C42H53FeN8O6S2	Yes	Ferrocytochrome c C42H53FeN8O6S2
b_D_glucose_c		No	B DASH D DASH glucose c
13dpg_x		No	3-Phospho-D-glyceroyl phosphate
nadp_x	C21H25N7O17P3	Yes	Nicotinamide adenine dinucleotide phosphate
adp_x	C10H12N5O10P2	Yes	ADP C10H12N5O10P2
nadh_x	C21H27N7O14P2	Yes	Nicotinamide adenine dinucleotide - reduced
glcn__D_x		No	D Gluconate C6H11O7
b_D_glucose_x		No	B DASH D DASH glucose c
13dampp_p	C3H12N2	Yes	1 3 Diaminopropane C3H12N2
13dampp_e	C3H12N2	Yes	1 3 Diaminopropane C3H12N2
15dap_p	C5H16N2	Yes	"1,5-Diaminopentane"
5a2opntn_c	C5H9NO3	Yes	5-Amino-2-oxopentanoate
1p2cbxl_c	C5H6NO2	Yes	1-Pyrroline-2-carboxylate
2pqq_c	C14H13N2O6	Yes	6  2 amino 2 carboxylatoethyl  1 2 3 4 tetrahydroquinoline 2 4 dicarboxylate
1py4h3c_c	C5H6NO3	Yes	1 pyrroline 4 hydroxy 2 carboxylate
decoa_c	C31H48N7O17P3S	Yes	1-decanoyl-CoA
dded3coa_c	C33H52N7O17P3S	Yes	Cis dodedec 3 enoyl CoAdodedecenoyl CoA  n C121d3CoA
dd_3_6_coa_c	C33H50N7O17P3S	Yes	Cis cis dodedec 3 6 dienoyl CoA
dec4_2_coa_c	C31H46N7O17P3S	Yes	2 trans 4 cis decadienoyl CoA
25dkglcn_p	C6H7O7	Yes	"2,5-diketo-D-gluconate"
25dkglcn_e	C6H7O7	Yes	"2,5-diketo-D-gluconate"
2dhglcn_p	C6H9O7	Yes	2-Dehydro-D-gluconate
2dhglcn_e	C6H9O7	Yes	2-Dehydro-D-gluconate
3pqq_c	C14H15N2O7	Yes	2 amino 4 3  2 amino 2 carboxylatoethyl  6 oxocyclohexa 1 4 dien 1 ylpentanedioate
34dhcinm_e	C9H7O4	Yes	"3,4-Dihydroxy-trans-cinnamate"
34dhcinm_p	C9H7O4	Yes	"3,4-Dihydroxy-trans-cinnamate"
34dhphe_e	C9H11NO4	Yes	"3,4-Dihydroxy-L-phenylalanine"
34dhphe_p	C9H11NO4	Yes	"3,4-Dihydroxy-L-phenylalanine"
mmtsa_c	C4H5O3	Yes	(S)-Methylmalonate semialdehyde
hd_7_10_coa_c	C37H58N7O17P3S	Yes	Cis cis hexadec 7 10 dienoyl CoA
td_5_8_coa_c	C35H54N7O17P3S	Yes	Cis cis tetradec 5 8 dienoyl CoA
dec4coa_c	C31H48N7O17P3S	Yes	4 cis decenoyl CoA
2mbcoa_c	C26H40N7O17P3S	Yes	2-Methylbutanoyl-CoA
ibcoa_c	C25H38N7O17P3S	Yes	Isobutyryl-CoA
acon_C_p	C6H3O6	Yes	Cis-Aconitate
R_3hdcaa_c	C10H19O3	Yes	 3 hydroxydecanoic acid
R3hdec4e_c	C10H17O3	Yes	 3 Hydroxy 4Z decenic acid
R_3hdda_c	C12H23O3	Yes	 3 Hydroxydodecanoic acid
R_3hdd5ea_c	C12H21O3	Yes	 3 Hydroxydodecanoic 5 en acid
R_3hdd6e_c	C12H21O3	Yes	 3 Hydroxydodecanoic 6 en acid
R_3httdca_c	C14H27O3	Yes	 3 Hydroxytetradecanoic acid
R_3hcmrs7e_c	C14H25O3	Yes	 3 hydroxy cis myristol 7 en
R_3htd5e_c	C14H25O3	Yes	 3 hydroxy  5Z  tetradecenic acid
R_3htd58e_c	C14H23O3	Yes	 3 hydroxy  5Z 8Z  tetradecedienic acid
R_3hhdca_c	C16H31O3	Yes	 3 Hydroxyhexadecanoic acid
bhb_c	C4H7O3	Yes	(R)-3-Hydroxybutanoate
R_3hpt_c	C5H9O3	Yes	 3 Hydroxypentanoic acid
R_3hhxa_c	C6H11O3	Yes	 3 hydroxyhexanoic acid
R_3hhpa_c	C7H13O3	Yes	 3 hydroxyheptanoic acid
R_3hocta_c	C8H15O3	Yes	 3 hydroxyoctanoic acid
R_3hnonaa_c	C9H17O3	Yes	 3 hydroxynonanoic acid
R_3hpdeca_c	C16H23O3	Yes	 3 Hydroxy 10 phenyldecanoic acid
R_3hpba_c	C10H11O3	Yes	 3 Hydroxyphenylbutanoic acid
R_3hppta_c	C11H13O3	Yes	 3 Hydroxy 5 phenylpentanoic acic
R_3hphxa_c	C12H15O3	Yes	 3 Hydroxy 6 phenylhexanoic acid
R_3hphpa_c	C13H17O3	Yes	 3 Hydroxy 7 phenylheptanoic acid
R_3hpocta_c	C14H19O3	Yes	 3 Hydroxy 8 phenyloctanoic acid
R_3hpnona_c	C15H21O3	Yes	 3 Hydroxy 9 phenylnonanoic acid
R_3h4atba_c	C6H9O4S	Yes	 3 Hydroxy 4 acetylthiobutanoic acid
R_3h6atha_c	C8H13O4S	Yes	 3 Hydroxy 6acetylthiohexanoic acid
dgudbutn_p	C6H18N6	Yes	1 4 Diguanidinobutane
prealgac_M1_p	C32H39O32	Yes	Polymer  5 units  of D mannuronate  1units acetylated
prealginate__M_p	C30H37O31	Yes	Prealginate KT2440   beta 1 4  linked copolymers of  beta D mannuronic acid  5 units
prealg_MG_41_p	C30H37O31	Yes	Beta 1 4 glycosidic  4  beta D mannuronic  1L guluronic acid
algac_MG_14_p	C32H39O32	Yes	Alginate  1 units of acetylated D mannuronate and 4 units ofL guluronate
manur_p	C6H9O7	Yes	D Mannuronate
dmanur_p	C12H16O13	Yes	Dimmer of D mannuronate
tmanur_p	C18H23O19	Yes	Trimmer of D mannuronate
prealg_MG_32_p	C30H37O31	Yes	Beta 1 4 glycosidic  3  beta D mannuronic  2L guluronic acid
prealg_MG_23_p	C30H37O31	Yes	Beta 1 4 glycosidic  2  beta D mannuronic  3L guluronic acid
prealg_MG_14_p	C30H37O31	Yes	Beta 1 4 glycosidic  1  beta D mannuronic  4L guluronic acid
prealginate_G_p	C30H37O31	Yes	Prealginate KT2440   beta 1 4  linked copolymers of  bL guluronic acid 5 units
algac__M_p	C40H47O36	Yes	Alginate  5 units of  D mannuronate completelly acetylated
algac_MG_41_p	C38H45O35	Yes	Alginate  4 units of acetylated D mannuronate and one unit ofL guluronate
algac_MG_32_p	C36H43O34	Yes	Alginate  3 units of acetylated D mannuronate and 2 units ofL guluronate
algac_MG_23_p	C34H41O33	Yes	Alginate  2 units of acetylated D mannuronate and 3 units ofL guluronate
alltn__R_c	C4H6N4O3	Yes	    Allantoin
ad_c	C2H5NO	Yes	Acetamide
alahis_c	C9H14N4O3	Yes	L alaninylhistidine
alaleu_c	C9H18N2O3	Yes	L alaninylleucine
alathr_c	C7H14N2O4	Yes	L alaninylthreonine
alatrp_c	C14H17N3O3	Yes	L alaninyltryptophan
glygly_c	C4H8N2O3	Yes	Glycylglycine C4H8N2O3
glygln_c	C7H13N3O4	Yes	L glycinylglutamine
glyglu_c	C7H11N2O5	Yes	L glycinylglutamate
glymet_c	C7H14N2O3S	Yes	L Glycinylmethionine
glyphe_c	C11H14N2O3	Yes	Glycylphenylalanine
glyser_c	C5H10N2O4	Yes	L glycinylserine
hisgly_c	C8H12N4O3	Yes	L histidinylglycine
hishis_c	C12H16N6O3	Yes	L histidinylhistidine
leuleu_c	C12H24N2O3	Yes	Leucylleucine
apc_c	C16H19N3O4S	Yes	Ampicillin
apc_p	C16H19N3O4S	Yes	Ampicillin
apc_e	C16H19N3O4S	Yes	Ampicillin
5apentam_c	C5H12N2O	Yes	5-Aminopentanamide
Largn_c	C10H13NO5	Yes	L-Arogenate
btamp_c	C20H27N7O9PS	Yes	Biotinyl 5  AMP C20H27N7O9PS
phethapphlipa_c	C112H195N3O65P6	Yes	Phospho    6  heptosyl  1 3  ethanolaminephosphate    2  phospho   4  heptosyl  1 5  kdo2 lipidA
cpe160_c	C39H74N1O8P1	Yes	"Cyclopropane phosphatidylethanolamine (dihexadec-9,10-cyclo-anoyl, n-C16:0 cyclo)"
cpg160_c	C40H74O10P1	Yes	"Cyclopropane phosphatidylglycerol (dihexadec-9,10-cyclo-anoyl, n-C16:0 cyclo)"
lpspput_e	C148H254N6O91P6	Yes	Lipopolysacharide  LPS  from P putida KT2440
pqqh2_c	C14H5N2O8	Yes	Reduced pyrroloquinoline-quinone
pyovd_kt_e	C27H47N10O15	Yes	Pyoverdine  P putida specific
thmnp_c	C9H15N5O4	Yes	Tetrahydromonapterin
caffcoa_c	C30H38N7O19P3S	Yes	Caffeoyl-CoA
34dhcinm_c	C9H7O4	Yes	"3,4-Dihydroxy-trans-cinnamate"
Ncarbsar_c	C4H7N2O3	Yes	N Carbamoylsarcosine
carn_p	C9H14N4O3	Yes	L-Carnosine
carn_e	C9H14N4O3	Yes	L-Carnosine
catechol_e	C6H6O2	Yes	Catechol
catechol_p	C6H6O2	Yes	Catechol
h2o2_p	H2O2	No	Hydrogen peroxide
cell4_p	C24H42O21	Yes	Cellulose (n=4 repeating units)
chols_c	C5H13NO4S	Yes	Choline sulfate
chols_e	C5H13NO4S	Yes	Choline sulfate
chols_p	C5H13NO4S	Yes	Choline sulfate
creat_c	C4H9N3O2	Yes	Creatine cytosol
creat_p	C4H9N3O2	Yes	Creatine cytosol
cro2_c	CrO2	No	Chromite
cro2_e	CrO2	No	Chromite
cro2_p	CrO2	No	Chromite
crtn_c	C4H7N3O	Yes	Creatinine
crtn_e	C4H7N3O	Yes	Creatinine
crtn_p	C4H7N3O	Yes	Creatinine
tde_2Z_coa_c	C35H56N7O17P3S	Yes	Cis tetradec 2 enoyl CoATetradecenoyl CoA  n C141 2Z CoA
ficytc_c	C42H52FeN8O6S2	Yes	Ferricytochrome c C42H52FeN8O6S2
pqqh2_p	C14H5N2O8	Yes	Reduced pyrroloquinoline-quinone
dh3mchc_c	C8H9O4	Yes	"1,2-Dihydroxy-3-methylcyclohexa-3,5-dienecarboxylate"
dh4mchc_c	C8H9O4	Yes	"Cis-1,2-Dihydroxy-4-methylcyclohexa-3,5-diene-1-carboxylate"
56dthm_c	C5H8N2O2	Yes	"5,6-Dihydrothymine"
leu__D_p	C6H13NO2	Yes	D Leucine
leu__D_e	C6H13NO2	Yes	D Leucine
lys__D_c	C6H15N2O2	Yes	D-Lysine
lys__D_p	C6H15N2O2	Yes	D-Lysine
lys__D_e	C6H15N2O2	Yes	D-Lysine
dmgly_p	C4H9NO2	Yes	"N,N-Dimethylglycine"
dmgly_e	C4H9NO2	Yes	"N,N-Dimethylglycine"
dmso2_p	C2H6O2S	Yes	Dimethyl sulfone
dmso2_e	C2H6O2S	Yes	Dimethyl sulfone
C100aPHA_c	C10H19O3R	Yes	C100 Medium chain length aliphatic Polyhydroxyalkanote
C100pPHA_c	C16H23O3R	Yes	C100 Medium chain length phenyl Polyhydroxyalkanoate
C101PAH_c	C10H17O3R	Yes	C101 Medium chain length aliphatic Polyhydroxyalkanote
C120aPHA_c	C12H23O3R	Yes	C120 Medium chain length Polyhydroxyalkanoate
C121aPHA_c	C12H21O3R	Yes	C121 Medium chain length Polylydroxyalkanoate
C121d6PHA_c	C12H21O3R	Yes	C121d5 Medium chain length Polyhydroxyalkanoate
C140aPHA_c	C14H27O3R	Yes	C140 Medium chain length Polylydroxyalkanoate
C141aPHA_c	C14H25O3R	Yes	C141 Medium chain length Polyhydroxyalkanoate
C141d5PHA_c	C14H25O3R	Yes	C141 Medium chain length Polyhydroxyalkanoate  cis 5
C142PHA_c	C14H23O3R	Yes	C142 Medium chain length Polyhydroxyalkanoate
C40aPHA_c	C4H7O3R	Yes	C40 Medium chain length aliphatic Polyhydroxyalcanoate
C40atPHA_c	C6H9O4SR	Yes	C40 Medium chain length acetylthio Polyhydroxyalkanoate
C40pPHA_c	C10H11O3R	Yes	C40 Medium chain length phenyl Polyhydroxyalkanoate
C50aPHA_c	C5H9O3R	Yes	C50 Medium chain length aliphatic Polyhydroxyalkanoate
C50pPHA_c	C11H13O3R	Yes	C50 Medium chaing length phenyl Polyhydroxyalkanoate
C60aPHA_c	C6H11O3R	Yes	C60 Medium chain length aliphatic Polyhydroxyalkanoate
C60atPHA_c	C8H13O4SR	Yes	C60 Medium chain length acetylthio Polyhydroxyalkanoate
C60pPHA_c	C12H15O3R	Yes	C60 Medium chaing length phenyl Polyhydroxyalkanoate
phxa2coa_c	C33H44N7O17P3S	Yes	Phenyl hexa 2 enoyl CoA
ppt2coa_c	C32H42N7O17P3S	Yes	Phenyl pent 2 enoyl CoA
pb2coa_c	C31H40N7O17P3S	Yes	4 Phenyl but 2 enoyl CoA
6ath2coa_c	C29H42N7O18P3S2	Yes	6 acetylthiohex 2 enoyl CoA
4atb2coa_c	C27H38N7O18P3S2	Yes	4 acetylthiobut 2 enoyl CoA
3hvacccoa_c	C39H64N7O18P3S	Yes	3 hydroxy  11Z  octadecenyl CoA
3hhdccoa_c	C37H60N7O18P3S	Yes	S  3 hydroxy  9Z  hexadecenyl CoA
3htdccoa_c	C35H56N7O18P3S	Yes	S  3 hydroxy  7Z  tetradecenyl CoA
3hddccoa_c	C33H52N7O18P3S	Yes	S  3 hydroxy  5Z  dodedecenyl CoA
3hodecoa_c	C39H64N7O18P3S	Yes	S  3 hydroxy  9Z  octadecenyl CoA
3hhdd7coa_c	C37H60N7O18P3S	Yes	S  3 hydroxy  7Z  hexadecenyl CoA
3hdd5coa_c	C35H56N7O18P3S	Yes	3-hydroxy-(5Z)-dodecenoyl-CoA
3hptslacoa_c	C39H64N7O18P3S	Yes	S  3 hydroxy  6Z  octadecenyl CoA
3hhdd4coa_c	C37H60N7O18P3S	Yes	S  3 hydroxy  4Z  hexadecenyl CoA
3hlnlccoa_c	C39H62N7O18P3S	Yes	S  3 hydroxy  9Z 12Z  octadecedienyl CoA
3hhd710coa_c	C37H58N7O18P3S	Yes	"3-hydroxy-(7Z,10Z)-hexadecadienoyl-CoA"
3hhd58coa_c	C35H54N7O18P3S	Yes	S  3 hydroxy  5Z 8Z  tetradecedienyl CoA
3hdd6coa_c	C33H52N7O18P3S	Yes	S  3 hydroxy  6Z  dodedecenyl CoA
3hdec4coa_c	C31H48N7O18P3S	Yes	3 Hydroxy 4Z decenoyl CoA
ecto__L_c	C6H10N2O2	Yes	L Ectoine
ecto__L_p	C6H10N2O2	Yes	L Ectoine
ecto__L_e	C6H10N2O2	Yes	L Ectoine
kdo2lipid4_kt_c	C72H124N2O37P2	Yes	KDO 2  lipid IV A   pseudomonas
kdo2lipid4L_kt_c	C84H146N2O38P2	Yes	KDO 2  lipid IV A  kt with laurate
lipidA_kt_c	C56H102N2O23P2	Yes	Lipid IV A   pseudomonas  2 3 2 3  Bis beta hydroxydeca dodecayl  D glucosaminyl 1 6 beta D glucosamine 1 4  bisphosphate
lipid4L_kt_c	C68H124N2O24P2	Yes	Lipid IV A  with laurate
12dgr160_e	C35H68O5	Yes	"1,2-Diacyl-sn-glycerol (dihexadecanoyl, n-C16:0)"
12dgr180_e	C39H76O5	Yes	"1,2-Diacyl-sn-glycerol (dioctadecanoyl, n-C18:0)"
1ag160_e	C19H38O4	Yes	1 Acyl sn glycerol  hexadecanoate
1ag180_e	C21H42O4	Yes	1 Acyl sn glycerol  octadecanoate
1ag181d9_e	C21H40O4	Yes	1 Acyl sn glycerol  nC181d9
1ag182d9d12_e	C21H38O4	Yes	1 Acyl sn glycerol  nC182d9d12
2m35mdntha_e	C14H11N5O8	Yes	N  2 methyl 3 5 dinitrophenyl  4 methyl 3 5 dinitroaniline
34dhbz_e	C7H5O4	Yes	"3,4-Dihydroxybenzoate"
35dnta_e	C14H11N5O8	Yes	N N bis 3 5 dinitrotolyl  amine
3h4atb_e	C6H9O4S	Yes	3 Hydroxy 4 acetylthiobutanoic acid
cell4_e	C24H42O21	Yes	Cellulose (n=4 repeating units)
chor_e	C10H8O6	Yes	Chorismate
cinnm_e	C9H7O2	Yes	Trans-Cinnamate
cmcbtt_e	C33H48N5O13	Yes	"Carboxymycobactin T (R=8 carbon, final carbon is carboxyl group)"
confrl_e	C10H12O3	Yes	Coniferol
dag181d9_e	C39H72O5	Yes	1 2 Diacyl sn glycerol  nC181d9
dag182d9d12_e	C39H68O5	Yes	1 2 Diacyl sn glycerol  nC182d9d12
dgudbutn_e	C6H18N6	Yes	1 4 Diguanidinobutane
dmanur_e	C12H16O13	Yes	Dimmer of D mannuronate
fcmcbtt_e	C33H48N5O13Fe	Yes	"Iron(III) chelated carboxymycobactin T (R=8 carbon, final carbon is carboxyl group)"
fe3mcbtt_e	C43H71N5O10Fe	Yes	Iron III  chelated mycobactin T
fe3pyovd_e	RFe	No	Ferrypyoverdine
fe3pyovd_kt_e	C27H47FeN10O15	Yes	Ferrypyoverdine  P putida KT2440 specific
fer_e	C10H9O4	Yes	Ferulate
ga_e	C7H5O5	Yes	Gallic acid
glutar_e	C5H6O4	Yes	Glutarate
glycol_e	C2H6O2	Yes	Glycol
glygln_e	C7H13N3O4	Yes	L glycinylglutamine
glyglu_e	C7H11N2O5	Yes	L glycinylglutamate
glygly_e	C4H8N2O3	Yes	Glycylglycine C4H8N2O3
glymet_e	C7H14N2O3S	Yes	L Glycinylmethionine
glyphe_e	C11H14N2O3	Yes	Glycylphenylalanine
glyser_e	C5H10N2O4	Yes	L glycinylserine
gudac_e	C3H7N3O2	Yes	Guanidinoacetate
gudptn_e	C6H13N3O2	Yes	Delta Guanidinovaleric acid
hcys__L_e	C4H9NO2S	Yes	L-Homocysteine
hgentis_e	C8H7O4	Yes	Homogentisate C8H7O4
hisgly_e	C8H12N4O3	Yes	L histidinylglycine
hishis_e	C12H16N6O3	Yes	L histidinylhistidine
hpta_e	C7H13O2	Yes	Heptanoate
ind3ac_e	C10H8NO2	Yes	Indole 3 acetate C10H8NO2
leuleu_e	C12H24N2O3	Yes	Leucylleucine
m_xyl_e	C8H10	Yes	M-Xylene
manur_e	C6H9O7	Yes	D Mannuronate
mcbtt_e	C43H71N5O10	Yes	Mycobactin T
nona_e	C9H17O2	Yes	Nonanoate C9H17O2
o_xyl_e	C8H10	Yes	O methyltoluene
orn__D_e	C5H13N2O2	Yes	D-Ornithine
5g2oxpt_e	C6H11N3O3	Yes	2-Oxoarginine
p_xyl_e	C8H10	Yes	P-methyltoluene
pb2_e	Pb	No	Pb2
pea_e	C8H10O	Yes	Phenylethyl alcohol
pentso3_e	C5H11O3S	Yes	Pentanesulfonate
phe__D_e	C9H11NO2	Yes	D-phenylalanine
phedca_e	C16H23O2	Yes	10 Phenyldecanoic acid
phehpa_e	C13H17O2	Yes	7 Phenylheptanoic acid
phehxa_e	C12H15O2	Yes	6 Phenylhexanoic acid
phenona_e	C15H21O2	Yes	9 Phenylnonanoic acid
pheocta_e	C14H19O2	Yes	8 Phenyloctanoic acid
phept_e	C11H13O2	Yes	5 phenylvaleric acid
phpyr_e	C9H7O3	Yes	Phenylpyruvate
ppi_e	HO7P2	No	Diphosphate
prealg_MG_14_e	C30H37O31	Yes	Beta 1 4 glycosidic  1  beta D mannuronic  4L guluronic acid
prealg_MG_23_e	C30H37O31	Yes	Beta 1 4 glycosidic  2  beta D mannuronic  3L guluronic acid
prealg_MG_32_e	C30H37O31	Yes	Beta 1 4 glycosidic  3  beta D mannuronic  2L guluronic acid
prealg_MG_41_e	C30H37O31	Yes	Beta 1 4 glycosidic  4  beta D mannuronic  1L guluronic acid
prealginate_G_e	C30H37O31	Yes	Prealginate KT2440   beta 1 4  linked copolymers of  bL guluronic acid 5 units
pro__D_e	C5H9NO2	Yes	D-Proline
ptsla_e	C18H33O2	Yes	Petroselaidic acid
pyovd_e	R	No	Pyoverdine
sbo3_e	SbO3	No	Antimonite
sheme_e	C42H36FeN4O16	Yes	Siroheme C42H36FeN4O16
tag160_e	C51H98O6	Yes	Triacylglycerol  hexadecanoate
tag180_e	C57H110O6	Yes	Triacylglycerol  octadecanoate
tag181d9_e	C57H104O6	Yes	Triacylglycerol  nC181d9
tag182d9d12_e	C57H98O6	Yes	Triacylglycerol  nC182d9d12
tmanur_e	C18H23O19	Yes	Trimmer of D mannuronate
tnt_e	C7H5N3O6	Yes	2 4 6 Trinitrotoluene
tyr__D_e	C9H11NO3	Yes	D Tyrosine
vacc_e	C18H33O2	Yes	Vaccenic acid
val__D_e	C5H11NO2	Yes	D Valine
vanln_e	C8H8O3	Yes	Vanillin
vanlt_e	C8H7O4	Yes	Vanillate
vacccoa_c	C39H64N7O17P3S	Yes	Vaccenyl coenzyme A
hptcoa_c	C28H44N7O17P3S	Yes	Heptanoyl-COA
nonacoa_c	C30H48N7O17P3S	Yes	Nonanoyl CoA
vacc_c	C18H33O2	Yes	Vaccenic acid
vacc_p	C18H33O2	Yes	Vaccenic acid
ptsla_p	C18H33O2	Yes	Petroselaidic acid
lnlc_p	C18H31O2	Yes	Linoleic acid (all cis C18:2) n-6
pta_c	C5H9O2	Yes	Pentanoate
hpta_c	C7H13O2	Yes	Heptanoate
hpta_p	C7H13O2	Yes	Heptanoate
nona_c	C9H17O2	Yes	Nonanoate C9H17O2
nona_p	C9H17O2	Yes	Nonanoate C9H17O2
phedca_p	C16H23O2	Yes	10 Phenyldecanoic acid
phept_p	C11H13O2	Yes	5 phenylvaleric acid
phehxa_p	C12H15O2	Yes	6 Phenylhexanoic acid
phehpa_p	C13H17O2	Yes	7 Phenylheptanoic acid
pheocta_p	C14H19O2	Yes	8 Phenyloctanoic acid
phenona_p	C15H21O2	Yes	9 Phenylnonanoic acid
6atha_p	C8H13O3S	Yes	6 acetylthiohexanoic acid
24dab_c	C4H10N2O2	Yes	"L-2,4-Diaminobutanoate"
3hasp__L_c	C4H6NO5	Yes	Erythro 3 HydroxyL aspartate
n5horn_c	C5H12N2O3	Yes	N5 hydroxyL ornithine
fbac_kt_c	C27H47N10O15	Yes	Ferribactin  Pputida KT2440 specific
ferulcoa_c	C31H40N7O19P3S	Yes	Feruloyl-CoA
pentso3_c	C5H11O3S	Yes	Pentanesulfonate
dmso2_c	C2H6O2S	Yes	Dimethyl sulfone
fe3dcit_p	C12H10FeO14	Yes	Fe(III)dicitrate
fe3dcit_c	C12H10FeO14	Yes	Fe(III)dicitrate
fdxr_22_c	Fe2S2X	No	Ferredoxin  oxided form 2Fe 2S
fe3pyovd_p	RFe	No	Ferrypyoverdine
fe3pyovd_kt_p	C27H47FeN10O15	Yes	Ferrypyoverdine  P putida KT2440 specific
fer_c	C10H9O4	Yes	Ferulate
fer_p	C10H9O4	Yes	Ferulate
ga_c	C7H5O5	Yes	Gallic acid
ga_p	C7H5O5	Yes	Gallic acid
gcald_p	C2H4O2	Yes	Glycolaldehyde
gdbtal_c	C5H12N3O	Yes	4-Guanidinobutanal
ggaptn_c	C10H17O5N2	Yes	Gamma glutamyl gamma delta Aminovalerate acid
ggbdapal_c	C10H18O4N2	Yes	Gamma glutamyl delta Aminopentanal
gg15dap_c	C10H22O3N3	Yes	Gamma glutamyl cadaverine synthase
ggala_B_c	C8H13O5N2	Yes	Gamma glutamyl gamma beta Aminopropionate
ggbamppal_c	C8H14O4N2	Yes	Gamma glutamyl beta Aminopropion aldehyde
gg13dampp_c	C8H18O3N3	Yes	Gamma glutamyl diaminopropane
13dampp_c	C3H12N2	Yes	1 3 Diaminopropane C3H12N2
ggspmd_c	C12H28O3N4	Yes	Gamma glutamyl spermidine
glyg4n_c	C24H40O20	Yes	Glycogen  4 units  linear glucan
S_gtrdhdlp_c	C13H22NO4S2	Yes	S-Glutaryldihydrolipoamide
bglyg4n_c	C24H40O20	Yes	Branching glycogen  4 units
glutrna_gln_c	C5H7NO3R	Yes	L-Glutamyl-tRNA(Gln)
glutar_p	C5H6O4	Yes	Glutarate
dhcrncoa_c	C28H44N8O18P3S	Yes	3 dehydrocarnitine coenzyme A
glybcoa_c	C26H42N8O17P3S	Yes	Glycine betaine coenzyme A
glycol_p	C2H6O2	Yes	Glycol
pqq_p	C14H3N2O8	Yes	Pyrroloquinoline-quinone
glygln_p	C7H13N3O4	Yes	L glycinylglutamine
glyglu_p	C7H11N2O5	Yes	L glycinylglutamate
glygly_p	C4H8N2O3	Yes	Glycylglycine C4H8N2O3
glymet_p	C7H14N2O3S	Yes	L Glycinylmethionine
glyphe_p	C11H14N2O3	Yes	Glycylphenylalanine
glyser_p	C5H10N2O4	Yes	L glycinylserine
gudptn_c	C6H13N3O2	Yes	Delta Guanidinovaleric acid
hhlipa_kt_c	C110H192N2O53P2	Yes	Heptosyl heptosyl kdo2 lipidA from pseudomonas
galhhlipa_kt_c	C116H202N2O58P2	Yes	Galactosyl heptosyl heptosyl kdo2 lipidA
gudac_p	C3H7N3O2	Yes	Guanidinoacetate
4gudbutn_c	C5H11N3O2	Yes	4 Guanidinobutanoate C5H11N3O2
gudptn_p	C6H13N3O2	Yes	Delta Guanidinovaleric acid
3hhpcoa_c	C28H44N7O18P3S	Yes	3 Hydroxyheptanoyl CoA
3hnonacoa_c	C30H48N7O18P3S	Yes	3 Hydroxynonanoyl CoA
3hpdecacoa_c	C37H54N7O18P3S	Yes	3 Hydroxyphenyldecanoyl CoA
3hpnonacoa_c	C36H52N7O18P3S	Yes	3 Hydroxyphenylnonanoyl CoA
3hpoctacoa_c	C35H50N7O18P3S	Yes	3 Hydroxyphenyloctanoyl CoA
3hphpcoa_c	C34H48N7O18P3S	Yes	3 Hydroxyphenylheptanoyl CoA
3hphxacoa_c	C33H46N7O18P3S	Yes	3 Hydroxyphenylhexanoyl CoA
3hpptcoa_c	C32H44N7O18P3S	Yes	3 Hydroxyphenylpentanoyl CoA
3hpbcoa_c	C31H42N7O18P3S	Yes	3 Hydroxyphenylbutanoyl CoA
3h6athcoa_c	C29H44N7O19P3S2	Yes	3 Hydroxy 6 acetylthiohexanoyl CoA
3hmbcoa_c	C26H40N7O18P3S	Yes	(S)-3-Hydroxy-2-methylbutyryl-CoA
3h4atb_p	C6H9O4S	Yes	3 Hydroxy 4 acetylthiobutanoic acid
3h4atbcoa_c	C27H40N7O19P3S2	Yes	3 Hydroxy 4 acetylthiobutanyl CoA
hcys__L_p	C4H9NO2S	Yes	L-Homocysteine
hphlipa_kt_c	C110H191N2O56P3	Yes	Heptosyl  1 3  phospho   4  heptosyl  1 5  kdo2 lipidA
hethapphlipa_c	C112H196N3O62P5	Yes	Heptosyl  1 3  ethanolaminephosphate    2  phospho   4  heptosyl  1 5  kdo2 lipidA
lipa_oh_c	C96H168N2O41P2	Yes	KDO 2  lipid  A  hydroxilated
hlipa_kt_c	C103H180N2O47P2	Yes	Heptosyl kdo2 lipidA from pseudomonas
hg2_p	Hg	No	Mercury  charged 2  Hg
hgentis_p	C8H7O4	Yes	Homogentisate C8H7O4
3hmp_c	C4H7O3	Yes	3-Hydroxy-2-methylpropanoate
hisgly_p	C8H12N4O3	Yes	L histidinylglycine
hishis_p	C12H16N6O3	Yes	L histidinylhistidine
5hiu_c	C5H3N4O4	Yes	5-Hydroxyisourate
2hmcnsad_c	C6H6O4	Yes	2-Hydroxymuconate semialdehyde
hmccms_c	C7H7O4	Yes	"2-Hydroxy-5-methyl-cis,cis-muconic semialdehyde"
cchoxod_c	C7H7O4	Yes	"2-Hydroxy-6-keto-2,4-heptadienoate"
hom__L_p	C4H9NO3	Yes	L-Homoserine
4hoxoh_c	C6H9O4	Yes	4-Hydroxy-2-oxohexanoic acid
hgbyr_c	C45H54N4O14	Yes	Hydrogenobyrinate
icit_p	C6H5O7	Yes	Isocitrate
ind3ac_p	C10H8NO2	Yes	Indole 3 acetate C10H8NO2
3ohpcoa_c	C28H42N7O18P3S	Yes	3 oxoheptanoyl CoA
3ononacoa_c	C30H46N7O18P3S	Yes	3 Oxononanoyl CoA
3opdecacoa_c	C37H52N7O18P3S	Yes	3 Oxophenyldecanoyl CoA
3opnonacoa_c	C36H50N7O18P3S	Yes	3 Oxophenylnonanoyl CoA
3opoctacoa_c	C35H48N7O18P3S	Yes	3 Oxophenyloctanoyl CoA
3ophpcoa_c	C34H46N7O18P3S	Yes	3 Oxophenylheptanoyl CoA
3ophxacoa_c	C33H44N7O18P3S	Yes	3 Oxophenylhexanoyl CoA
3opptcoa_c	C32H42N7O18P3S	Yes	3 Oxophenylpentanoyl CoA
3opbcoa_c	C31H40N7O18P3S	Yes	3 Oxophenylbutanoyl CoA
3o6athcoa_c	C29H42N7O19P3S2	Yes	3 Oxo 6 acetylthiohexanoyl CoA
3ovacccoa_c	C39H62N7O18P3S	Yes	3 oxo  11Z  octadecenyl CoA
3ohdccoa_c	C37H58N7O18P3S	Yes	3 oxo  9Z  hexadecenyl CoA
3otdccoa_c	C35H54N7O18P3S	Yes	3 oxo  7Z  tetradecenyl CoA
3oddccoa_c	C33H50N7O18P3S	Yes	3 oxo  5Z  dodedecenyl CoA
3oodecoa_c	C39H62N7O18P3S	Yes	3 oxo  9Z  octadecenyl CoA
3ohdd7coa_c	C37H58N7O18P3S	Yes	3 oxo  7Z  hexadecenyl CoA
3odd5coa_c	C35H54N7O18P3S	Yes	3 oxo  5Z  tetradecenyl CoA
3optslacoa_c	C39H62N7O18P3S	Yes	3 oxo  6Z  octadecenyl CoA
3ohdd4coa_c	C37H58N7O18P3S	Yes	3 oxo  4Z  hexadecenyl CoA
3olnlccoa_c	C39H60N7O18P3S	Yes	3 oxo  9Z 12Z  octadec dienyl CoA
3ohd710coa_c	C37H56N7O18P3S	Yes	"3-oxo-(7Z,10Z)-hexadecadienoyl-CoA"
3ohd58coa_c	C35H52N7O18P3S	Yes	3 oxo  5Z 8Z  tetradec dienyl CoA
3odd6coa_c	C33H50N7O18P3S	Yes	3 oxo  6Z  dodedecenyl CoA
leuleu_p	C12H24N2O3	Yes	Leucylleucine
lipa_kt_c	C96H168N2O39P2	Yes	KDO 2  lipid  A
lipidX_kt_c	C28H52NO12P	Yes	2 3 3 hydroxydode decanoyl  beta D glucosaminyl 1 phosphate
u23dddcga_c	C37H63N3O20P2	Yes	UDP 2 3 3 hydroxydode decanoyl glucosamine
Lpipecol_c	C6H11NO2	Yes	L-pipecolic acid; piperidine-2-carboxylic acid
alatrna_c	C3H6NOR	Yes	L-Alanyl-tRNA(Ala)
ggalicore_kt_c	C125H215N4O76P6	Yes	Glucosyl  1  4  galactosyl  1 3  LPS iner core kt
icore_kt_c	C113H195N4O66P6	Yes	Carbamyl    7  phospho    6  heptosyl  1 3  ethanolaminephosphate    2  phospho   4  heptosyl  1 5  kdo2 lipidA
galicore_kt_c	C119H205N4O71P6	Yes	Galactosyl  1  3  LPS inner core kt
galagalicore_kt_c	C128H221N5O77P6	Yes	Glucosyl  1  4  alanyl   2  galactosyl  1 3Hep1  heptosyl  1 3  heptosyl  1 5  kdo2 lipidA
ggalagalicore_kt_c	C134H231N5O82P6	Yes	Glucosyl  1  3 glucosyl  1  4  alanyl   2  galactosyl  1 3Hep1  heptosyl  1 3  heptosyl  1 5  kdo2 lipidA
2maacoa_c	C26H38N7O18P3S	Yes	2-Methyl-3-acetoacetyl-CoA
male_c	C4H2O4	Yes	Maleate
malt1p_c	C12H21O14P	Yes	Alpha-maltose 1-phosphate
fe3mcbtt_c	C43H71N5O10Fe	Yes	Iron III  chelated mycobactin T
fe3mcbtt_p	C43H71N5O10Fe	Yes	Iron III  chelated mycobactin T
mcbtt_p	C43H71N5O10	Yes	Mycobactin T
mcbtt_c	C43H71N5O10	Yes	Mycobactin T
5mcsn_e	C5H7N3O	Yes	5-Methylcytosine
5mcsn_p	C5H7N3O	Yes	5-Methylcytosine
2m35mdntha_c	C14H11N5O8	Yes	N  2 methyl 3 5 dinitrophenyl  4 methyl 3 5 dinitroaniline
kdolipid4_kt_c	C64H113N2O30P2	Yes	KDO lipid IV A   pseudomonas
ch4s_c	CH4S	Yes	Methanethiol CH4S
m_tol_c	C8H7O2	Yes	M-toluate
CCbuttc_c	C7H3O6	Yes	"Cis,cis-Butadiene-1,2,4-tricarboxylate"
m_xyl_c	C8H10	Yes	M-Xylene
m_xyl_p	C8H10	Yes	M-Xylene
carn_c	C9H14N4O3	Yes	L-Carnosine
Ncbmpts_p	C5H13N3O	Yes	N-Carbamoylputrescine
Ncbmpts_e	C5H13N3O	Yes	N-Carbamoylputrescine
nfmalm_c	C5H4NO4	Yes	N-Formyl maleamic acid
Nforglu_c	C6H7NO5	Yes	N-Formyl-L-glutamate
mthd_c	C4H6N2O2	Yes	N Methylhydantoin
5g2oxpt_c	C6H11N3O3	Yes	2-Oxoarginine
5g2oxpt_p	C6H11N3O3	Yes	2-Oxoarginine
oca_c	C7H5O8	Yes	4-oxalcitromalate
dhcrn_c	C7H13NO3	Yes	3 dehydrocarnitine
5houdic_c	C5H5N4O5	Yes	"5-Hydroxy-2-oxo-4-ureido-2,5-dihydro-1H-imidazole-5-carboxylate"
omaenol_c	C7H3O7	Yes	"4-Carboxy-2-hydroxyhexa-2,4-dienedioate"
omaketo_c	C7H3O7	Yes	4-oxalomesaconate (keto form)
2hchd_c	C6H7O3	Yes	"2-Hydroxy-cis-hex-2,4-dienoate"
unquivo_c	C63H103NO11P2	Yes	Undecaprenyl diphospho 2 acetamido 2 deoxy D quinovose
lpam_c	C8H15NOS2	Yes	Lipoamide C8H15NOS2
o_xyl_c	C8H10	Yes	O methyltoluene
o_xyl_p	C8H10	Yes	O methyltoluene
pald_c	C2H3O4P	Yes	Phosphonoacetaldehyde
gdpmanur_c	C16H20N5O17P2	Yes	GDP D mannuronate
pb2_c	Pb	No	Pb2
pb2_p	Pb	No	Pb2
pre4_c	C44H44N4O17	Yes	Precorrin 4
pre3b_c	C43H44N4O17	Yes	Precorrin 3B
pre6a_c	C44H47N4O16	Yes	Precorrin 6A
pre6b_c	C44H49N4O16	Yes	Precorrin 6B
pre8_c	C45H53N4O14	Yes	Precorrin 8
34dhbz_c	C7H5O4	Yes	"3,4-Dihydroxybenzoate"
adhlam_c	C10H19NO2S2	Yes	S-Acetyldihydrolipoamide
pea_p	C8H10O	Yes	Phenylethyl alcohol
pea_c	C8H10O	Yes	Phenylethyl alcohol
hpphlipa_kt_c	C110H190N2O59P4	Yes	Heptosyl  1 3  biphospho    2   4  heptosyl  1 5  kdo2 lipidA
C70aPHA_c	C7H13O3R	Yes	C70 Medium chain length aliphatic Polyhydroxyalkanoate
C80aPHA_c	C8H15O3R	Yes	C80 Medium chain length aliphatic Polyhydroxyalkanoate
C90aPHA_c	C9H17O3R	Yes	C90 Medium chain length aliphatic Polyhydroxyalkanoate
C70pPHA_c	C13H17O3R	Yes	C70 Medium chain length phenyl Polyhydroxyalkanoate
C80pPHA_c	C14H19O3R	Yes	C80 Medium chain length phenyl Polyhydroxyalkanoate
C90pPHA_c	C15H21O3R	Yes	C90 Medium chain length phenyl Polyhydroxyalkanoate
PHAg_c	ROH	No	Pre existent Polyhydroxyalkanoate granule
R_3hdcoa_c	C31H50N7O18P3S	Yes	(R)-Hydroxydecanoyl-CoA
R3hdec4coa_c	C31H48N7O18P3S	Yes	 3 Hydroxy 4Z decenoyl CoA
R_3hddcoa_c	C33H54N7O18P3S	Yes	(R)-3-Hydroxydodecanoyl-CoA
R_3hcddec5ecoa_c	C33H52N7O18P3S	Yes	(R)-Hydroxydodecanoyl-5-en-CoA
R_3hdd6coa_c	C33H52N7O18P3S	Yes	 3 hydroxy  6Z  dodedecenyl CoA
R_3hmrscoa_c	C35H58N7O18P3S	Yes	(R)-3-hydroxytetradecanoyl-coa
R_3hcmrs7ecoa_c	C35H56N7O18P3S	Yes	(R)-3-hydroxy-cis-myristol-7-eoyl-CoA
R_3htd5coa_c	C35H56N7O18P3S	Yes	 3 hydroxy  5Z  tetradecenyl CoA
R_3htd58coa_c	C35H54N7O18P3S	Yes	 3 hydroxy  5Z 8Z  tetradecedienyl CoA
R_3hhcoa_c	C27H42N7O18P3S	Yes	(R)-Hydroxyhexanoyl-CoA
R_3hocoa_c	C29H46N7O18P3S	Yes	(R)-Hydroxyoctanoyl-CoA
3hbcoa__R_c	C25H38N7O18P3S	Yes	(R)-3-Hydroxybutyryl-CoA
R_3hptcoa_c	C26H40N7O18P3S	Yes	 3 Hydroxpypentoyl CoA
R_3hhpcoa_c	C28H44N7O18P3S	Yes	 3 Hydroxyheptanoyl CoA
R_3hnonacoa_c	C30H48N7O18P3S	Yes	 3 Hydroxynonanoyl CoA
R_3hpdecacoa_c	C37H54N7O18P3S	Yes	 3 Hydroxyphenyldecanoyl CoA
R_3hpbcoa_c	C31H42N7O18P3S	Yes	 3 Hydroxyphenylbutanoyl CoA
R_3hpptcoa_c	C32H44N7O18P3S	Yes	 3 Hydroxyphenylpentanoyl CoA
R_3hphxacoa_c	C33H46N7O18P3S	Yes	 3 Hydroxyphenylhexanoyl CoA
R_3hphpcoa_c	C34H48N7O18P3S	Yes	 3 Hydroxyphenylheptanoyl CoA
R_3hpoctacoa_c	C35H50N7O18P3S	Yes	 3 Hydroxyphenyloctanoyl CoA
R_3hpnonacoa_c	C36H52N7O18P3S	Yes	 3 Hydroxyphenylnonanoyl CoA
R_3h4atbcoa_c	C27H40N7O19P3S2	Yes	 3 Hydroxy 4 acetylthiobutanyl CoA
R_3h6athcoa_c	C29H44N7O19P3S2	Yes	 3 Hydroxy 6 acetylthiohexanoyl CoA
phnac_c	C2H2O5P	Yes	Phosphonoacetate
phpyr_p	C9H7O3	Yes	Phenylpyruvate
lpscore_kt_p	C140H241N5O87P6	Yes	Lipopolysaccharide core  Pputida
unquivo_p	C63H103NO11P2	Yes	Undecaprenyl diphospho 2 acetamido 2 deoxy D quinovose
lpspput_p	C148H254N6O91P6	Yes	Lipopolysacharide  LPS  from P putida KT2440
ppi_p	HO7P2	No	Diphosphate
ppi50_c	HO151P50	No	Polyphosphate 50
pqqA_kt_c	RC14H8N2O3	Yes	Peptide pqqA from Pseudomonas putida  MWTKPAYTDLRIGFEVTMYFANR
pqqAc_kt_c	RC14H6N2O3	Yes	Peptide pqqA from pseudomonas cycled
1pqq_c	C14H13N2O8	Yes	6  2 amino 2 carboxylatoethyl  7 hydroxy 8 oxo 1 2 3 4 7 8 hexahydroquinoline 2 4 dicarboxylate
pqq_c	C14H3N2O8	Yes	Pyrroloquinoline-quinone
p_tol_c	C8H7O2	Yes	P-toluate
p_xyl_c	C8H10	Yes	P-methyltoluene
p_xyl_p	C8H10	Yes	P-methyltoluene
pyovd_kt_p	C27H47N10O15	Yes	Pyoverdine  P putida specific
fbac_kt_p	C27H47N10O15	Yes	Ferribactin  Pputida KT2440 specific
pvdiq_p	C27H47N10O15	Yes	Pyoverdine precursor I
pyovd_p	R	No	Pyoverdine
dhpyr_c	C5H5NO2	Yes	"2,5-Dihydroxypyridine"
malm_c	C4H4NO3	Yes	Maleamate
trnahisqo_c	C7H10O3R	Yes	L Histidyl tRNA His  epoxyqueuosine34
trnatyrqo_c	C7H10O3R	Yes	Trnatyr epoxyqueuosine34
trnaaspqo_c	C7H10O3R	Yes	Trnaasp epoxyqueuosine34
trnahis_preq34_c	C2H5R	Yes	L Histidyl tRNA His  preQ1 modified
trnatyr_preq34_c	C2H5R	Yes	TRNA Tyr  preQ1 modified
trnaasp_preq34_c	C2H5R	Yes	TRNA Asp  preQ1 modified
pre5_c	C45H46N4O17	Yes	Precorrin 5
R_3hhdcoa_c	C37H62N7O18P3S	Yes	 3 Hydroxyhexadecanoyl CoA
R_3hdcaa_p	C10H19O3	Yes	 3 hydroxydecanoic acid
R3hdec4e_p	C10H17O3	Yes	 3 Hydroxy 4Z decenic acid
R_3hdda_p	C12H23O3	Yes	 3 Hydroxydodecanoic acid
R_3hdd6e_p	C12H21O3	Yes	 3 Hydroxydodecanoic 6 en acid
R_3hdd5ea_p	C12H21O3	Yes	 3 Hydroxydodecanoic 5 en acid
R_3httdca_p	C14H27O3	Yes	 3 Hydroxytetradecanoic acid
R_3htd5e_p	C14H25O3	Yes	 3 hydroxy  5Z  tetradecenic acid
R_3hcmrs7e_p	C14H25O3	Yes	 3 hydroxy cis myristol 7 en
R_3htd58e_p	C14H23O3	Yes	 3 hydroxy  5Z 8Z  tetradecedienic acid
R_3hhdca_p	C16H31O3	Yes	 3 Hydroxyhexadecanoic acid
bhb_p	C4H7O3	Yes	(R)-3-Hydroxybutanoate
R_3hpt_p	C5H9O3	Yes	 3 Hydroxypentanoic acid
R_3hhxa_p	C6H11O3	Yes	 3 hydroxyhexanoic acid
R_3hhpa_p	C7H13O3	Yes	 3 hydroxyheptanoic acid
R_3hocta_p	C8H15O3	Yes	 3 hydroxyoctanoic acid
R_3hnonaa_p	C9H17O3	Yes	 3 hydroxynonanoic acid
3odec4coa_c	C31H46N7O18P3S	Yes	3 oxo 4Z decenoyl CoA
R_3hpdeca_p	C16H23O3	Yes	 3 Hydroxy 10 phenyldecanoic acid
R_3hpba_p	C10H11O3	Yes	 3 Hydroxyphenylbutanoic acid
R_3hppta_p	C11H13O3	Yes	 3 Hydroxy 5 phenylpentanoic acic
R_3hphxa_p	C12H15O3	Yes	 3 Hydroxy 6 phenylhexanoic acid
R_3hphpa_p	C13H17O3	Yes	 3 Hydroxy 7 phenylheptanoic acid
R_3hpocta_p	C14H19O3	Yes	 3 Hydroxy 8 phenyloctanoic acid
R_3hpnona_p	C15H21O3	Yes	 3 Hydroxy 9 phenylnonanoic acid
R_3h4atba_p	C6H9O4S	Yes	 3 Hydroxy 4 acetylthiobutanoic acid
R_3h6atha_p	C8H13O4S	Yes	 3 Hydroxy 6acetylthiohexanoic acid
gdpdrhmn_c	C16H23N5O15P2	Yes	GDP D rhamnose
rhma13unaga_c	C69H114NO19P3	Yes	Rhamnosyl alpha 1  3  N acetyl glucosamine undecaprenyl diphosphate
sbo3_p	SbO3	No	Antimonite
sbo3_c	SbO3	No	Antimonite
selmeth_c	C5H11NO2Se	Yes	Selenomethionine
sheme_p	C42H36FeN4O16	Yes	Siroheme C42H36FeN4O16
T4hcinnm_e	C9H7O3	Yes	Trans 4 Hydroxycinnamate C9H7O3
T4hcinnm_p	C9H7O3	Yes	Trans 4 Hydroxycinnamate C9H7O3
tcynt_p	CNS	Yes	Thiocyanate
lipidAds_kt_c	C56H103N2O20P	Yes	Lipid A Disaccharide  dode and decanoyl
preq1_c	C7H10N5O	Yes	7-aminomethyl-7-deazaguanine
thym_p	C5H6N2O2	Yes	Thymine C5H6N2O2
4hadnt_c	C7H6N3O5	Yes	4 Hydroxylamino 2 6 dinitrotoluene
tntmdh_c	C7H7N3O6	Yes	2 4 6 trinitrotoluene  Meisenheimer dihydride complex
2hadnt_c	C7H6N3O5	Yes	2 Hydroxylamino 4 6 dinitrotoluene
tnt_c	C7H5N3O6	Yes	2 4 6 Trinitrotoluene
tntmmh_c	C7H6N3O6	Yes	2 4 6 Trinitrotoluene Meisenheimer monohydride complex
tnt_p	C7H5N3O6	Yes	2 4 6 Trinitrotoluene
ttrcyc_c	C22H24N2O8	Yes	Tetracycline
u3dcga_c	C25H42N3O18P2	Yes	UDP 3 O  3 hydroxydecanoyl  D glucosamine
u3dcaga_c	C27H43N3O19P2	Yes	UDP 3 O  3 hydroxydecanoyl  N acetylglucosamine
ukquivo_c	C17H23N3O16P2	Yes	UDP 2 acetamido 2 6 dideoxy D xylo 4 hexulose
uquivo_c	C17H25N3O16P2	Yes	UDP 2 acetamido 2 deoxy D quinovose
vanlt_p	C8H7O4	Yes	Vanillate
vanln_c	C8H8O3	Yes	Vanillin
34dhbald_c	C7H6O3	Yes	"3,4-dihydroxybenzaldehyde"
vanln_p	C8H8O3	Yes	Vanillin
vanlt_c	C8H7O4	Yes	Vanillate
pentso3_p	C5H11O3S	Yes	Pentanesulfonate
sdhlam_c	C12H20NO4S2	Yes	S Succinyldihydrolipoamide C12H20NO4S2
dtgcl_c	C4H10O2S2	Yes	2-hydroxyethyldisulfide
4hptcoa_c	C26H40N7O18P3S	Yes	4 Hydroxypentanoyl CoA
4hptn_c	C5H9O3	Yes	4 Hydroxypentanoate
4hptn_e	C5H9O3	Yes	4 Hydroxypentanoate
4hptn_p	C5H9O3	Yes	4 Hydroxypentanoate
4oxptcoa_c	C26H38N7O18P3S	Yes	4 Oxopentanoyl CoA
4oxptn_e	C5H7O3	Yes	4 Oxopentanoate
4oxptn_p	C5H7O3	Yes	4 Oxopentanoate
4poptcoa_c	C26H39N7O21P4S	Yes	4 Phosphooxypentanoyl CoA
3ptcoa_c	C26H38N7O17P3S	Yes	3 Pentenoyl CoA
2ptcoa_c	C26H38N7O17P3S	Yes	2 Pentenoyl CoA
acmtsoxin_e	C7H13N2O4S	Yes	N Acetylmethionine sulfoximine
acmtsoxin_p	C7H13N2O4S	Yes	N Acetylmethionine sulfoximine
acpptrn_e	C7H12NO5P	Yes	N Acetylphosphinothricin
acpptrn_p	C7H12NO5P	Yes	N Acetylphosphinothricin
n2one_c	C9H18O	Yes	2 Nonanone
d2one_c	C10H20O	Yes	2 Decanone
d3one_c	C10H20O	Yes	3 Decanone
d4one_c	C10H20O	Yes	4 Decanone
und2one_c	C11H22O	Yes	2 Undecanone
cur_c	C21H20O6	Yes	Curcumin
d2one_e	C10H20O	Yes	2 Decanone
d2one_p	C10H20O	Yes	2 Decanone
d3one_e	C10H20O	Yes	3 Decanone
d3one_p	C10H20O	Yes	3 Decanone
d4one_e	C10H20O	Yes	4 Decanone
d4one_p	C10H20O	Yes	4 Decanone
dhcur_c	C21H22O6	Yes	Dihydrocurcumin
mtsoxin_e	C5H12N2O3S	Yes	Methionine sulfoximine
n2one_e	C9H18O	Yes	2 Nonanone
pptrn_e	C5H11NO4P	Yes	L Phosphinothricin
und2one_e	C11H22O	Yes	2 Undecanone
3oxptcoa_c	C26H38N7O18P3S	Yes	3 Oxopentanoyl CoA
4oxptn_c	C5H7O3	Yes	4 Oxopentanoate
mtsoxin_c	C5H12N2O3S	Yes	Methionine sulfoximine
mtsoxin_p	C5H12N2O3S	Yes	Methionine sulfoximine
n2one_p	C9H18O	Yes	2 Nonanone
pptrn_c	C5H11NO4P	Yes	L Phosphinothricin
pptrn_p	C5H11NO4P	Yes	L Phosphinothricin
S2hglut_c	C5H6O5	Yes	(S)-2-Hydroxyglutarate
und2one_p	C11H22O	Yes	2 Undecanone
2omcm_c	C7H6O5	Yes	2-oxo-5-methyl-cis-muconate
2hmc_c	C6H4O5	Yes	2-Hydroxymuconate
hmccm_c	C7H6O5	Yes	"2-Hydroxy-5-methyl-cis,cis-muconate"
5aptn_p	C5H11NO2	Yes	5-Aminopentanoate
5aptn_e	C5H11NO2	Yes	5-Aminopentanoate
5oxpro_p	C5H6NO3	Yes	5-Oxoproline
5oxpro_e	C5H6NO3	Yes	5-Oxoproline
6atha_e	C8H13O3S	Yes	6 acetylthiohexanoic acid
6hnac_c	C6H4NO3	Yes	6-Hydroxynicotinate
6hnac_p	C6H4NO3	Yes	6-Hydroxynicotinate
6hnac_e	C6H4NO3	Yes	6-Hydroxynicotinate
aac24dab_c	C6H12N2O3	Yes	N alpha AcetylL 2 4 diaminobutyrate
thp2c_c	C6H8NO2	Yes	"2,3,4,5-Tetrahydropyridine-2-carboxylate"
2amsa_c	C3H5NO3	Yes	2-Aminomalonate semialdehyde
L2aadp6sa_c	C6H11NO3	Yes	L 2 Aminoadipate 6 semialdehyde C6H11NO3
pdcacoa_c	C37H54N7O17P3S	Yes	Phenyl Decanoyl CoA  Phe C100CoA
pnonacoa_c	C36H52N7O17P3S	Yes	Phenyl nonanoyl CoA  Phe C90CoA
poctacoa_c	C35H50N7O17P3S	Yes	Phenyl Octanoyl CoA Phe C80CoA
phpcoa_c	C34H48N7O17P3S	Yes	Phenyl Heptanoyl CoA Phe C70CoA
phxacoa_c	C33H46N7O17P3S	Yes	Phenyl Hexanoyl CoA  Phe C160CoA
pptcoa_c	C32H44N7O17P3S	Yes	Phenyl Pentanoyl CoA Phe C50CoA
pbcoa_c	C31H42N7O17P3S	Yes	4 Phenyl butyryl CoA Phe C4CoA
phppcoa_c	C30H40N7O17P3S	Yes	3 Phenyl propionyl CoA Phe C30 CoA
6athcoa_c	C29H44N7O18P3S2	Yes	6 Acetylthiohexanoyl CoA
4atbcoa_c	C27H40N7O18P3S2	Yes	4 Acetylthiobutanoyl CoA
ddecoa_c	C33H52N7O17P3S	Yes	Cis dodedec 5 enoyl CoA
hdd7coa_c	C37H60N7O17P3S	Yes	Cis hexadec 7 enoyl CoA
tded5coa_c	C35H56N7O17P3S	Yes	Cis tetradec 5 enoyl CoATetradecenoyl CoA  n C141d5CoA
ptslacoa_c	C39H64N7O17P3S	Yes	Petroselenic coenzyme A
hdd4coa_c	C37H60N7O17P3S	Yes	Cis hexadec 4 enoyl CoA
actn__R_e	C4H8O2	Yes	 R  Acetoin C4H8O2
actn__R_p	C4H8O2	Yes	 R  Acetoin C4H8O2
adsel_c	C10H12N5O10PSe	Yes	Adenylylselenate
3padsel_c	C10H11N5O13P2Se	Yes	3'-Phosphoadenylylselenate
2ameph_p	C2H7NO3P	Yes	2-Aminoethylphosphonate
2ameph_c	C2H7NO3P	Yes	2-Aminoethylphosphonate
ag_p	Ag	No	Silver
alahis_p	C9H14N4O3	Yes	L alaninylhistidine
alahis_e	C9H14N4O3	Yes	L alaninylhistidine
alaleu_p	C9H18N2O3	Yes	L alaninylleucine
alaleu_e	C9H18N2O3	Yes	L alaninylleucine
alathr_p	C7H14N2O4	Yes	L alaninylthreonine
alathr_e	C7H14N2O4	Yes	L alaninylthreonine
alatrp_p	C14H17N3O3	Yes	L alaninyltryptophan
alatrp_e	C14H17N3O3	Yes	L alaninyltryptophan
prealgac_M4_p	C38H45O35	Yes	Polymer  5 units  of D mannuronate  4 units acetylated
prealgac_M3_p	C36H43O34	Yes	Polymer  5 units  of D mannuronate  3 units acetylated
prealgac_M2_p	C34H41O33	Yes	Polymer  5 units  of D mannuronate  2 units acetylated
balaala_p	C6H12N2O3	Yes	Beta alanylL alanine
balaala_e	C6H12N2O3	Yes	Beta alanylL alanine
balabala_p	C6H12N2O3	Yes	Beta alanyl beta alanine
balabala_e	C6H12N2O3	Yes	Beta alanyl beta alanine
balagly_p	C5H10N2O3	Yes	Beta alanylL glycine
balagly_e	C5H10N2O3	Yes	Beta alanylL glycine
balaleu_p	C9H18N2O3	Yes	Beta alanylL leucine
balaleu_e	C9H18N2O3	Yes	Beta alanylL leucine
balamd_c	C3H9N2O	Yes	Beta Alaninamide
biliverd_e	C33H32N4O6	Yes	Biliverdin cytosol
biliverd_p	C33H32N4O6	Yes	Biliverdin cytosol
balamd_p	C3H9N2O	Yes	Beta Alaninamide
balamd_e	C3H9N2O	Yes	Beta Alaninamide
btd_RR_p	C4H10O2	Yes	 R R  2 3 Butanediol C4H10O2
3uib_c	C5H9N2O3	Yes	3-Ureidoisobutyrate
chor_p	C10H8O6	Yes	Chorismate
cinmcoa_c	C30H38N7O17P3S	Yes	Cinnamoyl CoA
fcmcbtt_c	C33H48N5O13Fe	Yes	"Iron(III) chelated carboxymycobactin T (R=8 carbon, final carbon is carboxyl group)"
fcmcbtt_p	C33H48N5O13Fe	Yes	"Iron(III) chelated carboxymycobactin T (R=8 carbon, final carbon is carboxyl group)"
cmcbtt_p	C33H48N5O13	Yes	"Carboxymycobactin T (R=8 carbon, final carbon is carboxyl group)"
cmcbtt_c	C33H48N5O13	Yes	"Carboxymycobactin T (R=8 carbon, final carbon is carboxyl group)"
cm_c	C11H12Cl2N2O5	Yes	Chloramphenicol
confrl_c	C10H12O3	Yes	Coniferol
conialdh_c	C10H10O3	Yes	Coniferyl aldehyde
pre3a_c	C43H43N4O16	Yes	Precorrin 3 A
hgbam_c	C45H57N6O12	Yes	"Hydrogenobyrinate a,c diamide"
coucoa_c	C30H38N7O18P3S	Yes	P coumaroyl CoA C30H38N7O18P3S1
lpscore_kt_c	C140H241N5O87P6	Yes	Lipopolysaccharide core  Pputida
confrl_p	C10H12O3	Yes	Coniferol
co_p	CO	Yes	Carbon monoxide
tyr__D_c	C9H11NO3	Yes	D Tyrosine
val__D_c	C5H11NO2	Yes	D Valine
arg__D_c	C6H15N4O2	Yes	D-Arginine
leu__D_c	C6H13NO2	Yes	D Leucine
met__D_c	C5H11NO2S	Yes	D-Methionine
orn__D_c	C5H13N2O2	Yes	D-Ornithine
phe__D_c	C9H11NO2	Yes	D-phenylalanine
pro__D_c	C5H9NO2	Yes	D-Proline
balaala_c	C6H12N2O3	Yes	Beta alanylL alanine
balabala_c	C6H12N2O3	Yes	Beta alanyl beta alanine
balagly_c	C5H10N2O3	Yes	Beta alanylL glycine
balaleu_c	C9H18N2O3	Yes	Beta alanylL leucine
arg__D_p	C6H15N4O2	Yes	D-Arginine
arg__D_e	C6H15N4O2	Yes	D-Arginine
asn__D_p	C4H8N2O3	Yes	D Asparagine
asn__D_e	C4H8N2O3	Yes	D Asparagine
dgudbutn_c	C6H18N6	Yes	1 4 Diguanidinobutane
doxopa_c	C3H2O4	Yes	"1,2-Dioxopropanoic acid"
tripeptide_c	R	No	Tripeptide derivated from pqq biosynthesis
35dnta_c	C14H11N5O8	Yes	N N bis 3 5 dinitrotolyl  amine
25dop_c	C5H5O4	Yes	2 5 Dioxopentanoate C5H5O4
orn__D_p	C5H13N2O2	Yes	D-Ornithine
phe__D_p	C9H11NO2	Yes	D-phenylalanine
pro__D_p	C5H9NO2	Yes	D-Proline
tyr__D_p	C9H11NO3	Yes	D Tyrosine
val__D_p	C5H11NO2	Yes	D Valine
hp2coa_c	C28H42N7O17P3S	Yes	Hep 2 enoyl CoA
nona2coa_c	C30H46N7O17P3S	Yes	Nona 2 enoyl CoA
pdca2coa_c	C37H52N7O17P3S	Yes	Phenyl deca 2 enoyl CoA
pnona2coa_c	C36H50N7O17P3S	Yes	Phenyl nona 2 enoyl CoA
pocta2coa_c	C35H48N7O17P3S	Yes	Phenyl octa 2 enoyl CoA
php2coa_c	C34H46N7O17P3S	Yes	Phenyl hepta 2 enoyl CoA
3oxoadp_e	C6H6O5	Yes	3-Oxoadipate
4hpro_DC_e	C5H9NO3	Yes	Cis 4 Hydroxy D proline
4hpro_LT_e	C5H9NO3	Yes	Trans 4 Hydroxy L proline C5H9NO3
R3hdec4e_e	C10H17O3	Yes	 3 Hydroxy 4Z decenic acid
R_3h4atba_e	C6H9O4S	Yes	 3 Hydroxy 4 acetylthiobutanoic acid
R_3h6atha_e	C8H13O4S	Yes	 3 Hydroxy 6acetylthiohexanoic acid
R_3hcmrs7e_e	C14H25O3	Yes	 3 hydroxy cis myristol 7 en
R_3hdcaa_e	C10H19O3	Yes	 3 hydroxydecanoic acid
R_3hdd5ea_e	C12H21O3	Yes	 3 Hydroxydodecanoic 5 en acid
R_3hdd6e_e	C12H21O3	Yes	 3 Hydroxydodecanoic 6 en acid
R_3hdda_e	C12H23O3	Yes	 3 Hydroxydodecanoic acid
R_3hhdca_e	C16H31O3	Yes	 3 Hydroxyhexadecanoic acid
R_3hhpa_e	C7H13O3	Yes	 3 hydroxyheptanoic acid
R_3hhxa_e	C6H11O3	Yes	 3 hydroxyhexanoic acid
R_3hnonaa_e	C9H17O3	Yes	 3 hydroxynonanoic acid
R_3hocta_e	C8H15O3	Yes	 3 hydroxyoctanoic acid
R_3hpba_e	C10H11O3	Yes	 3 Hydroxyphenylbutanoic acid
R_3hpdeca_e	C16H23O3	Yes	 3 Hydroxy 10 phenyldecanoic acid
R_3hphpa_e	C13H17O3	Yes	 3 Hydroxy 7 phenylheptanoic acid
R_3hphxa_e	C12H15O3	Yes	 3 Hydroxy 6 phenylhexanoic acid
R_3hpnona_e	C15H21O3	Yes	 3 Hydroxy 9 phenylnonanoic acid
R_3hpocta_e	C14H19O3	Yes	 3 Hydroxy 8 phenyloctanoic acid
R_3hppta_e	C11H13O3	Yes	 3 Hydroxy 5 phenylpentanoic acic
R_3hpt_e	C5H9O3	Yes	 3 Hydroxypentanoic acid
R_3htd58e_e	C14H23O3	Yes	 3 hydroxy  5Z 8Z  tetradecedienic acid
R_3htd5e_e	C14H25O3	Yes	 3 hydroxy  5Z  tetradecenic acid
R_3httdca_e	C14H27O3	Yes	 3 Hydroxytetradecanoic acid
algac_MG_14_e	C32H39O32	Yes	Alginate  1 units of acetylated D mannuronate and 4 units ofL guluronate
algac_MG_23_e	C34H41O33	Yes	Alginate  2 units of acetylated D mannuronate and 3 units ofL guluronate
algac_MG_32_e	C36H43O34	Yes	Alginate  3 units of acetylated D mannuronate and 2 units ofL guluronate
algac_MG_41_e	C38H45O35	Yes	Alginate  4 units of acetylated D mannuronate and one unit ofL guluronate
algac__M_e	C40H47O36	Yes	Alginate  5 units of  D mannuronate completelly acetylated
bhb_e	C4H7O3	Yes	(R)-3-Hydroxybutanoate
3mbzalc_c	C8H10O	Yes	3-methylbenzyl alcohol
3mbzald_c	C8H8O	Yes	3-Methylbenzaldehyde
3mcat_c	C7H8O2	Yes	3-Methylcatechol
3oxoadp_p	C6H6O5	Yes	3-Oxoadipate
4pqq_c	C14H15N2O7	Yes	2 amino 4 5  2 amino 2 carboxylatoethyl  2 hydroxyphenylpentanedioate
34dhbz_p	C7H5O4	Yes	"3,4-Dihydroxybenzoate"
T4hcinnm_c	C9H7O3	Yes	Trans 4 Hydroxycinnamate C9H7O3
4cml_c	C7H4O6	Yes	4-Carboxymuconolactone
4hpro_DC_c	C5H9NO3	Yes	Cis 4 Hydroxy D proline
4hpro_DC_p	C5H9NO3	Yes	Cis 4 Hydroxy D proline
4hpro_LT_p	C5H9NO3	Yes	Trans 4 Hydroxy L proline C5H9NO3
4mbzalc_c	C8H10O	Yes	4-methylbenzyl alcohol
4mbzald_c	C8H8O	Yes	P-methylbenzaldehyde
4mcat_c	C7H8O2	Yes	4-Methylcatechol
oxalc_c	C6H4O5	Yes	4-oxalocrotonate
entermg_c	C36H37N3O20	Yes	Enterobactin monoglycosylated
salchs4_c	C42H47N3O25	Yes	Salmochelin-S4
pchol_hs_18_2_16_0_c		No	"Phosphatidylcholine (homo sapiens, C18:2, C16:0)"
pchol_hs_18_2_18_1_c		No	"Phosphatidylcholine (homo sapiens, C18:2, C18:1)"
pe_hs_18_2_16_0_c		No	"Phosphatidylethanolamine (homo sapiens, C18:2, C16:0)"
pe_hs_18_2_18_1_c		No	"Phosphatidylethanolamine (homo sapiens, C18:2, C18:1)"
5aop_e	C5H9NO3	Yes	5-Amino-4-oxopentanoate
3moxtyr_e	C9H14NO2	Yes	3-Methoxytyramine
acnamp_c	C11H17NO12P	Yes	N-Acetylneuraminate 9-phosphate
bilglcur_e	C39H44N4O12	Yes	Bilirubin monoglucuronide
camp_e	C10H11N5O6P	Yes	CAMP C10H11N5O6P
alpa_hs_16_0_c		No	"Lysophosphatidic acid (homo sapiens, C16:0)"
alpa_hs_18_1_c		No	"Lysophosphatidic acid (homo sapiens, C18:1)"
leuktrA4_e	C20H29O3	Yes	Leukotriene A4 cytosol
leuktrB4_e	C20H31O4	Yes	Leukotriene B4(1-)
alpa_hs_18_2_c		No	"Lysophosphatidic acid (homo sapiens, C18:2)"
cdpdag_hs_18_2_16_0_c		No	"CDP diacylglycerol (homo sapiens, C18:2, C16:0)"
cdpdag_hs_18_2_18_1_c		No	"CDP diacylglycerol (homo sapiens, C18:2, C18:1)"
mepi_e	C10H16NO3	Yes	Metanephrine
pa_hs_18_2_16_0_c		No	"Phosphatidic acid (homo sapiens, C18:2, C16:0)"
pa_hs_18_2_18_1_c		No	"Phosphatidic acid (homo sapiens, C18:2, C18:1)"
normete__L_e	C9H14NO3	Yes	L-Normetanephrine
nrpphr_e	C8H12NO3	Yes	Norepinephrine
sprm_e	C10H30N4	Yes	Spermine C10H30N4
thmmp_e	C12H16N4O4PS	Yes	Thiamin monophosphate
dag_hs_18_2_16_0_c		No	"Diacylglycerol (homo sapiens, C18:2, C16:0)"
dag_hs_18_2_18_1_c		No	"Diacylglycerol (homo sapiens, C18:2, C18:1)"
band_c	BaH	No	"Band membrane protein (universal, erythrocyte -> 2.1,3,4.1)"
adprbp_c	C15H20N5O17P3	Yes	ADPribose 2'-phosphate
bandmt_c	BaCH3	Yes	"Band membrane protein (methylated, universal, erythrocyte -> 2.1,3,4.1)"
bilirub_c	C33H34N4O6	Yes	Bilirubin cytosol
mi1345p_c	C6H8O18P4	Yes	1D myo Inositol 1 3 4 5 tetrakisphosphate C6H8O18P4
mi134p_c	C6H9O15P3	Yes	"1D-myo-Inositol 1,3,4-trisphosphate"
normete__L_c	C9H14NO3	Yes	L-Normetanephrine
dhdascb_c	C6H6O6	Yes	Dehydroascorbate
mepi_c	C10H16NO3	Yes	Metanephrine
pail4p_hs_18_2_16_0_c		No	"1-Phosphatidyl-1D-myo-inositol 4-phosphate (homo sapiens, C18:2, C16:0)"
pail4p_hs_18_2_18_1_c		No	"1-Phosphatidyl-1D-myo-inositol 4-phosphate (homo sapiens, C18:2, C18:1)"
pail_hs_18_2_16_0_c		No	"Phosphatidylinositol (homo sapiens, C18:2, C16:0)"
pail_hs_18_2_18_1_c		No	"Phosphatidylinositol (homo sapiens, C18:2, C18:1)"
pail45p_hs_18_2_16_0_c		No	"Phosphatidylinositol 4,5-bisphosphate (homo sapiens, C18:2, C16:0)"
pail45p_hs_18_2_18_1_c		No	"Phosphatidylinositol 4,5-bisphosphate (homo sapiens, C18:2, C18:1)"
thmtp_c	C12H16N4O10P3S	Yes	Thiamin triphosphate C12H16N4O10P3S
pep_p	C3H2O6P	Yes	Phosphoenolpyruvate
2pg_p	C3H4O7P	Yes	D-Glycerate 2-phosphate
3pg_p	C3H4O7P	Yes	3-Phospho-D-glycerate
hx2coa_c	C27H40N7O17P3S	Yes	Trans-Hex-2-enoyl-CoA
debrisoquine_c	C10H14N3	Yes	Debrisoquine c
npthl_c	C10H8	Yes	Naphthalene
aflatoxin_c	C17H12O6	Yes	Aflatoxin c
ebastine_r	C32H39NO2	Yes	Ebastine c
leuktrC4_e	C30H45N3O9S	Yes	Leukotriene C4 ER
dolmanp_r	C101H166O9P	Yes	Dolichyl phosphate D mannose C21H38O9P
gacpail_cho_r	C31H58NO14PRCO2R2CO2	Yes	Glucosaminyl-acylphosphatidylinositol
mgacpail_cho_r	C37H68NO19PRCO2R2CO2	Yes	Mannosyl-glucosaminyl-acylphosphatidylinositiol (H2)
emgacpail_cho_r	C39H74N2O22P2RCO2R2CO2	Yes	Phosphoethanolaminyl-mannosyl-glucosylaminyl-acylphosphatidylinositol (H5)
xu1p__D_c	C5H9O8P	Yes	D-Xylulose 1-phosphate
bildglcur_e	C45H50N4O18	Yes	Bilirubin beta-diglucuronide
coumarin_c	C9H6O2	Yes	Coumarin; 2H-1-Benzopyran-2-one
antipyrene_c	C11H12N2O	Yes	Antipyrene c
omeprazole_c	C17H19N3O3S	Yes	Omeprazole c
taxol_c	C47H31NO14	Yes	Paclitaxel
tolbutamide_c	C12H18N2O3S	Yes	Tolbutamide c
cholate_e	C24H39O5	Yes	Cholate c
xolest2_cho_e	C27H45R2CO2	Yes	Cholesterol ester
limnen_c	C10H16	Yes	Limnen c
appnn_c	C10H16	Yes	(+)-alpha-Pinene
chito2pdol_c	C111H182N2O17P2	Yes	"N,N'-Diacetylchitobiosyldiphosphodolichol"
Asn_X_Ser_Thr_r	XH	No	Asn  X  Ser FSLASH Thr l
g3m8mpdol_r	C183H302N2O77P2	Yes	(alpha-D-Glucosyl)3-(alpha-D-mannosyl)8-beta-D-mannosyl-diacetylchitobiosyldiphosphodolichol
dolglcp_r	C101H166O9P	Yes	Dolichyl beta-D-glucosyl phosphate
m8mpdol_r	C165H272N2O62P2	Yes	(alpha-D-Mannosyl)8-beta-D-mannosyl-diacetylchitobiosyldiphosphodolichol
g1m8mpdol_r	C171H282N2O67P2	Yes	Alpha-D-Glucosyl-(alpha-D-mannosyl)8-beta-D-mannosyl-diacetylchitobiosyldiphosphodolichol
g2m8mpdol_r	C177H292N2O72P2	Yes	(alpha-D-Glucosyl)2-(alpha-D-mannosyl)8-beta-D-mannosyl-diacetylchitobiosyldiphosphodolichol
m4mpdol_r	C141H232N2O42P2	Yes	(alpha-D-Mannosyl)4-beta-D-mannosyl-diacetylchitobiosyldiphosphodolichol
m6mpdol_r	C153H252N2O52P2	Yes	(alpha-D-Mannosyl)6-beta-D-mannosyl-diacetylchitobiosyldiphosphodolichol
n2m2masn_g	C50H83N4O35X	Yes	((N-acetyl-D-glucosaminyl)2-(alpha-D-mannosyl)2-beta-D-mannosyl-diacetylchitobiosyl)-L-asparagine (protein)
uacgam_g	C17H25N3O17P2	Yes	UDP-N-acetyl-D-glucosamine
cmpacna_g	C20H29N4O16P	Yes	CMP-N-acetylneuraminate
l2fn2m2masn_g	C68H113N4O49X	Yes	"{[galactosyl-(1,4)-N-Acetyl-glucosaminyl-(1,2)-mannosyl-(1,3)-],[N-acetyl-glucosaminyl-(1,2)-mannosyl-(1,6)-]mannosyl-(1,4)-N-acetyl-glucosaminyl-(1,4)-[fucosyl-(1,6)]-N-acetyl-glucosaminyl}asparagine"
debrisoquine_e	C10H14N3	Yes	Debrisoquine c
2hb_c	C4H7O3	Yes	2 Hydroxybutyrate C4H7O3
pe_cho_e	C5H12NO4PRCO2R2CO2	Yes	Phosphatidylethanolamine
estradiolglc_e	C24H32O8	Yes	17beta-estradiol 3-glucosiduronic acid
estradiolglc_c	C24H32O8	Yes	17beta-estradiol 3-glucosiduronic acid
prostge2_e	C20H31O5	Yes	Prostaglandin E2
prostgf2_e	C20H33O5	Yes	Prostaglandin F2alpha
2hb_e	C4H7O3	Yes	2 Hydroxybutyrate C4H7O3
gchola_e	C26H43NO6	Yes	Glycocholate
ps_cho_e	C6H11NO6PRCO2R2CO2	Yes	Phosphatidylserine
i_e	I	No	I c
tchola_e	C26H45NO7S	Yes	Taurocholic acid C26H45NO7S
oh1_e	HO	No	Hydroxide ion HO
ksi_deg25_l	C118H192N8O98S4	Yes	"Keratan sulfate I, degradation product 25"
triodthy_e	C15H12I3NO4	Yes	Triiodothyronine
vitd3_c	C27H44O	Yes	Calciol; (+)-Vitamin D3
xol7ah_c	C27H46O2	Yes	7alpha-Hydroxy-5beta-cholestan-3-one
xoldioloneh_c	C27H46O3	Yes	"7alpha,12alpha-Dihydroxy-5beta-cholestan-3-one"
cholcoa_x	C45H70N7O20P3S	Yes	Choloyl-CoA(4-)
taur_x	C2H7NO3S	Yes	Taurine C2H7NO3S
ksi_deg28_l	C104H170N7O85S3	Yes	"Keratan sulfate I, degradation product 28"
dhcholoylcoa_x	C48H74N7O19P3S	Yes	"3alpha,7alpha-Dihydroxy-5beta-cholest-24-enoyl-CoA"
ksi_deg31_l	C90H148N6O72S2	Yes	"Keratan sulfate I, degradation product 31"
cholcoads_x	C48H74N7O20P3S	Yes	"3alpha,7alpha,12alpha-Trihydroxy-5beta-cholest-24-enoyl-CoA"
ksi_deg34_l	C76H126N5O59S	Yes	"Keratan sulfate I, degradation product 34"
xol24oh_r	C27H46O2	Yes	24-Hydroxycholesterol
chsterol_r	C27H46O	Yes	Chsterol c
ksi_deg37_l	C62H104N4O46	Yes	"Keratan sulfate I, degradation product 37"
xol25oh_r	C27H46O2	Yes	25-Hydroxycholesterol
ksi_deg39_l	C48H81N3O36	Yes	"Keratan sulfate I, degradation product 39"
xol27oh_r	C27H46O2	Yes	27-Hydroxycholesterol
ksi_deg41_l	C34H58N2O26	Yes	"Keratan sulfate I, degradation product 41"
ksii_core2_deg4_l	C58H95N5O43SX	Yes	"Keratan sulfate II (core 2-linked), degradation product 4"
ksii_core2_deg7_l	C44H73N4O30X	Yes	"Keratan sulfate II (core 2-linked), degradation product 7"
ksii_core2_deg9_l	C30H50N3O20X	Yes	"Keratan sulfate II (core 2-linked), degradation product 9"
xol7ah3_c	C27H48O3	Yes	"3alpha,7alpha,26-Trihydroxy-5beta-cholestane"
HC01459_x	C48H76N7O21P3S	Yes	"3alpha,7alpha,12alpha,24-Tetrahydroxy-5beta-cholestanoyl-CoA"
ksii_core4_deg4_l	C66H108N6O48SX	Yes	"Keratan sulfate II (core 4-linked), degradation product 4"
dolichol_c	C95H156O	Yes	Dolichol C15H28O
dolp_c	C95H155O4P	Yes	Dolichol phosphate C15H27O4P
20ahchsterol_m	C27H46O2	Yes	20alpha-hydroxy cholesterol
cholcoa_c	C45H70N7O20P3S	Yes	Choloyl-CoA(4-)
dcholcoa_c	C45H70N7O19P3S	Yes	Chenodeoxycholoyl coenzyme a
gdpfuc_g	C16H23N5O15P2	Yes	GDP-L-fucose
n3m2masn_g	C58H96N5O40X	Yes	((N-acetyl-D-glucosaminyl)3-(alpha-D-mannosyl)2-beta-D-mannosyl-diacetylchitobiosyl)-L-asparagine (protein)
nl3n3m2masn_g	X	No	Nl3n3m2masn[g]
udpgal_g	C15H22N2O17P2	Yes	UDPgalactose
n4m2masn_g	C66H109N6O45X	Yes	((N-acetyl-D-glucosaminyl)4-(alpha-D-mannosyl)2-beta-D-mannosyl-diacetylchitobiosyl)-L-asparagine (protein)
nl3fn3m2masn_g	X	No	Nl3fn3m2masn[g]
naglc2p_c	C103H169NO12P2	Yes	N-Acetyl-D-glucosaminyldiphosphodolichol
fnm4masn_g	X	No	Fnm4masn[g]
m2mpdol_c	C129H212N2O32P2	Yes	(alpha-D-mannosyl)2-beta-D-mannosyl-diacetylchitobiosyldiphosphodolichol
l3n3m2masn_g	X	No	L3n3m2masn[g]
l3fn3m2masn_g	X	No	L3fn3m2masn[g]
m3mpdol_c	C135H222N2O37P2	Yes	(alpha-D-mannosyl)3-beta-D-mannosyl-diacetylchitodiphosphodolichol
l4n4m2masn_g	X	No	L4n4m2masn[g]
coa_r	C21H32N7O16P3S	Yes	Coenzyme A
dhcholestanate_r	C27H45O4	Yes	"3alpha,7alpha-Dihydroxy-5beta-cholestanate"
l4fn4m2masn_g	X	No	L4fn4m2masn[g]
mpdol_c	C117H192N2O22P2	Yes	Beta-D-Mannosyldiacetylchitobiosyldiphosphodolichol
fn2m2masn_g	C56H93N4O39X	Yes	"N4-{N-Acetyl-beta-D-glucosaminyl-(1,2)-alpha-D-mannosyl-(1,3)-[N-acetyl-beta-D-glucosaminyl-(1,2)-alpha-D-mannosyl-(1,6)]-beta-D-mannosyl-(1,4)-N-acetyl-beta-D-glucosaminyl-(1,4)-[alpha-L-fucosyl-(1,6)]-N-acetyl-beta-D-glucosaminyl}asparagine"
n3rm2masn_g	X	No	N3rm2masn[g]
accoa_x	C23H34N7O17P3S	Yes	Acetyl-CoA
ndl4fn4m2masn_g	X	No	Ndl4fn4m2masn[g]
fn3rm2masn_g	X	No	Fn3rm2masn[g]
4mzym_int1_r	C29H46O3	Yes	4 Methylzymosterol intermediate 1 C29H46O3
nad_r	C21H26N7O14P2	Yes	Nicotinamide adenine dinucleotide
ndl4n4m2masn_g	X	No	Ndl4n4m2masn[g]
zym_int2_r	C27H42O	Yes	Zymosterol intermediate 2 C27H42O
Rtotalcoa_c	CO2RC21H31N7O15P3S	Yes	Rtotalcoa c
ncl4fn4m2masn_g	X	No	Ncl4fn4m2masn[g]
fn3m2masn_g	X	No	Fn3m2masn[g]
R1coa_cho_c	XCO2C21H31N7O15P3S	Yes	R group 1 Coenzyme A
ncl4n4m2masn_g	X	No	Ncl4n4m2masn[g]
R2coa_cho_c	XCO2C21H31N7O15P3S	Yes	R group 2 Coenzyme A
fnm2masn_g	X	No	Fnm2masn[g]
ptth_c	C11H22N2O4S	Yes	Pantetheine
nbl4fn4m2masn_g	X	No	Nbl4fn4m2masn[g]
lnl3fn3m2masn_g	X	No	Lnl3fn3m2masn[g]
lndl4fn4m2masn_g	X	No	Lndl4fn4m2masn[g]
nbl4n4m2masn_g	X	No	Nbl4n4m2masn[g]
lndl4n4m2masn_g	X	No	Lndl4n4m2masn[g]
lnlncacoa_c	C39H60N7O17P3S	Yes	Alpha-Linolenoyl-CoA
n2cdl4fn4m2masn_g	X	No	N2cdl4fn4m2masn[g]
lncl4fn4m2masn_g	X	No	Lncl4fn4m2masn[g]
lncl4n4m2masn_g	X	No	Lncl4n4m2masn[g]
dlnlcgcoa_c	C41H64N7O17P3S	Yes	Dihomo-gamma-linolenyl coenzyme A
lnbl4fn4m2masn_g	X	No	Lnbl4fn4m2masn[g]
n2cdl4n4m2masn_g	X	No	N2cdl4n4m2masn[g]
lnbl4n4m2masn_g	X	No	Lnbl4n4m2masn[g]
eicostetcoa_c	C41H62N7O17P3S	Yes	Eicosatetranoyl coenzyme A
n2bdl4fn4m2masn_g	X	No	N2bdl4fn4m2masn[g]
l2n2cdl4fn4m2masn_g	X	No	L2n2cdl4fn4m2masn[g]
n2bdl4n4m2masn_g	X	No	N2bdl4n4m2masn[g]
l2n2cdl4n4m2masn_g	X	No	L2n2cdl4n4m2masn[g]
l2n2bdl4fn4m2masn_g	X	No	L2n2bdl4fn4m2masn[g]
l2n2bdl4n4m2masn_g	X	No	L2n2bdl4n4m2masn[g]
l3n3l4fn4m2masn_g	X	No	L3n3l4fn4m2masn[g]
lnlncgcoa_c	C39H60N7O17P3S	Yes	Gamma-linolenoyl-CoA
strdnccoa_c	C39H58N7O17P3S	Yes	Stearidonyl coenzyme A
tmndnccoa_c	C41H60N7O17P3S	Yes	Timnodonyl coenzyme A
l3n3l4n4m2masn_g	X	No	L3n3l4n4m2masn[g]
l2n2m2masn_g	X	No	De-Fuc form of PA6
l3n3rm2masn_g	X	No	L3n3rm2masn[g]
arachcoa_c	C41H70N7O17P3S	Yes	Arachidyl coenzyme A
docoscoa_c	C43H74N7O17P3S	Yes	Docosanoyl Coenzyme A
n3l4fn4m2masn_g	X	No	N3l4fn4m2masn[g]
l3fn3rm2masn_g	X	No	L3fn3rm2masn[g]
lnl3n3m2masn_g	X	No	Lnl3n3m2masn[g]
n3l4n4m2masn_g	X	No	N3l4n4m2masn[g]
hdcoa_r	C37H60N7O17P3S	Yes	Hexadecenoyl-CoA (n-C16:1CoA)
malcoa_r	C24H33N7O19P3S	Yes	Malonyl CoA C24H33N7O19P3S
fn4m2masn_g	X	No	Fn4m2masn[g]
em2emgacpail_prot_cho_r	C53H100N3O35P3RCO2R2CO2X	Yes	"(phosphoethanolaminyl-dimannosyl),(phosphoethanolaminyl)-mannosyl-glucosaminyl-acylphosphatidylinositol"
gpi_prot_cho_r	C55H106N4O38P4RCO2R2CO2X	Yes	"{[(Prot-PE-Man),(PE)-Man],[PE]}-Man-GlcN-acylPI"
pe_cho_r	C5H12NO4PRCO2R2CO2	Yes	Phosphatidylethanolamine
m2gacpail_cho_r	C43H78NO24PRCO2R2CO2	Yes	Dimannosyl-glucosaminyl-acylphosphatidylinositol (H3)
m3gacpail_cho_r	C49H88NO29PRCO2R2CO2	Yes	Trimannosyl-glucosaminyl-acylphosphatidylinositol (H4)
17ahprgstrn_r	C21H30O3	Yes	17alpha-Hydroxyprogesterone
em3gacpail_cho_r	C51H94N2O32P2RCO2R2CO2	Yes	Phosphoethanolaminyl-trimannosyl-glucosaminyl-acylphosphatidylinositol (H6')
m2emgacpail_cho_r	C51H94N2O32P2RCO2R2CO2	Yes	"(dimannosyl),(phosphoethanolaminyl)-mannosyl-glucosylaminyl-acylphosphatidylinositol (H6)"
emem2gacpail_cho_r	C53H100N3O35P3RCO2R2CO2	Yes	"(phosphoethanolaminyl-mannosyl),(phosphoethanolaminyl)-dimannosyl-glucosaminyl-acylphosphatidylinositol (H7')"
em2emgacpail_cho_r	C53H100N3O35P3RCO2R2CO2	Yes	"(phosphoethanolaminyl-dimannosyl),(phosphoethanolaminyl)-mannosyl-glucosaminyl-acylphosphatidylinositol (H7)"
pail3p_cho_c	C9H15O12P2RCO2R2CO2	Yes	1-phosphatidyl-1D-myo-inositol 3-phosphate(3-)
tststerone_r	C19H28O2	Yes	Tststerone c
ksi_e	C247H393N17O213S12X	Yes	Keratan sulfate I
prgnlone_c	C21H32O2	Yes	Prgnlone c
ksi_deg7_l	C210H337N15O181S10	Yes	"Keratan sulfate I, degradation product 7"
pail35p_cho_r	C9H14O15P3RCO2R2CO2	Yes	"1-phosphatidyl-1D-myo-inositol 3,5-bisphosphate(5-)"
andrstndn_r	C19H26O2	Yes	"Androst-4-ene-3,17-dione"
ksi_deg10_l	C188H302N13O163S9	Yes	"Keratan sulfate I, degradation product 10"
ksi_deg13_l	C174H280N12O150S8	Yes	"Keratan sulfate I, degradation product 13"
pail5p_cho_m	C9H15O12P2RCO2R2CO2	Yes	1-phosphatidyl-1D-myo-inositol 5-phosphate(3-)
pail5p_cho_n	C9H15O12P2RCO2R2CO2	Yes	1-phosphatidyl-1D-myo-inositol 5-phosphate(3-)
ksi_deg16_l	C160H258N11O137S7	Yes	"Keratan sulfate I, degradation product 16"
ksi_deg19_l	C146H236N10O124S6	Yes	"Keratan sulfate I, degradation product 19"
ksi_deg22_l	C132H214N9O111S5	Yes	"Keratan sulfate I, degradation product 22"
dheas_c	C19H27O5S	Yes	Dehydroepiandrosterone sulfate
chsterols_c	C27H45O4S	Yes	Cholesterol sulfate
prgnlones_c	C21H31O5S	Yes	Pregnenolone sulfate
tststerone_c	C19H28O2	Yes	Tststerone c
estrone_r	C18H22O2	Yes	Estrone cytosol
udpglcur_r	C15H19N2O18P2	Yes	UDP-D-glucuronate
o2s_n	O2	No	Superoxide anion
bilirub_r	C33H34N4O6	Yes	Bilirubin cytosol
andrstrn_r	C19H30O2	Yes	Andrstrn c
estradiol_r	C18H24O2	Yes	Estradiol c
crm_cho_l	C18H36NO2RCO	Yes	N-acylsphingosine
5adtststerone_r	C19H30O2	Yes	5alpha-Dihydrotestosterone
galgbside_cho_g	C50H89N2O27RCO	Yes	Galactosylgloboside
acglcgalgbside_cho_g	C58H102N3O32RCO	Yes	GlcNAc-Gal globoside
ump_g	C9H11N2O9P	Yes	UMP C9H11N2O9P
dhcrm_cho_c	C18H38NO2RCO	Yes	Dihydroceramide
idour_c	C6H9O7	Yes	L-Iduronate
Rtotal2coa_c	CO2R2C21H31N7O15P3S	Yes	Rtotal2coa c
alpa_cho_c	C3H6O5PRCO2	Yes	Lysophosphatidic acid
galside_cho_l	C24H46NO7RCO	Yes	D-galactosyl-N-acylsphingosine
gluside_cho_c	C24H46NO7RCO	Yes	D-glucosyl-N-acylsphingosine
Rtotal3coa_c	CO2R3C21H31N7O15P3S	Yes	Rtotal3coa c
dag_cho_c	C3H6ORCO2R2CO2	Yes	Diglyceride
gluside_cho_l	C24H46NO7RCO	Yes	D-glucosyl-N-acylsphingosine
34dhmald_c	C8H8O4	Yes	"3,4-Dihydroxymandelaldehyde"
2c23dh56dhoxin_c	C9H8NO4	Yes	"2-Carboxy-2,3-dihydro-5,6-dihydroxyindole"
sphs1p_r	C18H37NO5P	Yes	Sphingosine 1-phosphate
tag_cho_c	C3H5RCO2R2CO2R3CO2	Yes	Triglyceride
iodine_c	I2	No	Iodine c
sphmyln_cho_l	C23H48N2O5PRCO	Yes	Sphingomyelin betaine
triodthy_c	C15H12I3NO4	Yes	Triiodothyronine
spc_cho_c	C23H50N2O5P	Yes	Sphingosylphosphorylcholine
mag_cho_c	C3H7O2R2CO2	Yes	Monoacylglycerol 2
sphmyln_cho_c	C23H48N2O5PRCO	Yes	Sphingomyelin betaine
crm_cho_c	C18H36NO2RCO	Yes	N-acylsphingosine
pchol_cho_c	C8H18NO4PRCO2R2CO2	Yes	Phosphatidylcholine
tag_cho_e	C3H5RCO2R2CO2R3CO2	Yes	Triglyceride
ga1_cho_g	C44H79N2O22RCO	Yes	Gibberellin A1(1-)
gm1_cho_g	C55H95N3O30RCO	Yes	Ganglioside GM1
gd1b_cho_g	C67H111N4O39R	Yes	GD1b
acngalgbside_cho_g	C61H105N3O35RCO	Yes	Sialyl galactosylgloboside
ga2_cho_g	C38H69N2O17RCO	Yes	GA2
gm1a_cho_g	C55H95N3O30RCO	Yes	GM1alpha
gd1a_cho_g	C66H111N4O38RCO	Yes	N-acetylneuraminosyl-D-galactosyl-N-acetyl-D-galactosaminyl-(N-acetylneuraminosyl)-D-galactosyl-D-glucosylceramide dianion
gt1c_cho_g	C77H127N5O46RCO	Yes	GT1c
gm1b_cho_g	C55H95N3O30RCO	Yes	GM1b
gt1b_cho_g	C77H127N5O46RCO	Yes	GT1b
crm_cho_r	C18H36NO2RCO	Yes	N-acylsphingosine
udpg_r	C15H22N2O17P2	Yes	UDPglucose
pa_cho_c	C3H5O4PRCO2R2CO2	Yes	Phosphatidate(2-)
5dpmev_c	C6H10O10P2	Yes	 R  5 Diphosphomevalonate C6H10O10P2
mev__R_c	C6H11O4	Yes	 R  Mevalonate C6H11O4
retinal_c	C20H28O	Yes	All-trans-Retinal
glx_m	C2HO3	Yes	Glyoxylate
5pmev_c	C6H10O7P	Yes	 R  5 Phosphomevalonate C6H10O7P
retn_c	C20H27O2	Yes	Retinoate
retinol_c	C20H30O	Yes	All-trans-Retinol
5adtststerone_c	C19H30O2	Yes	5alpha-Dihydrotestosterone
prgstrn_c	C21H30O2	Yes	Prgstrn c
dhea_c	C19H28O2	Yes	Dehydroepiandrosterone
asp__D_x	C4H6NO4	Yes	D-Aspartate
retinol_9_cis_c	C20H30O	Yes	9-cis-retinol
retinol_cis_11_c	C20H30O	Yes	11-cis-Retinol
chtn_e	C24H41N3O16	Yes	Chtn c
9_cis_retfa_c	C20H29OR2CO	Yes	Fatty acid 9-cis-retinol
prgnlone_r	C21H32O2	Yes	Prgnlone c
dhea_r	C19H28O2	Yes	Dehydroepiandrosterone
17ahprgnlone_r	C21H32O3	Yes	17alpha-Hydroxypregnenolone
HC00822_l	C16H28N2O11	Yes	Chitobiose
9_cis_retfa_e	C20H29OR2CO	Yes	Fatty acid 9-cis-retinol
11docrtstrn_m	C21H30O3	Yes	11-Deoxycorticosterone
11docrtsl_m	C21H30O4	Yes	11docrtsl c
11_cis_retfa_c	C20H29OR2CO	Yes	Fatty acid 11-cis-retinol
acgal1p_c	C8H14NO9P	Yes	N-Acetyl-D-galactosamine 1-phosphate
acglcgalgluside_cho_g	C38H69N2O17RCO	Yes	N-acetyl-beta-D-glucosaminyl-(1->3)-beta-D-galactosyl-(1->4)-beta-D-glucosylceramide
11_cis_retfa_e	C20H29OR2CO	Yes	Fatty acid 11-cis-retinol
acglcgal14acglcgalgluside_cho_g	C52H92N3O27RCO	Yes	NLc5Cer
galgluside_cho_g	C30H56NO12RCO	Yes	Galactosyl glucosyl ceramide
retfa_e	C20H29OR2CO	Yes	Fatty acid retinol
galacglcgalgluside_cho_g	C44H79N2O22RCO	Yes	Lc4Cer
gal14acglcgalgluside_cho_g	C44H79N2O22RCO	Yes	Lactoneotetraosylceramide
galacgalfuc12gal14acglcgalgluside_cho_g	C64H112N3O36RCO	Yes	(Gal)3 (GalNAc)1 (Glc)1 (GlcNAc)1 (LFuc)1 (Cer)1
galacglcgal14acglcgalgluside_cho_g	C58H102N3O32RCO	Yes	I-antigen
leuktrB4woh_r	C20H31O5	Yes	W-hydroxyl leukotriene B4
CE2056_r	C20H31O6	Yes	20-dihydroxyleukotriene B4
retn_r	C20H27O2	Yes	Retinoate
galacgalfucgalacglcgal14acglcgalgluside_cho_g	C78H135N4O46RCO	Yes	(Gal)4 (GalNAc)1 (Glc)1 (GlcNAc)2 (LFuc)1 (Cer)1
galacglcgalacglcgal14acglcgalgluside_cho_g	C72H125N4O42RCO	Yes	I-antigen
acngalacglcgalgluside_cho_g	C56H95N3O31R	Yes	(Gal)3 (Glc)1 (GlcNAc)1 (Cer)1
13_cis_retn_r	C20H27O2	Yes	13-cis-retinoate
acgalfucgalacglcgalgluside_cho_g	C58H102N3O31RCO	Yes	Type IA glycolipid
fucgalacglcgalgluside_cho_g	C50H89N2O26RCO	Yes	Type IH glycolipid
galfucgalacglcgalgluside_cho_g	C56H99N2O31RCO	Yes	Type IB glycolipid
arg__L_m	C6H15N4O2	Yes	L-Arginine
prostge2_c	C20H31O5	Yes	Prostaglandin E2
4h2oglt_m	C5H4O6	Yes	4 Hydroxy 2 oxoglutarate C5H4O6
4hpro_LT_m	C5H9NO3	Yes	Trans 4 Hydroxy L proline C5H9NO3
dag_cho_n	C3H6ORCO2R2CO2	Yes	Diglyceride
CE2053_r	C20H29O5	Yes	20-oxo-leukotriene B4
datp_n	C10H12N5O12P3	Yes	DATP C10H12N5O12P3
glyc_m	C3H8O3	Yes	Glycerol
minohp_c	C6H6O24P6	Yes	Myo-Inositol hexakisphosphate
minohp_n	C6H6O24P6	Yes	Myo-Inositol hexakisphosphate
lpchol_cho_c	C8H19NO5PRCO2	Yes	Lysophosphatidylcholine
ak2lgchol_cho_c	C10H21O5NPR	Yes	1-alkyl 2-lysoglycerol 3-phosphocholine
pchol_cho_m	C8H18NO4PRCO2R2CO2	Yes	Phosphatidylcholine
pe_cho_m	C5H12NO4PRCO2R2CO2	Yes	Phosphatidylethanolamine
pail345p_cho_c	C9H13O18P4RCO2R2CO2	Yes	"1-phosphatidyl-1D-myo-inositol 3,4,5-trisphosphate(7-)"
pail34p_cho_c	C9H14O15P3RCO2R2CO2	Yes	"1-phosphatidyl-1D-myo-inositol 3,4-bisphosphate(5-)"
pail34p_cho_n	C9H14O15P3RCO2R2CO2	Yes	"1-phosphatidyl-1D-myo-inositol 3,4-bisphosphate(5-)"
pail3p_cho_n	C9H15O12P2RCO2R2CO2	Yes	1-phosphatidyl-1D-myo-inositol 3-phosphate(3-)
pail_cho_c	C9H16O9PRCO2R2CO2	Yes	1-phosphatidyl-1D-myo-inositol(1-)
1p3h5c_m	C5H6NO3	Yes	L 1 Pyrroline 3 hydroxy 5 carboxylate C5H6NO3
pchol_cho_e	C8H18NO4PRCO2R2CO2	Yes	Phosphatidylcholine
pe_cho_c	C5H12NO4PRCO2R2CO2	Yes	Phosphatidylethanolamine
pail45p_cho_c	C9H14O15P3RCO2R2CO2	Yes	"Phosphatidylinositol 4,5-bisphosphate"
pail4p_cho_c	C9H15O12P2RCO2R2CO2	Yes	1-phosphatidyl-1D-myo-inositol 4-phosphate(3-)
pail5p_cho_c	C9H15O12P2RCO2R2CO2	Yes	1-phosphatidyl-1D-myo-inositol 5-phosphate(3-)
ps_cho_c	C6H11NO6PRCO2R2CO2	Yes	Phosphatidylserine
ppmi12346p_c	C6H6O27P7	Yes	5 Diphosphoinositol pentakisphosphate C6H6O27P7
ppmi12346p_n	C6H6O27P7	Yes	5 Diphosphoinositol pentakisphosphate C6H6O27P7
hs_deg9_l	C61H87N3O76S8	Yes	"Heparan sulfate, degradation product 9"
hs_deg8_l	C69H100N4O81S8	Yes	"Heparan sulfate, degradation product 8"
hs_deg14_l	C57H84N3O62S5	Yes	"Heparan sulfate, degradation product 14"
hs_deg20_l	C45H68N2O43S2	Yes	"Heparan sulfate, degradation product 20"
hs_deg24_l	C31H50NO26	Yes	"Heparan sulfate, degradation product 24"
hs_deg1_l	C79H115N5O99S11	Yes	"Heparan sulfate, degradation product 1"
hs_deg6_l	C67H98N4O83S9	Yes	"Heparan sulfate, degradation product 6"
hs_deg12_l	C55H82N3O64S6	Yes	"Heparan sulfate, degradation product 12"
hs_deg18_l	C43H66N2O45S3	Yes	"Heparan sulfate, degradation product 18"
hs_deg2_l	C79H116N5O96S10	Yes	"Heparan sulfate, degradation product 2"
hs_deg7_l	C67H99N4O80S8	Yes	"Heparan sulfate, degradation product 7"
hs_deg13_l	C55H83N3O61S5	Yes	"Heparan sulfate, degradation product 13"
hs_deg19_l	C43H67N2O42S2	Yes	"Heparan sulfate, degradation product 19"
cytd_n	C9H13N3O5	Yes	Cytidine
hs_deg4_l	C73H104N4O92S10	Yes	"Heparan sulfate, degradation product 4"
hs_deg16_l	C49H72N2O54S4	Yes	"Heparan sulfate, degradation product 16"
hs_deg22_l	C37H56NO35S	Yes	"Heparan sulfate, degradation product 22"
hs_deg15_l	C49H71N2O57S5	Yes	"Heparan sulfate, degradation product 15"
dgtp_n	C10H12N5O13P3	Yes	DGTP C10H12N5O13P3
hs_deg21_l	C37H55NO38S2	Yes	"Heparan sulfate, degradation product 21"
hs_l	C79H114N5O102S12	Yes	"Heparan sulfate, free chain"
hs_deg5_l	C67H97N4O86S10	Yes	"Heparan sulfate, degradation product 5"
dcmp_n	C9H12N3O7P	Yes	DCMP C9H12N3O7P
hs_deg11_l	C55H81N3O67S7	Yes	"Heparan sulfate, degradation product 11"
dctp_n	C9H12N3O13P3	Yes	DCTP C9H12N3O13P3
ha_deg1_l	C22H33N2O16	Yes	Hyaluronan degradation product 1
ctp_n	C9H12N3O14P3	Yes	CTP C9H12N3O14P3
gtp_n	C10H12N5O14P3	Yes	GTP C10H12N5O14P3
ump_n	C9H11N2O9P	Yes	UMP C9H11N2O9P
dadp_m	C10H12N5O9P2	Yes	DADP C10H12N5O9P2
dtdp_m	C10H13N2O11P2	Yes	DTDP C10H13N2O11P2
dudp_m	C9H11N2O11P2	Yes	DUDP C9H11N2O11P2
dgdp_m	C10H12N5O10P2	Yes	DGDP C10H12N5O10P2
dcdp_m	C9H12N3O10P2	Yes	DCDP C9H12N3O10P2
dctp_m	C9H12N3O13P3	Yes	DCTP C9H12N3O13P3
dttp_n	C10H13N2O14P3	Yes	DTTP C10H13N2O14P3
dttp_m	C10H13N2O14P3	Yes	DTTP C10H13N2O14P3
gdp_g	C10H12N5O11P2	Yes	GDP C10H12N5O11P2
idp_e	C10H11N4O11P2	Yes	IDP C10H11N4O11P2
udp_e	C9H11N2O12P2	Yes	UDP C9H11N2O12P2
utp_e	C9H11N2O15P3	Yes	UTP C9H11N2O15P3
his__L_m	C6H9N3O2	Yes	L-Histidine
HC01434_m	C6H3O7	Yes	Oxalatosuccinate(3-)
HC01434_x	C6H3O7	Yes	Oxalatosuccinate(3-)
sprm_c	C10H30N4	Yes	Spermine C10H30N4
2mop_c	C4H5O3	Yes	2-Methyl-3-oxopropanoate
HC01446_e	C12H20O11	Yes	3-Ketolactose
thbpt4acam_n	C9H15N5O4	Yes	Tetrahydrobiopterin-4a-carbinolamine
CE5236_c	C9H13N5O3	Yes	O2'-4a-cyclic-tetrahydrobiopterin
bamppald_c	C3H8NO	Yes	Beta-Aminopropion aldehyde
chsterol_l	C27H46O	Yes	Chsterol c
prpncoa_m	C24H34N7O17P3S	Yes	Propenoyl-CoA
HC00576_c	C10H16N4O3	Yes	Homocarnosine
btn_m	C10H15N2O3S	Yes	Biotin
biocyt_c	C16H28N4O4S	Yes	Biocyt c
biocyt_n	C16H28N4O4S	Yes	Biocyt c
biocyt_e	C16H28N4O4S	Yes	Biocyt c
biocyt_m	C16H28N4O4S	Yes	Biocyt c
apoC_Lys_c	C6H13N2OX	Yes	Apocarboxylase (Lys residue)
apoC_Lys_m	C6H13N2OX	Yes	Apocarboxylase (Lys residue)
btamp_m	C20H27N7O9PS	Yes	Biotinyl 5  AMP C20H27N7O9PS
mescon_m	C5H4O4	Yes	Mesaconate;(E)-2-Methyl-2-butenedioic acid
cs_a_deg2_l	C37H55NO38S2	Yes	"Chondroitin sulfate A (GalNAc4S-GlcA), degradation product 2"
cs_c_deg2_l	C37H55NO38S2	Yes	"Chondroitin sulfate C (GalNAc6S-GlcA), degradation product 2"
cs_d_deg3_l	C37H54NO41S3	Yes	"Chondroitin sulfate D (GlcNAc6S-GlcA2S), degradation product 3"
cs_e_deg3_l	C37H53NO44S4	Yes	"Chondroitin sulfate E (GalNAc4,6diS-GlcA), degradation product 3"
cs_b_deg3_l	C37H55NO38S2	Yes	"Chondroitin sulfate B / dermatan sulfate (IdoA2S-GalNAc4S), degradation product 3"
cs_a_deg1_l	C45H68N2O43S2	Yes	"Chondroitin sulfate A (GalNAc4S-GlcA), degradation product 1"
cs_a_deg4_l	C31H49NO29S	Yes	"Chondroitin sulfate A (GalNAc4S-GlcA), degradation product 4"
cs_b_deg1_l	C45H67N2O46S3	Yes	"Chondroitin sulfate B / dermatan sulfate (IdoA2S-GalNAc4S), degradation product 1"
cs_c_deg1_l	C45H68N2O43S2	Yes	"Chondroitin sulfate C (GalNAc6S-GlcA), degradation product 1"
cs_c_deg4_l	C31H49NO29S	Yes	"Chondroitin sulfate C (GalNAc6S-GlcA), degradation product 4"
cs_d_deg1_l	C45H66N2O49S4	Yes	"Chondroitin sulfate D (GlcNAc6S-GlcA2S), degradation product 1"
cs_d_deg5_l	C31H48NO32S2	Yes	"Chondroitin sulfate D (GlcNAc6S-GlcA2S), degradation product 5"
cs_e_deg2_l	C45H66N2O49S4	Yes	"Chondroitin sulfate E (GalNAc4,6diS-GlcA), degradation product 2"
cs_e_deg6_l	C31H48NO32S2	Yes	"Chondroitin sulfate E (GalNAc4,6diS-GlcA), degradation product 6"
lgnc_c	C24H47O2	Yes	Lignoceric acid
tetpent6_c	C24H37O2	Yes	"Tetracosapentaenoic acid, n-6"
tetpent3_c	C24H37O2	Yes	"Tetracosapentaenoic acid, n-3"
hpdcacoa_c	C38H64N7O17P3S	Yes	Heptadecanoyl coa
hpdcacrn_m	C24H47NO4	Yes	Heptadecanoyl carnitine
hpdcacrn_c	C24H47NO4	Yes	Heptadecanoyl carnitine
3odcoa_x	C31H48N7O18P3S	Yes	3-Oxodecanoyl-CoA
coa_x	C21H32N7O16P3S	Yes	Coenzyme A
adrncoa_c	C43H66N7O17P3S	Yes	Adrenyl coenzyme A
adrncrn_m	C29H49NO4	Yes	Adrenyl carnitine
adrncrn_c	C29H49NO4	Yes	Adrenyl carnitine
lnlncacrn_m	C25H43NO4	Yes	Alpha-linolenyl carnitine
lnlncacrn_c	C25H43NO4	Yes	Alpha-linolenyl carnitine
lnlncgcrn_m	C25H43NO4	Yes	Gamma-linolenyl carnitine
lnlncgcrn_c	C25H43NO4	Yes	Gamma-linolenyl carnitine
ocdececrn_c	C25H47NO4	Yes	11-octadecenoyl carnitine
ocdececrn_m	C25H47NO4	Yes	11-octadecenoyl carnitine
pcrn_c	C10H19NO4	Yes	Propionyl-carnitine
ptdcacoa_c	C36H60N7O17P3S	Yes	Pentadecanoyl Coenzyme A
arachcrn_m	C27H53NO4	Yes	Arachidyl carnitine
arachcrn_c	C27H53NO4	Yes	Arachidyl carnitine
c226crn_c	C29H45NO4	Yes	Cervonyl carnitine
ptdcacrn_m	C22H43NO4	Yes	Pendtadenoyl carnitine
ptdcacrn_c	C22H43NO4	Yes	Pendtadenoyl carnitine
accoa_r	C23H34N7O17P3S	Yes	Acetyl-CoA
crn_r	C7H15NO3	Yes	L-Carnitine
dcsptn1coa_c	C43H64N7O17P3S	Yes	"Docosa-4,7,10,13,16-pentaenoyl coenzyme A"
dcsptn1crn_m	C29H47NO4	Yes	"Docosa-4,7,10,13,16-pentaenoyl carnitine"
HC10859_m	C10H17NO6	Yes	Malonyl-Carnitin
dcsptn1crn_c	C29H47NO4	Yes	"Docosa-4,7,10,13,16-pentaenoyl carnitine"
dlnlcgcrn_m	C27H47NO4	Yes	Dihomo-gamma-linolenyl carnitine
Rtotal2crn_m	CO2R2C7H14NO2	Yes	Rtotal2crn c
Rtotal2crn_c	CO2R2C7H14NO2	Yes	Rtotal2crn c
dlnlcgcrn_c	C27H47NO4	Yes	Dihomo-gamma-linolenyl carnitine
Rtotal3crn_m	CO2R3C7H14NO2	Yes	Rtotal3crn c
Rtotal3crn_c	CO2R3C7H14NO2	Yes	Rtotal3crn c
eicostetcrn_m	C27H45NO4	Yes	Eicosatetranoyl carnitine
eicostetcrn_c	C27H45NO4	Yes	Eicosatetranoyl carnitine
strdnccrn_m	C25H41NO4	Yes	Stearidonyl carnitine
strdnccrn_c	C25H41NO4	Yes	Stearidonyl carnitine
betald_m	C5H12NO	Yes	Betaine aldehyde
alpam_m	C9H21N2OS2	Yes	S aminomethyldihydrolipoamide C9H21N2OS2
alpro_m	CH6NS2X	Yes	S Aminomethyldihydrolipoylprotein CH6NS2X
gly_x	C2H5NO2	Yes	Glycine
ptdca_c	C15H29O2	Yes	Pentadecanoate  C150  C15H29O2
hpdca_c	C17H33O2	Yes	Heptadecanoate  C170  C17H33O2
elaid_c	C18H33O2	Yes	Elaidic acid
lneldc_c	C18H31O2	Yes	Linoelaidic acid (all trans C18:2)
etoh_x	C2H6O	Yes	Ethanol
lnlncg_c	C18H29O2	Yes	Gamma-linolenic acid
ksi_pre18_g	C163H262N11O132S5X	Yes	"Keratan sulfate I biosynthesis, precursor 18"
lnlnca_c	C18H29O2	Yes	"Alpha-Linolenic acid, C18:3, n-3"
strdnc_c	C18H27O2	Yes	"Stearidonic acid C18:4, n-3"
ksi_pre21_g	C177H284N12O145S6X	Yes	"Keratan sulfate I biosynthesis, precursor 21"
arach_c	C20H39O2	Yes	Arachidic acid
dlnlcg_c	C20H33O2	Yes	Dihomo-gamma-linolenic acid (n-6)
ksi_pre24_g	C191H306N13O158S7X	Yes	"Keratan sulfate I biosynthesis, precursor 24"
eicostet_c	C20H31O2	Yes	Eicosatetranoic acid
ksi_pre27_g	C205H328N14O171S8X	Yes	"Keratan sulfate I biosynthesis, precursor 27"
Ser_Thr_g	XH	No	Ser FSLASH Thr g
udpacgal_g	C17H25N3O17P2	Yes	UDP-N-acetyl-D-galactosamine
Tn_antigen_g	C8H14NO5X	Yes	Tn antigen g
sT_antigen_g	C25H40N2O18X	Yes	ST antigen g
tmndnc_c	C20H29O2	Yes	"Timnodonic acid C20:5, n-3"
crvnc_c	C22H31O2	Yes	"Cervonic acid, C22:6 n-3"
ksi_pre30_g	C219H350N15O184S9X	Yes	"Keratan sulfate I biosynthesis, precursor 30"
glygn4_e	C18H31O16X	Yes	"Glycogen, structure 4 (glycogenin-1,6-{2[1,4-Glc], [1,4-Glc]})"
strch2_e	C18H32O16	Yes	"Starch, structure 2 (1,6-{2[1,4-Glc], [1,4-Glc]})"
ksi_pre33_g	C233H372N16O197S10X	Yes	"Keratan sulfate I biosynthesis, precursor 33"
ksii_core4_pre2_g	C47H76N4O33X	Yes	"Keratan sulfate II boisynthesis, precursor 2"
6pgl_r	C6H9O9P	Yes	"6-phospho-D-glucono-1,5-lactone"
malthp_e	C42H72O36	Yes	Maltoheptaose
CE2839_e	C60H102O51	Yes	Maltodecaose
ksii_core4_pre4_g	C61H99N5O43X	Yes	"Keratan sulfate II biosynthesis, precursor 4"
ksii_core4_pre7_g	C75H121N6O56SX	Yes	"Keratan sulfate II biosynthesis, precursor 7"
ksii_core2_pre2_g	C39H63N3O28X	Yes	"Keratan sulfate II biosynthesis, precursor 2"
Lkynr_c	C10H12N2O3	Yes	L Kynurenine C10H12N2O3
ksii_core2_pre4_g	C53H86N4O38X	Yes	"Keratan sulfate II biosynthesis, precursor 4"
Lfmkynr_c	C11H12N2O4	Yes	L Formylkynurenine C11H12N2O4
melatn_c	C13H16N2O2	Yes	Melatn c
42A3HP24DB_c	C10H8NO5	Yes	"4-(2-Amino-3-hydroxyphenyl)-2,4-dioxobutanoate"
CE1918_c	C10H11NO2	Yes	5-hydroxytryptophol
decdp_m	C50H81O7P2	Yes	All trans Decaprenyl diphosphate
ksii_core2_pre7_g	C67H108N5O51SX	Yes	"Keratan sulfate II biosynthesis, precursor 7"
ksi_pre1_g	C79H129N5O57X	Yes	"Keratan sulfate I biosynthesis, precursor 1"
CE1940_e	C7H18N2O	Yes	Spermidine monoaldehyde 2
ksi_pre3_g	C93H152N6O67X	Yes	"Keratan sulfate I biosynthesis, precursor 3"
CE1935_e	C10H26N3O	Yes	Spermine monoaldehyde
ksi_pre6_g	C107H174N7O80SX	Yes	"Keratan sulfate I biosynthesis, precursor 6"
strch1_e	C66H112O56	Yes	"Starch, structure 1 (1,6-{7[1,4-Glc], 4[1,4-Glc]})"
ksi_pre9_g	C121H196N8O93S2X	Yes	"Keratan sulfate I biosynthesis, precursor 9"
CE1939_e	C7H18N2O	Yes	Spermidine monoaldehyde 1
ksi_pre12_g	C135H218N9O106S3X	Yes	"Keratan sulfate I biosynthesis, precursor 12"
cdpdag_cho_c	C12H17N3O11P2RCO2R2CO2	Yes	CDP-diacylglycerol(2-)
pglyc_cho_c	C6H12O6PRCO2R2CO2	Yes	Phosphatidylglycerol(1-)
h_im	H	No	H+
lnlncacoa_m	C39H60N7O17P3S	Yes	Alpha-Linolenoyl-CoA
c163_7Z_10Z_13Zcoa_m	C37H56N7O17P3S	Yes	"C16:3 fatty acyl-coa, derived from C18:3"
adrncoa_m	C43H66N7O17P3S	Yes	Adrenyl coenzyme A
c226coa_m	C43H62N7O17P3S	Yes	Cervonyl coenzyme A
arachcoa_m	C41H70N7O17P3S	Yes	Arachidyl coenzyme A
hpdcacoa_m	C38H64N7O17P3S	Yes	Heptadecanoyl coa
c143_5Z_8Z_11Zcoa_m	C35H52N7O17P3S	Yes	"C14:3 fatty acyl-coa, derived from C18:3"
c102_4Z_7Zcoa_m	C31H46N7O17P3S	Yes	"C10:2 fatty acyl-coa, derived from C18:3"
ptdcacoa_m	C36H60N7O17P3S	Yes	Pentadecanoyl Coenzyme A
lnlncgcoa_m	C39H60N7O17P3S	Yes	Gamma-linolenoyl-CoA
ksi_pre15_g	C149H240N10O119S4X	Yes	"Keratan sulfate I biosynthesis, precursor 15"
c163_4Z_7Z_10Zcoa_m	C37H56N7O17P3S	Yes	"C16:3 fatty acyl-coa, derived from C18:3"
c142_5Z_8Zcoa_m	C35H54N7O17P3S	Yes	"C14:2 fatty acyl-coa, derived from C18:3"
c130coa_m	C34H56N7O17P3S	Yes	C13:0 fatty acyl-coa
c110coa_m	C32H52N7O17P3S	Yes	C11:0 fatty acyl-coa
c90coa_m	C30H48N7O17P3S	Yes	C9:0 fatty acyl-coa
c70coa_m	C28H44N7O17P3S	Yes	C7:0 fatty acyl-coa
c50coa_m	C26H40N7O17P3S	Yes	C5:0 fatty acyl-coa
od2coa_m	C39H64N7O17P3S	Yes	Trans-Octadec-2-enoyl-CoA
c161_7Ecoa_m	C37H60N7O17P3S	Yes	"C16:1 fatty acyl-coa, derived from C18:1"
c122_3Z_6Zcoa_x	C33H50N7O17P3S	Yes	"C12:2 fatty acyl-coa, derived from C18:3"
strdnccoa_m	C39H58N7O17P3S	Yes	Stearidonyl coenzyme A
c164_4Z_7Z_10Z_13Zcoa_m	C37H54N7O17P3S	Yes	"C16:4 fatty acyl-coa, derived from C18:4"
ddcacoa_m	C33H54N7O17P3S	Yes	Dodecanoyl-CoA (n-C12:0CoA)
c141_5Ecoa_m	C35H56N7O17P3S	Yes	"C14:1 fatty acyl-coa, derived from C18:1"
core2_g	C22H37N2O15X	Yes	Core2 g
c161_7Zcoa_m	C37H60N7O17P3S	Yes	"C16:1 fatty acyl-coa, derived from C18:1"
c141_5Zcoa_m	C35H56N7O17P3S	Yes	"C14:1 fatty acyl-coa, derived from C18:1"
vacccoa_m	C39H64N7O17P3S	Yes	Vaccenyl coenzyme A
dcacoa_m	C31H50N7O17P3S	Yes	Decanoyl-CoA (n-C10:0CoA)
c6coa_m	C27H42N7O17P3S	Yes	C6:0 fatty acyl-coa
c161_9Ecoa_m	C37H60N7O17P3S	Yes	"C16:1 fatty acyl-coa, derived from C18:1"
ksii_core4_pre1_g	C36H60N3O25X	Yes	"Keratan sulfate II biosynthesis, precursor 1"
c141_7Ecoa_m	C35H56N7O17P3S	Yes	"C14:1 fatty acyl-coa, derived from C18:1"
c121_5Ecoa_m	C33H52N7O17P3S	Yes	"C12:1 fatty acyl-coa, derived from C18:1"
eicostetcoa_m	C41H62N7O17P3S	Yes	Eicosatetranoyl coenzyme A
dlnlcgcoa_m	C41H64N7O17P3S	Yes	Dihomo-gamma-linolenyl coenzyme A
c162_7Z_10Zcoa_m	C37H58N7O17P3S	Yes	"C16:2 fatty acyl-coa, derived from C18:2"
c101_4Zcoa_m	C31H48N7O17P3S	Yes	C10:1 fatty acyl-coa
c184_3Z_6Z_9Z_12Zcoa_x	C39H58N7O17P3S	Yes	C18:4 fatty acyl-coa
lneldccoa_m	C39H62N7O17P3S	Yes	Linoelaidyl coenzyme A
c162_7E_10Ecoa_m	C37H58N7O17P3S	Yes	"C16:2 fatty acyl-coa, derived from C18:2"
c142_5E_8Ecoa_m	C35H54N7O17P3S	Yes	"C14:2 fatty acyl-coa, derived from C18:2"
c101_4Ecoa_m	C31H48N7O17P3S	Yes	"C10:1 fatty acyl-coa, derived from C18:2"
tmndnccoa_m	C41H60N7O17P3S	Yes	Timnodonyl coenzyme A
3hanthrn_c	C7H7NO3	Yes	3 Hydroxyanthranilate C7H7NO3
dcsptn1coa_m	C43H64N7O17P3S	Yes	"Docosa-4,7,10,13,16-pentaenoyl coenzyme A"
ppi_r	HO7P2	No	Diphosphate
3sala_m	C3H5NO4S	Yes	3-Sulfino-L-alanine
ppi_n	HO7P2	No	Diphosphate
accoa_n	C23H34N7O17P3S	Yes	Acetyl-CoA
chol_n	C5H14NO	Yes	Choline C5H14NO
cholate_c	C24H39O5	Yes	Cholate c
4hglusa_m	C5H9NO4	Yes	L 4 Hydroxyglutamate semialdehyde C5H9NO4
m2mn_l	C26H45NO21	Yes	(alpha-D-mannosyl)2-beta-D-mannosyl-N-acetylglucosamine
h2o2_l	H2O2	No	Hydrogen peroxide
meoh_l	CH4O	Yes	Methanol
pep_m	C3H2O6P	Yes	Phosphoenolpyruvate
creat_m	C4H9N3O2	Yes	Creatine cytosol
cmp_g	C9H12N3O8P	Yes	CMP C9H12N3O8P
cmpacna_c	C20H29N4O16P	Yes	CMP-N-acetylneuraminate
T_antigen_g	C14H24NO10X	Yes	T antigen (core 1)
core3_g	C16H27N2O10X	Yes	Core3 g
CE5786_e	C56H87N17O11	Yes	Kinetensin; Ile-Ala-Arg-Arg-His-Pro-Tyr-Phe-Leu
pcrn_m	C10H19NO4	Yes	Propionyl-carnitine
crn_x	C7H15NO3	Yes	L-Carnitine
dmnoncoa_x	C32H52N7O17P3S	Yes	"4,8 dimethylnonanoyl-CoA"
ppcoa_x	C24H36N7O17P3S	Yes	Propanoyl-CoA
acetone_e	C3H6O	Yes	Acetone
acetone_c	C3H6O	Yes	Acetone
acrn_m	C9H17NO4	Yes	O Acetylcarnitine C9H17NO4
dcyt_n	C9H13N3O4	Yes	Deoxycytidine
CE5854_e	C21H27O10	Yes	Gama-CEHC-glucuronide
dsmsterol_r	C27H44O	Yes	"Desmosterol; 3beta-cholesta-5,24-dien-3-ol"
fadh2_r	C27H33N9O15P2	Yes	Flavin adenine dinucleotide reduced
ddsmsterol_r	C27H42O	Yes	7-Dehydrodesmosterol
7dhchsterol_r	C27H44O	Yes	"Cholesta-5,7-dien-3beta-ol"
dmpp_x	C5H9O7P2	Yes	Dimethylallyl diphosphate
CE5853_e	C22H29O10	Yes	Alpha-CEHC-glucuronide
ala__L_x	C3H7NO2	Yes	L-Alanine
glx_x	C2HO3	Yes	Glyoxylate
zymst_r	C27H44O	Yes	Zymosterol C27H44O
zymstnl_r	C27H46O	Yes	5alpha-cholest-8-en-3beta-ol
q10_c	C59H90O4	Yes	Ubiquinone-10
e4hglu_m	C5H8NO5	Yes	L erythro 4 Hydroxyglutamate C5H8NO5
od2coa_c	C39H64N7O17P3S	Yes	Trans-Octadec-2-enoyl-CoA
elaidcrn_m	C25H47NO4	Yes	Elaidic carnitine
n2m2nmn_l	C50H84N4O36	Yes	Reducing GlcNAc removed form of n2m2nmasn (w/o peptide)
n2m2mn_l	C42H71N3O31	Yes	"De-Fuc, reducing GlcNAc removed, de-Sia, de-Gal form of PA6 (w/o peptide linkage)"
estroneglc_c	C24H30O8	Yes	Estrone 3-glucosiduronic acid
fuc1p__L_c	C6H11O8P	Yes	L-Fucose 1-phosphate
cholcoar_x	C48H76N7O20P3S	Yes	"3alpha,7alpha,12alpha-Trihydroxy-5beta-cholestanoyl-CoA"
s2l2fn2m2masn_e	C90H145N6O65X	Yes	PA6
5thf_m	C39H45N11O18	Yes	Pentaglutamyl folate (THF)
6thf_c	C44H51N12O21	Yes	Hexaglutamyl folate  (THF)
6thf_m	C44H51N12O21	Yes	Hexaglutamyl folate  (THF)
5dhf_c	C39H43N11O18	Yes	Pentaglutamyl folate (DHF)
5dhf_m	C39H43N11O18	Yes	Pentaglutamyl folate (DHF)
sgalside_cho_l	C24H45NO10SRCO	Yes	Sulfatide galactocerebroside
thcrm_cho_g	C36H66NO17RCO	Yes	Trihexosyl ceramide
6dhf_c	C44H49N12O21	Yes	Haxglutamyl folate (DHF)
6dhf_m	C44H49N12O21	Yes	Haxglutamyl folate (DHF)
glygn2_e	C66H111O56X	Yes	"Glycogen, structure 2 (glycogenin-1,6-{7[1,4-Glc], 4[1,4-Glc]})"
10fthf5glu_c	C40H45N11O19	Yes	10-formyltetrahydrofolate-[Glu](5)
glygn5_e	C12H21O11X	Yes	"Glycogen, structure 5 (glycogenin-2[1,4-Glc])"
5forthf_c	C20H22N8O6	Yes	5-Formiminotetrahydrofolate
for_m	CHO2	Yes	Formate
hdd2coa_c	C37H60N7O17P3S	Yes	Trans-Hexadec-2-enoyl-CoA
hdcecrn_m	C23H43NO4	Yes	Hexadecenoyl carnitine
hdd2crn_m	C23H43NO4	Yes	Trans-Hexadec-2-enoyl carnitine
ksi_l	C247H393N17O213S12X	Yes	Keratan sulfate I
s2l2fn2m2masn_l	C90H145N6O65X	Yes	PA6
c226coa_c	C43H62N7O17P3S	Yes	Cervonyl coenzyme A
c226crn_m	C29H45NO4	Yes	Cervonyl carnitine
ksi_pre26_g	C199H318N14O166S8X	Yes	"Keratan sulfate I biosynthesis, precursor 26"
so4_m	O4S	No	Sulfate
ksi_pre14_g	C143H230N10O114S4X	Yes	"Keratan sulfate I biosynthesis, precursor 14"
ksi_pre17_g	C157H252N11O127S5X	Yes	"Keratan sulfate I biosynthesis, precursor 17"
44mzym_r	C29H48O	Yes	4 4 dimethylzymosterol C29H48O
4mzym_int2_r	C28H44O	Yes	4 Methylzymosterol intermediate 2 C28H44O
ksi_pre20_g	C171H274N12O140S6X	Yes	"Keratan sulfate I biosynthesis, precursor 20"
ksi_pre29_g	C213H340N15O179S9X	Yes	"Keratan sulfate I biosynthesis, precursor 29"
ksi_pre23_g	C185H296N13O153S7X	Yes	"Keratan sulfate I biosynthesis, precursor 23"
pa_cho_m	C3H5O4PRCO2R2CO2	Yes	Phosphatidate(2-)
ksi_pre32_g	C227H362N16O192S10X	Yes	"Keratan sulfate I biosynthesis, precursor 32"
chlstol_r	C27H44O	Yes	"5alpha-Cholesta-7,24-dien-3beta-ol"
ksi_deg23_l	C124H201N8O106S5	Yes	"Keratan sulfate I, degradation product 23"
accoa_g	C23H34N7O17P3S	Yes	Acetyl-CoA
gd3_cho_g	C52H88N3O28RCO	Yes	GD3
gt3_cho_g	C63H104N4O36RCO	Yes	GT3
lthstrl_r	C27H46O	Yes	5alpha-Cholest-7-en-3beta-ol
nm4masn_g	C54H90N3O40X	Yes	(N-acetyl-D-glucosaminyl-(alpha-D-mannosyl)4-beta-D-mannosyl-diacetylchitobiosyl)-L-asparagine (protein)
ksi_pre35_g	C241H384N17O205S11X	Yes	"Keratan sulfate I biosynthesis, precursor 35"
n2m2nmasn_l	C58H96N5O40X	Yes	"N-Acetyl-beta-D-glucosaminyl-1,2-alpha-D-mannosyl-1,3-(N-acetyl-beta-D-glucosaminyl-1,2-alpha-D-mannosyl-1,6)-(N-acetyl-beta-D-glucosaminyl-1,4)-beta-D-mannosyl-1,4-N-acetyl-beta-D-glucosaminyl-R"
ksi_deg1_l	C241H383N17O209S12X	Yes	"Keratan sulfate I, degradation product 1"
s2l2n2m2masn_l	C84H135N6O61X	Yes	De-Fuc form of PA6
m4masn_g	C46H77N2O35X	Yes	(alpha-D-mannosyl)4-beta-D-mannosyl-diacetylchitobiosyl-L-asparagine (protein)
gchola_c	C26H43NO6	Yes	Glycocholate
core4_g	C24H40N3O15X	Yes	Core4 g
gmp_g	C10H12N5O8P	Yes	GMP C10H12N5O8P
nm2masn_g	C42H70N3O30X	Yes	(N-acetyl-D-glucosaminyl-(alpha-D-mannosyl)2-beta-D-mannosyl-diacetylchitobiosyl)-L-asparagine (protein)
ksii_core4_pre3_g	C55H89N5O38X	Yes	"Keratan sulfate II biosynthesis, precursor 3"
ksii_core4_pre6_g	C69H111N6O51SX	Yes	"Keratan sulfate II biosynthesis, precursor 6"
digalside_cho_l	C30H56NO12RCO	Yes	Digalactosylceramide
galgluside_cho_l	C30H56NO12RCO	Yes	Galactosyl glucosyl ceramide
ha_l	C28H40N2O22	Yes	Hyaluronan
ha_pre1_l	C14H20NO11	Yes	"Hyaluronan biosynthesis, precursor 1"
g3m8masn_r	C88H147N2O70X	Yes	(alpha-D-Glucosyl)3-(alpha-D-mannosyl)8-beta-D-mannosyl-diacetylchitobiosyl-L-asparagine (protein)
ksii_core4_pre9_g	C83H133N7O64S2X	Yes	"Keratan sulfate II biosynthesis, precursor 9"
m5masnC_g	C52H87N2O40X	Yes	(alpha-D-mannosyl)5-beta-D-mannosyl-diacetylchitobiosyl-L-asparagine (protein)
ksii_core2_pre1_g	C33H53N3O23X	Yes	"Keratan sulfate II biosynthesis, precursor 1"
m5masnB1_g	C52H87N2O40X	Yes	(alpha-D-mannosyl)5-beta-D-mannosyl-diacetylchitobiosyl-L-asparagine (protein)
m5masnB2_g	C52H87N2O40X	Yes	(alpha-D-mannosyl)5-beta-D-mannosyl-diacetylchitobiosyl-L-asparagine (protein)
m6masnB1_g	C58H97N2O45X	Yes	(alpha-D-mannosyl)6-beta-D-mannosyl-diacetylchitobiosyl-L-asparagine (protein)
ksii_core2_pre3_g	C47H76N4O33X	Yes	"Keratan sulfate II biosynthesis, precursor 3"
m6masnB2_g	C58H97N2O45X	Yes	(alpha-D-mannosyl)6-beta-D-mannosyl-diacetylchitobiosyl-L-asparagine (protein)
m6masnC_g	C58H97N2O45X	Yes	(alpha-D-mannosyl)6-beta-D-mannosyl-diacetylchitobiosyl-L-asparagine (protein)
m7masnB_g	C64H107N2O50X	Yes	"(alpha-D-mannosyl)7-beta-D-mannosyl-diacetylchitobiosyl-L-asparagine, isoform B (protein)"
m7masnA_g	C64H107N2O50X	Yes	"(alpha-D-mannosyl)7-beta-D-mannosyl-diacetylchitobiosyl-L-asparagine, isoform A (protein)"
m7masnC_g	C64H107N2O50X	Yes	"(alpha-D-mannosyl)7-beta-D-mannosyl-diacetylchitobiosyl-L-asparagine, isoform C (protein)"
m8masn_g	C70H117N2O55X	Yes	(alpha-D-mannosyl)8-beta-D-mannosyl-diacetylchitobiosyl-L-asparagine (protein)
m8masn_r	C70H117N2O55X	Yes	(alpha-D-mannosyl)8-beta-D-mannosyl-diacetylchitobiosyl-L-asparagine (protein)
grdp_x	C10H17O7P2	Yes	Geranyl diphosphate
ksii_core2_pre6_g	C61H98N5O46SX	Yes	"Keratan sulfate II biosynthesis, precursor 6"
ksii_core2_pre9_g	C75H120N6O59S2X	Yes	"Keratan sulfate II biosynthesis, precursor 9"
ksi_pre2_g	C87H142N6O62X	Yes	"Keratan sulfate I biosynthesis, precursor 2"
Tn_antigen_l	C8H14NO5X	Yes	Tn antigen g
udp_l	C9H11N2O12P2	Yes	UDP C9H11N2O12P2
acgagbside_cho_l	C52H92N3O27RCO	Yes	Alpha GalNAc globoside
ksi_pre5_g	C101H164N7O75SX	Yes	"Keratan sulfate I biosynthesis, precursor 5"
udp_g	C9H11N2O12P2	Yes	UDP C9H11N2O12P2
hLkynr_c	C10H12N2O4	Yes	3 Hydroxy L kynurenine C10H12N2O4
ksi_pre8_g	C115H186N8O88S2X	Yes	"Keratan sulfate I biosynthesis, precursor 8"
cortsn_r	C21H28O5	Yes	Cortsn r
nadh_r	C21H27N7O14P2	Yes	Nicotinamide adenine dinucleotide - reduced
ksi_pre11_g	C129H208N9O101S3X	Yes	"Keratan sulfate I biosynthesis, precursor 11"
xol7a_r	C27H46O2	Yes	7 alpha-Hydroxycholesterol
prgstrn_r	C21H30O2	Yes	Prgstrn c
xol7aone_r	C27H44O2	Yes	7alpha-Hydroxycholest-4-en-3-one
itacon_m	C5H4O4	Yes	Itaconate C5H4O4
cmusa_c	C7H6NO5	Yes	2 Amino 3 carboxymuconate semialdehyde C7H6NO5
lneldccoa_c	C39H62N7O17P3S	Yes	Linoelaidyl coenzyme A
pail345p_cho_n	C9H13O18P4RCO2R2CO2	Yes	"1-phosphatidyl-1D-myo-inositol 3,4,5-trisphosphate(7-)"
galside_cho_g	C24H46NO7RCO	Yes	D-galactosyl-N-acylsphingosine
paps_g	C10H11N5O13P2S	Yes	3'-Phosphoadenylyl sulfate
ksi_deg26_l	C110H179N7O93S4	Yes	"Keratan sulfate I, degradation product 26"
ksi_deg29_l	C96H157N6O80S3	Yes	"Keratan sulfate I, degradation product 29"
tmndnccrn_m	C27H43NO4	Yes	Timnodonyl carnitine
prostge1_c	C20H33O5	Yes	Prostaglandin E1
ksi_deg32_l	C82H135N5O67S2	Yes	"Keratan sulfate I, degradation product 32"
ttdcrn_m	C21H41NO4	Yes	Tetradecanoyl carnitine
ksi_deg35_l	C68H113N4O54S	Yes	"Keratan sulfate I, degradation product 35"
dcholcoa_x	C45H70N7O19P3S	Yes	Chenodeoxycholoyl coenzyme a
pail35p_cho_c	C9H14O15P3RCO2R2CO2	Yes	"1-phosphatidyl-1D-myo-inositol 3,5-bisphosphate(5-)"
ksi_deg38_l	C54H91N3O41	Yes	"Keratan sulfate I, degradation product 38"
ksi_deg40_l	C40H68N2O31	Yes	"Keratan sulfate I, degradation product 40"
ksi_deg6_l	C210H336N15O184S11	Yes	"Keratan sulfate I, degradation product 6"
ksi_deg9_l	C188H301N13O166S10	Yes	"Keratan sulfate I, degradation product 9"
ksii_core2_deg2_l	C70H114N5O56S2X	Yes	"Keratan sulfate II (core 2-linked), degradation product 2"
ksi_deg12_l	C174H279N12O153S9	Yes	"Keratan sulfate I, degradation product 12"
ksii_core2_deg5_l	C50H82N4O38SX	Yes	"Keratan sulfate II (core 2-linked), degradation product 5"
ksi_deg15_l	C160H257N11O140S8	Yes	"Keratan sulfate I, degradation product 15"
ksi_deg18_l	C146H235N10O127S7	Yes	"Keratan sulfate I, degradation product 18"
ksi_deg21_l	C132H213N9O114S6	Yes	"Keratan sulfate I, degradation product 21"
ksii_core2_deg8_l	C36H60N3O25X	Yes	"Keratan sulfate II (core 2-linked), degradation product 8"
ksi_deg24_l	C118H191N8O101S5	Yes	"Keratan sulfate I, degradation product 24"
ksi_deg27_l	C104H169N7O88S4	Yes	"Keratan sulfate I, degradation product 27"
ksi_deg30_l	C90H147N6O75S3	Yes	"Keratan sulfate I, degradation product 30"
ksi_deg33_l	C76H125N5O62S2	Yes	"Keratan sulfate I, degradation product 33"
ksi_deg36_l	C62H103N4O49S	Yes	"Keratan sulfate I, degradation product 36"
ksii_core2_deg3_l	C58H94N5O46S2X	Yes	"Keratan sulfate II (core 2-linked), degradation product 3"
ksii_core2_deg6_l	C44H72N4O33SX	Yes	"Keratan sulfate II (core 2-linked), degradation product 6"
ksii_core4_deg1_l	C78H126N6O64S3X	Yes	"Keratan sulfate II (core 4-linked), degradation product 1"
ksii_core4_deg3_l	C66H107N6O51S2X	Yes	"Keratan sulfate II (core 4-linked), degradation product 3"
ser__L_x	C3H7NO3	Yes	L-Serine
f1a_l	C22H37N2O15X	Yes	F1alpha
l2n2m2mn_l	C54H91N3O41	Yes	"De-Fuc, reducing GlcNAc removed, de-Sia form of PA6 (w/o peptide linkage)"
dhf_m	C19H19N7O6	Yes	"7,8-Dihydrofolate"
ksii_core4_deg2_l	C78H127N6O61S2X	Yes	"Keratan sulfate II (core 4-linked), degradation product 2"
sl__L_c	C3H4O6S	Yes	Sl  L c
ksi_deg5_l	C222H356N15O194S11	Yes	"Keratan sulfate I, degradation product 5"
sql_r	C30H50	Yes	Squalene C30H50
frdp_r	C15H25O7P2	Yes	Farnesyl diphosphate
thf_e	C19H21N7O6	Yes	"5,6,7,8-Tetrahydrofolate"
ksi_deg8_l	C194H311N13O171S10	Yes	"Keratan sulfate I, degradation product 8"
lanost_r	C30H50O	Yes	Lanosterol C30H50O
hdd2crn_c	C23H43NO4	Yes	Trans-Hexadec-2-enoyl carnitine
hdcecrn_c	C23H43NO4	Yes	Hexadecenoyl carnitine
tchola_c	C26H45NO7S	Yes	Taurocholic acid C26H45NO7S
ksi_deg11_l	C180H289N12O158S9	Yes	"Keratan sulfate I, degradation product 11"
12HPET_e	C20H31O4	Yes	"12-Hydroperoxyeicosa-5,8,10,14-tetraenoate"
elaidcrn_c	C25H47NO4	Yes	Elaidic carnitine
ksi_deg14_l	C166H267N11O145S8	Yes	"Keratan sulfate I, degradation product 14"
lneldccrn_c	C25H45NO4	Yes	Linoelaidyl carnitine
tmndnccrn_c	C27H43NO4	Yes	Timnodonyl carnitine
ttdcrn_c	C21H41NO4	Yes	Tetradecanoyl carnitine
estradiol_c	C18H24O2	Yes	Estradiol c
ksi_deg17_l	C152H245N10O132S7	Yes	"Keratan sulfate I, degradation product 17"
ksi_deg20_l	C138H223N9O119S6	Yes	"Keratan sulfate I, degradation product 20"
lneldccrn_m	C25H45NO4	Yes	Linoelaidyl carnitine
doldp_r	C95H155O7P2	Yes	Dolichyl diphosphate
CE5158_c	C45H74N7O17P3S	Yes	"Trans,cis-2,15-tetracosadienoyl-CoA"
Rtotalcrn_m	CO2RC7H14NO2	Yes	Rtotalcrn c
Rtotalcrn_c	CO2RC7H14NO2	Yes	Rtotalcrn c
amet_r	C15H23N6O5S	Yes	S-Adenosyl-L-methionine
ps_cho_m	C6H11NO6PRCO2R2CO2	Yes	Phosphatidylserine
c8crn_m	C15H29NO4	Yes	Octanoyl carnitine
4mop_e	C6H9O3	Yes	4-Methyl-2-oxopentanoate
occoa_x	C29H46N7O17P3S	Yes	Octanoyl-CoA (n-C8:0CoA)
4mptnl_c	C6H12O	Yes	4-Methylpentanal
cpppg1_e	C36H40N4O8	Yes	Coproporphyrinogen I
HC01609_e	C40H36N4O16	Yes	Uroporphyrinogen I(8-)
c8crn_x	C15H29NO4	Yes	Octanoyl carnitine
pristanal_x	C19H38O	Yes	Pristanal c
4mtolbutamide_e	C12H18N2O4S	Yes	4mtolbutamide c
nrvnccoa_c	C45H76N7O17P3S	Yes	Nervonyl coenzyme A
HC02199_c	X	No	Glutathionyl-leuc4
wharachd_e	C20H31O3	Yes	W-hydroxyl arachidonic acid
HC02200_c	C16H17N5O10S	Yes	S-glutathionyl-2-4-dinitrobenzene
HC02201_c	C23H25Cl2N3O9S	Yes	S-glutathionyl-ethacrynic-acid
leuktrB4wcooh_r	C20H28O6	Yes	W-carboxy leukotriene B4
dcacoa_x	C31H50N7O17P3S	Yes	Decanoyl-CoA (n-C10:0CoA)
3hdcoa_x	C31H50N7O18P3S	Yes	(S)-3-Hydroxydecanoyl-CoA
apoC_c	CHNOR2	Yes	Apocarboxlase (no lys residue)
apoC_m	CHNOR2	Yes	Apocarboxlase (no lys residue)
3hddcoa_m	C33H54N7O18P3S	Yes	(S)-3-Hydroxydodecanoyl-CoA
hdcea_r	C16H29O2	Yes	Hexadecenoate (n-C16:1)
appnn_e	C10H16	Yes	(+)-alpha-Pinene
5adtststeroneglc_c	C25H38O8	Yes	5alpha-Dihydrotestosterone glucuronide
aprgstrn_e	C21H32O2	Yes	20alpha-Hydroxyprogesterone
hdcecrn_r	C23H43NO4	Yes	Hexadecenoyl carnitine
lnlccoa_r	C39H62N7O17P3S	Yes	Linoleic coenzyme A
lnlccoa_x	C39H62N7O17P3S	Yes	Linoleic coenzyme A
5adtststerones_c	C19H29O5S	Yes	5alpha-Dihydrotestosterone sulfate
lnlccrn_r	C25H45NO4	Yes	Linoleyl carnitine
lnlccrn_x	C25H45NO4	Yes	Linoleyl carnitine
arach_e	C20H39O2	Yes	Arachidic acid
tetdece1coa_m	C35H56N7O17P3S	Yes	Tetradecenoyl-CoA;(2E)-Tetradecenoyl-CoA
5adtststerone_e	C19H30O2	Yes	5alpha-Dihydrotestosterone
CE4812_c	C41H60N7O17P3S	Yes	"Eicosa-2E,8Z,11Z,14Z,17Z-pentaenoyl-CoA"
CE4821_c	C43H62N7O17P3S	Yes	"2-trans-7,10,13,16,19-all-cis-docosahexaenoyl-CoA"
ttdcrn_e	C21H41NO4	Yes	Tetradecanoyl carnitine
dlnlcg_l	C20H33O2	Yes	Dihomo-gamma-linolenic acid (n-6)
dlnlcg_r	C20H33O2	Yes	Dihomo-gamma-linolenic acid (n-6)
clpndcoa_c	C43H64N7O17P3S	Yes	Clupanodonyl CoA
5homeprazole_e	C17H19N3O4S	Yes	5homeprazole c
5mta_e	C11H15N5O3S	Yes	5-Methylthioadenosine
11docrtsl_c	C21H30O4	Yes	11docrtsl c
11docrtstrn_c	C21H30O3	Yes	11-Deoxycorticosterone
hexccoa_c	C47H82N7O17P3S	Yes	Hexacosanoyl CoA  n C260CoA  C47H82N7O17P3S
tetpent6coa_c	C45H68N7O17P3S	Yes	"Tetracosapentaenoyl coenzyme A, n-6"
tetpent3coa_c	C45H68N7O17P3S	Yes	"Tetracosapentaenoyl coenzyme A, n-3"
tettet6coa_c	C45H70N7O17P3S	Yes	Tetracosatetraenoyl coenzyme A
tethex3coa_c	C45H66N7O17P3S	Yes	Tetracosahexaenoyl coenzyme A
1mncam_c	C7H9N2O	Yes	1 Methylnicotinamide C7H9N2O
1pipdn2c_x	C6H9NO2	Yes	Delta1-Piperideine-2-carboxylate
2425dhvitd2_c	C28H44O3	Yes	"24R,25-Dihyoxyvitamin D2"
2425dhvitd2_m	C28H44O3	Yes	"24R,25-Dihyoxyvitamin D2"
2425dhvitd3_c	C27H44O3	Yes	"24R,25-Dihydroxyvitamin D3"
2425dhvitd3_m	C27H44O3	Yes	"24R,25-Dihydroxyvitamin D3"
24nph_e	C6H5NO4	Yes	"2,4 dihydroxy nitrophenol"
Rtotalcoa_m	CO2RC21H31N7O15P3S	Yes	Rtotalcoa c
25hvitd2_c	C28H44O2	Yes	25-Hydroxyvitamin D2
25hvitd2_m	C28H44O2	Yes	25-Hydroxyvitamin D2
Rtotal2coa_m	CO2R2C21H31N7O15P3S	Yes	Rtotal2coa c
25hvitd3_c	C27H44O2	Yes	25-Hydroxyvitamin D3
Rtotal3coa_m	CO2R3C21H31N7O15P3S	Yes	Rtotal3coa c
25hvitd3_m	C27H44O2	Yes	25-Hydroxyvitamin D3
2amac_c	C3H5NO2	Yes	2-Aminoacrylate
asp__D_c	C4H6NO4	Yes	D-Aspartate
34dhoxpeg_c	C8H10O4	Yes	"3,4-Dihydroxyphenylethyleneglycol"
34hpp_e	C9H7O4	Yes	3-(4-Hydroxyphenyl)pyruvate
adp_r	C10H12N5O10P2	Yes	ADP C10H12N5O10P2
amp_r	C10H12N5O7P	Yes	AMP C10H12N5O7P
avite1_e	C29H50O2	Yes	Alpha-Tocopherol
avite2_e	C29H44O2	Yes	Alpha-Tocotrienol
3aib__D_c	C4H9NO2	Yes	D-3-Amino-isobutanoate
3aib_c	C4H9NO2	Yes	L-3-Amino-isobutanoate
3aib_m	C4H9NO2	Yes	L-3-Amino-isobutanoate
3dphb_m	C57H85O3	Yes	3-Decaprenyl-4-hydroxybenzoate
6htststerone_c	C19H28O3	Yes	6 beta hydroxy testosterone
3hbcoa__R_m	C25H38N7O18P3S	Yes	(R)-3-Hydroxybutyryl-CoA
3mlda_c	C6H7N2O2	Yes	3-Methylimidazoleacetic acid
3bcrn_c	C11H21NO5	Yes	3-hydroxy butyryl carnitine
bglc_e	C1200000H2200000O1100000	Yes	Beta-glucans
tdechola_e	C26H44NO6S	Yes	Taurodeoxycholate
3mob_e	C5H7O3	Yes	3-Methyl-2-oxobutanoate
3mop_e	C6H9O3	Yes	(S)-3-Methyl-2-oxopentanoate
bildglcur_c	C45H50N4O18	Yes	Bilirubin beta-diglucuronide
3snpyr_c	C3H2O5S	Yes	3-Sulfinopyruvate
3snpyr_m	C3H2O5S	Yes	3-Sulfinopyruvate
coucoa_m	C30H38N7O18P3S	Yes	P coumaroyl CoA C30H38N7O18P3S1
4hbzcoa_m	C28H36N7O18P3S	Yes	4 hydroxybenoyl CoA C28H36N7O18P3S
4hdebrisoquine_e	C10H14N3O	Yes	4hdebrisoquine c
bvite_e	C28H48O2	Yes	Beta-Tocopherol
sebcoa_c	C31H47N7O19P3S	Yes	Sebacoyl Coenzyme A
c10dc_x	C17H30NO6	Yes	Sebacoyl carnitine; decanedioyl carnitin
c10dc_c	C17H30NO6	Yes	Sebacoyl carnitine; decanedioyl carnitin
c4crn_c	C11H21NO4	Yes	Butyryl carnitine
3hexdcoa_c	C37H62N7O18P3S	Yes	3-hydroxyhexadecanoylcoa
adpcoa_c	C27H39N7O19P3S	Yes	Adipoyl-CoA; 5-Carboxypentanoyl-CoA
c6dc_x	C13H22NO6	Yes	Adipoyl carnitine; 5-Carboxypentanoyl carnitine
7dhf_c	C49H55N13O24	Yes	Heptaglutamyl folate (DHF)
7dhf_m	C49H55N13O24	Yes	Heptaglutamyl folate (DHF)
c8crn_c	C15H29NO4	Yes	Octanoyl carnitine
sbcoa_c	C29H43N7O19P3S	Yes	Suberyl-CoA; octadioyl-CoA
dmnoncrn_x	C18H35NO4	Yes	"4,8 dimethylnonanoyl carnitine"
acrn_x	C9H17NO4	Yes	O Acetylcarnitine C9H17NO4
caro_e	C40H56	Yes	Beta-Carotene
7thf_c	C49H57N13O24	Yes	Heptaglutamyl folate (THF)
carveol_e	C10H16O	Yes	(-)-trans-carveol
cbasp_e	C5H6N2O5	Yes	N-Carbamoyl-L-aspartate
c4crn_m	C11H21NO4	Yes	Butyryl carnitine
7thf_m	C49H57N13O24	Yes	Heptaglutamyl folate (THF)
chol_g	C5H14NO	Yes	Choline C5H14NO
chol_r	C5H14NO	Yes	Choline C5H14NO
aact_m	C3H8NO	Yes	Aminoacetone
dhap_m	C3H5O6P	Yes	Dihydroxyacetone phosphate
dhcholestanate_m	C27H45O4	Yes	"3alpha,7alpha-Dihydroxy-5beta-cholestanate"
abt_c	C5H12O5	Yes	L Arabinitol C5H12O5
clpnd_e	C22H33O2	Yes	Clupanodonic acid
abt_e	C5H12O5	Yes	L Arabinitol C5H12O5
cmpacna_n	C20H29N4O16P	Yes	CMP-N-acetylneuraminate
digalsgalside_cho_c	C30H55NO15SRCO	Yes	Digalactosylceramidesulfate
digalside_cho_c	C30H56NO12RCO	Yes	Digalactosylceramide
2dp6mobq_m	C57H86O3	Yes	"2-Decaprenyl-6-methoxy-1,4-benzoquinone"
q10_e	C59H90O4	Yes	Ubiquinone-10
dlnlcg_e	C20H33O2	Yes	Dihomo-gamma-linolenic acid (n-6)
acald_m	C2H4O	Yes	Acetaldehyde
13_cis_oretn_n	C20H25O3	Yes	13-cis-oxo-retinoic acid
T4hcinnm_m	C9H7O3	Yes	Trans 4 Hydroxycinnamate C9H7O3
13_cis_retn_n	C20H27O2	Yes	13-cis-retinoate
acald_x	C2H4O	Yes	Acetaldehyde
Asn_X_Ser_Thr_l	XH	No	Asn  X  Ser FSLASH Thr l
datp_m	C10H12N5O12P3	Yes	DATP C10H12N5O12P3
coumarin_e	C9H6O2	Yes	Coumarin; 2H-1-Benzopyran-2-one
crmp_cho_c	C18H35NO5PRCO	Yes	Ceramide 1-phosphate(2-)
pcrn_x	C10H19NO4	Yes	Propionyl-carnitine
dgtp_m	C10H12N5O13P3	Yes	DGTP C10H12N5O13P3
acgagbside_cho_c	C52H92N3O27RCO	Yes	Alpha GalNAc globoside
crtsl_e	C21H30O5	Yes	Crtsl c
gpi_sig_r	Y	No	Glycophosphatidylinositol (GPI) signal sequence (C-terminal peptide)
hretn_n	C20H27O3	Yes	4 hydroxy retinoic acid
crtsl_c	C21H30O5	Yes	Crtsl c
crtstrn_e	C21H30O4	Yes	Corticosterone
oretn_n	C20H25O3	Yes	4-oxo-retonoic acid
Ser_Gly_Ala_X_Gly_l	XH	No	Protein-linked serine residue (glycosaminoglycan attachment site)
crtstrn_c	C21H30O4	Yes	Corticosterone
crvnc_e	C22H31O2	Yes	"Cervonic acid, C22:6 n-3"
Ser_Thr_l	XH	No	Ser FSLASH Thr g
acgalfucgalacgalfuc12gal14acglcgalgluside_cho_e	C78H135N4O45RCO	Yes	Type IIIA glycolipid
dmantipyrine_e	C10H10N2O	Yes	Dmantipyrine c
dmnoncoa_c	C32H52N7O17P3S	Yes	"4,8 dimethylnonanoyl-CoA"
cspg_a_l	C45H66N2O45S3X	Yes	Chondroitin sulfate A (GalNAc4S-GlcA) proteoglycan
cspg_b_l	C45H65N2O48S4X	Yes	Chondroitin sulfate B / dermatan sulfate (IdoA2S-GalNAc4S) proteoglycan
cspg_c_l	C45H66N2O45S3X	Yes	Chondroitin sulfate C (GalNAc6S-GlcA) proteoglycan
cspg_d_l	C45H64N2O51S5X	Yes	Chondroitin sulfate D (GlcNAc6S-GlcA2S) proteoglycan
cspg_e_l	C45H63N2O54S6X	Yes	"Chondroitin sulfate E (GalNAc4,6diS-GlcA) proteoglycan"
docosac_c	C22H43O2	Yes	"Behenate, Docosanoate"
dolglcp_c	C101H166O9P	Yes	Dolichyl beta-D-glucosyl phosphate
dolichol_r	C95H156O	Yes	Dolichol C15H28O
acgalfucgalacgalfuc12gal14acglcgalgluside_cho_g	C78H135N4O45RCO	Yes	Type IIIA glycolipid
dolmanp_c	C101H166O9P	Yes	Dolichyl phosphate D mannose C21H38O9P
dolp_r	C95H155O4P	Yes	Dolichol phosphate C15H27O4P
cspg_a_e	C45H66N2O45S3X	Yes	Chondroitin sulfate A (GalNAc4S-GlcA) proteoglycan
cspg_b_e	C45H65N2O48S4X	Yes	Chondroitin sulfate B / dermatan sulfate (IdoA2S-GalNAc4S) proteoglycan
cspg_c_e	C45H66N2O45S3X	Yes	Chondroitin sulfate C (GalNAc6S-GlcA) proteoglycan
cspg_d_e	C45H64N2O51S5X	Yes	Chondroitin sulfate D (GlcNAc6S-GlcA2S) proteoglycan
m5mpdol_r	C147H242N2O47P2	Yes	(alpha-D-Mannosyl)5-beta-D-mannosyl-diacetylchitobiosyldiphosphodolichol
cspg_e_e	C45H63N2O54S6X	Yes	"Chondroitin sulfate E (GalNAc4,6diS-GlcA) proteoglycan"
acgalfucgalacgalfucgalacglcgal14acglcgalgluside_cho_e	C92H158N5O55RCO	Yes	Type IIIAb
m7mpdol_r	C159H262N2O57P2	Yes	(alpha-D-Mannosyl)7-beta-D-mannosyl-diacetylchitobiosyldiphosphodolichol
acgalfucgalacgalfucgalacglcgal14acglcgalgluside_cho_g	C92H158N5O55RCO	Yes	Type IIIAb
dopaqn_c	C9H9NO4	Yes	L-dopaquinone
dpcoa_e	C21H33N7O13P2S	Yes	Dephospho-CoA
3dpdhb_me_m	C58H87O4	Yes	3-Decaprenyl-4-hydroxy-5-methoxybenzoate
acgal_c	C8H15NO6	Yes	N-Acetyl-D-galactosamine
cysam_e	C2H8NS	Yes	Cysteamine C2H8NS
dtmp_m	C10H13N2O8P	Yes	DTMP C10H13N2O8P
acgal_l	C8H15NO6	Yes	N-Acetyl-D-galactosamine
cytd_m	C9H13N3O5	Yes	Cytidine
acgam_l	C8H15NO6	Yes	N-Acetyl-D-glucosamine
eaflatoxin_e	C17H12O7	Yes	"8,9 epxoy aflatoxin B1"
ebastineoh_e	C32H39NO3	Yes	Hydroxylated ebastine
3aib__D_m	C4H9NO2	Yes	D-3-Amino-isobutanoate
ebastineoh_r	C32H39NO3	Yes	Hydroxylated ebastine
ebastine_e	C32H39NO2	Yes	Ebastine c
ach_n	C7H16NO2	Yes	Acetylcholine
dag_cho_r	C3H6ORCO2R2CO2	Yes	Diglyceride
dag_cho_e	C3H6ORCO2R2CO2	Yes	Diglyceride
eicostet_e	C20H31O2	Yes	Eicosatetranoic acid
elaid_e	C18H33O2	Yes	Elaidic acid
acn13acngalgbside_cho_c	C72H121N4O43RCO	Yes	"Sialyl (1,3) sialyl (2,6) galactosylgloboside"
n2m2nm_l	C58H97N5O41	Yes	N2m2nmasn (w/o peptide linkage)
ksi_deg2_l	C241H384N17O210S12	Yes	"Keratan sulfate I, degradation product 2"
s2l2n2m2m_l	C84H136N6O62	Yes	De-Fuc form of PA6 (w/o peptide linkage)
dcsptn1_e	C22H33O2	Yes	"Docosa-4,7,10,13,16-pentaenoic acid (n-6)"
estradiol_e	C18H24O2	Yes	Estradiol c
10fthf_e	C20H21N7O7	Yes	10-Formyltetrahydrofolate
3ddcrn_c	C19H37NO5	Yes	3-hydroxydodecanoylcarnitine
decdp_c	C50H81O7P2	Yes	All trans Decaprenyl diphosphate
10fthf5glu_e	C40H45N11O19	Yes	10-formyltetrahydrofolate-[Glu](5)
adrncoa_x	C43H66N7O17P3S	Yes	Adrenyl coenzyme A
10fthf6glu_e	C45H51N12O22	Yes	10-formyltetrahydrofolate-[Glu](6)
acn23acngalgbside_cho_c	C72H121N4O43RCO	Yes	"Sialyl (2,3) sialyl (2,6) galactosylgloboside"
clpndcoa_x	C43H64N7O17P3S	Yes	Clupanodonyl CoA
dgchol_e	C26H43NO5	Yes	Chenodeoxyglycocholate
dgchol_x	C26H43NO5	Yes	Chenodeoxyglycocholate
10fthf7glu_e	C50H57N13O25	Yes	10-formyltetrahydrofolate-[Glu](7)
dgmp_m	C10H12N5O7P	Yes	DGMP C10H12N5O7P
13_cis_retnglc_e	C26H35O8	Yes	13-cis-retinoyl glucuronide
1glyc_cho_e	C6H13O7PRCO2	Yes	1 acyl phosphoglycerol
acnacngal14acglcgalgluside_cho_e	C66H111N4O38RCO	Yes	"3',8'-LD1"
1mncam_e	C7H9N2O	Yes	1 Methylnicotinamide C7H9N2O
2mcit_e	C7H7O7	Yes	2-Methylcitrate
34dhoxpeg_e	C8H10O4	Yes	"3,4-Dihydroxyphenylethyleneglycol"
acnacngal14acglcgalgluside_cho_g	C66H111N4O38RCO	Yes	"3',8'-LD1"
2425dhvitd2_e	C28H44O3	Yes	"24R,25-Dihyoxyvitamin D2"
2425dhvitd3_e	C27H44O3	Yes	"24R,25-Dihydroxyvitamin D3"
25hvitd2_e	C28H44O2	Yes	25-Hydroxyvitamin D2
25hvitd3_e	C27H44O2	Yes	25-Hydroxyvitamin D3
3aib__D_e	C4H9NO2	Yes	D-3-Amino-isobutanoate
3aib_e	C4H9NO2	Yes	L-3-Amino-isobutanoate
3bcrn_e	C11H21NO5	Yes	3-hydroxy butyryl carnitine
3ddcrn_e	C19H37NO5	Yes	3-hydroxydodecanoylcarnitine
acnacngalgbside_cho_c	C72H121N4O43RCO	Yes	Disialyl galactosylgloboside
3hexdcrn_e	C23H45NO5	Yes	3-hydroxyhexadecanoylcarnitine
3mlda_e	C6H7N2O2	Yes	3-Methylimidazoleacetic acid
apnnox_e	C10H16O	Yes	Alpha-Pinene-oxide
3tdcrn_e	C21H41NO5	Yes	3-hydroxy-tetradecanoyl carnitine
acngalacglcgal14acglcgalgluside_cho_e	C70H118N4O41R	Yes	VI3NeuAc-nLc6Cer
arachcoa_e	C41H70N7O17P3S	Yes	Arachidyl coenzyme A
acngalacglcgal14acglcgalgluside_cho_g	C70H118N4O41R	Yes	VI3NeuAc-nLc6Cer
4abutn_e	C4H10NO	Yes	4-Aminobutanal
asp__D_e	C4H6NO4	Yes	D-Aspartate
4mptnl_e	C6H12O	Yes	4-Methylpentanal
5adtststeroneglc_e	C25H38O8	Yes	5alpha-Dihydrotestosterone glucuronide
5adtststerones_e	C19H29O5S	Yes	5alpha-Dihydrotestosterone sulfate
5dhf_e	C39H43N11O18	Yes	Pentaglutamyl folate (DHF)
C02470_e	C10H6NO4	Yes	Xanthurenic acid
C02528_e	C24H39O4	Yes	Chenodeoxycholate
5htrp_e	C11H12N2O3	Yes	5-Hydroxy-L-tryptophan
C04849_e	C20H31O4	Yes	"(5Z,9E,14Z)-(8xi,11R,12S)-11,12-epoxy-8-hydroxyicosa-5,9,14-trienoate"
adpac_c	C6H8O4	Yes	"Adipic acid; hexane-1,6-dioic acid"
5thf_e	C39H45N11O18	Yes	Pentaglutamyl folate (THF)
c10dc_e	C17H30NO6	Yes	Sebacoyl carnitine; decanedioyl carnitin
c4crn_e	C11H21NO4	Yes	Butyryl carnitine
c51crn_e	C12H21NO4	Yes	Tiglyl carnitine; (E)-2-methylbut-2-enoyl carnitin
c8crn_e	C15H29NO4	Yes	Octanoyl carnitine
6dhf_e	C44H49N12O21	Yes	Haxglutamyl folate (DHF)
6htststerone_e	C19H28O3	Yes	6 beta hydroxy testosterone
6thf_e	C44H51N12O21	Yes	Hexaglutamyl folate  (THF)
7dhf_e	C49H55N13O24	Yes	Heptaglutamyl folate (DHF)
7thf_e	C49H57N13O24	Yes	Heptaglutamyl folate (THF)
cdp_e	C9H12N3O11P2	Yes	CDP C9H12N3O11P2
adpac_x	C6H8O4	Yes	"Adipic acid; hexane-1,6-dioic acid"
CE0074_e	C4H2N2O4	Yes	Alloxan
CE1925_e	C16H21O4	Yes	3'-carboxy-alpha-chromanol
CE1926_e	C15H19O4	Yes	Gama-carboxyethyl-hydroxychroman
CE1936_e	C10H22N2O2	Yes	Spermine dialdehyde
adpcoa_x	C27H39N7O19P3S	Yes	Adipoyl-CoA; 5-Carboxypentanoyl-CoA
ach_e	C7H16NO2	Yes	Acetylcholine
CE1943_e	C7H14NO2	Yes	Spermidine dialdehyde
CE2011_e	CHNOS	Yes	Hypothiocyanite
CE2250_e	C43H72N7O18P3S	Yes	3-oxodocosanoyl-CoA(4-)
acn13acngalgbside_cho_e	C72H121N4O43RCO	Yes	"Sialyl (1,3) sialyl (2,6) galactosylgloboside"
CE2838_e	C54H92O46	Yes	Maltononaose
CE2915_e	C44H60N7O11	Yes	Beta-casomorphin
CE2916_e	C35H51N6O10	Yes	Neocasomorphin
acn23acngalgbside_cho_e	C72H121N4O43RCO	Yes	"Sialyl (2,3) sialyl (2,6) galactosylgloboside"
acnacngalgbside_cho_e	C72H121N4O43RCO	Yes	Disialyl galactosylgloboside
CE2917_e	C69H114N23O16S	Yes	Apelin-13
adprbp_e	C15H20N5O17P3	Yes	ADPribose 2'-phosphate
CE4633_e	ClHO	No	Hypochlorous acid
CE4722_e	C38H49N6O10	Yes	Beta-casomorphin (1-6)
adrn_e	C22H35O2	Yes	Adrenic acid
aflatoxin_e	C17H12O6	Yes	Aflatoxin c
ahcys_e	C14H20N6O5S	Yes	S-Adenosyl-L-homocysteine
CE4723_e	C29H40N5O9	Yes	Neocasomorphin (1-5)
CE4724_e	C60H105N22O15S	Yes	Apelin (1-12)
ahdt_e	C9H12N5O13P3	Yes	"2-Amino-4-hydroxy-6-(erythro-1,2,3-trihydroxypropyl)dihydropteridine triphosphate"
aicar_e	C9H13N4O8P	Yes	5-Amino-1-(5-Phospho-D-ribosyl)imidazole-4-carboxamide
CE4881_e	ClNO2	No	Nitryl chloride
ak2lgchol_cho_e	C10H21O5NPR	Yes	1-alkyl 2-lysoglycerol 3-phosphocholine
CE5788_e	C41H67N15O9	Yes	Kinetensin 1-7
CE5789_e	C50H76N16O10	Yes	Kinetensin 1-8
CE5797_e	C32H51N5O7	Yes	Neuromedin N
CE5798_e	C26H40N4O6	Yes	Neuromedin N (1-4)
CE5867_e	C20H32N5O9	Yes	N-acetyl-seryl-aspartyl-lysyl-proline
CE5868_e	C9H12N2O7	Yes	N-acetyl-seryl-aspartate
CE5869_e	C11H22N3O3	Yes	Lysyl-proline
aldstrn_e	C21H28O5	Yes	Aldstrn c
andrstrn_e	C19H30O2	Yes	Andrstrn c
andrstrnglc_e	C25H38O8	Yes	Androsterone glucuronide
anth_e	C7H6NO2	Yes	Anthranilate
antipyrene_e	C11H12N2O	Yes	Antipyrene c
crm_cho_e	C18H36NO2RCO	Yes	N-acylsphingosine
citr__L_e	C6H13N3O3	Yes	L-Citrulline
crmp_cho_e	C18H35NO5PRCO	Yes	Ceramide 1-phosphate(2-)
coa_e	C21H32N7O16P3S	Yes	Coenzyme A
ctp_e	C9H12N3O14P3	Yes	CTP C9H12N3O14P3
galfucgalacglcgal14acglcgalgluside_cho_e	C70H122N3O41RCO	Yes	(Gal)4 (Glc)1 (GlcNAc)2 (LFuc)1 (Cer)1
galgalfucfucgalacglcgalacglcgal14acglcgalgluside_cho_e	C96H165N4O60RCO	Yes	(Gal)6 (Glc)1 (GlcNAc)3 (LFuc)2 (Cer)1
galside_cho_e	C24H46NO7RCO	Yes	D-galactosyl-N-acylsphingosine
gbside_cho_e	C44H79N2O22RCO	Yes	Globoside
gd1b2_cho_e	C66H111N4O38RCO	Yes	GD1beta
gd1c_cho_e	C66H111N4O38RCO	Yes	GD1c
dchac_e	C24H39O4	Yes	Deoxycholate
glgchlo_e	C1200026H2200043NO1100006	Yes	Beta glucan-glycocholate complex
gltcho_e	C1200026H2200045NO1100007S	Yes	Beta glucan-taurocholic acid complex
gltdechol_e	C1200026H2200044NO1100006S	Yes	Beta glucan-taurodeoxycholic acid complex
dgtp_e	C10H12N5O13P3	Yes	DGTP C10H12N5O13P3
dhap_e	C3H5O6P	Yes	Dihydroxyacetone phosphate
dheas_e	C19H27O5S	Yes	Dehydroepiandrosterone sulfate
aldstrn_c	C21H28O5	Yes	Aldstrn c
glyc__S_e	C3H5O4	Yes	(S)-Glycerate
dhf_e	C19H19N7O6	Yes	"7,8-Dihydrofolate"
digalsgalside_cho_e	C30H55NO15SRCO	Yes	Digalactosylceramidesulfate
glyleu_e	C8H16N2O3	Yes	Glycylleucine
glypro_e	C7H12N2O3	Yes	Glycylproline
amuco_c	C6H6NO4	Yes	2-Aminomuconate
glysar_e	C5H10N2O3	Yes	Glycylsarcosine
dtdp_e	C10H13N2O11P2	Yes	DTDP C10H13N2O11P2
gp1c_cho_e	C99H159N7O62RCO	Yes	GP1c
gp1calpha_cho_e	C99H159N7O62RCO	Yes	GP1c alpha
gq1b_cho_e	C88H143N6O54RCO	Yes	GQ1b
gq1balpha_cho_e	C88H143N6O54RCO	Yes	GQ1balpha
gt1a_cho_e	C77H127N5O46RCO	Yes	GT1a
gum_e	C2760000H5060000O2530000	Yes	Gums
gumdchac_e	C2760024H5060039O2530004	Yes	Guar gum-deoxyxholic acid complex
estroneglc_e	C24H30O8	Yes	Estrone 3-glucosiduronic acid
gumgchol_e	C2760026H5060043NO2530006	Yes	Guar gum-glycocholate complex
gumtchol_e	C2760026H5060045NO2530007S	Yes	Guar gum-taurocholic acid complex
estrones_e	C18H21O5S	Yes	Estrone 3-sulfate
fad_e	C27H31N9O15P2	Yes	Flavin adenine dinucleotide oxidized
ha_e	C28H40N2O22	Yes	Hyaluronan
ha_pre1_e	C14H20NO11	Yes	"Hyaluronan biosynthesis, precursor 1"
HC00229_e	C12H22O11	Yes	Isomaltose
andrstrnglc_c	C25H38O8	Yes	Androsterone glucuronide
fmn_e	C17H19N4O9P	Yes	FMN C17H19N4O9P
HC00250_e	HS	No	Hydrosulfide
HC00822_e	C16H28N2O11	Yes	Chitobiose
HC00955_e	C4H6N2O2	Yes	L-3-Cyanoalanine
HC01104_e	C6H4NO6P	Yes	4-nitrophenyl phosphate(2-)
HC01361_e	C9H13N5O4	Yes	Dihydroneopterin
HC01440_e	C6H10O6	Yes	3-Keto-beta-D-galactose
HC01441_e	C12H21O14P	Yes	Lactose-6P
fuc13galacglcgal14acglcgalgluside_cho_e	C64H112N3O36RCO	Yes	III3Fuc-nLc6Cer
HC01444_e	C9H18O8	Yes	Galactosylglycerol
HC01577_e	C9H12N3O5	Yes	Gamma-Glutamyl-beta-cyanoalanine
HC01700_e	C8H13N3O3	Yes	Gamma-Glutamyl-3-aminopropiononitrile
HC02160_e	X	No	GM2-pool
fuc14galacglcgalgluside_cho_e	C50H89N2O26RCO	Yes	Lea glycolipid
fucacgalfucgalacglcgalgluside_cho_e	C64H112N3O35RCO	Yes	(Gal)2 (GalNAc)1 (Glc)1 (GlcNAc)1 (LFuc)2 (Cer)1
fucacngal14acglcgalgluside_cho_e	C61H105N3O34RCO	Yes	"IV3-a-NeuAc,III3-a-Fuc-nLc4Cer"
fucacngalacglcgalgluside_cho_e	C61H105N3O34RCO	Yes	"IV3-a-Neu5Ac,III4-a-Fuc-Lc4Cer"
fucfuc12gal14acglcgalgluside_cho_e	C56H99N2O30RCO	Yes	Ley glycolipid
HC02161_e	X	No	GM1-pool
HC02202_e	C20H31O4	Yes	Prostaglandin A1(1-)
HC02203_e	C20H29O4	Yes	Prostaglandin A2
HC02204_e	C20H31O4	Yes	Prostaglandin-b1
fucfuc132galacglcgal14acglcgalgluside_cho_e	C70H122N3O40RCO	Yes	"V3Fuc,III3Fuc-nLc6Cer"
fucfucfucgalacglc13galacglcgal14acglcgalgluside_cho_e	C90H155N4O54RCO	Yes	(Gal)4 (Glc)1 (GlcNAc)3 (LFuc)3 (Cer)1
fucfucfucgalacglcgal14acglcgalgluside_cho_e	C76H132N3O44RCO	Yes	(Gal)3 (Glc)1 (GlcNAc)2 (LFuc)3 (Cer)1
HC02205_e	C20H29O4	Yes	Prostaglandin-b2
HC02206_e	C20H31O4	Yes	Prostaglandin C1(1-)
HC02207_e	C20H29O4	Yes	Prostaglandin-c2
fucfucgalacglcgalgluside_cho_e	C56H99N2O30RCO	Yes	Leb glycolipid
fucgal14acglcgalgluside_cho_e	C50H89N2O26RCO	Yes	Lacto-N-fucopentaosyl III ceramide
fucgalfucgalacglcgalgluside_cho_e	C62H109N2O35RCO	Yes	(Gal)3 (Glc)1 (GlcNAc)1 (LFuc)2 (Cer)1
fucgalgbside_cho_e	C56H99N2O31RCO	Yes	Fucosyl galactosylgloboside
hcoumarin_e	C9H6O3	Yes	Umbelliferone; 7-Hydroxy-2H-1-Benzopyran-2-one
hestratriol_e	C18H24O3	Yes	"4,17 dihydroxy estradiol"
galacglcgalgbside_cho_e	C64H112N3O37RCO	Yes	Gal-GlcNAc-Gal globoside
galfuc12gal14acglcgalgluside_cho_e	C56H99N2O31RCO	Yes	(Gal)3 (Glc)1 (GlcNAc)1 (LFuc)1 (Cer)1
hexc_e	C26H51O2	Yes	Hexacosanoate  n C260  C26H51O2
hpdca_e	C17H33O2	Yes	Heptadecanoate  C170  C17H33O2
hyptaur_e	C2H7NO2S	Yes	Hypotaurine; 2-Aminoethanesulfinic acid
2aobut_m	C4H7NO3	Yes	L-2-Amino-3-oxobutanoate
hspg_e	C79H113N5O101S12X	Yes	Heparan sulfate proteoglycan
htaxol_e	C47H31NO15	Yes	Hydroxylated taxol
idour_e	C6H9O7	Yes	L-Iduronate
apoC_Lys_btn_c	C16H27N4O3SX	Yes	Holocarboxylase (biotin covalent bound to Lys residue of apoC)
pglyc_cho_e	C6H12O6PRCO2R2CO2	Yes	Phosphatidylglycerol(1-)
apoC_Lys_btn_m	C16H27N4O3SX	Yes	Holocarboxylase (biotin covalent bound to Lys residue of apoC)
ivcrn_e	C12H23NO4	Yes	Isovaleryl carnitine
ksi_deg1_e	C241H383N17O209S12X	Yes	"Keratan sulfate I, degradation product 1"
ksii_core2_e	C81H129N6O67S3X	Yes	Keratan sulfate II (core 2-linked)
ksii_core4_e	C89H142N7O72S3X	Yes	Keratan sulfate II (core 4-linked)
prgstrn_e	C21H30O2	Yes	Prgstrn c
prostge1_e	C20H33O5	Yes	Prostaglandin E1
prostgh2_e	C20H31O5	Yes	Prostaglandin H2
prostgi2_e	C20H31O5	Yes	Prostaglandin I2
prpp_e	C5H8O14P3	Yes	5-Phospho-alpha-D-ribose 1-diphosphate
leugly_e	C8H16N2O3	Yes	Leucylglycine
leuktrD4_e	C25H39N2O6S	Yes	Leukotriene D4 ER
leuktrE4_e	C23H36NO5S	Yes	Leukotriene E4 cytosol
lgnc_e	C24H47O2	Yes	Lignoceric acid
limnen_e	C10H16	Yes	Limnen c
psyl_e	C9642006H15428700O8667414	Yes	Psyllium
psylchol_e	C9642032H15428743NO8667420	Yes	Psillium-glycocholic acid complex
psyltchol_e	C9642032H15428745NO8667421S	Yes	Psyllium-taurocholic acid complex
psyltdechol_e	C9642032H15428744NO8667420S	Yes	Psyllium-taurodeoxycholic acid complex
ptdca_e	C15H29O2	Yes	Pentadecanoate  C150  C15H29O2
ptth_e	C11H22N2O4S	Yes	Pantetheine
lneldc_e	C18H31O2	Yes	Linoelaidic acid (all trans C18:2)
lnlnca_e	C18H29O2	Yes	"Alpha-Linolenic acid, C18:3, n-3"
lnlncg_e	C18H29O2	Yes	Gamma-linolenic acid
lpchol_cho_e	C8H19NO5PRCO2	Yes	Lysophosphatidylcholine
mag_cho_e	C3H7O2R2CO2	Yes	Monoacylglycerol 2
pydx5p_e	C8H8NO6P	Yes	Pyridoxal 5'-phosphate
q10h2_e	C59H92O4	Yes	Ubiquinol-10
malcoa_e	C24H33N7O19P3S	Yes	Malonyl CoA C24H33N7O19P3S
thyox__L_e	C15H11I4NO4	Yes	L-Thyroxine
retinol_9_cis_e	C20H30O	Yes	9-cis-retinol
retinol_cis_11_e	C20H30O	Yes	11-cis-Retinol
retinol_e	C20H30O	Yes	All-trans-Retinol
retn_e	C20H27O2	Yes	Retinoate
tmndnc_e	C20H29O2	Yes	"Timnodonic acid C20:5, n-3"
retnglc_e	C26H35O8	Yes	Retinoyl glucuronide
tolbutamide_e	C12H18N2O3S	Yes	Tolbutamide c
mercplaccys_e	C6H10O5S2N	Yes	3-mercaptolactate-cysteine disulfide
n2m2nmasn_e	C58H96N5O40X	Yes	"N-Acetyl-beta-D-glucosaminyl-1,2-alpha-D-mannosyl-1,3-(N-acetyl-beta-D-glucosaminyl-1,2-alpha-D-mannosyl-1,6)-(N-acetyl-beta-D-glucosaminyl-1,4)-beta-D-mannosyl-1,4-N-acetyl-beta-D-glucosaminyl-R"
Rtotal_e	CO2R	Yes	Rtotal c
Rtotal2_e	CO2R2	Yes	R total 2 position
Rtotal3_e	CO2R3	Yes	R total 3 position
s2l2n2m2masn_e	C84H135N6O61X	Yes	De-Fuc form of PA6
sarcs_e	C3H7NO2	Yes	Sarcosine C3H7NO2
nadp_e	C21H25N7O17P3	Yes	Nicotinamide adenine dinucleotide phosphate
slfcys_e	C3H8NO5S2	Yes	S-Sulfo-L-cysteine
sl__L_e	C3H4O6S	Yes	Sl  L c
npthl_e	C10H8	Yes	Naphthalene
triodthysuf_e	C15H11I3NO7S	Yes	Triiodothyronine sulfate
spc_cho_e	C23H50N2O5P	Yes	Sphingosylphosphorylcholine
sph1p_e	C18H39NO5P	Yes	Sphinganine 1 phosphate C18H39NO5P
nrvnc_e	C24H45O2	Yes	Nervonic acid
oagt3_cho_e	C65H106N4O37RCO	Yes	9-O-Acetylated GT3
omeprazole_e	C17H19N3O3S	Yes	Omeprazole c
onpthl_e	C10H8O	Yes	Naphthalene epoxide
strdnc_e	C18H27O2	Yes	"Stearidonic acid C18:4, n-3"
tststerone_e	C19H28O2	Yes	Tststerone c
taxol_e	C47H31NO14	Yes	Paclitaxel
tdchola_e	C26H45NO6S	Yes	Taurochenodeoxycholate
paf_cho_e	C11H23O4NPRCO2	Yes	1-alkyl 2-acteylglycerol 3-phosphocholine
pan4p_e	C11H21N2O7PS	Yes	Pantetheine 4'-phosphate
tethex3_e	C24H35O2	Yes	"Tetracosahexaenoic acid, n-3"
pect_e	C2535H3509O2535	Yes	Pectins
tetpent3_e	C24H37O2	Yes	"Tetracosapentaenoic acid, n-3"
pectindchac_e	C2559H3549O2539	Yes	Pectin-deoxycholic acid complex
tststeroneglc_e	C25H36O8	Yes	Testosterone 3-glucosiduronic acid
pectingchol_e	C2561H3553NO2541	Yes	Pectin-glycocholate complex
pectintchol_e	C2561H3555NO2542S	Yes	Pectin-taurocholic acid complex
tetpent6_e	C24H37O2	Yes	"Tetracosapentaenoic acid, n-6"
tettet6_e	C24H39O2	Yes	Tetracosatetraenoic acid n-6
peplys_e	XH	No	Peptidyl-L-lysine
perillyl_e	C10H16O	Yes	Perillyl alcohol
thmtp_e	C12H16N4O10P3S	Yes	Thiamin triphosphate C12H16N4O10P3S
galacglcgalgbside_cho_c	C64H112N3O37RCO	Yes	Gal-GlcNAc-Gal globoside
tststerones_e	C19H27O5S	Yes	Tststerones c
galfuc12gal14acglcgalgluside_cho_g	C56H99N2O31RCO	Yes	(Gal)3 (Glc)1 (GlcNAc)1 (LFuc)1 (Cer)1
galfucgalacglcgal14acglcgalgluside_cho_g	C70H122N3O41RCO	Yes	(Gal)4 (Glc)1 (GlcNAc)2 (LFuc)1 (Cer)1
galgalfucfucgalacglcgalacglcgal14acglcgalgluside_cho_g	C96H165N4O60RCO	Yes	(Gal)6 (Glc)1 (GlcNAc)3 (LFuc)2 (Cer)1
galgluside_cho_c	C30H56NO12RCO	Yes	Galactosyl glucosyl ceramide
hretn_c	C20H27O3	Yes	4 hydroxy retinoic acid
hspg_l	C79H113N5O101S12X	Yes	Heparan sulfate proteoglycan
galside_cho_c	C24H46NO7RCO	Yes	D-galactosyl-N-acylsphingosine
gal_l	C6H12O6	Yes	D-Galactose
gbside_cho_c	C44H79N2O22RCO	Yes	Globoside
3htdcoa_m	C35H58N7O18P3S	Yes	(S)-3-Hydroxytetradecanoyl-CoA
3tdcrn_c	C21H41NO5	Yes	3-hydroxy-tetradecanoyl carnitine
gchola_x	C26H43NO6	Yes	Glycocholate
gd1b2_cho_c	C66H111N4O38RCO	Yes	GD1beta
gd1c_cho_c	C66H111N4O38RCO	Yes	GD1c
hyptaur_c	C2H7NO2S	Yes	Hypotaurine; 2-Aminoethanesulfinic acid
glac_c	C6H8O6	Yes	"D-glucurono-6,3-lactone"
ile__L_m	C6H13NO2	Yes	L-Isoleucine
glc__D_l	C6H12O6	Yes	D-Glucose
Tyr_ggn_e	XOH	No	Tyr-194 of apo-glycogenin protein (primer for glycogen synthesis)
gullac_c	C6H10O6	Yes	"L-Gulono-1,4-lactone"
ivcrn_c	C12H23NO4	Yes	Isovaleryl carnitine
kdnp_c	C9H14O12P	Yes	2-keto-3-deoxy-D-glycero-D-galactononic acid 9-phosphate
ksii_core2_g	C81H129N6O67S3X	Yes	Keratan sulfate II (core 2-linked)
ksii_core4_g	C89H142N7O72S3X	Yes	Keratan sulfate II (core 4-linked)
ksi_g	C247H393N17O213S12X	Yes	Keratan sulfate I
lac__L_x	C3H5O3	Yes	L-Lactate
glyb_m	C5H11NO2	Yes	Glycine betaine
glyc__S_c	C3H5O4	Yes	(S)-Glycerate
lcts_g	C12H22O11	Yes	Lactose C12H22O11
leugly_c	C8H16N2O3	Yes	Leucylglycine
glyleu_c	C8H16N2O3	Yes	Glycylleucine
glypro_c	C7H12N2O3	Yes	Glycylproline
glysar_c	C5H10N2O3	Yes	Glycylsarcosine
6pgc_r	C6H10O10P	Yes	6-Phospho-D-gluconate
gp1calpha_cho_c	C99H159N7O62RCO	Yes	GP1c alpha
hs_deg25_l	C23H37O21	Yes	"Heparan sulfate, degradation product 25"
cs_a_deg5_l	C23H36O24S	Yes	"Chondroitin sulfate A (GalNAc4S-GlcA), degradation product 5"
cs_c_deg5_l	C23H36O24S	Yes	"Chondroitin sulfate C (GalNAc6S-GlcA), degradation product 5"
gp1c_cho_c	C99H159N7O62RCO	Yes	GP1c
cs_e_deg7_l	C23H35O27S2	Yes	"Chondroitin sulfate E (GalNAc4,6diS-GlcA), degradation product 7"
gq1balpha_cho_c	C88H143N6O54RCO	Yes	GQ1balpha
gq1b_cho_c	C88H143N6O54RCO	Yes	GQ1b
gt1a_cho_c	C77H127N5O46RCO	Yes	GT1a
leuktrC4_c	C30H45N3O9S	Yes	Leukotriene C4 ER
lys__L_x	C6H15N2O2	Yes	L-Lysine
m4mpdol_c	C141H232N2O42P2	Yes	(alpha-D-Mannosyl)4-beta-D-mannosyl-diacetylchitobiosyldiphosphodolichol
glcur1p_c	C6H8O10P	Yes	D-Glucuronate 1-phosphate
m7masnB_r	C64H107N2O50X	Yes	"(alpha-D-mannosyl)7-beta-D-mannosyl-diacetylchitobiosyl-L-asparagine, isoform B (protein)"
hdca_r	C16H31O2	Yes	Hexadecanoate (n-C16:0)
man_r	C6H12O6	Yes	D-Mannose
man_g	C6H12O6	Yes	D-Mannose
man_l	C6H12O6	Yes	D-Mannose
3hexdcoa_m	C37H62N7O18P3S	Yes	3-hydroxyhexadecanoylcoa
hestratriol_c	C18H24O3	Yes	"4,17 dihydroxy estradiol"
mercplac_c	C3H5O3S	Yes	3-Mercaptolactate
3hexdcrn_c	C23H45NO5	Yes	3-hydroxyhexadecanoylcarnitine
mercplaccys_c	C6H10O5S2N	Yes	3-mercaptolactate-cysteine disulfide
g2m8masn_r	C82H137N2O65X	Yes	(alpha-D-Glucosyl)2-(alpha-D-mannosyl)8-beta-D-mannosyl-diacetylchitobiosyl-L-asparagine (protein)
g1m8masn_r	C76H127N2O60X	Yes	(alpha-D-Glucosyl)-(alpha-D-mannosyl)8-beta-D-mannosyl-diacetylchitobiosyl-L-asparagine (protein)
mi13p_c	C6H10O12P2	Yes	"1D-myo-Inositol 1,3-bisphosphate"
n2m2nmasn_g	C58H96N5O40X	Yes	"N-Acetyl-beta-D-glucosaminyl-1,2-alpha-D-mannosyl-1,3-(N-acetyl-beta-D-glucosaminyl-1,2-alpha-D-mannosyl-1,6)-(N-acetyl-beta-D-glucosaminyl-1,4)-beta-D-mannosyl-1,4-N-acetyl-beta-D-glucosaminyl-R"
core6_g	C16H27N2O10X	Yes	Core6 g
Nacasp_m	C6H7NO5	Yes	N-Acetyl-L-aspartate
pgp_cho_c	C6H11O9P2RCO2R2CO2	Yes	Phosphatidyl glycerol phosphate
vitd3_e	C27H44O	Yes	Calciol; (+)-Vitamin D3
whddca_e	C12H23O3	Yes	Omega hydroxy dodecanoate (n-C12:0)
phllqne_e	C31H46O2	Yes	Phylloquinone
pail45p_cho_n	C9H14O15P3RCO2R2CO2	Yes	"Phosphatidylinositol 4,5-bisphosphate"
nad_n	C21H26N7O14P2	Yes	Nicotinamide adenine dinucleotide
pail4p_cho_n	C9H15O12P2RCO2R2CO2	Yes	1-phosphatidyl-1D-myo-inositol 4-phosphate(3-)
whhdca_e	C16H31O3	Yes	Omega hydroxy hexadecanoate (n-C16:0)
whttdca_e	C14H27O3	Yes	Omega hydroxy tetradecanoate (n-C14:0)
pail_cho_n	C9H16O9PRCO2R2CO2	Yes	1-phosphatidyl-1D-myo-inositol(1-)
xolest_cho_e	C27H45XCO2	Yes	Cholesterol ester
core6_l	C16H27N2O10X	Yes	Core6 g
pi_g	HO4P	No	Phosphate
udp_r	C9H11N2O12P2	Yes	UDP C9H11N2O12P2
pi_n	HO4P	No	Phosphate
xoltri24_e	C27H46O3	Yes	"7-alpha,24(S)-Dihydroxycholesterol"
xoltri25_e	C27H46O3	Yes	"7-alpha,25-Dihydroxycholesterol"
6a2ohxnt_x	C6H11NO3	Yes	6-Amino-2-oxohexanoate
xoltri27_e	C27H46O3	Yes	"7-alpha,27-Dihydroxycholesterol"
pristcoa_c	C40H68N7O17P3S	Yes	"Pristanoyl-CoA; 2,6,10,14-tetramethylpentadecanoyl-CoA"
pristcoa_x	C40H68N7O17P3S	Yes	"Pristanoyl-CoA; 2,6,10,14-tetramethylpentadecanoyl-CoA"
prist_x	C19H37O2	Yes	Pristanic acid
xylt_e	C5H12O5	Yes	Xylitol C5H12O5
gtocophe_e	C28H48O2	Yes	Gamma-Tocopherol
prostgi2_c	C20H31O5	Yes	Prostaglandin I2
oagd3_cho_c	C54H90N3O29RCO	Yes	9-O-Acetylated GD3
f1a_g	C22H37N2O15X	Yes	F1alpha
oagt3_cho_c	C65H106N4O37RCO	Yes	9-O-Acetylated GT3
fadh2_mm	C27H33N9O15P2	Yes	Flavin adenine dinucleotide reduced
7dhchsterol_c	C27H44O	Yes	"Cholesta-5,7-dien-3beta-ol"
q10h2_c	C59H92O4	Yes	Ubiquinol-10
Rtotal_c	CO2R	Yes	Rtotal c
fad_r	C27H31N9O15P2	Yes	Flavin adenine dinucleotide oxidized
Rtotal2_c	CO2R2	Yes	R total 2 position
Rtotal3_c	CO2R3	Yes	R total 3 position
omhdecacid_r	C10H19O3	Yes	W-hydroxydecanoicacid
dpcoa_m	C21H33N7O13P2S	Yes	Dephospho-CoA
13_cis_retn_c	C20H27O2	Yes	13-cis-retinoate
HC01672_c	C12H15N5O8P	Yes	Acetyl adenylate
oretn_c	C20H25O3	Yes	4-oxo-retonoic acid
13_cis_oretn_c	C20H25O3	Yes	13-cis-oxo-retinoic acid
HC01434_c	C6H3O7	Yes	Oxalatosuccinate(3-)
fald_l	CH2O	Yes	Formaldehyde
oxa_x	C2O4	Yes	Oxalate
uacgam_r	C17H25N3O17P2	Yes	UDP-N-acetyl-D-glucosamine
chsterol_m	C27H46O	Yes	Chsterol c
dca_r	C10H19O2	Yes	Decanoate (n-C10:0)
omhdecacid_c	C10H19O3	Yes	W-hydroxydecanoicacid
pap_g	C10H11N5O10P2	Yes	"Adenosine 3',5'-bisphosphate"
pcreat_m	C4H8N3O5P	Yes	Phosphocreatine
HC01668_c	C13H17N5O8P	Yes	Propinol adenylate
HC01668_m	C13H17N5O8P	Yes	Propinol adenylate
nformanth_c	C8H6NO3	Yes	N-Formylanthranilate
r5p_r	C5H9O8P	Yes	Alpha-D-Ribose 5-phosphate
HC01435_m	C16H21N4O10P2S	Yes	3-Carboxy-1-hydroxypropyl-ThPP
arachd_x	C20H31O2	Yes	Arachidonic acid
frdp_x	C15H25O7P2	Yes	Farnesyl diphosphate
dd2coa_m	C33H52N7O17P3S	Yes	Trans-Dodec-2-enoyl-CoA
am6sa_c	C6H7NO3	Yes	2-Aminomuconate 6-semialdehyde
C02528_r	C24H39O4	Yes	Chenodeoxycholate
3hpp_m	C3H5O3	Yes	3-Hydroxypropanoate
C02528_c	C24H39O4	Yes	Chenodeoxycholate
HC01377_m	C13H25NO2S2	Yes	S-(3-Methylbutanoyl)-dihydrolipoamide
HC01161_c	X	No	Apo-ACP
HC01231_c	C12H21N2O6S	Yes	N-[(R)-pantothenoyl]-L-cysteinate
HC01231_m	C12H21N2O6S	Yes	N-[(R)-pantothenoyl]-L-cysteinate
fuc13galacglcgal14acglcgalgluside_cho_g	C64H112N3O36RCO	Yes	III3Fuc-nLc6Cer
hdd2coa_m	C37H60N7O17P3S	Yes	Trans-Hexadec-2-enoyl-CoA
34dhmald_m	C8H8O4	Yes	"3,4-Dihydroxymandelaldehyde"
3mox4hpac_m	C9H10O3	Yes	3-Methoxy-4-hydroxyphenylacetaldehyde
glyald_m	C3H6O3	Yes	D-Glyceraldehyde
HC00361_c	C7H12O13P2	Yes	"Sedoheptulose 1,7-bisphosphate(4-)"
sph1p_c	C18H39NO5P	Yes	Sphinganine 1 phosphate C18H39NO5P
fuc14galacglcgalgluside_cho_g	C50H89N2O26RCO	Yes	Lea glycolipid
HC00718_c	C3H9NO4P	Yes	N-methylethanolaminium phosphate(1-)
HC01842_c	C4H10NO4P	Yes	Phosphodimethylethanolamine
HC01501_c	HO3S2	No	Hydroxidodioxidosulfidosulfate(1-)
HC10859_x	C10H17NO6	Yes	Malonyl-Carnitin
arachdcoa_r	C41H62N7O17P3S	Yes	C20:4-CoA
arachdcoa_x	C41H62N7O17P3S	Yes	C20:4-CoA
fucacgalfucgalacglcgalgluside_cho_g	C64H112N3O35RCO	Yes	(Gal)2 (GalNAc)1 (Glc)1 (GlcNAc)1 (LFuc)2 (Cer)1
bildglcur_r	C45H50N4O18	Yes	Bilirubin beta-diglucuronide
L2aadp_m	C6H10NO4	Yes	L 2 Aminoadipate C6H10NO4
dump_m	C9H11N2O8P	Yes	DUMP C9H11N2O8P
4abutn_m	C4H10NO	Yes	4-Aminobutanal
fucacngal14acglcgalgluside_cho_g	C61H105N3O34RCO	Yes	"IV3-a-NeuAc,III3-a-Fuc-nLc4Cer"
HC00319_c	C3H2O4	Yes	Malonate; propanedioate
fol_m	C19H18N7O6	Yes	Folate
5fthf_m	C20H21N7O7	Yes	5-Formyltetrahydrofolate
ump_r	C9H11N2O9P	Yes	UMP C9H11N2O9P
fucacngalacglcgalgluside_cho_g	C61H105N3O34RCO	Yes	"IV3-a-Neu5Ac,III4-a-Fuc-Lc4Cer"
pacald_m	C8H8O	Yes	Phenylacetaldehyde
HC00682_m	C10H19NO2S2	Yes	S-Acetyldihydrolipoamide
HC01712_m	C13H22NO4S2	Yes	S-Glutaryldihydrolipoamide
HC01522_c	C7H6O3	Yes	Gentisate aldehyde
mmcoa__S_m	C25H35N7O19P3S	Yes	(S)-Methylmalonyl-CoA
ptrc_m	C4H14N2	Yes	Putrescine
cholate_r	C24H39O5	Yes	Cholate c
fucfuc12gal14acglcgalgluside_cho_g	C56H99N2O30RCO	Yes	Ley glycolipid
ptth_m	C11H22N2O4S	Yes	Pantetheine
pan4p_m	C11H21N2O7PS	Yes	Pantetheine 4'-phosphate
3pg_m	C3H4O7P	Yes	3-Phospho-D-glycerate
arachd_l	C20H31O2	Yes	Arachidonic acid
HC01376_m	C13H25NO2S2	Yes	S-(2-Methylbutanoyl)-dihydrolipoamide
fucfuc132galacglcgal14acglcgalgluside_cho_g	C70H122N3O40RCO	Yes	"V3Fuc,III3Fuc-nLc6Cer"
4ppcys_m	C12H20N2O9PS	Yes	N-((R)-4-Phosphopantothenoyl)-L-cysteine
HC00250_c	HS	No	Hydrosulfide
acrn_r	C9H17NO4	Yes	O Acetylcarnitine C9H17NO4
pmtcrn_r	C23H45NO4	Yes	L-Palmitoylcarnitine
pmtcrn_x	C23H45NO4	Yes	L-Palmitoylcarnitine
HC10859_r	X	No	Malonyl-Carnitin
HC10859_c	C10H17NO6	Yes	Malonyl-Carnitin
arachdcrn_r	C27H45NO4	Yes	C20:4 carnitine
acmana_r	C8H15NO6	Yes	N-Acetyl-D-mannosamine
fucfucfucgalacglc13galacglcgal14acglcgalgluside_cho_g	C90H155N4O54RCO	Yes	(Gal)4 (Glc)1 (GlcNAc)3 (LFuc)3 (Cer)1
arachdcrn_x	C27H45NO4	Yes	C20:4 carnitine
dhcholestanate_c	C27H45O4	Yes	"3alpha,7alpha-Dihydroxy-5beta-cholestanate"
dhcholestancoa_r	C48H76N7O19P3S	Yes	"3alpha,7alpha-Dihydroxy-5beta-cholestanoyl-CoA"
56dthm_m	C5H8N2O2	Yes	"5,6-Dihydrothymine"
tchola_x	C26H45NO7S	Yes	Taurocholic acid C26H45NO7S
dcholcoa_r	C45H70N7O19P3S	Yes	Chenodeoxycholoyl coenzyme a
strdnc_l	C18H27O2	Yes	"Stearidonic acid C18:4, n-3"
xol7ah3_m	C27H48O3	Yes	"3alpha,7alpha,26-Trihydroxy-5beta-cholestane"
fucfucfucgalacglcgal14acglcgalgluside_cho_g	C76H132N3O44RCO	Yes	(Gal)3 (Glc)1 (GlcNAc)2 (LFuc)3 (Cer)1
xoldiolone_r	C27H44O3	Yes	"7alpha,12alpha-Dihydroxycholest-4-en-3-one"
dgchol_c	C26H43NO5	Yes	Chenodeoxyglycocholate
HC01787_e	X	No	Lepidimoide
tdchola_c	C26H45NO6S	Yes	Taurochenodeoxycholate
lnlc_l	C18H31O2	Yes	Linoleic acid (all cis C18:2) n-6
cholcoa_r	C45H70N7O20P3S	Yes	Choloyl-CoA(4-)
tdchola_x	C26H45NO6S	Yes	Taurochenodeoxycholate
C02470_c	C10H6NO4	Yes	Xanthurenic acid
lnlncgcoa_r	C39H60N7O17P3S	Yes	Gamma-linolenoyl-CoA
fucfucgalacglcgalgluside_cho_g	C56H99N2O30RCO	Yes	Leb glycolipid
HC02192_e	C26H44NO5S	Yes	Taurolithocholate
fucgal14acglcgalgluside_cho_g	C50H89N2O26RCO	Yes	Lacto-N-fucopentaosyl III ceramide
icit_x	C6H5O7	Yes	Isocitrate
HC02193_e	C26H42NO4	Yes	Glycolithocholate
HC02195_e	C26H45NO6S	Yes	Tauroursodeoxycholate
HC02196_e	C26H43NO5	Yes	Glycoursodeoxycholate
2obut_m	C4H5O3	Yes	2-Oxobutanoate
hdd2coa_r	C37H60N7O17P3S	Yes	Trans-Hexadec-2-enoyl-CoA
odecoa_r	C39H64N7O17P3S	Yes	Octadecenoyl-CoA (n-C18:1CoA)
HC02220_e	C24H38O7S	Yes	Sulfochenodeoxycholate
fucgalfucgalacglcgalgluside_cho_g	C62H109N2O35RCO	Yes	(Gal)3 (Glc)1 (GlcNAc)1 (LFuc)2 (Cer)1
HC02020_r	C43H76O2	Yes	Cholesterol-ester-palm
fucgalgbside_cho_c	C56H99N2O31RCO	Yes	Fucosyl galactosylgloboside
HC02021_r	C43H74O2	Yes	Cholesterol-ester-palmn
HC02023_r	C45H78O2	Yes	Cholesterol-ester-ol
HC02024_r	C45H76O2	Yes	Cholesterol-ester-lin
HC02025_r	C45H74O2	Yes	Cholesterol-ester-ala
HC02026_r	C45H74O2	Yes	Cholesterol-ester-gla
HC02027_r	C47H76O2	Yes	Cholesterol-ester-arach
fuc__L_l	C6H12O5	Yes	L-Fucose
ocdcea_r	C18H33O2	Yes	Octadecenoate (n-C18:1)
m1mpdol_c	C123H202N2O27P2	Yes	Alpha-D-mannosyl-beta-D-mannosyl-diacylchitobiosyldiphosphodolichol
lnlc_r	C18H31O2	Yes	Linoleic acid (all cis C18:2) n-6
lnlnca_r	C18H29O2	Yes	"Alpha-Linolenic acid, C18:3, n-3"
gacpail_cho_c	C31H58NO14PRCO2R2CO2	Yes	Glucosaminyl-acylphosphatidylinositol
lnlncg_r	C18H29O2	Yes	Gamma-linolenic acid
HC02172_e	Zn	No	Zinc
lnlncg_l	C18H29O2	Yes	Gamma-linolenic acid
ocdcea_l	C18H33O2	Yes	Octadecenoate (n-C18:1)
hdcea_l	C16H29O2	Yes	Hexadecenoate (n-C16:1)
HC02191_e	C24H39O3	Yes	Lithocholate
HC02194_e	C24H39O4	Yes	Ursodeoxycholate
lnlnca_l	C18H29O2	Yes	"Alpha-Linolenic acid, C18:3, n-3"
HC02121_c	C11H18N3O7S	Yes	S-(hydroxymethyl)glutathione(1-)
HC02129_c	X	No	THF-hexaglutamate
HC02197_e	C26H41NO7S	Yes	Sulfoglycolithocholate(2-)
HC02198_e	C26H43NO8S2	Yes	"2-[(4R)-4-[(1S,2S,5R,7R,10R,11S,14R,15R)-2,15-dimethyl-5-(sulfonatooxy)tetracyclo[8.7.0.0^{2,7}.0^{11,15}]heptadecan-14-yl]pentanamido]ethane-1-sulfonate"
HC02136_c	C48H81O41X	Yes	Glycogenin-G7G1
phe__L_m	C9H11NO2	Yes	L-Phenylalanine
HC02228_c	C16H30O	Yes	Hexadecenal
HC02187_e	C15H12I3NO4	Yes	Reverse-triiodthyronine
HC02208_e	C20H33O5	Yes	Prostaglandin-d1
HC02210_e	C20H29O5	Yes	Prostaglandin-d3
HC02213_e	C20H29O5	Yes	Prostaglandin E3
HC02214_e	C20H35O5	Yes	Prostaglandin-f1alpha
HC02216_e	C20H33O5	Yes	Prostaglandin-f2beta
HC02217_e	C20H31O6	Yes	Prostaglandin-g2
HC02180_e	C20H33O6	Yes	Thromboxane-b2
HC02172_c	Zn	No	Zinc
HC02199_e	X	No	Glutathionyl-leuc4
HC02200_e	C16H17N5O10S	Yes	S-glutathionyl-2-4-dinitrobenzene
HC02201_e	C23H25Cl2N3O9S	Yes	S-glutathionyl-ethacrynic-acid
ach_c	C7H16NO2	Yes	Acetylcholine
HC00342_c	C6H3O6	Yes	"Cis-aconitate(3-); (1Z)-prop-1-ene-1,2,3-tricarboxylat"
HC00342_m	C6H3O6	Yes	"Cis-aconitate(3-); (1Z)-prop-1-ene-1,2,3-tricarboxylat"
HC02198_c	C26H43NO8S2	Yes	"2-[(4R)-4-[(1S,2S,5R,7R,10R,11S,14R,15R)-2,15-dimethyl-5-(sulfonatooxy)tetracyclo[8.7.0.0^{2,7}.0^{11,15}]heptadecan-14-yl]pentanamido]ethane-1-sulfonate"
oxa_m	C2O4	Yes	Oxalate
retinal_cis_13_c	C20H28O	Yes	Cis-13-retinal
crm_cho_g	C18H36NO2RCO	Yes	N-acylsphingosine
dtmp_n	C10H13N2O8P	Yes	DTMP C10H13N2O8P
xol27oh_m	C27H46O2	Yes	27-Hydroxycholesterol
CE2251_c	C41H68N7O18P3S	Yes	3-oxoicosanoyl-CoA(4-)
CE2247_c	C41H70N7O18P3S	Yes	3-hydroxyeicosanoyl-CoA (4-)
retinal_cis_13_r	C20H28O	Yes	Cis-13-retinal
CE2243_c	C41H68N7O17P3S	Yes	Trans-eicos-2-enoyl-CoA
CE4811_c	C41H60N7O18P3S	Yes	"3-keto-eicosa-8,11,14,17-all-cis-tetraenoyl-CoA"
CE4810_c	C41H62N7O18P3S	Yes	"3(S)-hydroxy-all-cis-8,11,14,17-eicosatetraenoyl-CoA"
CE4819_c	C43H62N7O18P3S	Yes	"3-oxo-docosa-7,10,13,16,19-all-cis-pentaenoyl-CoA"
CE4817_c	C43H64N7O18P3S	Yes	"3(S)-hydroxy-docosa-7,10,13,16,19-all-cis-pentaenoyl-CoA"
CE2870_c	C15H12I2NO7S	Yes	"3,3'-diiodo-L-thyronine 4'-O-sulfate"
L_dpchrm_c	C9H6NO4	Yes	L-Dopachrome
CE5151_c	C41H68N7O17P3S	Yes	11-cis-eicosenoyl-CoA
CE5155_c	C43H72N7O17P3S	Yes	Cis-13-docosenoyl-CoA
CE5144_c	C41H66N7O18P3S	Yes	3-oxo-11-cis-eicosenoyl-CoA
CE5148_c	C41H68N7O18P3S	Yes	3(S)-hydroxy-11-cis-eicosenoyl-CoA
pail_cho_r	C9H16O9PRCO2R2CO2	Yes	1-phosphatidyl-1D-myo-inositol(1-)
pail45p_cho_m	C9H14O15P3RCO2R2CO2	Yes	"Phosphatidylinositol 4,5-bisphosphate"
pail5p_cho_r	C9H15O12P2RCO2R2CO2	Yes	1-phosphatidyl-1D-myo-inositol 5-phosphate(3-)
CE5150_c	C41H66N7O17P3S	Yes	"Trans,cis-2,11-eicosadienoyl-CoA"
CE5152_c	C43H70N7O18P3S	Yes	3-oxo-13cis-docosenoyl-CoA
CE5153_c	C43H72N7O18P3S	Yes	3(S)-hydroxy-13cis-docosenoyl-CoA
CE5154_c	C43H70N7O17P3S	Yes	"Trans,cis-2,13-docosadienoyl-CoA"
CE5156_c	C45H74N7O18P3S	Yes	3-oxo-cis-15-tetracosaenoyl-CoA
CE5157_c	C45H76N7O18P3S	Yes	3(S)-hydroxy-cis-15-tetracosaenoyl-CoA
CE5160_c	C39H62N7O18P3S	Yes	3-oxo-cis-9-octadecenoyl-CoA
CE5160_r	C39H62N7O18P3S	Yes	3-oxo-cis-9-octadecenoyl-CoA
CE0233_c	C27H48O3	Yes	"5beta-cholestane-3alpha,7alpha,27-triol"
xol7ah2al_c	C27H46O3	Yes	"3alpha,7alpha-Dihydroxy-5beta-cholestan-26-al"
xol7ah2_m	C27H48O2	Yes	"3alpha,7alpha-Dihydroxy-5beta-cholestane"
CE5161_c	C39H64N7O18P3S	Yes	3(S)-hydroxy-cis-9-octadecenoyl-CoA
CE5161_r	C39H64N7O18P3S	Yes	3(S)-hydroxy-cis-9-octadecenoyl-CoA
CE5162_c	C39H62N7O17P3S	Yes	"Trans,cis-2,9-octadecadienoyl-CoA"
xol7ah2_c	C27H48O2	Yes	"3alpha,7alpha-Dihydroxy-5beta-cholestane"
CE5586_c	C7H20N3	Yes	"N-[(E)-4-ammoniobutylidene]propane-1,3-diaminium"
CE5162_r	C39H62N7O17P3S	Yes	"Trans,cis-2,9-octadecadienoyl-CoA"
retinal_cis_9_r	C20H28O	Yes	Cis-9-retinal
xoltetrol_c	C27H48O4	Yes	"3alpha,7alpha,12alpha,26-Tetrahydroxy-5beta-cholestane"
CE4874_c	C27H48O5	Yes	"5beta-cholestane-3alpha,7alpha,12alpha,27,27-pentaol"
pail345p_cho_r	C9H13O18P4RCO2R2CO2	Yes	"1-phosphatidyl-1D-myo-inositol 3,4,5-trisphosphate(7-)"
2mpdhl_m	C12H23NO2S2	Yes	S-(2-Methylpropanoyl)-dihydrolipoamide
C05957_r	C20H29O4	Yes	Prostaglandin J2
prostgd2_r	C20H31O5	Yes	Prostaglandin D2
HC02202_c	C20H31O4	Yes	Prostaglandin A1(1-)
HC02206_c	C20H31O4	Yes	Prostaglandin C1(1-)
retinal_r	C20H28O	Yes	All-trans-Retinal
HC02203_c	C20H29O4	Yes	Prostaglandin A2
HC02207_c	C20H29O4	Yes	Prostaglandin-c2
retfa_c	C20H29OR2CO	Yes	Fatty acid retinol
slfcys_c	C3H8NO5S2	Yes	S-Sulfo-L-cysteine
sgalside_cho_c	C24H45NO10SRCO	Yes	Sulfatide galactocerebroside
retnglc_c	C26H35O8	Yes	Retinoyl glucuronide
13_cis_retnglc_c	C26H35O8	Yes	13-cis-retinoyl glucuronide
so4_l	O4S	No	Sulfate
13_cis_retnglc_r	C26H35O8	Yes	13-cis-retinoyl glucuronide
retnglc_r	C26H35O8	Yes	Retinoyl glucuronide
sphgn_r	C18H40NO2	Yes	Sphinganine C18H40NO2
R4coa_cho_c	XCO2C21H31N7O15P3S	Yes	R group 4 Coenzyme A
R3coa_cho_c	XCO2C21H31N7O15P3S	Yes	R group 3 Coenzyme A
subeac_x	C8H12O4	Yes	Suberic acid
c8dc_x	C15H26NO6	Yes	Suberyl carnitine; octanedioyl carnitine
R5coa_cho_c	XCO2C21H31N7O15P3S	Yes	R group 5 Coenzyme A
R6coa_cho_c	C22H31N7O17P3SX	Yes	R group 6 Coenzyme A
sbcoa_x	C29H43N7O19P3S	Yes	Suberyl-CoA; octadioyl-CoA
subeac_c	C8H12O4	Yes	Suberic acid
34hpl_m	C9H9O4	Yes	3  4 Hydroxyphenyl lactate C9H9O4
s2l2fn2m2masn_g	C90H145N6O65X	Yes	PA6
cs_d_deg2_l	C37H53NO44S4	Yes	"Chondroitin sulfate D (GlcNAc6S-GlcA2S), degradation product 2"
cs_d_deg6_l	C23H35O27S2	Yes	"Chondroitin sulfate D (GlcNAc6S-GlcA2S), degradation product 6"
hs_deg10_l	C55H80N3O70S8	Yes	"Heparan sulfate, degradation product 10"
hs_deg17_l	C43H65N2O48S4	Yes	"Heparan sulfate, degradation product 17"
hs_deg23_l	C31H49NO29S	Yes	"Heparan sulfate, degradation product 23"
phytcoa_c	C41H70N7O17P3S	Yes	Phytanoyl-CoA(4-)
sebacid_c	C10H16O4	Yes	Sebacicacid
sebacid_x	C10H16O4	Yes	Sebacicacid
sebcoa_x	C31H47N7O19P3S	Yes	Sebacoyl Coenzyme A
thcholstoic_m	C27H45O5	Yes	"3alpha,7alpha,12alpha-Trihydroxy-5beta-cholestanoate"
c51crn_c	C12H21NO4	Yes	Tiglyl carnitine; (E)-2-methylbut-2-enoyl carnitin
xol7aone_c	C27H44O2	Yes	7alpha-Hydroxycholest-4-en-3-one
xoldiolone_c	C27H44O3	Yes	"7alpha,12alpha-Dihydroxycholest-4-en-3-one"
xoltri24_r	C27H46O3	Yes	"7-alpha,24(S)-Dihydroxycholesterol"
xoltri24_c	C27H46O3	Yes	"7-alpha,24(S)-Dihydroxycholesterol"
xoltri25_r	C27H46O3	Yes	"7-alpha,25-Dihydroxycholesterol"
xoltri25_c	C27H46O3	Yes	"7-alpha,25-Dihydroxycholesterol"
triodthysuf_c	C15H11I3NO7S	Yes	Triiodothyronine sulfate
xoltri27_r	C27H46O3	Yes	"7-alpha,27-Dihydroxycholesterol"
xoltri27_c	C27H46O3	Yes	"7-alpha,27-Dihydroxycholesterol"
xoltriol_c	C27H48O3	Yes	"3alpha,7alpha,12alpha-Trihydroxy-5beta-cholestane"
tststeroneglc_c	C25H36O8	Yes	Testosterone 3-glucosiduronic acid
tststerones_c	C19H27O5S	Yes	Tststerones c
xyl__D_l	C5H10O5	Yes	D-Xylose
cysam_c	C2H8NS	Yes	Cysteamine C2H8NS
lys__L_n	C6H15N2O2	Yes	L-Lysine
clpn_cho_c	C9H16O9P2RCO2R2CO2RCO2R2CO2	Yes	Cardiolipin
xolest_cho_c	C27H45XCO2	Yes	Cholesterol ester
phyt_x	C20H39O2	Yes	Phytanic acid
lnlncgcoa_x	C39H60N7O17P3S	Yes	Gamma-linolenoyl-CoA
pd3_c	C27H44O	Yes	Previtamin D3
vitd3_m	C27H44O	Yes	Calciol; (+)-Vitamin D3
dsT_antigen_g	C36H56N3O26X	Yes	DsT antigen g
epoIm_r		No	EpoIm[r]
s2l2n2m2masn_g	C84H135N6O61X	Yes	De-Fuc form of PA6
s3l3fn3m2masn_g	X	No	S3l3fn3m2masn[g]
s3l3fn3rm2masn_g	X	No	S3l3fn3rm2masn[g]
s3l3n3m2masn_g	X	No	S3l3n3m2masn[g]
s3l3n3rm2masn_g	X	No	S3l3n3rm2masn[g]
s3lnl3fn3m2masn_g	X	No	S3lnl3fn3m2masn[g]
s3lnl3n3m2masn_g	X	No	S3lnl3n3m2masn[g]
s4l2n2bdl4fn4m2masn_g	X	No	S4l2n2bdl4fn4m2masn[g]
s4l2n2bdl4n4m2masn_g	X	No	S4l2n2bdl4n4m2masn[g]
s4l2n2cdl4fn4m2masn_g	X	No	S4l2n2cdl4fn4m2masn[g]
s4l2n2cdl4n4m2masn_g	X	No	S4l2n2cdl4n4m2masn[g]
s4l3n3l4fn4m2masn_g	X	No	S4l3n3l4fn4m2masn[g]
s4l3n3l4n4m2masn_g	X	No	S4l3n3l4n4m2masn[g]
s4l4fn4m2masn_g	X	No	S4l4fn4m2masn[g]
s4l4n4m2masn_g	X	No	S4l4n4m2masn[g]
s4lnbl4fn4m2masn_g	X	No	S4lnbl4fn4m2masn[g]
s4lnbl4n4m2masn_g	X	No	S4lnbl4n4m2masn[g]
s4lncl4fn4m2masn_g	X	No	S4lncl4fn4m2masn[g]
s4lncl4n4m2masn_g	X	No	S4lncl4n4m2masn[g]
s4lndl4fn4m2masn_g	X	No	S4lndl4fn4m2masn[g]
s4lndl4n4m2masn_g	X	No	S4lndl4n4m2masn[g]
avite1_c	C29H50O2	Yes	Alpha-Tocopherol
phllqne_c	C31H46O2	Yes	Phylloquinone
epo_g		No	Epo[g]
peptide_c		No	TRNA charged with amino acids for peptide synthesis
igg_hc_r		No	Igg hc[r]
igg_lc_r		No	Igg lc[r]
igg_g		No	Igg[g]
avite2_c	C29H44O2	Yes	Alpha-Tocotrienol
bvite_c	C28H48O2	Yes	Beta-Tocopherol
core5_g	C16H27N2O10X	Yes	Core5 g
core7_g	C16H27N2O10X	Yes	Core7 g
core8_g	C14H24NO10X	Yes	Core8 g
dem2emgacpail_prot_cho_r	C37H70N3O34P3RCO2R2CO2X	Yes	"Deacylated-(phosphoethanolaminyl-dimannosyl),(phosphoethanolaminyl)-mannosyl-glucosaminyl-acylphosphatidylinositol"
dgpi_prot_cho_r	C39H76N4O37P4RCO2R2CO2X	Yes	Deacylated-glycophosphatidylinositol (GPI)-anchored protein
ethamp_r	C2H7NO4P	Yes	Ethanolamine phosphate C2H7NO4P
gncore2_g	C30H50N3O20X	Yes	"GlcNAc-alpha-1,4-Core 2"
kdn_c	C9H15O9	Yes	2-keto-3-deoxy-D-glycero-D-galactononic acid
n5m2masn_g	C74H122N7O50X	Yes	((N-acetyl-D-glucosaminyl)5-(alpha-D-mannosyl)2-beta-D-mannosyl-diacetylchitobiosyl)-L-asparagine (protein)
sTn_antigen_g	C19H30N2O13X	Yes	STn antigen g
gtocophe_c	C28H48O2	Yes	Gamma-Tocopherol
56iqcrbxlt_c	C9H4NO4	Yes	"5,6-Indolequinone-2-carboxylic acid"
pre_prot_r	XY	No	Glycophosphatidylinositol (GPI)-anchored protein precursor
chtbs_c	C16H28N2O11	Yes	"N,N'-diacetylchitobiose"
tartr__M_c	C4H4O6	Yes	Meso Tartaric acid C4H4O6
mqn7_c	C46H64O2	Yes	Menaquinone 7 C46H64O2
gbdp_c	C10H11N5O17P4	Yes	"Guanosine 3,5-bis(diphosphate)"
asptrna_asn_c		No	L-Aspartyl-tRNA(Asn)
bgly_c	C9H8NO3	Yes	N-Benzoylglycine
pad_c	C8H9NO	Yes	2 Phenylacetamide C8H9NO
ptcys_c	C12H21N2O6S	Yes	N-Pantothenoylcysteine
glu__D_e	C5H8NO4	Yes	D-Glutamate
seahcys_c	C14H20N6O5Se	Yes	Se-Adenosylselenohomocysteine
selcyst_c	C7H14N2O4Se	Yes	Selenocystathionine
allphn_c	C2H3N2O3	Yes	Allophanate C2H3N2O3
Pald_c	C2H3O4P1	Yes	Phosphonoacetaldehyde
25dhpp_c	C9H14N5O8P	Yes	2 5 Diamino 6 hydroxy 4  5  phosphoribosylamino  pyrimidine C9H14N5O8P
glcn__D_e	C6H11O7	Yes	D Gluconate C6H11O7
uppg1_c	C40H36N4O16	Yes	Uroporphyrinogen I
4h2oglt_c	C5H4O6	Yes	4 Hydroxy 2 oxoglutarate C5H4O6
dpchr_c	C9H7NO4	Yes	"2-L-Carboxy-2,3-dihydroindole-5,6-quinone"
hibut_c	C4H8O3	Yes	S-3-hydroxyisobutyrate
C02442_c	C9H14NO	Yes	N-methyltyraminium
hh3phac_c	C8H8O3	Yes	3-hydroxyphenylacetate
3c3hmp_c	C7H10O5	Yes	3-Carboxy-3-hydroxy-4-methylpentanoate
pheacgly_c	C10H10NO3	Yes	Phenylacetylglycine
h5p_c	C6H8N2O4	Yes	Hydantoin-propionate
uaagtmda_c		No	"Undecaprenyl-diphospho-N-acetylmuramoyl-(N-acetylglucosamine)-L-alanyl-D-glutaminyl-meso-2,6-diaminopimeloyl-D-alanyl-D-alanine"
ppeptido_c	C40H65N9O20	Yes	Ppeptido
3hivcoa_c		No	3-Hydroxyisovaleryl-CoA
ppad_c		No	Propionyladenylate
2ahethmpp_c	C14H20N4O8P2S	Yes	2-(alpha-Hydroxyethyl)thiamine diphosphate
cbasp_c		No	N-Carbamoyl-L-aspartate
mhpglu_c	C25H36N8O12	Yes	5 Methyltetrahydropteroyltri L glutamate C25H36N8O12
glu5pept_c	C45H69N9O24	Yes	5-l-glutamyl-peptide
smscys_c	C4H9NO2Se	Yes	Se-methylselenocysteine
apocarb_c	C7H13N3O2R2	Yes	Apo carboxylase
holocarb_c	C17H27N5O4SR2	Yes	Holo carboxylase
propacp_c	C14H25N2O8PRS	Yes	Propanoyl-ACP
a23op_c	C3H8NO5P	Yes	3-Amino-2-oxopropyl phosphate
tg160_c	C51H98O6	Yes	Triacylglycerol
aglp_c	C5H9O7P	Yes	1-acyl-sn-glycerol 3-phosphate
bhdodec_c	C12H24O3	Yes	Beta hydroxy dodecanoic acid
decacp_c	C21H35N2O12PRS	Yes	Decanoyl acyl carrier protein
dodecacp_c	C23H36N2O13PRS	Yes	Dodecanoyl-[acp]
hepacp_c	C28H46N2O15PRS	Yes	Heptadecanoyl-ACP
hepeacp_c	C28H45N2O15PRS	Yes	Heptadecenoyl-ACP
hexacp_c	C27H44N2O15PRS	Yes	Hexanoyl acyl carrier protein
hexeacp_c	C27H43N2O15PRS	Yes	Hexadecenoyl-ACP
octacp_c	C29H47N2O16PRS	Yes	Octanoyl acyl carrier protein
octeacp_c	C29H46N2O16PRS	Yes	Octadecenoyl-ACP
penacp_c	C26H43N2O14PRS	Yes	Pentadecanoyl-ACP
tetacp_c	C25H41N2O14PRS	Yes	Tetradecanoyl-ACP
pc160_c	C40H81NO9P	Yes	Phosphatidylcholine(16:0/16:0)
alkane_c	HR	No	Alkane
laur_kdo2lipid4_c	C96H170N2O38P2	Yes	KDO2-(lauroyl)-lipid4
rna_c		No	RNA c
cav_c		No	Cav c
clpn160_c	C73H140O17P2	Yes	"Cardiolipin (tetrahexadecanoyl, n-C16:0)"
phospholipid_c		No	Phospholipid c
lipids_c		No	Lipids c
bhtetdec_c	C14H34O9	Yes	Beta hydroxy tetradecanoic acid
glc__bD_c	C6H12O6	Yes	D-Glucose
uacgala_c	C17H25N3O17P2	Yes	UDP N acetyl D galactosamine C17H25N3O17P2
lps_c		No	Lps c
peptido_c	C45H72N10O20	Yes	Peptido
protein_c		No	Torasemide-M3
mbdg_e	C7H14O6	Yes	Beta Methylglucoside C7H14O6
biomass_c		No	Biomass: total
glx_e	C2H1O3	Yes	Glyoxylate
gly_glu__L_e	C7H11N2O5	Yes	Gly glu L C7H11N2O5
glcurn_c	C6H8O6	Yes	D Glucurone C6H8O6
aad_c	C12H16N5O8P	Yes	Acetyl-adenylate
3opcoa_c	C24H34N7O18P3S	Yes	3-oxopropionyl-CoA
decacid_c	C10H23O6	Yes	Decanoic acid
aldehyde_c	CHOR	Yes	Aldehyde
n4abutn_c	C6H11NO2	Yes	N4 Acetylaminobutanal C6H11NO2
im4act_c	C5H6N2O	Yes	Imidazole-4-acetaldehyde
primAlc_c	CH3OR	Yes	Primary alcohol
hexadecacid_c	C16H38O9	Yes	Hexadecanoic acid
hexedecacid_c	C16H38O9	Yes	Hexadecenoic acid
dodecacid_c	C12H28O7	Yes	Dodecanoic acid
gln__D_c	C5H10N2O3	Yes	D glutamine
aeioh_c	C10H12N2O	Yes	3-(2-Aminoethyl)-1H-indol-5-ol
apn3_c	C3H6N2	Yes	3-Aminopropiononitrile
3hpcoa_c	C24H36N7O18P3S	Yes	3-Hydroxypropionyl-CoA
octadecacid_c	C18H43O10	Yes	Octadecanoic acid
pendecacid_c	C15H35O8	Yes	Pentadecanoic acid
hepadecacid_c	C17H40O9	Yes	Heptadecanoic acid
2hyoxplac_c	C8H7O3	Yes	2-Hydroxyphenylacetate
tetdecacid_c	C14H33O8	Yes	Tetradecanoic acid
hepedecacid_c	C17H40O9	Yes	Heptadecenoic acid
octedecacid_c	C18H43O10	Yes	Octadecenoic acid
2d5kg_c		No	2d5kg c
salchs4fe_c	C42FeH47N3O25	Yes	Salmochelin-S4-Fe-III
4h2kpi_c	C7H8O6	Yes	4-Hydroxy-2-ketopimelate
salchs2fe_c	C42FeH49N3O26	Yes	Salmochelin-S2-Fe-III
salchs1_c	C26H30N2O16	Yes	Salmochelin-S1
salchs2_c	C42H49N3O26	Yes	Salmochelin-S2
mocdca_c	C19H37O2	Yes	10-methylstearic acid
mstrACP_c	C30H57N2O8PRS	Yes	10methyl stearyoyl-ACP
1msg3p_c	C22H43O7P	Yes	1-Acyl-sn-glycerol 3-phosphate (branched C19:0)
hexc_c	C26H51O2	Yes	Hexacosanoate  n C260  C26H51O2
igam_c	C12H24NO10	Yes	1D-myo-inositol 2-deoxy-D-glucopyranoside
pg160190_c	C41H80O10P	Yes	"Phosphatidylglycerol (hexadecanoyl, methylstearoyl)"
qh2_c	C14H20O4	Yes	Ubiquinol
acysbmn_c	C15H18N3O5S	Yes	Acetyl-cystine-bimane
pa160190_c	C38H73O8P	Yes	"1,2-sn-glycerol 3-phosphate"
pa190190_c	C41H79O8P	Yes	"1,2-sn-glycerol 3-phosphate"
decdp_tb_c	C50H81O7P2	Yes	"(E,E,E,E,E,E,E,Z,Z) Decaprenyl diphosphate"
decdpr_tb_c	C55H88O11P2	Yes	Decaprenylphosphoryl-beta-D-5-phosphoribose
decdr_tb_c	C55H89O8P	Yes	Decaprenylphosphoryl-beta-D-5-ribose
decd_tb_c	C50H81O4P	Yes	"(E,E,E,E,E,E,E,Z,Z) decaprenyl phosphate"
2dglcn_c	C6H11O6	Yes	2-Deoxy-D-gluconate
bmn_c	C10H12N2O2	Yes	Bimane
msh_c	C17H30N2O12S	Yes	Mycothiol (reduced)
cdpc16c19g_c	C47H85N3O15P2	Yes	"Cdp diacylglycerol (C16:0, C19:0)"
cdpc19c19g_c	C50H91N3O15P2	Yes	"Cdp diacylglycerol (C19:0, C19:0)"
decda_tb_c	C55H89O8P	Yes	Decaprenylphosphoryl-beta-D-arabinofuranose
galfragund_c	C249H415NO167P2	Yes	Galactofuranosyl(30)-rhamanosyl-N-acetylglucosamyl-undecaprenyl diphosphate (M tb)
phdca_c	C23H37O3	Yes	Phenol palmitic acid
pdima_e	C96H190O5	Yes	Phthiocerol dimycocerosate A (Mtb)
prephth_c	C32H61O5	Yes	Phthiocerol precursor
phdca_e	C23H37O3	Yes	Phenol palmitic acid
acysbmn_e	C15H18N3O5S	Yes	Acetyl-cystine-bimane
omtta_c	C42H83O2	Yes	"Octa-methyl tetracontatricosanoic acid (C34:0, 8 methyl-branched carbons)"
meroacidcyc2ACP_c	C63H119N2O8PRS	Yes	Cyclopropanated alpha meroacid ACP (2 cyclopropane rings)
ppdima_e	C99H188O6	Yes	Phenol phthiocerol dimycocerosate (Mtb)
mmeroacidcyc2ACP_c	C69H131N2O8PRS	Yes	Cyclopropanated methoxy-meroacid ACP (2 cyclopropane rings)
bmn_e	C10H12N2O2	Yes	Bimane
kmeroacidcyc2ACP_c	C71H135N2O8PRS	Yes	Cyclopropanated keto-meroacid ACP (2 cyclopropane rings)
mmmeroacidcyc1ACP_c	C69H133N2O9PRS	Yes	Cyclopropanated methyl hydroxy methoxy meroacid ACP (1 cyclopropane ring)
mkmeroacidcyc1ACP_c	C71H137N2O9PRS	Yes	Cyclopropanated methyl hydroxy keto meroacid ACP (1 cyclopropane ring)
ad_e	C2H5NO	Yes	Acetamide
h2co3_e	H2CO3	Yes	Carbonic acid
id3acald_e	C10H9NO	Yes	Indole 3 acetaldehyde C10H9NO
fmcbtt_c	C43H71N5O10Fe	Yes	Iron(II) mycobactin T
rrppdima_c	C111H208O14	Yes	Rhamnose rhamnose phenol phthiocerol dimycocerosate (Mtb)
ttc_c	C24H47O2	Yes	Tetracosanoate  n C240  C24H47O2
ptd1ino160190_c	C44H84O13P	Yes	"Phosphatidyl 1D myo inositol (C16:0, C19:0)"
PIM5_c	C74H134O38P	Yes	Phosphatidylinositol mannoside penta-mannose (tuberculosis)
Ac1PIM1_c	C66H124O19P	Yes	Acyl phosphatidylinositol mannoside (tuberculosis)
Ac1PIM2_c	C72H134O24P	Yes	Acyl phosphatidylinositol mannoside di-mannose (tuberculosis)
decdman1p_tb_c	C56H92O9P	Yes	"(E,E,E,E,E,E,E,Z,Z) decaprenyl mannose phosphate"
4hbzACP_c	C18H25N2O9PRS	Yes	4-hydroxybenzoyl ACP
Ac1PIM3_c	C78H144O29P	Yes	Acyl phosphatidylinositol mannoside tri-mannose (tuberculosis)
PIM1_c	C50H94O18P	Yes	Phosphatidylinositol mannoside (tuberculosis)
PIM2_c	C56H104O23P	Yes	Phosphatidylinositol mannoside di-mannose (tuberculosis)
PIM3_c	C62H114O28P	Yes	Phosphatidylinositol mannoside tri-mannose (tuberculosis)
PIM4_c	C68H124O33P	Yes	Phosphatidylinositol mannoside tetra-mannose (tuberculosis)
m1ocdca_c	C19H37O2	Yes	Methyl octadecanoate
dmarach_c	C22H43O2	Yes	Di-methyl arachic acid
tmbhn_c	C25H49O2	Yes	Tri-methyl behenic acid
gluala_c	C8H13N2O5	Yes	5 L Glutamyl L alanine C8H13N2O5
marach_c	C21H41O2	Yes	Methyl arachidic acid
mbhn_c	C23H45O2	Yes	Methyl behenic acid
tamlgnc_c	C28H55O2	Yes	Tri-methyl lignoceric acid
dmbhn_c	C24H47O2	Yes	Di-methyl behenic acid
uaaAgla_c	C94H153N8O26P2	Yes	Undecaprenyl-diphospho-N-acetylmuramoyl-(N-acetylglucosamine)-L-alanyl-D-glutamyl-L-lysyl-D-alanyl-D-alanine
dmlgnc_c	C26H51O2	Yes	Dimethyl lignoceric acid
uaaGgla_c	C94H153N8O26P2	Yes	Undecaprenyl-diphospho-N-acetylmuramoyl-(N-acetylglucosamine)-L-alanyl-gamma-D-glutamyl-L-lysyl-D-alanyl-D-alanine
pmhexc_c	C31H61O2	Yes	Penta-methyl hexacosanoate
tmlgnc_c	C27H53O2	Yes	Tri-methyl lignoceric acid
tmhexc_c	C29H57O2	Yes	Tri-methyl hexacosanoate
hmocta_c	C34H67O2	Yes	Hexa-methyl octacosanoate
tamhexc_c	C30H59O2	Yes	Tetra-methyl hexacosanoate
iacgam_c	C14H25NO11	Yes	1D-myo-inositol 2-Acetamido-2-deoxy-D-glucopyranoside
pmocta_c	C33H65O2	Yes	Penta-methyl octacosanoate
hpmtria_c	C37H73O2	Yes	"Hepta-methyl triacontanoic acid (C30:0, plus 7 methyl branches)"
hmtria_c	C36H71O2	Yes	"Hexa-methyl triacontanoic acid (C30:0, plus 6 methyl branches)"
hpmdtria_c	C39H77O2	Yes	Hepta-methyl dotriacontanoic acid (7 methyl branches)
bmnmsh_c	C27H40N4O14S	Yes	Bimane conjugated mycothiol (mtb)
mshfaldox_c	C18H30N2O13S	Yes	Mycothiol conjugated aldehyde
cigam_c	C15H28N2O11S	Yes	Cys-1D-myo-inositol 2-deoxy-D-glucopyranoside
meroacidACP_c	C61H115N2O8PRS	Yes	Alpha meroacid ACP
mmeroacidACP_c	C67H127N2O8PRS	Yes	Methoxy meroacid ACP
kmeroacidACP_c	C69H131N2O8PRS	Yes	Keto meroacid ACP
mmmeroacidACP_c	C68H131N2O9PRS	Yes	Methyl hydroxy methoxy meroacid ACP
mkmeroacidACP_c	C70H135N2O9PRS	Yes	Methyl hydroxy keto meroacid ACP (1 cyclopropane ring)
meroacidcyc1ACP_c	C62H117N2O8PRS	Yes	Cyclopropanated alpha meroacid ACP (1 cyclopropane ring)
mmeroacidcyc1ACP_c	C68H129N2O8PRS	Yes	Cyclopropanated methoxy-meroacid ACP (1 cyclopropane ring)
salc_c	C7H5O3	Yes	Salicylate
kmeroacidcyc1ACP_c	C70H133N2O8PRS	Yes	Cyclopropanated keto-meroacid ACP (1 cyclopropane ring)
chexccoa_c	C48H81N7O18P3S	Yes	Carboxy hexacosanoyl-CoA
meroacidcyc2AMP_c	C62H111N5O8P	Yes	Cyclopropanated alpha meroacid AMP (2 cyclopropane rings)
mmeroacidcyc2AMP_c	C68H123N5O8P	Yes	Cyclopropanated methoxy-meroacid AMP (2 cyclopropane rings)
kmeroacidcyc2AMP_c	C70H127N5O8P	Yes	Cyclopropanated keto-meroacid AMP (2 cyclopropane rings)
mmmeroacidcyc1AMP_c	C68H125N5O9P	Yes	Cyclopropanated methyl hydroxy methoxy meroacid AMP (1 cyclopropane ring)
mshfald_c	C18H32N2O13S	Yes	Mycothiol conjugated methanol
mkmeroacidcyc1AMP_c	C70H129N5O9P	Yes	Cyclopropanated methyl hydroxy keto meroacid AMP (1 cyclopropane ring)
nh4oh_c	H5NO	No	Ammonium hydroxide
q_c	C14H18O4	Yes	Ubiquinone
phthiocerol_c	C32H66O3	Yes	Phthiocerol A
tamocta_c	C32H63O2	Yes	Tetra-methyl octacosanoate
pdima_c	C96H190O5	Yes	Phthiocerol dimycocerosate A (Mtb)
prephthACP_c	C43H81N2O11PRS	Yes	Phthiocerol precursor bound ACP
prepphthACP_c	C46H79N2O12PRS	Yes	Phenolic phthiocerol precursor bound ACP
arachACP_c	C31H59N2O8PRS	Yes	Eicosanoyl-ACP (n-C20:0)
phdcaACP_c	C34H57N2O9PRS	Yes	Phenol palmitic acid ACP
prephthcoa_c	C53H92N7O20P3S	Yes	Phthiocerol precursor bound coenzyme A
frrppdima_c	C117H218O18	Yes	Fucose rhamnose rhamnose phenol phthiocerol dimycocerosate (Mtb)
pgp160190_c	C41H79O13P2	Yes	"Phosphatidylglycerophosphate (hexadecanoyl, tuberculostearoyl, C16:0, C19:0)"
pgp190_c	C44H85O13P2	Yes	"Phosphatidylglycerophosphate (dituberculostearoyl, C19:0)"
uggmda_c	C41H61N9O29P2	Yes	"UDP-N-glycolylmuramoyl-L-alanyl-D-glutamyl-meso-2,6-diaminopimeloyl-D-alanyl-D-alanine"
phdcacoa_c	C44H68N7O18P3S	Yes	Phenol palmitic coenzyme A
prepphth_c	C35H59O6	Yes	Phenolic phthiocerol precursor
phthdl_c	C31H62O3	Yes	Phthiodolone
pphthdl_c	C34H60O4	Yes	Phenolic phthiodiolone
ptd1ino160_c	C41H78O13P	Yes	Phosphatidyl 1D myo inositol
pphthiocerol_c	C35H64O4	Yes	Phenolphtiocerol
ppdima_c	C99H188O6	Yes	Phenol phthiocerol dimycocerosate (Mtb)
rppdima_c	C105H198O10	Yes	Rhamnose phenol phthiocerol dimycocerosate (Mtb)
uaAgla_c	C86H140N7O21P2	Yes	Undecaprenyl-diphospho-N-acetylmuramoyl-L-alanyl-D-glutamyl-L-lysyl-D-alanyl-D-alanine
uaGgla_c	C86H140N7O21P2	Yes	Undecaprenyl-diphospho-N-acetylmuramoyl-L-alanyl-gamma-D-glutamyl-L-lysyl-D-alanyl-D-alanine
mmycolate_c	C84H162O3	Yes	Methoxy mycolate (2 cyclopropanated rings)
mycolate_c	C78H150O3	Yes	Mycolate  (2 cyclopropanated rings)
mmmycolate_c	C84H164O4	Yes	Methoxy mycolate (1 cyclopropanated ring)
mkmycolate_c	C86H168O4	Yes	Keto mycolate (1 cyclopropanated rings)
ugmag_c	C28H39N5O24P2	Yes	UDP-N-glycolylmuramoyl-L-alanyl-D-glutamate
kmycolate_c	C86H166O3	Yes	Keto mycolate (2 cyclopropanated rings)
ugggmda_c	C87H139N7O24P2	Yes	"Undecaprenyl-diphospho-N-glycolylmuramoyl-L-alanyl-D-glutamyl-meso-2,6-diaminopimeloyl-D-alanyl-D-alanine"
uAgl_c	C34H52N7O24P2	Yes	UDP-N-acetylmuramoyl-L-alanyl-D-glutamyl-L-lysine
uGgl_c	C34H52N7O24P2	Yes	UDP-N-acetylmuramoyl-L-alanyl-gamma-D-glutamyl-L-lysine
ugma_c	C23H33N4O21P2	Yes	UDP-N-glycolylmuramoyl-L-alanine
ugmr_c	C20H28N3O20P2	Yes	UDP-N-glycolylmuramate
uggmd_c	C35H51N7O27P2	Yes	"UDP-N-glycolylmuramoyl-L-alanyl-D-gamma-glutamyl-meso-2,6-diaminopimelate"
tdm1_c	C174H332O15	Yes	Trehalose dimycolate (alpha mycolate + methoxymycolate)
tdm2_c	C174H334O16	Yes	Trehalose dimycolate (alpha mycolate + methoxymycolate)
tdm3_c	C176H338O16	Yes	Trehalose dimycolate (alpha mycolate + ketomycolate)
tdm4_c	C176H336O15	Yes	Trehalose dimycolate (alpha mycolate + methoxymycolate)
fdxrd_c		No	Reduced ferredoxin
hmbpp_c	C5H8O8P2	Yes	Hmbpp c
2h24pdn_c	C5H5O3	Yes	2h24pdn c
f420_2_c	C29H34N5O18P	Yes	Coenzyme ferredoxin 420-2 (oxidized)
uAgla_c	C40H62N9O26P2	Yes	UDP-N-acetylmuramoyl-L-alanyl-D-glutamyl-L-lysyl-D-alanyl-D-alanine
uGgla_c	C40H62N9O26P2	Yes	UDP-N-acetylmuramoyl-L-alanyl-gamma-D-glutamyl-L-lysyl-D-alanyl-D-alanine
eiscoa_c	C41H73N7O20P3S	Yes	1-eicosanoyl-CoA
octdcoa_c	C39H68N7O19P3S	Yes	Octadecanoyl-CoA
hexdcoa_c	C37H63N7O18P3S	Yes	Hexadecanoyl-CoA
dodcoa_c	C33H56N7O19P3S	Yes	Dodecanoyl-CoA
hipcoa_c	C34H52N7O19P3S	Yes	"3-[(3aS,4S,7aS)-7a-Methyl-1,5-dioxo-octahydro-1H-inden-4-yl]propanoyl-CoA;"
hip_c	C13H18O4	Yes	"3-[(3aS,4S,7aS)-7a-Methyl-1,5-dioxo-octahydro-1H-inden-4-yl]propanoic acid"
cholc5coa_c	C45H70N7O18P3S	Yes	CoA-cholest-4-en-3-one C5 side chain
cholenec8coa_c	C48H74N7O18P3S	Yes	CoA-24-ene-cholest-4-en-3-one C8 side chain
5ohhipcoa_c	C34H54N7O19P3S	Yes	"5-hydroxy-3-[(3aS,4S,5R,7aS)-7a-methyl-1,5-dioxo-octahydro-1H-inden-4-yl]propanoyl-CoA"
hexcoa_c	C27H41N7O16P3S	Yes	Hexacosanoyl-CoA
butcoa_c	C25H36N7O15P3S	Yes	Butanoyl-CoA
ochol_c	C27H42O2	Yes	26-Oxocholest-4-en-3-one
hchol_c	C27H44O2	Yes	26-Hydroxycholest-4-en-3-one
hcholc3coa_c	C43H66N7O19P3S	Yes	CoA-20-hydroxy-cholest-4-en-3-one C5 side chain
2plac__L_c	C3H4O6P	Yes	2-phospho-L-lactate
ddhrb_c	C16H19N3O7	Yes	"7,8-didemethyl-8-hydroxy-5-deazariboflavin"
lppg_c	C13H16N5O13P2	Yes	Lactyl-(2)-diphospho-(5')-guanosine
cholc8coa_c	C48H76N7O18P3S	Yes	CoA-cholest-4-en-3-one C8 side chain
f420_0_c	C19H22N3O12P	Yes	Coenzyme ferredoxin 420-0
f420_1_c	C24H28N4O15P	Yes	Coenzyme ferredoxin 420-1
c5tetdcoa_c	C35H55N7O16P3S	Yes	C5-tetradecanoyl-CoA
c3dodcoa_c	C33H50N7O15P3S	Yes	C3-dodecanoyl-CoA
nodcoa_c	C40H76N7O25P3S	Yes	Nonadecan-1-ol-CoA
t2dodcoa_c	C33H51N7O16P3S	Yes	T2-dodecanoyl-CoA
d2hdodcoa_c	C33H57N7O19P3S	Yes	D2h-dodecanoyl-CoA
andrstndn_c	C19H26O2	Yes	"Androst-4-ene-3,17-dione"
cchol_c	C27H42O3	Yes	26-Carboxycholest-4-en-3-one
octscoa_c	C49H93N7O24P3S	Yes	Octacosanoyl-CoA
hexscoa_c	C47H88N7O23P3S	Yes	Hexsanoyl-CoA
tetscoa_c	C45H83N7O22P3S	Yes	Tetsanoyl-CoA
doscoa_c	C43H78N7O21P3S	Yes	Docosanoyl-CoA
34dhsa_c	C19H24O4	Yes	"3,4-Dihydroxy-9,10-secoandrosta-1,3,5(10)-triene-9,17-dione"
hhd_c	C6H8O3	Yes	"(2Z,4Z)-2-Hydroxyhexa-2,4-dienoic acid"
hipocoa_c	C34H52N7O20P3S	Yes	"3-[(3aS,4S,5R,7aS)-5-hydroxy-7a-methyl-1-oxo-octahydro-1H-inden-4-yl]-3-oxopropanoyl-CoA"
5ohhip_c	C13H20O4	Yes	"3-[(3aS,4S,7aS)-7a-Methyl-1-hydroxy-5-oxo-octahydro-1H-inden-4-yl]propanoic acid"
nndccoa_c	C30H51N7O20P3S	Yes	Nonanoyl-CoA
hepcoa_c	C28H46N7O19P3S	Yes	Heptanoyl Coenzyme A
andrs14dn317dn_c	C19H24O2	Yes	"Androsta-1,4-diene-3,17-dione"
cholenec3coa_c	C43H64N7O18P3S	Yes	CoA-20-ene-cholest-4-en-3-one C5 side chain
chol4en3one_c	C27H44O	Yes	Cholest-4-en-3-one
hepdcoa_c	C38H71N7O24P3S	Yes	Heptadecanoyl-CoA
arabl__D_c	C5H12O5	Yes	Arabl  D c
pentdcoa_c	C36H66N7O23P3S	Yes	Pentadecanoyl-CoA
LM_c	C74H135O38P1	Yes	Lipomannoside
hoa_c	C6H8O6	Yes	2-hydroxy-3-oxoadipate
trdcalcoa_c	C34H61N7O22P3S	Yes	Tridecanoyl-CoA
undcoa_c	C32H56N7O21P3S	Yes	Undecanoyl Coenzyme A
lgt_s_c	C13H20N3O8S	Yes	(R)-S-Lactoylglutathione
ocholc8coa_c	C48H74N7O19P3S	Yes	CoA-24-one-cholest-4-en-3-one C8 side chain
ocholc5coa_c	C45H68N7O19P3S	Yes	CoA-22-one-cholest-4-en-3-one C5 side chain
hia_e	C11H20O4	Yes	"3-[(3aS,4S,5R,7aS)-5-hydroxy-7a-methyl-1-oxo-octahydro-1H-indene-4-carboxylate"
rbzn_c	C13H16O7	Yes	Rhamnose-benzoic acid
phbz1_c	C14H19O7	Yes	P-hydroxybenzoic acid derivative I
phbz1g_c	C26H42O15	Yes	Glycosylated p-HBAD I
hphthiocnylcoa_c	C60H108N7O18P3S	Yes	Hydroxyphthioceranoyl-CoA
sl659_c	C28H52O15S	Yes	SL659
Ac1PIM4_c	C84H154O34P	Yes	Acyl phosphatidylinositol mannoside tetra-mannose (tuberculosis)
Ac2PIM2_c	C88H164O25P	Yes	Di-acyl phosphatidylinositol mannoside di-mannose (tuberculosis)
PIM6_c	C80H144O43P	Yes	Phosphatidylinositol mannoside hexa-mannose (tuberculosis)
arabinanagalfragund_c	C604H983NO451P2	Yes	Arabinan-arabinofuranose-galactofuranosyl(30)-rhamanosyl-N-acetylglucosamyl-undecaprenyl diphosphate (M tb)
c78mycolatepp_c	C143H259O11P1	Yes	C78-alpha-mycolate-PP
clpn160190_c	C79H152O17P2	Yes	"Cardiolipin (dihexadecanoyl, dimethylstearoyl)"
fdxox_c	X	No	Oxidized ferredoxin
hemeA_c	C49H54FeN4O6	Yes	Heme A C49H55FeN4O6
pat_c	C138H264O16	Yes	Penta-acyl trehalose
peptido_TB1_c	C39H63N8O19	Yes	Peptidoglycan subunit (for Mycobacterium tuberculosis)
peptido_TB2_c	C39H63N8O19	Yes	Peptidoglycan subunit (for Mycobacterium tuberculosis)
pg190_c	C44H86O10P	Yes	"Phosphatidylglycerol (dimethylstearoyl, C19:0)"
tat_c	C149H288O15	Yes	Tetra-acyl trehalose
tmha1_c	C360H684O40	Yes	Tetramycolyl hexaarabinoside (tdm1 + tdm2 +tre) (Mtb)
tmha2_c	C362H688O40	Yes	Tetramycolyl hexaarabinoside (tdm1 + tdm3 + tre) (Mtb)
tmha3_c	C362H686O39	Yes	Tetramycolyl hexaarabinoside (tdm1 + tdm4 + tre) (Mtb)
tmha4_c	C362H690O41	Yes	Tetramycolyl hexaarabinoside (tdm2 + tdm3 + tre) (Mtb)
tres_c	C12H21O14S	Yes	Trehalose 2 sulfate
ugagmda_c	C95H152N8O29P2	Yes	"Undecaprenyl-diphospho-N-glycolylmuramoyl-(N-acetylglucosamine)-L-ala-D-glu-meso-2,6-diaminopimeloyl-D-ala-D-ala"
hipecoa_c	C34H52N7O19P3S	Yes	"(2E)-3-[(3aS,4S,5R,7aS)-5-hydroxy-7a-methyl-1-oxo-octahydro-1H-inden-4-yl]prop-2-enoyl-CoA"
cholc3coa_c	C43H66N7O18P3S	Yes	CoA-cholest-4-en-3-one C3 side chain
cholenec5coa_c	C45H68N7O18P3S	Yes	CoA-22-ene-cholest-4-en-3-one C5 side chain
3hsa_c	C19H24O3	Yes	Secophenol
hcholc5coa_c	C45H70N7O19P3S	Yes	CoA-22-hydroxy-cholest-4-en-3-one C5 side chain
hcholc8coa_c	C48H76N7O19P3S	Yes	CoA-24-hydroxy-cholest-4-en-3-one C8 side chain
hipohcoa_c	C34H54N7O20P3S	Yes	"3-[(3aS,4S,5R,7aS)-5-hydroxy-7a-methyl-1-oxo-octahydro-1H-inden-4-yl]-3-hydroxypropanoyl-CoA"
49dsha_c	C19H24O6	Yes	"9,10-disecoandrosta-1(10),2-dien-4-oate"
iacgam3p_c	C14H26NO14P	Yes	1-O-(2-Acetamido-2-deoxy-alpha-D-glucopyranosyl)-1D-myo-inositol 3-phosphate
2mpdhl_c	C12H22NO2S2	Yes	S-(2-Methylpropanoyl)-dihydrolipoamide
9ohadd_c	C19H24O3	Yes	"9alpha-Hydroxyandrosta-1,4-diene-3,17-dione"
sl1278_c	C67H128O17S	Yes	SL1278 (SL-1 precursor)
actp_c	C2H3O5P	Yes	Acetyl phosphate
hdcaMAS_c	C16H31OSR	Yes	Hexadecanoyl-MAS
mas_c	HSR	No	Mycocerosic acid synthase
nodcoa_e	C40H76N7O25P3S	Yes	Nonadecan-1-ol-CoA
octscoa_e	C49H93N7O24P3S	Yes	Octacosanoyl-CoA
hercyn_c	C9H15N3O2	Yes	Hercynine
gluhercyso_c	C17H28O9N5S	Yes	Gamma glutamyl-hercynylcysteine sulfoxide
hercyso_c	C12H22O5N4S	Yes	Hercynylcysteine sulfoxide
tre6mmp_c	C94H180O16P	Yes	Cytoplasmic trehalosemonomycolate-P
c78mycolateACP_c	C93H180O9N2PSR	Yes	C78-alpha-mycolate-ACP
ppm_c	C61H100O9P	Yes	D-Mannosyl-1-phosphoundecaprenol
cysOsh_c	H2SY	No	CysO-SH
cysOcys__L_c	C3H7NO2SY	Yes	CysO-Cysteine
cysO_c	Y	No	CysO
cysOamp_c	C10H12N5O7PY	Yes	CysO-amp
cbl2_c	C62H88CoN13O14P	Yes	Cob II alamin C62H88CoN13O14P
epox_c	C18H29O3	Yes	An epoxide
tre6mm_c	C94H180O13	Yes	"Alpha,alpha-Trehalose 6-mycolate"
8oxdgtp_c	C10H12N5O14P3	Yes	8-oxo-dGTP
12dgr_TB_c	C41H80O5	Yes	"1,2-Diacyl-sn-glycerol"
tag_TB_c	C60H116O6	Yes	Triacylglycerol
pc_TB_c	C46H92NO8P	Yes	Phosphatidylcholine
aqcobal_c	C62H89CoN13O15P	Yes	Aquacob(III)alamin
mcbts_c	C44H73N5O10	Yes	Mycobactin S
pc_TB_e	C46H92NO8P	Yes	Phosphatidylcholine
accb_c	C7H13N3O2R2	Yes	Apo-[acetyl-CoA:carbon-dioxide ligase (ADP-forming)]
n6hlys_c	C6H14N2O3	Yes	N6-Hydroxy-L-lysine
bccpco2_c	C8H13N3O4R2	Yes	[Acetyl-CoA:carbon-dioxide ligase (ADP-forming)]-CO2
bccp_c	C7H13N3O2R2	Yes	[Acetyl-CoA:carbon-dioxide ligase (ADP-forming)]
n6hlysmal_c	C9H16N2O6	Yes	N6-Hydroxy-L-lysine coupled to malonyl group
ergoth_c	C9H15N3O2S	Yes	Ergothioneine
tbsinol_c	C20H34O	Yes	Tuberculosinol
isotbsinol_13S_c	C20H34O	Yes	(13S)-edaxadiene
isotbsinol_13R_c	C20H34O	Yes	(13R)-edaxadiene
psd5p_c	C9H11N2O9P	Yes	Pseudouridine 5  phosphate C9H11N2O9P
cpppg1_c	C36H40N4O8	Yes	Coproporphyrinogen I
pmtri_c	C31H62O2	Yes	PENTA-METHYL-TRICONTANOYL
2mbdhl_c	C13H25NO2S2	Yes	S-(2-Methylbutanoyl)-dihydrolipoamide
tbsinyldp_c	C20H33O7P2	Yes	Tuberculosinyl diphosphate
agalfragund_c	C254H423NO171P2	Yes	Arabinofuranose-galactofuranosyl(30)-rhamanosyl-N-acetylglucosamyl-undecaprenyl diphosphate (M tb)
TM_GL1_c	C57H106O16	Yes	Thermotoga maritima glycolipid 1
TM_GL2_c	C47H88O15	Yes	Thermotoga maritima glycolipid 2
dmosACP_c	C41H77N2O9PRS	Yes	"13,14-Dimethyloctacosanedioic acid ACP (C30:0 ACP)"
dmtaACP_c	C43H81N2O9PRS	Yes	"15,16-Dimethyltriacontanedioic acid ACP (C32:0 ACP)"
peptido_TM_c	C39H63N8O19	Yes	Peptidoglycan subunit of Thermotoga maritima
dip_d_d_c	C12H22O14P	Yes	"Di-myo-inositol 1,1' phosphate"
pcreat_c	C4H9N3O5P	Yes	Phosphocreatine
nal2a6o_c	C9H11NO6	Yes	N-Acetyl-L-2-amino-6-oxopimelate
amylose300_e	C1800H3002O1501	Yes	"Amylose (n=300 repeat units, alpha-1,4-glc)"
cell500_e	C3000H5002O2501	Yes	"Celluose (n=500 repeating units, beta-1,4 glc)"
cell6_e	C36H62O31	Yes	Cellulose (n=6 repeating units)
6pgg_c	C12H21O14P	Yes	"6-Phospho-beta-D-glucosyl-(1,4)-D-glucose"
galman4_e	C24H42O21	Yes	"Galactomannan(n=4 repeat units mannose, alpha-1,4 man)"
galman6_e	C36H62O31	Yes	"Galactomannan(n=6 repeat units mannose, alpha-1,4 man)"
galman600_e	C3600H6002O3001	Yes	"Galactomannan (n=600 repeat units mannose, alpha-1,4 man)"
glcman4_e	C24H42O21	Yes	"Glucomannan (n=4 repeat units, glc beta-1,4 man)"
glcman6_e	C36H62O31	Yes	"Glucomannan (n=6 repeat units, glc beta-1,4 man)"
glcman600_e	C3600H6002O3001	Yes	"Glucomannan (n=600 repeat units, glc beta-1,4 man)"
glucan1500_e	C9000H15002O7501	Yes	"Beta-1,3/1,4-glucan (Barley, n=1500, Glc beta1->3,4 Glc)"
glucan4_e	C24H42O21	Yes	"Beta-1,3/1,4-glucan (Barley, n=4, Glc beta1->3,4 Glc)"
glucan6_e	C36H62O31	Yes	"Beta-1,3/1,4-glucan (Barley, n=6, Glc beta1->3,4 Glc)"
cell6_c	C36H62O31	Yes	Cellulose (n=6 repeating units)
cell4_c	C24H42O21	Yes	Cellulose (n=4 repeating units)
glycogen1500_e	C9000H15002O7501	Yes	"Glycogen (n=1500 repeat units) (glc alpha 1,4/6 glc)"
lmn30_e	C180H302O151	Yes	"Laminarin (n=30 repeat units, beta -1,3 glc)"
lmn2_e	C12H22O11	Yes	Laminaribiose
n6all26d_c	C9H15N2O5	Yes	"N6-Acetyl-LL-2,6-diaminoheptanedioate"
manb_e	C12H22O11	Yes	"Mannobiose (beta-1,4)"
mantr_e	C18H32O16	Yes	"Mannotriose (beta-1,4)"
manttr_e	C24H42O21	Yes	Mannotetraose
pullulan1200_e	C7200H12002O6001	Yes	"Pullulan (n=1200 repeat units, alpha-1,4 and alph-1,6 bounds)"
s_e		No	Sulfur
starch1200_e	C7200H12002O6001	Yes	"Starch n=1200 repeat units (300 repeat units amylose, 900 repeat units amylopectin, corresponds to potatoe starch)"
xyl3_e	C15H26O13	Yes	Xylotriose
xylan12_e	C78H119O67	Yes	"Xylan (12 backbone units, 3 glcur side chain)"
xylan4_e	C26H41O23	Yes	"Xylan (4 backbone units, 1 glcur side chain)"
xylan8_e	C52H80O45	Yes	"Xylan (8 backbone units, 2 glcur side chain)"
xylb_e	C10H18O9	Yes	Xylobiose
gal_bD_c	C6H12O6	Yes	Beta D-Galactose
mi1p__L_c	C6H11O9P	Yes	L-myo-Inositol 1-phosphate
glc__aD_c	C6H12O6	Yes	Alpha D-glucose
ksi_c	C247H393N17O213S12X	Yes	Keratan sulfate I
s2l2fn2m2masn_c	C90H145N6O65X	Yes	PA6
glcman4_c	C24H42O21	Yes	"Glucomannan (n=4 repeat units, glc beta-1,4 man)"
glcman6_c	C36H62O31	Yes	"Glucomannan (n=6 repeat units, glc beta-1,4 man)"
galman4_c	C24H42O21	Yes	"Galactomannan(n=4 repeat units mannose, alpha-1,4 man)"
galman6_c	C36H62O31	Yes	"Galactomannan(n=6 repeat units mannose, alpha-1,4 man)"
trpglcur_c	C17H20N2O8	Yes	Tryptophanyl-beta-D-glucuronide
lmn2_c	C12H22O11	Yes	Laminaribiose
pdip_d_d_c	C12H21O17P2	Yes	"Phospho-di-myo-inositol 1,1' phosphate"
xylan4_c	C26H41O23	Yes	"Xylan (4 backbone units, 1 glcur side chain)"
glucan4_c	C24H42O21	Yes	"Beta-1,3/1,4-glucan (Barley, n=4, Glc beta1->3,4 Glc)"
mantr_c	C18H32O16	Yes	"Mannotriose (beta-1,4)"
manttr_c	C24H42O21	Yes	Mannotetraose
manb_c	C12H22O11	Yes	"Mannobiose (beta-1,4)"
cdp_inost_c	C15H23O16N3P2	Yes	CDP-Inositol
mnl_c	C6H14O6	Yes	D-Mannitol
xyl4_c	C20H34O17	Yes	Xylotetraose
behenACP_c	C33H63N2O8PRS	Yes	Docosanoyl-ACP (n-C22:0)
xyl3_c	C15H26O13	Yes	Xylotriose
xylb_c	C10H18O9	Yes	Xylobiose
glucan6_c	C36H62O31	Yes	"Beta-1,3/1,4-glucan (Barley, n=6, Glc beta1->3,4 Glc)"
ocdcya_e	C18H31O2	Yes	Octadecadienoate  n C182  C18H31O2
pap_e	C10H11N5O10P2	Yes	"Adenosine 3',5'-bisphosphate"
pepd_e	C2H4NO2RC2H2NOR	Yes	Peptide C2H4NO2RC2H2NOR
sbt__L_e	C6H14O6	Yes	L Sorbitol C6H14O6
srb__L_e	C6H12O6	Yes	L Sorbose C6H12O6
thmpp_e	C12H16N4O7P2S	Yes	Thiamine diphosphate
zymst_e	C27H44O	Yes	Zymosterol C27H44O
tdeACP_m	C25H45N2O8PRS	Yes	Cis-tetradec-7-enoyl-[acyl-carrier protein] (n-C14:1)
hdeACP_m	C27H49N2O8PRS	Yes	Cis-hexadec-9-enoyl-[acyl-carrier protein] (n-C16:1)
ocdcaACP_m	C29H55N2O8PRS	Yes	Octadecanoyl-ACP (n-C18:0ACP)
octeACP_m	C29H53N2O8PRS	Yes	Cis-octadec-11-enoyl-[acyl-carrier protein] (n-C18:1)
ocdcyaACP_c	C29H51N2O8PRS	Yes	Octadecynoyl ACP  n C182ACP  C29H51N2O8PRS
ocdcyaACP_m	C29H51N2O8PRS	Yes	Octadecynoyl ACP  n C182ACP  C29H51N2O8PRS
acglu_m	C7H9NO5	Yes	N-Acetyl-L-glutamate
ddcacoa_x	C33H54N7O17P3S	Yes	Dodecanoyl-CoA (n-C12:0CoA)
stcoa_x	C39H66N7O17P3S	Yes	Stearoyl-CoA (n-C18:0CoA)
hexccoa_x	C47H82N7O17P3S	Yes	Hexacosanoyl CoA  n C260CoA  C47H82N7O17P3S
ACP_m	C11H21N2O7PRS	Yes	Acyl carrier protein
acg5sa_m	C7H10NO4	Yes	N-Acetyl-L-glutamate 5-semialdehyde
ac_x	C2H3O2	Yes	Acetate
1agly3p_SC_c	C1920H3422O700P100	Yes	1 Acyl glycerone 3 phosphate  yeast specific C1920H3422O700P100
itp_m	C10H11N4O14P3	Yes	ITP C10H11N4O14P3
aprut_c	C6H15N2O	Yes	N Acetylputrescine C6H15N2O
trnaarg_m	R	No	TRNA(Arg)
trnaasn_m	C10H17O10PR2	Yes	TRNA Asn  C10H17O10PR2
asp__L_n	C4H6NO4	Yes	L-Aspartate
cbp_n	CH2NO5P	Yes	Carbamoyl phosphate
glu__L_x	C5H8NO4	Yes	L-Glutamate
akg_x	C5H4O5	Yes	2-Oxoglutarate
asp__L_x	C4H6NO4	Yes	L-Aspartate
trnaasp_m		No	TRNA(Asp)
13BDglcn_c	C6H10O5	Yes	1 3 beta D Glucan C6H10O5
13BDglcn_e	C6H10O5	Yes	1 3 beta D Glucan C6H10O5
2ohph_5_c	C36H54O2	Yes	2-Octaprenyl-6-hydroxyphenol (5 repeating units)
2omph_5_c	C37H56O2	Yes	2-Octaprenyl-6-methoxyphenol (5 repeating units)
3ophb_5_c	C37H53O3	Yes	3 Hexaprenyl 4 hydroxybenzoate C37H53O3
8aonn_e	C9H17NO3	Yes	8-Amino-7-oxononanoate
4aabutn_c	C6H10NO3	Yes	4 Acetamidobutanoate C6H10NO3
cer1_24_c	C42H85NO3	Yes	Ceramide 1  Sphinganinen C240  C42H85NO3
ptd1ino_SC_c	C4140H7644O1300P100	Yes	Phosphatidyl 1D myo inositol  yeast specific C4140H7644O1300P100
cer1_26_c	C44H89NO3	Yes	Ceramide 1  Sphinganinen C260  C44H89NO3
cer2_24_c	C42H85NO4	Yes	Ceramide 2  Phytosphingosinen C240  C42H85NO4
cer2_26_c	C44H89NO4	Yes	Ceramide 2  Phytosphingosinen C260  C44H89NO4
cer3_24_c	C42H85NO5	Yes	Ceramide 3  Phytosphingosinen C240OH  C42H85NO5
cer3_26_c	C44H89NO5	Yes	Ceramide 3  Phytosphingosinen C260OH  C44H89NO5
alac__S_m	C5H7O4	Yes	(S)-2-Acetolactate
2ahbut_m	C6H9O4	Yes	(S)-2-Aceto-2-hydroxybutanoate
3oacoa_x	C24H33N7O18P3RS	Yes	3-Oxoacyl-CoA
lald__L_m	C3H6O2	Yes	L-Lactaldehyde
leu__L_m	C6H13NO2	Yes	L-Leucine
trnaleu_m	R	No	TRNA(Leu)
lanost_c	C30H50O	Yes	Lanosterol C30H50O
Ssq23epx_c	C30H50O	Yes	 S  Squalene 2 3 epoxide C30H50O
dagpy_SC_c	C3540H6544O1100P200	Yes	Diacylglycerol pyrophosphate  yeast specific C3540H6544O1100P200
trnalys_m	HR	No	TRNA(Lys)
lac__L_m	C3H5O3	Yes	L-Lactate
mannan_c	C6H10O5	Yes	Mannan C6H10O5
hcit_m	C7H7O7	Yes	2 Hydroxybutane 1 2 4 tricarboxylate C7H7O7
2mcit_m	C7H7O7	Yes	2-Methylcitrate
malcoa_m	C24H33N7O19P3S	Yes	Malonyl CoA C24H33N7O19P3S
melt_c	C12H24O11	Yes	Melibiitol C12H24O11
ncam_m	C6H6N2O	Yes	Nicotinamide
nicrnt_m	C11H12NO9P	Yes	Nicotinate D-ribonucleotide
prpp_m	C5H8O14P3	Yes	5-Phospho-alpha-D-ribose 1-diphosphate
quln_m	C7H3NO4	Yes	Quinolinate
ind3acnl_c	C10H8N2	Yes	Indole 3 acetonitrile C10H8N2
aprop_c	C3H7N2	Yes	Alpha Aminopropiononitrile C3H7N2
acybut_c	C5H8N2O2	Yes	Gamma Amino gamma cyanobutanoate C5H8N2O2
octdp_5_c	C30H49O7P2	Yes	All-trans-Octaprenyl diphosphate (5 repeating units)
2ohph_5_n	C36H54O2	Yes	2-Octaprenyl-6-hydroxyphenol (5 repeating units)
amet_n	C15H23N6O5S	Yes	S-Adenosyl-L-methionine
2ombzl_5_m	C37H56O3	Yes	"2-Octaprenyl-6-methoxy-1,4-benzoquinol (5 repeating units)"
3c4mop_m	C7H8O5	Yes	3-Carboxy-4-methyl-2-oxopentanoate
2ommbl_5_m	C38H58O3	Yes	"2-Octaprenyl3-methyl-6-methoxy-1,4-benzoquinol (5 repeating units)"
2omph_5_m	C37H56O2	Yes	2-Octaprenyl-6-methoxyphenol (5 repeating units)
2oph_5_c	C36H54O	Yes	2-Octaprenylphenol (5 repeating units)
acorn_m	C7H14N2O3	Yes	N2-Acetyl-L-ornithine
oxag_m	C7H5O7	Yes	Oxaloglutarate C7H5O7
oxag_c	C7H5O7	Yes	Oxaloglutarate C7H5O7
pa_SC_c	C3540H6544O800P100	Yes	Phosphatidate  yeast specific C3540H6544O800P100
zymst_c	C27H44O	Yes	Zymosterol C27H44O
psph1p_c	C18H39NO6P	Yes	Phytosphingosine 1 phosphate C18H39NO6P
sbt__L_c	C6H14O6	Yes	L Sorbitol C6H14O6
psphings_c	C18H40NO3	Yes	Phytosphingosine C18H40NO3
sql_c	C30H50	Yes	Squalene C30H50
alltt_e	C4H7N4O4	Yes	Allantoate
dann_e	C9H21N2O2	Yes	"7,8-Diaminononanoate"
gcald_e	C2H4O2	Yes	Glycolaldehyde
3oddcoa_x	C33H52N7O18P3S	Yes	3-Oxododecanoyl-CoA
3otdcoa_x	C35H56N7O18P3S	Yes	3-Oxotetradecanoyl-CoA
3ohdcoa_x	C37H60N7O18P3S	Yes	3-Oxohexadecanoyl-CoA
3ohodcoa_x	C39H64N7O18P3S	Yes	3-Oxooctadecanoyl-CoA
3ohxccoa_x	C47H80N7O18P3S	Yes	3 Oxohexacosyl CoA C47H80N7O18P3S
1ag3p_SC_c	C1920H3622O700P100	Yes	1 Acyl sn glycerol 3 phosphate C1920H3622O700P100
ocdycacoa_c	C39H62N7O17P3S	Yes	Octadecynoyl CoA  n C182CoA  C39H62N7O17P3S
acg5p_m	C7H9NO8P	Yes	N-Acetyl-L-glutamyl 5-phosphate
id3acald_m	C10H9NO	Yes	Indole 3 acetaldehyde C10H9NO
adp_g	C10H12N5O10P2	Yes	ADP C10H12N5O10P2
adp_v	C10H12N5O10P2	Yes	ADP C10H12N5O10P2
pi_v	HO4P	No	Phosphate
44mctr_c	C29H46O	Yes	4 4 dimethylcholesta 8 14 24 trienol C29H46O
ergtrol_c	C28H44O	Yes	Ergosta 5 7 24 28  trienol C28H44O
4mzym_int1_c	C29H46O3	Yes	4 Methylzymosterol intermediate 1 C29H46O3
zym_int1_c	C28H44O3	Yes	Zymosterol intermediate 1 C28H44O3
4mzym_int2_c	C28H44O	Yes	4 Methylzymosterol intermediate 2 C28H44O
zym_int2_c	C27H42O	Yes	Zymosterol intermediate 2 C27H42O
44mzym_c	C29H48O	Yes	4 4 dimethylzymosterol C29H48O
4mzym_c	C28H46O	Yes	4 methylzymosterol C28H46O
epist_c	C28H46O	Yes	Episterol C28H46O
fecost_c	C28H46O	Yes	Fecosterol C28H46O
cbasp_n	C5H6N2O5	Yes	N-Carbamoyl-L-aspartate
hco3_n	CHO3	Yes	Bicarbonate
cdpdag_SC_m	C4440H7744N300O1500P200	Yes	CDPdiacylglycerol  yeast specific C4440H7744N300O1500P200
ttccoa_c	C45H78N7O17P3S	Yes	Tetracosanoyl CoA   n C240CoA  C45H78N7O17P3S
chitin_c	C8H13NO5	Yes	Chitin  monomer  C8H13NO5
cit_x	C6H5O7	Yes	Citrate
pg_SC_m	C3840H7244O1000P100	Yes	Phosphatidylglycerol  yeast specific C3840H7244O1000P100
co2_n	CO2	Yes	CO2 CO2
cyst__L_x	C7H14N2O4S	Yes	L-Cystathionine
12dgr_SC_c	C3540H6644O500	Yes	1 2 Diacylglycerol  yeast specific C3540H6644O500
pa_SC_m	C3540H6544O800P100	Yes	Phosphatidate  yeast specific C3540H6544O800P100
e4p_m	C4H7O7P	Yes	D-Erythrose 4-phosphate
6dg_c	C12H22O11	Yes	D Gal alpha 1 6D Glucose C12H22O11
23dhmb_m	C5H9O4	Yes	"(R)-2,3-Dihydroxy-3-methylbutanoate"
23dhmp_m	C6H11O4	Yes	"(R)-2,3-Dihydroxy-3-methylpentanoate"
dhnpt_m	C9H13N5O4	Yes	Dihydroneopterin
dhor__S_n	C5H5N2O4	Yes	(S)-Dihydroorotate
2ahhmp_m	C7H9N5O2	Yes	2 Amino 4 hydroxy 6 hydroxymethyl 7 8 dihydropteridine C7H9N5O2
4abz_m	C7H6NO2	Yes	4-Aminobenzoate
caphis_c	C10H16N4O4	Yes	2  3 Carboxy 3 aminopropyl  L histidine C10H16N4O4
2omhmbl_5_m	C38H58O4	Yes	"2-Octaprenyl-3-methyl-5-hydroxy-6-methoxy-1,4-benzoquinol (5 repeating units)"
2dhp_m	C6H9O4	Yes	2-Dehydropantoate
lac__D_m	C3H5O3	Yes	D-Lactate
hxc2coa_x	C47H80N7O17P3S	Yes	Trans Hexacos 2 enoyl CoA C47H80N7O17P3S
3hddcoa_x	C33H54N7O18P3S	Yes	(S)-3-Hydroxydodecanoyl-CoA
3htdcoa_x	C35H58N7O18P3S	Yes	(S)-3-Hydroxytetradecanoyl-CoA
3hhdcoa_x	C37H62N7O18P3S	Yes	(S)-3-Hydroxyhexadecanoyl-CoA
3hodcoa_x	C39H66N7O18P3S	Yes	(S)-3-Hydroxyoctadecanoyl-CoA
e4hglu_x	C5H8NO5	Yes	L erythro 4 Hydroxyglutamate C5H8NO5
epm_c	C12H22O11	Yes	Epimelibiose C12H22O11
ergst_r	C28H44O	Yes	Ergosterol C28H44O
ergtetrol_c	C28H42O	Yes	Ergosta 5 7 22 24  28  tetraen 3beta ol C28H42O
dca_x	C10H19O2	Yes	Decanoate (n-C10:0)
ddca_x	C12H23O2	Yes	Dodecanoate (n-C12:0)
ttdca_x	C14H27O2	Yes	Tetradecanoate (n-C14:0)
ttdcea_x	C14H25O2	Yes	Tetradecenoate (n-C14:1)
hdca_x	C16H31O2	Yes	Hexadecanoate (n-C16:0)
hdcea_x	C16H29O2	Yes	Hexadecenoate (n-C16:1)
ttc_x	C24H47O2	Yes	Tetracosanoate  n C240  C24H47O2
hexc_x	C26H51O2	Yes	Hexacosanoate  n C260  C26H51O2
octa_x	C8H15O2	Yes	Octanoate (n-C8:0)
fmn_m	C17H19N4O9P	Yes	FMN C17H19N4O9P
tdecoa_x	C35H56N7O17P3S	Yes	Tetradecenoyl-CoA (n-C14:1CoA)
hdcoa_x	C37H60N7O17P3S	Yes	Hexadecenoyl-CoA (n-C16:1CoA)
odecoa_x	C39H64N7O17P3S	Yes	Octadecenoyl-CoA (n-C18:1CoA)
ocdycacoa_x	C39H62N7O17P3S	Yes	Octadecynoyl CoA  n C182CoA  C39H62N7O17P3S
ttccoa_x	C45H78N7O17P3S	Yes	Tetracosanoyl CoA   n C240CoA  C45H78N7O17P3S
ocACP_m	C19H35N2O8PRS	Yes	Octanoyl-ACP (n-C8:0ACP)
dcaACP_m	C21H39N2O8PRS	Yes	Decanoyl-ACP (n-C10:0ACP)
mettrna_m	C5H10NOSR	Yes	L-Methionyl-tRNA (Met)
2ahhmd_m	C7H8N5O8P2	Yes	2 Amino 4 hydroxy 6 hydroxymethyl 7 8 dihydropteridine diphosphate C7H8N5O8P2
gdpmann_g	C16H23N5O16P2	Yes	GDP-D-mannose
m2macchitppdol_g	C49H84N2O32P2	Yes	 alpha D mannosyl 2 beta D mannosyl diacetylchitobiosyldiphosphodolichol C49H84N2O32P2
m3macchitppdol_g	C55H94N2O37P2	Yes	 alpha D mannosyl 3 beta D mannosyl diacetylchitodiphosphodolichol C55H94N2O37P2
macchitppdol_g	C37H64N2O22P2	Yes	Beta D Mannosyldiacetylchitobiosyldiphosphodolichol C37H64N2O22P2
m1macchitppdol_g	C43H74N2O27P2	Yes	Alpha D mannosyl beta D mannosyl diacylchitobiosyldiphosphodolichol C43H74N2O27P2
1Dgali_c	C12H22O11	Yes	1 alpha D Galactosyl myo inositol C12H22O11
14glun_c	C6H12O6	Yes	 1 4 alpha D Glucosyl n C6H12O6
lpro_m	S2X	No	Lipoylprotein S2X
dhlpro_m	H2S2X	No	Dihydrolipolprotein H2S2X
ggl_c	C9H18O8	Yes	Galactosylglycerol C9H18O8
glp_c	C4H7N2O3R	Yes	Glycylpeptide C4H7N2O3R
oh1_m	HO	No	Hydroxide ion HO
lgt__S_m	C13H20N3O8S	Yes	(R)-S-Lactoylglutathione
3hxccoa_x	C47H82N7O18P3S	Yes	 S  3 Hydroxyhexacosyl CoA C47H82N7O18P3S
3hacoa_x	C24H35N7O18P3RS	Yes	(S)-3-Hydroxyacyl-CoA
b124tc_m	C7H5O6	Yes	But 1 ene 1 2 4 tricarboxylate C7H5O6
octdp_5_m	C30H49O7P2	Yes	All-trans-Octaprenyl diphosphate (5 repeating units)
akg_n	C5H4O5	Yes	2-Oxoglutarate
hicit_m	C7H7O7	Yes	Homoisocitrate C7H7O7
trnahis_m	R	No	TRNA(His)
trnaile_m	R	No	TRNA(Ile)
met__L_m	C5H11NO2S	Yes	L-Methionine
trnamet_m	R	No	TRNA(Met)
ptdmeeta_SC_c	C3840H7444N100O800P100	Yes	Phosphatidyl N methylethanolamine  yeast specific C3840H7444N100O800P100
mipc124_SC_c	C5400H10500N100O1600P100	Yes	Mannose inositol phosphorylceramide  ceramide 1  24C   yeast specific C5400H10500N100O1600P100
mipc126_SC_c	C5600H10900N100O1600P100	Yes	Mannose inositol phosphorylceramide  ceramide 1  26C   yeast specific C5600H10900N100O1600P100
mipc224_SC_c	C5400H10500N100O1700P100	Yes	Mannose inositol phosphorylceramide  ceramide 2  24C   yeast specific C5400H10500N100O1700P100
mipc226_SC_c	C5600H10900N100O1700P100	Yes	Mannose inositol phosphorylceramide  ceramide 2  26C   yeast specific C5600H10900N100O1700P100
mipc324_SC_c	C5400H10500N100O1800P100	Yes	Mannose inositol phosphorylceramide  ceramide 3  24C   yeast specific C5400H10500N100O1800P100
mipc326_SC_c	C5600H10900N100O1800P100	Yes	Mannose inositol phosphorylceramide  ceramide 3  26C  C5600H10900N100O1800P100
ipc124_SC_c	C4800H9500N100O1100P100	Yes	Inositol phosphorylceramide  ceramide 1  24C   yeast specific C4800H9500N100O1100P100
ipc126_SC_c	C5000H9900N100O1100P100	Yes	Inositol phosphorylceramide  ceramide 1  26C   yeast specific C5000H9900N100O1100P100
ipc224_SC_c	C4800H9500N100O1200P100	Yes	Inositol phosphorylceramide  ceramide 2  24C   yeast specific C4800H9500N100O1200P100
ipc226_SC_c	C5000H9900N100O1200P100	Yes	Inositol phosphorylceramide  ceramide 2  26C   yeast specific C5000H9900N100O1200P100
ipc324_SC_c	C4800H9500N100O1300P100	Yes	Inositol phosphorylceramide  ceramide 3  24C   yeast specific C4800H9500N100O1300P100
ipc326_SC_c	C5000H9900N100O1300P100	Yes	Inositol phosphorylceramide  ceramide 3  26C   yeast specific C5000H9900N100O1300P100
dnad_m	C21H24N6O15P2	Yes	Deamino-NAD+
nac_m	C6H4NO2	Yes	Nicotinate
nmn_m	C11H14N2O8P	Yes	NMN C11H14N2O8P
pepd_c	C2H4NO2RC2H2NOR	Yes	Peptide C2H4NO2RC2H2NOR
pe_SC_c	C3740H7244N100O800P100	Yes	Phosphatidylethanolamine  yeast specific C3740H7244N100O800P100
pgp_SC_m	C3840H7144O1300P200	Yes	Phosphatidylglycerophosphate  yeast specific C3840H7144O1300P200
trnaphe_m	HR	No	TRNA(Phe)
ptd3ino_SC_c	C4140H7544O1600P200	Yes	Phosphatidyl 1D myo 3 inositol  yeast specific C4140H7544O1600P200
ptd145bp_SC_c	C4140H7444O1900P300	Yes	1 Phosphatidyl D myo inositol 4 5 bisphosphate  yeast specific C4140H7444O1900P300
ptd4ino_SC_c	C4140H7544O1600P200	Yes	Phosphatidyl 1D myo 4 inositol  yeast specific C4140H7544O1600P200
ptd1ino_SC_n	C4140H7644O1300P100	Yes	Phosphatidyl 1D myo inositol  yeast specific C4140H7644O1300P100
cdpdag_SC_c	C4440H7744N300O1500P200	Yes	CDPdiacylglycerol  yeast specific C4440H7744N300O1500P200
ptd2meeta_SC_c	C3940H7644N100O800P100	Yes	Phosphatidyl N dimethylethanolamine C3940H7644N100O800P100
N1aspmd_c	C9H23N3O	Yes	N1-Acetylspermidine
N1sprm_c	C12H31N4O	Yes	N1 Acetylspermine C12H31N4O
ps_SC_g	C3840H7144N100O1000P100	Yes	Phosphatidylserine  yeast specific C3840H7144N100O1000P100
ps_SC_m	C3840H7144N100O1000P100	Yes	Phosphatidylserine  yeast specific C3840H7144N100O1000P100
h_v	H	No	H+
ps_SC_v	C3840H7144N100O1000P100	Yes	Phosphatidylserine  yeast specific C3840H7144N100O1000P100
ps_SC_c	C3840H7144N100O1000P100	Yes	Phosphatidylserine  yeast specific C3840H7144N100O1000P100
gsn_m	C10H13N5O5	Yes	Guanosine
ribflv_m	C17H20N4O6	Yes	Riboflavin C17H20N4O6
trdrd_n	XH2	No	Reduced thioredoxin
trnathr_m	C10H17O10PR2	Yes	TRNA(Thr)
h2o_v	H2O	No	H2O H2O
tre_v	C12H22O11	Yes	Trehalose
trnatrp_m	R	No	TRNA(Trp)
trp__L_m	C11H12N2O2	Yes	L-Tryptophan
34hpp_x	C9H7O4	Yes	3-(4-Hydroxyphenyl)pyruvate
trnatyr_m	HR	No	TRNA(Tyr)
tyr__L_m	C9H11NO3	Yes	L-Tyrosine
dump_n	C9H11N2O8P	Yes	DUMP C9H11N2O8P
trnaval_m	R	No	TRNA(Val)
val__L_m	C5H11NO2	Yes	L-Valine
pc_SC_c	C4040H7844N100O800P100	Yes	Phosphatidylcholine  yeast specific C4040H7844N100O800P100
triglyc_SC_c	C5160H9566O600	Yes	Triglyceride  yeast specific C5160H9566O600
al26da_c	C9H14N2O5	Yes	N6 Acetyl LL 2 6 diaminoheptanedioate
CPS_LLA_c	C24H47O26P1	Yes	Polysaccharide units Lactis specific
DNA_LLA_c	C982H1132N368O600P100	Yes	DNA composition  lactis specific 
LTAAlaGal_LLA_c	C17400H31998N600O15000P1600	Yes	Lipoteichoic acid  n16  with 0 38 ala and 062 gal 
PG_c	C39H64N8O19	Yes	Peptidoglycan
PROT_LLA_v3_c	C4869H7804N1364O1390S59	Yes	Protein for biomass  lactis specific  v3
RNA_LLA_c	C958H1078N394O696P100	Yes	RNA biosynthesis  lactis 
clpn_LLA_c	C7740H14396O1700P200	Yes	Cardiolipin  lactis specific 
d12dg_LLA_c	C4920H8998O1500	Yes	Diglucosyl 1 2 diacylglycerol
lyspg_LLA_c	C4620H8898N200O1100P100	Yes	1 lysyl phosphatidyl glycerol  lactis specific 
m12dg_LLA_c	C4320H7998O1000	Yes	Monoglucosyl 1 2 diacylglycerol
pg_LLA_c	C4020H7598O1000P100	Yes	Phospatidylglycerol  Lactis specific 
2h3mb_c	C6H8O6PS	Yes	2 hydroxy 3 methyl butanoate
2h3mp_c	C6H8O6PS	Yes	2 hydroxy 3 methyl pentanoate
2hxic__L_c	C6H11O3	Yes	L 2 hydroxyisocaproate
2mbald_c	C5H10O	Yes	2 methylbutyraldehyde C5H10O
2mba_c	C5H9O2	Yes	2 methyl butanoic acid
2mpa_c	C4H7O2	Yes	2 methylpropanoic acid
2mb_p_c	C6H8N3O7P2	Yes	2 methylbutanoyl p
3mbal_c	C5H10O	Yes	3 methylbutanal
3mba_c	C5H9O2	Yes	3 methylbutanoic acid
iv_p_c	C9H9INO3	Yes	Isovaleryl phosphate
ib_p_c	C4H4NO4	Yes	Isobutyryl phosphate
ch4s_e	CH4S	Yes	Methanethiol CH4S
ACP_2_c	HX	No	Acyl carrier protein
dtdp6dm_c	C16H24N2O15P2	Yes	DTDP 6 deoxy L mannose
2chdeacp_c	C16H28OX	Yes	Cis Hexadec 2 enoyl acyl carrier protein
2cocdacp_c	C18H32OX	Yes	Cis Octadec 2 enoyl acyl carrier protein
2ctdeacp_c	C14H24OX	Yes	Cis Tetradec 2 enoyl acyl carrier protein
agly3p_LLA_c	C2010H3799O700P100	Yes	1 Acyl sn glycerol 3 phosphate  lactis specific 
cpocdacp_c	C19H34OX	Yes	Cyclopropanoyl octadecanoyl acyl carrier protein
hdeacp_c	C27H49N2O8PRS	Yes	Hexadecanoyl acyl carrier protein
ocdacp_c	C18H34OX	Yes	Octadecanoyl acyl carrier protein
tdeacp_c	C25H45N2O8PRS	Yes	Tetradecanoyl acyl carrier protein
2aeppn_e	C2H7NO3P	Yes	2 Aminoethyl phosphonate
2h3mb_e	C6H8O6PS	Yes	2 hydroxy 3 methyl butanoate
2h3mp_e	C6H8O6PS	Yes	2 hydroxy 3 methyl pentanoate
2hxic__L_e	C6H11O3	Yes	L 2 hydroxyisocaproate
2mba_e	C5H9O2	Yes	2 methyl butanoic acid
2mbald_e	C5H10O	Yes	2 methylbutyraldehyde C5H10O
2mpa_e	C4H7O2	Yes	2 methylpropanoic acid
3mba_e	C5H9O2	Yes	3 methylbutanoic acid
3mbal_e	C5H10O	Yes	3 methylbutanal
acgala_e	C8H15NO6	Yes	N Acetyl D galactosamine
4hglu_c	C5H8NO5	Yes	4-Hydroxy-L-glutamate
2beacp_c	C4H4OX	Yes	But 2 enoyl acyl carrier protein
orn__L_c	C5H13N2O2	Yes	L Ornithine C5H13N2O2
unagama_c	C71H116N2O17P2	Yes	Undecaprenyl diphospho N acetylglucosamine N acetylmannosamine
cdprbtl_c	C14H23N3O15P2	Yes	CDPribitol
unagamagp_c	C74H122N2O22P3	Yes	Undecaprenyl diphospho N acetylglucosamine N acetylmannosamine glycerolphosphate
mql7_c	C46H66O2	Yes	Menaquinol 7 C46H66O2
2tddacp_c	C12H20OX	Yes	Trans Dodec 2 enoyl acyl carrier protein
2tdeacp_c	C10H16OX	Yes	Trans Dec 2 enoyl acyl carrier protein
12dgr_LLA_c	C3720H6998O500	Yes	1 2 diacylglycerol  lactis specific 
pa_LLA_c	C3720H6898O800P100	Yes	Phosphatidic acid  Lactis specific 
LTA_LLA_c	C9720H18598O9500P1600	Yes	Lipoteichoic acid  n16  Lactis specific 
LTAala_LLA_c	C11520H22198N600O10100P1600	Yes	Lipoteichoic acid  n16  with 038 ala substitutions 
fmet_c	C6H10NO3S	Yes	N Formyl L methionine C6H10NO3S
5fothf_c	C20H21N7O7	Yes	5 Formyltetrahydrofolate
a_gal__D_c	C6H12O6	Yes	Alpha D galactose
malacp_c	C14H22N2O10PRS	Yes	Malonyl acyl carrier protein
2thdeacp_c	C16H28OX	Yes	Trans Hexadec 2 enoyl acyl carrier protein
glutrnagln_c	C20H29NO19P2R3	Yes	Glutamine tRNA charged with glutamate
haram_c	C6H7NO	Yes	N Hydroxyarylamine
3oxddacp_c	C12H20O2X	Yes	3 Oxododecanoyl acyl carrier protein
3oxdeacp_c	C10H16O2X	Yes	3 Oxodecanoyl acyl carrier protein
3hdeacp_c	C10H18O2X	Yes	3R  3 Hydroxydecanoyl acyl carrier protein
3hpaacp_c	C16H30O2X	Yes	3R  3 Hydroxypalmitoyl acyl carrier protein
3oxhdacp_c	C16H28O2X	Yes	3 Oxohexadecanoyl acp
3oxhacp_c	C6H8O2X	Yes	3 Oxohexanoyl acyl carrier protein
3oxocacp_c	C8H12O2X	Yes	3 Oxooctanoyl acyl carrier protein
3oxocdacp_c	C18H32O2X	Yes	3 Oxooctadecanoyl acp
aaacp_c	C4H4O2X	Yes	Acetoacetyl acyl carrier protein
3oxtdacp_c	C14H24O2X	Yes	3 Oxotetradecanoyl acyl carrier protein
glcn__D_c	C6H11O7	Yes	D Gluconate C6H11O7
lystrna_c	C21H36N2O17P2R3	Yes	L-Lysine-tRNA (Lys)
orn__L_e	C5H13N2O2	Yes	L Ornithine C5H13N2O2
acp_c	X	No	Acyl carrier Protein
pgp_LLA_c	C4020H7498O1300P200	Yes	Phosphatidylglycerophosphate  lactis specific 
argtrna_c	C21H36N4O17P2R3	Yes	L-Arginyl-tRNA(Arg)
asntrna_c	C19H29N2O18P2R3	Yes	L-Asparaginyl-tRNA(Asn)
asptrna_c	C19H27NO19P2R3	Yes	L-Aspartyl-tRNA(Asp)
cystrna_c	C18H28NO17P2SR3	Yes	L-Cysteinyl-tRNA(Cys)
glntrna_c	C20H31N2O18P2R3	Yes	L-Glutaminyl-tRNA(Gln)
glytrna_c	C17H26NO17P2R3	Yes	Glycyl-tRNA(Gly)
histrna_c	C21H30N3O17P2R3	Yes	L-Histidyl-tRNA(His)
iletrna_c	C21H34NO17P2R3	Yes	L-Isoleucyl-tRNA(Ile)
leutrna_c	C21H34O17P2R3N	Yes	L-Leucyl-tRNA(Leu)
phetrna_c	C24H32NO17P2R3	Yes	L-Phenylalanyl-tRNA(Phe)
protrna_c	C20H30NO17P2R3	Yes	L-Prolyl-tRNA(Pro)
sertrna_c	C18H28NO18P2R3	Yes	L-Seryl-tRNA(Ser)
thrtrna_c	C19H30NO18P2R3	Yes	L-Threonyl-tRNA(Thr)
trptrna_c	C26H33N2O17P2R3	Yes	L-Tryptophanyl-tRNA(Trp)
tyrtrna_c	C24H32NO18P2R3	Yes	L-Tyrosyl-tRNA(Tyr)
valtrna_c	C20H32NO17P2R3	Yes	L-Valyl-tRNA(Val)
butacp_c	C4H6OX	Yes	Butyryl acyl carrier protein
2tocdacp_c	C18H32OX	Yes	Trans Octadec 2 enoyl acyl carrier protein
cdpdag_LLA_c	C4620H8098N300O1500P200	Yes	CDPdiacylglycerol  lactis specific
pyrin_c	C9H14N2O4	Yes	Pyrimidine nucleoside
2ttdeacp_c	C14H24OX	Yes	Trans Tetradec 2 enoyl acyl carrier protein
dtdpglc_c	C16H24N2O16P2	Yes	DTDPglucose
udcp_c	C55H90O	Yes	Undecaprenol
2theacp_c	C6H8OX	Yes	Trans Hex 2 enoyl acp
2toceacp_c	C8H12OX	Yes	Trans Oct 2 enoyl acp
3hhacp_c	C6H10O2X	Yes	 3 Hydroxyhexanoyl acp
3hocacp_c	C8H14O2X	Yes	 3 Hydroxyoctanoyl acyl carrier protein
3hocdacp_c	C18H34O2X	Yes	3R  3 Hydroxyoctadecanoyl acyl carrier protein
3hbacp_c	C4H6O2X	Yes	3R  3 Hydroxybutanoyl acyl carrier protein
3htdacp_c	C14H27O2X	Yes	3R  3 Hydroxytetradecanoyl acyl carrier protein
3hddacp_c	C12H22O2X	Yes	 3 Hydroxydodecanoyl acyl carrier protein
ddeacp_c	C12H22OX	Yes	Dodecanoyl acyl carrier protein
10m3uACP_c	C23H43N2O9PRS	Yes	10-methyl-3-hydroxy-undecanoyl-ACP
10m3ouACP_c	C23H41N2O9PRS	Yes	10-methyl-3-oxo-undecanoyl-ACP
10mdACP_c	C24H45N2O8PRS	Yes	10-methyl-dodecanoyl-ACP
10mtd2eACP_c	C24H43N2O8PRS	Yes	10-methyl-trans-dodec-2-enoyl-ACP
10mtu2eACP_c	C23H41N2O8PRS	Yes	10-methyl-trans-undec-2-enoyl-ACP
10muACP_c	C23H43N2O8PRS	Yes	10-methyl-undecanoyl-ACP
11m3odACP_c	C24H43N2O9PRS	Yes	11-methyl-3-oxo-dodecanoyl-ACP
11mdACP_c	C24H45N2O8PRS	Yes	11-methyl-dodecanoyl-ACP
11m3hdACP_c	C24H45N2O9PRS	Yes	11-methyl-3-hydroxy-dodecanoyl-ACP
11mtdeACP_c	C24H43N2O8PRS	Yes	11-methyl-trans-dodec-2-enoyl-ACP
12m3htdACP_c	C26H49N2O9PRS	Yes	12-methyl-3-hydroxy-tetra-decanoyl-ACP
12mdhtACP_c	C25H47N2O9PRS	Yes	12-methyl-3-hydroxy-tridecanoyl-ACP
12m3otACP_c	C25H45N2O9PRS	Yes	12-methyl-3-oxo-tridecanoyl-ACP
123oxtACP_c	C26H47N2O9PRS	Yes	12-methyl-3-oxo-tetra-decanoyl-ACP
12mtACP_c	C25H47N2O8PRS	Yes	12-methyl-tridecanoyl-ACP
12mtt2eACP_c	C25H45N2O8PRS	Yes	12-methyl-trans-tridec-2-enoyl-ACP
12methtetdec2_c	C26H47N2O8PRS	Yes	12-methyl-trans-tetra-dec-2-enoyl-ACP
13m3htdACP_c	C26H49N2O9PRS	Yes	13-methyl-3-hydroxy-tetra-decanoyl-ACP
13m3otdACP_c	C26H47N2O9PRS	Yes	13-methyl-3-oxo-tetra-decanoyl-ACP
13mtdACP_c	C26H49N2O8PRS	Yes	13-methyl-tetra-decanoyl-ACP
13mttd2eACP_c	C26H47N2O8PRS	Yes	13-methyl-trans-tetra-dec-2-enoyl-ACP
14m3hdACP_c	C28H53N2O9PRS	Yes	14-methyl-3-hydroxy-hexa-decanoyl-ACP
14m3hpACP_c	C27H51N2O9PRS	Yes	14-methyl-3-hydroxy-pentadecanoyl-ACP
14m3ohdACP_c	C28H51N2O9PRS	Yes	14-methyl-3-oxo-hexa-decanoyl-ACP
14m3opACP_c	C27H49N2O9PRS	Yes	14-methyl-3-oxo-pentadecanoyl-ACP
14mhdACP_c	C28H53N2O8PRS	Yes	14-methyl-hexa-decanoyl-ACP
14mpACP_c	C27H51N2O8PRS	Yes	14-methyl-pentadecanoyl-ACP
14mthdeACP_c	C28H51N2O8PRS	Yes	14-methyl-trans-hexa-dec-2-enoyl-ACP
14mtp2eACP_c	C27H49N2O8PRS	Yes	14-methyl-trans-pentadec-2-enoyl-ACP
15m3hdACP_c	C28H53N2O9PRS	Yes	15-methyl-3-hydroxy-hexa-decanoyl-ACP
octACP_c	C29H55N2O8PRS	Yes	Octodecanoyl-ACP
hedACP_c	C27H51N2O8PRS	Yes	Hexadecanoyl-acp
4m3hhexACP_c	C18H33N2O9PRS	Yes	4-methyl-3-hydroxy-hexanoyl-ACP
4m3hpAPC_c	C17H31N2O9PRS	Yes	4-methyl-3-hydroxy-pentanoyl-ACP
2mbutACP_c	C16H29N2O8PRS	Yes	2-methylbutyryl-ACP
4m3opACP_c	C17H29N2O9PRS	Yes	4-methyl-3-oxo-pentanoyl-ACP
4m3ohexACP_c	C18H31N2O9PRS	Yes	4-methyl-3-oxo-hexanoyl-ACP
4mpACP_c	C17H31N2O8PRS	Yes	4-methyl-pentanoyl-ACP
4methexACP_c	C18H33N2O8PRS	Yes	4-methyl-hexanoyl-ACP
4methex2eACP_c	C18H31N2O8PRS	Yes	4-methyl-trans-hex-2-enoyl-ACP
15m3ohdACP_c	C28H51N2O9PRS	Yes	15-methyl-3-oxo-hexa-decanoyl-ACP
15mhdACP_c	C28H53N2O8PRS	Yes	15-methyl-hexa-decanoyl-ACP
15methexeACP_c	C28H51N2O8PRS	Yes	15-methyl-trans-hexa-dec-2-enoyl-ACP
16m3hdACP_c	C30H57N2O9PRS	Yes	16-methyl-3-hydroxy-hexa-decanoyl-ACP
16m3hpACP_c	C29H55N2O9PRS	Yes	16-methyl-3-hydroxy-pentadecanoyl-ACP
4mtpACP_c	C17H29N2O8PRS	Yes	4-methyl-trans-pent-2-enoyl-ACP
5m3hACP_c	C18H33N2O9PRS	Yes	5-methyl-3-hydroxy-hexanoyl-ACP
5m3hhACP_c	C18H31N2O9PRS	Yes	5-methyl-3-oxo-hexanoyl-ACP
3mehacp_c	C18H33N2O8PRS	Yes	5-methyl-hexanoyl-ACP
5mhACP_c	C18H31N2O8PRS	Yes	5-methyl-trans-hex-2-enoyl-ACP
6m3hhACP_c	C19H35N2O9PRS	Yes	6-methyl-3-hydroxy-heptanoyl-ACP
16m3ohdACP_c	C30H55N2O9PRS	Yes	16-methyl-3-oxo-hexa-decanoyl-ACP
16m3opACP_c	C29H53N2O9PRS	Yes	16-methyl-3-oxo-pentadecanoyl-ACP
16mthdeACP_c	C30H55N2O8PRS	Yes	16-methyl-trans-hexa-dec-2-enoyl-ACP
16mtp2eACP_c	C29H53N2O8PRS	Yes	16-methyl-trans-pentadec-2-enoyl-ACP NAD oxidoreductase A-specific 
17m3hdACP_c	C30H57N2O9PRS	Yes	17-methyl-3-hydroxy-hexa-decanoyl-ACP
17m3ohdACP_c	C30H55N2O9PRS	Yes	17-methyl-3-oxo-hexa-decanoyl-ACP
17mthdeACP_c	C30H55N2O8PRS	Yes	17-methyl-trans-hexa-dec-2-enoyl-ACP
6m3hoACP_c	C20H37N2O9PRS	Yes	6-methyl-3-hydroxy-octanoyl-ACP
6m3ohACP_c	C19H33N2O9PRS	Yes	6-methyl-3-oxo-heptanoyl-ACP
6m3oACP_c	C20H35N2O9PRS	Yes	6-methyl-3-oxo-octanoyl-ACP
6mhACP_c	C19H35N2O8PRS	Yes	6-methyl-heptanoyl-ACP
6moACP_c	C20H37N2O8PRS	Yes	6-methyl-octanoyl-ACP
6mth2eACP_c	C19H33N2O8PRS	Yes	6-methyl-trans-hept-2-enoyl-ACP
6mto2eACP_c	C20H35N2O8PRS	Yes	6-methyl-trans-oct-2-enoyl-ACP
lac6p_c	C12H21O14P	Yes	Lactose-6-phosphate
acgam_w	C8H15NO6	Yes	N-Acetyl-D-glucosamine
23cump_c	C9H10N2O8P	Yes	"2',3'-Cyclic UMP"
23ccmp_c	C9H11N3O7P	Yes	"2',3'-Cyclic CMP"
7m3hoACP_c	C20H37N2O9PRS	Yes	7-methyl-3-hydroxy-octanoyl-ACP
7me3oxoacp_c	C20H35N2O9PRS	Yes	7-methyl-3-oxo-octanoyl-ACP
7moACP_c	C20H37N2O8PRS	Yes	7-methyl-octanoyl-ACP
7mto2eACP_c	C20H35N2O8PRS	Yes	7-methyl-trans-oct-2-enoyl-ACP
23cgmp_c	C10H11N5O7P	Yes	"2',3'-Cyclic GMP"
dattoo_c		No	2 5-Diamino-6-5'-triphosphoryl-3' 4'-trihydroxy-2'-oxopentyl- amino-4-oxopyrimidine
8m3hdACP_c	C22H41N2O9PRS	Yes	8-methyl-3-hydroxy-decanoyl-ACP
8m3hnACP_c	C21H39N2O9PRS	Yes	8-methyl-3-hydroxy-nonanoyl-ACP
3hoddecACP_c	C24H45N2O9PRS	Yes	10-methyl-3-hydroxy-dodecanoyl-ACP
8m3odACP_c	C22H39N2O9PRS	Yes	8-methyl-3-oxo-decanoyl-ACP
8m3oxACP_c	C21H37N2O9PRS	Yes	8-methyl-3-oxo-nonanoyl-ACP
8mdACP_c	C22H41N2O8PRS	Yes	8-methyl-decanoyl-ACP
8mtn2eACP_c	C21H37N2O8PRS	Yes	8-methyl-trans-non-2-enoyl-ACP
8mcACP_c	C21H39N2O8PRS	Yes	8-methyl-nonanoyl-ACP
8mtd2eACP_c	C22H39N2O8PRS	Yes	8-methyl-trans-dec-2-enoyl-ACP
9m3hdACP_c	C22H41N2O9PRS	Yes	9-methyl-3-hydroxy-decanoyl-ACP
r3hbACP_c		No	R-3-Hydroxybutanoyl-acyl-carrier protein
9m3odACP_c	C22H39N2O9PRS	Yes	9-methyl-3-oxo-decanoyl-ACP
9mtd2eACP_c	C22H39N2O8PRS	Yes	9-methyl-trans-dec-2-enoyl-ACP
9mdACP_c	C22H41N2O8PRS	Yes	9-methyl-decanoyl-ACP
acadl_c		No	Acetyl adenylate
3hpaACP_c	C27H51N2O9PRS	Yes	R-3-hydroxypalmitoyl-acyl-carrierprotein-
3hvegACP_c	C31H59N2O9PRS	Yes	3-Hydroxyveganoyl-ACP
3hocACP_c	C19H35N2O9PRS	Yes	R-3-Hydroxyoctanoyl-acyl-carrier protein
3oodACP_c	C29H53N2O9PRS	Yes	3-Oxooctodecanoyl-ACP
1ag3p_c	C28H54NO9P	Yes	1-Acyl-sn-glycerol 3-phosphate
acACP_MRSA_c	C27H51N2O8PRS	Yes	Average acyl ACP molecule
pepm_w	C104H170N13O31P2	Yes	"Peptidoglycan monomer: ditrans,octacis-undecaprenyldiphospho-N-acetyl-(N-acetylglucosaminyl)muramoyl-L-alanyl-gamma-D-isoglutaminyl-L-lysyl-(glycyl)5-D-alanyl-D-alanine"
isovACP_c	C16H29N2O8PRS	Yes	Isovaleryl-ACP
3ump_c	C9H11N2O9P	Yes	3  UMP C9H11N2O9P
3cmp_c	C9H12N3O8P	Yes	3  CMP C9H12N3O8P
3gmp_c	C10H12N5O8P	Yes	Guanosine 3  phosphate C10H12N5O8P
3ovegACP_c	C31H57N2O9PRS	Yes	3-Oxo-veganoyl-ACP
ala_L_glu__L_c		No	Ala L glu L C8H13N2O5
ala_leu_c		No	Ala-Leu
ala_his_c		No	Ala-His
gly_glu__L_c	C7H11N2O5	Yes	Gly glu L C7H11N2O5
gly_met_c		No	Gly-Met
ala_L_asp__L_e	C7H11N2O5	Yes	Ala L asp L C7H11N2O5
ala_gln_e		No	Ala-Gln
anhm_w	C11H16NO7	Yes	"1,6-anhydrous-N-Acetylmuramate"
ala_L_glu__L_e	C8H13N2O5	Yes	Ala L glu L C8H13N2O5
alagly_e		No	L-alanylglycine
ala_his_e		No	Ala-His
ala_leu_e		No	Ala-Leu
ala_L_thr__L_e		No	Ala-L-Thr-L
acmama_c	C14H23N2O9	Yes	N-Acetyl-D-muramoyl-L-alanine
arsbet_e		No	ARSENOBETAINE
4pasp_c	C4H6NO7P	Yes	4-Phospho-L-aspartate
ammp_c	C6H11N4	Yes	Aminomethylpyrimidine
gly_asn__L_c	C6H11N3O4	Yes	Gly asn L C6H11N3O4
gly_asp__L_c	C6H9N2O5	Yes	Gly asp L C6H9N2O5
gly_pro__L_c		No	Gly pro L C7H12N2O3
ala_gln_c		No	Ala-Gln
ala_L_asp__L_c		No	Ala L asp L C7H11N2O5
met_L_ala__L_c		No	Met L ala L C8H16N2O3S
prohisglu_c	C16H24N5O7	Yes	Proline-histidine-glutamine tripeptide
lysglugly_c	C13H26N4O7	Yes	Lysine-glutamine-glycine tripeptide
glyglygln_c	C9H18N4O6	Yes	Glycine-glycine-glutamine tripeptide
serglugly_c	C10H18N3O8	Yes	Serine-glutamine-glycine tripeptide
ala_L_thr__L_c		No	Ala-L-Thr-L
asptrnaasn_c	C14H22NO13PR2	Yes	L-Aspartyl-tRNA(Asn)
gly_gln_c		No	Gly-Gln
alagly_c		No	L-alanylglycine
gamm_c	C10H16NO9	Yes	Glucosamine malate
bsh_c	C13H21N2O10S	Yes	Bacillithiol
fos_c	C3H6O4P	Yes	Fosfomycin
hcarb_c		No	Holo-carboxylase
WTA40rPG_w	C323H549N60O213P15	Yes	Peptidoglycan bound wall teichoic acid
WTA40raPG_w	C343H588N67O220P15	Yes	Peptidoglycan bound wall teichoic acid (alanine charged)
WTA40rgPG_w	C376H641N67O246P15	Yes	Peptidoglycan bound wall teichoic acid (N-acetyl-glucosamine charged)
3g12dgr_MRSA_c	C65H125N2O23	Yes	"1,2-diacyl-3-O-(beta-D-glucopyranosyl-(1->6)-O-beta-D-glucopyranosyl)-sn-glycerol"
LTA_MRSA_w	C386H754N8O555P120	Yes	Lipoteichoic acid 
clpn_MRSA_c	C53H101N2O18P2	Yes	Cardiolipin (MRSA); bisphosphatidylglycerol
dag_MRSA_c	C53H103N2O13	Yes	"1,2-diacyl-sn-glycerol 3-phosphate (MRSA)"
pg_MRSA_c	C56H109N2O21P2	Yes	L-1-phosphatidyl-sn-glycerol (MRSA)
pglys_MRSA_c	C62H124N4O23P2	Yes	2-O-D-alanyl-1-O-phosphatidylglycerolysine
uamagl_c	C34H52N7O24P2	Yes	UDP-N-acetyl-alpha-D-muramoyl-L-alanyl-gamma-D-glutamyl-L-lysine
uamaglaa_c	C40H62N9O26P2	Yes	UDP-N-acetyl-alpha-D-muramoyl-L-alanyl-gamma-D-glutamyl-L-lysyl-D-alanyl-D-alanine
cystine__L_e	C6H12N2O4S2	Yes	L-cystine
anhgm_w	C19H29N2O12	Yes	N-Acetyl-D-glucosamine(anhydrous)N-Acetylmuramic acid
pmlmeACP_c	C19H33N2O10PRS	Yes	Pimeloyl-ACP methyl ester
dppt_c	C30H48	Yes	"15-cis-4,4'-diapophytoene"
citdapp_c	C9H14N2O9	Yes	"Citryl-L2,3-diamino-propionic acid"
44dpptf_c	C30H46	Yes	"All-trans-4,4'-diapophytofluene"
nacg_c	C8H13N2O6	Yes	N-(1-amino-1-carboxy-2-ethyl)-glutamic acid
Cit_Mg_e	C6H5O7Mg	Yes	Citrate-Mg
44dpc_c	C30H44	Yes	"All-trans-4,4'-diapo-zeta-carotene"
psqldp_c	C30H49O7P2	Yes	Presqualene diphosphate
38ch2gtp_c	C10H12N5O14P3	Yes	"(8S)-3',8-cyclo-7,8-dihydroguanosine 5'-triphosphate"
cpp3_c	C36H38N4O8	Yes	Coproporphyrin III
psdp_c	C30H49O7P2	Yes	Presqualene diphosphate
ctbt_e	C7H13NO2	Yes	Crotonobetaine
hemoglobin_e	C136H120Fe4N16O16	Yes	Hemoglobin
istfrnA_e	C17FeH24N2O14	Yes	Iron bound extracellular staphyloferrin A
istfrnB_e	C19FeH23N2O19	Yes	Iron bound extracellular staphyloferrin B
stfrnA_e	C17H24N2O14	Yes	Staphyloferrin A
stfrnB_e	C19H23N2O19	Yes	Staphyloferrin B
xsiderophore_e	Fe	No	Xenosiderophore
gly_asp__L_e	C6H9N2O5	Yes	Gly asp L C6H9N2O5
aglaa_e	C85H143N11O20P2	Yes	L-Ala-gamma-D-Glu-L-lys-D-Ala (Extracellular)
gly_cys_e		No	Gly-Cys
44dpnsp_c	C30H40O	Yes	"4,4'-diaponeurosporenal"
12methedec_c	C26H49N2O8PRS	Yes	12methedecACP c
g44dpnspo_c	C36H50O7	Yes	"Glucosyl-4,4'-diaponeurosporenoate"
gly_met_e		No	Gly-Met
gly_phe_e		No	Gly-Phe
44dpnspo_c	C30H39O2	Yes	"4,4'-diaponeurosporenoate"
gly_tyr_e		No	Gly-Tyr
44dpnp_c	C30H42	Yes	"All-trans-4,4'-diaponeurosporene"
dr5p_c	C5H11O8P	Yes	D-ribitol 5-phosphate
hedACP_e	C27H51N2O8PRS	Yes	Hexadecanoyl-acp
btbet_e		No	Butyro-betaine
cbl2_e	C62H88N13O14PCo	Yes	Cob II alamin C62H88CoN13O14P
met_L_ala__L_e	C8H16N2O3S	Yes	Met L ala L C8H16N2O3S
myrsACP_e	C25H47N2O8PRS	Yes	Myristoyl-ACP (n-C14:0ACP)
octACP_e	C29H55N2O8PRS	Yes	Octodecanoyl-ACP
gly_pro__L_e	C7H12N2O3	Yes	Gly pro L C7H12N2O3
gly_asn__L_e	C6H11N3O4	Yes	Gly asn L C6H11N3O4
tvegeACP_c	C31H57N2O8PRS	Yes	Trans-veg-2-enoyl-ACP
vegACP_e	C31H59N2O8PRS	Yes	Veganoyl-ACP
epquetrna_c	C9H9N4O5R	Yes	Epoxyqueuosine34 in tRNA
12methedec_e	C26H49N2O8PRS	Yes	12methedecACP c
12mtACP_e	C25H47N2O8PRS	Yes	12-methyl-tridecanoyl-ACP
13mtdACP_e	C26H49N2O8PRS	Yes	13-methyl-tetra-decanoyl-ACP
14mhdACP_e	C28H53N2O8PRS	Yes	14-methyl-hexa-decanoyl-ACP
14mpACP_e	C27H51N2O8PRS	Yes	14-methyl-pentadecanoyl-ACP
dgal6p_c	C6H11O9P	Yes	D-Galactose 6-phosphate
fecpp3_c	C36H36FeN4O8	Yes	Fe-Coproporphyrin III
15mhdACP_e	C28H53N2O8PRS	Yes	15-methyl-hexa-decanoyl-ACP
16mhdACP_e	C30H57N2O8PRS	Yes	16-methyl-hexa-decanoyl-ACP
16mpACP_e	C29H55N2O8PRS	Yes	16-methyl-pentadecanoyl-ACP
17mhdACP_e	C30H57N2O8PRS	Yes	17-methyl-hexa-decanoyl-ACP
gcvhlipl_c	C642H992N145O226P2S7	Yes	GcvH N6-(lipoyl)lysine
gcvHalip_c	C643H998N146O226P2S7	Yes	S-Aminomethyldihydrolipoylprotein (gcvH)
gcvHdhlip_c	C642H994N145O226P2S7	Yes	Dihydrolipolprotein (gcvH)
gcvHL_nhLA_c	C568H893N131O191P2S4	Yes	N-Lipoyl gcvh-L protein
gcvH_c	C626H967N145O217S3	Yes	GcvH protein
gcvHL_c	C560H876N130O183S2	Yes	Gcvh-L protein
gcvHL_nh3_c	C560H879N131O183S2	Yes	Ammonium bound gcvh-L protein
gcvHL_ADPr_c	C583H913N136O204P4S4	Yes	N-Lipoyl ADP-ribose gcvh-L protein
fapnt_c		No	Formamidopyrimidine nucleoside triphosphate
pepd_w	C153H250N26O55P2	Yes	Peptide C2H4NO2RC2H2NOR
glc_D_B_c		No	Beta-D-Glucose
acgamm_c	C12H17NO10	Yes	N-acetylglucosaminylmalate
act_c	C25H48NO7PR0S0	Yes	Average acetyl-PO4- molecule
ptp_c	C9H14N5O14P3	Yes	Triaminopyrimidine triphosphate
trnagua_c	R	No	
3hgmeACP_c	C17H29N2O11PRS	Yes	3-Hydroxyglutaryl-ACP methyl ester
2ip3os_c	C7H8O5	Yes	(2S)-2-isopropyl-3-oxosuccinate
gly_cys_c		No	Gly-Cys
his__D_c	C6H9N3O2	Yes	Histidine D
isobutACP_c	C15H27N2O8PRS	Yes	Isobutyryl-ACP
skgmeACP_c	C17H27N2O11PRS	Yes	3-Ketoglutaryl-ACP methyl ester
glmeACP_c	C17H29N2O10PRS	Yes	Glutaryl-ACP methyl ester
skpmeACP_c	C19H31N2O11PRS	Yes	3-Ketopimeloyl-ACP methyl ester
3hpmeACP_c	C19H33N2O11PRS	Yes	3-Hydroxypimeloyl-ACP methyl ester
gly_gln_e		No	Gly-Gln
citdae_c	C8H14N2O7	Yes	Citrl-diaminoethane
glyglygln_e	C9H18N4O6	Yes	Glycine-glycine-glutamine tripeptide
htdol__L_c		No	L-Histidinal
lip2_c	C94H153N8O26P2	Yes	"Ditrans,octacis-undecaprenyldiphospho-N-acetyl-(N-acetyl-beta-D-glucosaminyl)muramoyl-L-alanyl-gamma-D-glutamyl-L-lysyl-D-alanyl-D-alanine"
lip2g_c	C96H158N9O27P2	Yes	"Ditrans,octacis-undecaprenyldiphospho-N-acetyl-(N-acetylglucosaminyl)muramoyl-L-alanyl-gamma-D-isoglutaminyl-L-lysyl-(N6-glycyl)-D-alanyl-D-alanine"
gcvH_LA_c	C634H981N145O225P2S5	Yes	N-Lipoyl gcvh protein
lipamp_c	C18H25N5O8PS2	Yes	Lipoyl-adenylate
LTA_ala_w	C128H251N3O184P40	Yes	"Alanylated type 1 lipoteichoic acid; 1,2-diacyl-3-O-[6-O-(2-O-N-acetyl-alpha-D-glucosamine-sn-glycerol phospho)n-(2-O-D-alanyl-sn-glycerol phospho)m(sn-glycerol phospho)-(beta-D-glucopyranosyl-(1->6)-O-beta-D-glucopyranosyl)]-sn-glycerol
type I LTA"
LTA_w	C125H245N2O183P40	Yes	"Lipoteichoic acid; 1,2-diacyl-3-O-[6-O-(sn-glycerol phospho)n-(sn-glycerol phospho)-(beta-D-glucopyranosyl-(1->6)-O-beta-D-glucopyranosyl)]-sn-glycerol"
LTAglcnac_w	C133H258N3O188P40	Yes	"1,2-diacyl-3-O-[6-O-(2-O-N-acetyl-alpha-D-glucosamine-sn-glycerol phospho)n-(sn-glycerol phospho)-(beta-D-glucopyranosyl-(1->6)-O-beta-D-glucopyranosyl)]-sn-glycerol"
lip2g3_c	C100H164N11O29P2	Yes	"Ditrans,octacis-undecaprenyldiphospho-N-acetyl-(N-acetylglucosaminyl)muramoyl-L-alanyl-gamma-D-isoglutaminyl-L-lysyl-(glycyl)3-D-alanyl-D-alanine"
gly_leu_c		No	Gly-Leu
3g12dgr_MRSA_w	C65H125N2O23	Yes	"1,2-diacyl-3-O-(beta-D-glucopyranosyl-(1->6)-O-beta-D-glucopyranosyl)-sn-glycerol"
gly_leu_e		No	Gly-Leu
lysglugly_e	C13H26N4O7	Yes	Lysine-glutamine-glycine tripeptide
gly_phe_c		No	Gly-Phe
malmeACP_c	C15H25N2O10PRS	Yes	Malonyl-ACP methyl ester
2dmmq7_c	C45H62O2	Yes	2 Demethylmenaquinone 7 C45H62O2
gly_tyr_c		No	Gly-Tyr
ptdoh_MRSA_c	C53H102N2O16PR0S0	Yes	Phosphatidic acid
nop_c	C11H19N4O6	Yes	D-Nopaline
accoa_w	C23H34N7O17P3S	Yes	Acetyl-CoA
pepm_c	C104H170N13O31P2	Yes	"Peptidoglycan monomer: ditrans,octacis-undecaprenyldiphospho-N-acetyl-(N-acetylglucosaminyl)muramoyl-L-alanyl-gamma-D-isoglutaminyl-L-lysyl-(glycyl)5-D-alanyl-D-alanine"
octp_c	C9H18N4O4	Yes	Octopine
pgp_MRSA_c	C56H108N2O24P3	Yes	1-(3-sn-phosphatidyl)-sn-glycerol 3-phosphate (MRSA)
cdpdag_MRSA_c	C62H114N5O26P3	Yes	CDP-diacylglycerol
gsno_c	C10H15N4O7S	Yes	S-nitrosoglutathione
osuc_c	C6H3O7	Yes	Oxalosuccinate
pep_met__L_c		No	Peptide-L-methionine
pplhis_c	C7H9N4O5PR2	Yes	Protein N(pi)-phospho-L-histidine
rbt5p_c	C5H11O8P	Yes	D-ribitol 5-phosphate
serglugly_e	C10H18N3O8	Yes	Serine-glutamine-glycine tripeptide
prohisglu_e	C16H24N5O7	Yes	Proline-histidine-glutamine tripeptide
l23uo_c	C6H7O6	Yes	L-xylo-hex-3-ulonolactone
puacgam_c	C8N1O5H14R	Yes	"Poly-?-1,6-N-acetyl-D-glucosamine"
stfrnA_c	C17H24N2O14	Yes	Staphyloferrin A
7am7dgtrna_c	C2H3O2R	Yes	7-aminomethyl-7-deazaguanosine34 in tRNA
to2eACP_c	C29H53N2O8PRS	Yes	Trans-Octodec-2-enoyl-ACP
3hodACP_c	C29H55N2O9PRS	Yes	3-Hydroxyoctodecanoyl-ACP
WTA40r_c	C206H412O290P42	Yes	(Rbo-P)40-[2-(alphaGlcNac)-Rbo-P]-Gro-P-Gro-P-ManNAc-GlcNAc-PP-undecaprenol
pg_MRSA_ala_c	C59H115N3O22P2	Yes	2-O-D-alanyl-1-O-phosphatidylglycerol
nacetlbdgl_c		No	N-Acetyl-beta-D-mannosaminyl-1 4-N-acetyl-D- glucosaminyldiphosphoundecaprenol
nacetlbdglg_c	C3H6O5P	Yes	Gro-P-ManNAc-GlcNAc-PP-undecaprenol
updpamaglaa_c	C86H140N7O21P2	Yes	Undecaprenyl-diphospho-N-acetylmuramoyl-L-alanyl-gamma-D-glutamyl-L-lysyl- D-alanyl-D-alanine
PG_ST_w	C607H983N144O280P2	Yes	Acetylglucosamine--N-acetylmuramoyl-(tetrapeptide) diphospho-undecaprenol dimer with L-(gly)5-D cross-link strand length 6
WTA40r_ala_w	C266H532N20O310P42	Yes	
WTA40r_glcnac_c	C366H691N20O390P42	Yes	[2-(betaGlcNac)-Rbo-P]n-[2-(alphaGlcNac)-Rbo-P]-Gro-P-Gro-P-ManNAc-GlcNAc-PP-undecaprenol
WTA40r_glcnac_w	C366H691N20O390P42	Yes	[2-(betaGlcNac)-Rbo-P]n-[2-(alphaGlcNac)-Rbo-P]-Gro-P-Gro-P-ManNAc-GlcNAc-PP-undecaprenol
cdprib_c	C14H23N3O15P2	Yes	CDP-ribitol
nacetlbdglg2_c	C6H12O10P2	Yes	Gro-P-Gro-P-ManNAc-GlcNAc-PP-undecaprenol
xNA_c	C10N4O4H17	Yes	Staphylopine intermediate
16mhdACP_c	C30H57N2O8PRS	Yes	16-methyl-hexa-decanoyl-ACP
16mpACP_c	C29H55N2O8PRS	Yes	16-methyl-pentadecanoyl-ACP
17mhdACP_c	C30H57N2O8PRS	Yes	17-methyl-hexa-decanoyl-ACP
vegACP_c	C31H59N2O8PRS	Yes	Veganoyl-ACP
1gCELLWALL2_c		No	
1gDNA2_c		No	
1gLIPIDS2_c		No	
1gMeasuredSolutes2_c		No	
1gOtherSolutes2_c		No	
1gPROTEIN2_c		No	
1gRNA2_c		No	
udcpdp_w	C55H89O7P2	Yes	Undecaprenyl diphosphate
udcpp_w	C55H89O4P	Yes	Undecaprenyl phosphate
amdglc_e		No	Alpha-Methyl-D-glucoside
dcaACP_e	C21H39N2O8PRS	Yes	Decanoyl-ACP (n-C10:0ACP)
stfrnB_c	C19H23N2O19	Yes	Staphyloferrin B
tre6p_e	C12H21O14P	Yes	"Alpha,alpha'-Trehalose 6-phosphate"
ldpcde_c	C14H19N2O14	Yes	" L-2,3-diaminopropionyl-citryl-diaminoethane"
forglu_e	C6H8N2O4	Yes	N-Formimidoyl-L-glutamate
mnl1p_e	C6H13O9P	Yes	D-Mannitol 1-phosphate
butACP_e	C15H27N2O8PRS	Yes	Butyryl-ACP (n-C4:0ACP)
acglu_e	C7H9NO5	Yes	N-Acetyl-L-glutamate
salc_e	C7H5O3	Yes	Salicylate
arbt6p_e	C12H15O10P	Yes	Arbutin 6-phosphate
g6p_B_e	C6H11O9P	Yes	Beta D glucose 6 phosphate C6H11O9P
ppap_e	C3H5O5P	Yes	Propanoyl phosphate
alaACP_c	C14H27N3O8PRS	Yes	 D-alanyl-[D-alanyl carrier protein]
rbl_B_e		No	Salicin
1gLIPIDSr_c		No	
1gOtherSolutes_r_c		No	
unsc_c		No	Unsulfurated [sulfur carrier]
m5t23dopp_c	C6H11O6PS	Yes	"5-(methylthio)-2,3-dioxopentyl phosphate"
a24op_c	C5H9NO3	Yes	2-amino-4-oxopentanoate
dap24_c	C5H12N2O2	Yes	"(2R,4S)-2,4-diaminopentanoate"
abg4_c	C12H11N2O5	Yes	4-aminobenzoate-glutamate
dgo15lac_c	C6H10O6	Yes	"D-glucono-1,5-lactone"
fdxo_2_2_c		No	Oxidized ferredoxin
i2ac_c	C2H3NO2	Yes	2-iminoacetate
histda_c	C6H10N3O	Yes	L-histidinal
isocaprecoa_c	C27H41N7O17P3S	Yes	2-Isocaprenoyl-CoA
h2isocap_c	C6H12O3	Yes	(R)-2-hydroxyisocaproate
h2isocapcoa_c	C27H42N7O18P3S	Yes	(R)-2-hydroxyisocaproyl-CoA
isocapcoa_c	C27H43N7O17P3S	Yes	2-Isocaproyl-CoA
hcit_c	C7H10O7	Yes	2 Hydroxybutane 1 2 4 tricarboxylate C7H7O7
sl2a6o_c	C11H12NO8	Yes	N-Succinyl-2-L-amino-6-oxoheptanedioate
hicit_c	C7H10O7	Yes	Homoisocitrate C7H7O7
dah35_c	C6H14N2O2	Yes	"(3S,5S)-3,5-diaminohexanoate"
a53oh_c	C6H11NO3	Yes	(S)-5-amino-3-oxohexanoate
ab3coa_c	C25H43N8O17P3S	Yes	L-3-aminobutyryl-CoA
36dahx_c	C6H15N2O2	Yes	"(3S)-3,6-Diaminohexanoate"
glc__aD_e	C6H12O6	Yes	Alpha D-glucose
man6pglyc_e	C9H17O12P	Yes	2(alpha-D-Mannosyl-6-phosphate)-D-glycerate
dachi_e	C16H28N2O11	Yes	Diacetylchitobiose
tgt_e	C6H12O6	Yes	Tagatose
fuc_e	C6H12O5	Yes	L-fuculose
gcoa_c	C26H42N7O19P3S	Yes	Glutaryl-CoA
hacp_c		No	Holo[acp]
aacp_c		No	Apo[acp]
ribl5p_c	C5H13O8P	Yes	D-ribitol 5-phosphate
a4imz_c	C3H5N3	Yes	4-aminoimidazole
a45imzc_c	C4H5N3O2	Yes	4-amino-5-imidazole carboxylate
fgly_c	C3H6N2O2	Yes	Formimino-glycine
pppgpp_c	C10H18N5O20P5	Yes	PppGpp
p1p3b5adtp_c	C20H27N10O16P3	Yes	"P1,P3-Bis(5-adenosyl) triphosphate"
i4mzo_c	C3H4N2O	Yes	4-imidazolone
elecacceptoxi_c		No	Oxidized electron acceptor
cmylphosph_c	CH2NO5P	Yes	Carbamoyl phosphate
psuri5p_c	C9H13N2O9P	Yes	Pseudouridine 5-phosphate
lacgth_c	C13H21N3O8S	Yes	S-lactoyl-glutathione
escul_c	C15H16O9	Yes	Esculin
malt6p_c	C12H21O14P	Yes	Maltose 6'-phosphate
g1p_B_c	C6H11O9P	Yes	Beta D Glucose 1 phosphate C6H11O9P
mevR_e	C6H12O4	Yes	(R)-mevalonate
isobuta_c	C4H8O2	Yes	Isobutyric acid
ival_c	C5H10O2	Yes	Isovalerate
ham_e	NH3O	No	Hydroxylamine
escul_e	C15H16O9	Yes	Esculin
escut_c	C9H6O4	Yes	Esculetin
cdpg_e	C12H21N3O13P2	Yes	"Cyclic 2,3-bisphospho-D-glycerate"
ibtol_c	C5H10O	Yes	Isobutanol
m2but_c	C5H10O2	Yes	2-Methylbutyric acid
a5pn_c	C5H11NO2	Yes	5-aminopentanoate
dtbt_e	C10H18N2O3	Yes	Dethiobiotin
m4po_c	C7H8O	Yes	4-methylphenol
isocap_c	C6H12O2	Yes	Isocaproate
tmam_e	C3H9N	Yes	Trimethylamine
abg4_e	C12H11N2O5	Yes	4-aminobenzoate-glutamate
acacp_c	C2H4OSR	Yes	Acetyl acyl-carrier protein
acacacp_c	C4H5O2SR	Yes	Acetoacetyl-[acp]
h3bacp_c	C4H7O2SR	Yes	(3R)-3-Hydroxybutanoyl-[acyl-carrier protein]
b2eacp_c	C4H5OSR	Yes	But-2-enoyl-[acyl-carrier protein]
o3hacp_c	C6H9O2SR	Yes	3-oxo-hexanoyl-[acp]
h3hacp_c	C6H11O2SR	Yes	(3R)-3-hydroxyhexanoyl-[acp]
t2eacp_c	C6H9OSR	Yes	Trans hex-2-enoyl-[acp]
ox3xooctacp_c	C8H13O2SR	Yes	3-oxo-octanoyl-[acp]
h3octacp_c	C8H15O2SR	Yes	(3R)-3-hydroxyoctanoyl-[acp]
toct2enacp_c	C8H13OSR	Yes	Trans oct-2-enoyl-[acp]
o3xodecacp_c	C10H17O2SR	Yes	3-oxo-decanoyl-[acp]
dgdi12hexdec_c		No	"1,2-Diacyl-sn-glycerol dihexadecanoyl"
dgdi12tetdec_c		No	"1,2-Diacyl-sn-glycerol ditetradecanoyl"
dgdi12octdec_c		No	"1,2-Diacyl-sn-glycerol dioctadecanoyl"
mglucsyldpalmgl_c		No	"Monoglucosyl-1,2 dipalmitoylglycerol"
mglucsyldmygl_c		No	"Monoglucosyl-1,2 dimyristoylglycerol"
mglucsyldstgl_c		No	"Monoglucosyl-1,2 distearoylglycerol"
dgludpalmgl_c		No	"Diglucosyl-1,2 dipalmitoylglycerol"
phosglcdihexdec_c		No	Phosphatidylglycerol dihexadecanoyl
dgludmygl_c		No	"Diglucosyl-1,2 dimyristoylglycerol"
phosglcditetdec_c		No	Phosphatidylglycerol ditetradecanoyl
digludstgl_c		No	"Diglucosyl-1,2 distearoylglycerol"
phosglcdioctdec_c		No	Phosphatidylglycerol dioctadecanoyl
sng3p_c	C3H9O6P	Yes	Sn-glycerol-3-phosphate
dhex12decg3p_c		No	"1,2-dihexadecanoyl-sn-glycerol 3-phosphate"
dtet12radecg3p_c		No	"1,2-ditetradecanoyl-sn-glycerol 3-phosphate"
cdpdhexdecglc_c		No	"CDP-1,2-dihexadecanoylglycerol"
cdpdtetdecglc_c		No	"CDP-1,2-ditetradecanoylglycerol"
cdpoctdecglc_c		No	"CDP-1,2-dioctadecanoylglycerol"
pgpdihexdec_c		No	Phosphatidylglycerophosphate dihexadecanoyl
pgpditetdec_c		No	Phosphatidylglycerophosphate ditetradecanoyl
pgpdioctdec_c		No	Phosphatidylglycerophosphate dioctadecanoyl
palmcoa_c	C37H66N7O17P3S	Yes	Palmitoyl-CoA
myrstcoa_c	C35H62N7O17P3S	Yes	Myristoyl-CoA
srcoa_c	C39H67N7O17P3S	Yes	Stearoyl-CoA
sectrna_c	C3H6NOSeR	Yes	L-Selenocysteinyl-tRNA(Sec)
sectrnasec_c	C3H6NO2R	Yes	L-Seryl-tRNA(Sec)
selencysthne_c	C7H14N2O4Se	Yes	L-selenocystathionine
co1dam_e	C62H89CoN13O14P	Yes	"Cob(I)yrinate a,c diamide"
d23hb_e	C7H6O4	Yes	"2,3-dihydroxybenzoate"
isobuta_e	C4H8O2	Yes	Isobutyric acid
m4po_e	C7H8O	Yes	4-methylphenol
m2but_e	C5H10O2	Yes	2-Methylbutyric acid
escut_e	C9H6O4	Yes	Esculetin
dhptd_e	C5H8O4	Yes	"4,5-dihydroxy-2,3-pentanedione"
ibtol_e	C5H10O	Yes	Isobutanol
ppat_e	H3PO3	No	Phosphonate
isocap_e	C6H12O2	Yes	Isocaproate
a5pn_e	C5H11NO2	Yes	5-aminopentanoate
g3p_e	C3H9O6P	Yes	Glyceraldehyde 3-phosphate
ival_e	C5H10O2	Yes	Isovalerate
uaccg_e	C20H29N3O19P2	Yes	UDP-N-acetyl-3-O-(1-carboxyvinyl)-D-glucosamine
metox_c	C5H11NO3S	Yes	L Methionine S oxide C5H11NO3S
mecfsp_c	C20H3CoN4R21	Yes	Methylcorrinoid iron sulfur protein
2hxmp_e	C7H8O2	Yes	2  Hydroxymethyl phenol C7H8O2
hqn_e	C6H6O2	Yes	Hydroquinone
tagur_e	C6H10O7	Yes	D-Tagaturonate
CLP_c		No	Cross-linked peptidoglycan
teichoic_c		No	Teichoic acid
CELLWALL_c		No	Cell wall
DNA_c		No	Deoxyribonucleic acid
LIPID_c		No	Lipid
PROTEIN_c		No	Protein
RNA_c		No	Ribonucleic acid
SOLPOOL_c		No	Solute Pools
udpamagdapaa_c	C41H65N9O28P2	Yes	"UDP-N-acetylmuramoyl-L-alanyl-D-glutamyl-meso-2,6-diaminopimelyl-D-alanyl-D-alanine"
mycdlpn_c		No	Myristoylcardiolipin 
myrphgl_c		No	Myristoyllysylphophatidylglycerol
palmcdlpn_c		No	Palmitoylcardiolipin 
palmphgl_c		No	Palmitoyllysylphophatidylglycerol
strcdlpn_c		No	Stearoylcardiolipin
strphglc_c		No	Stearoyllysylphophatidylglycerol
h4but_c	C4H8O3	Yes	4-hydroxybutyrate
b2coa_c	C25H36N7O17P3S	Yes	Crotonoyl-CoA
gccoa_c	C26H40N7O19P3S	Yes	Glutaconyl-CoA
h23k5mt1pp_c	C6H11O6PS	Yes	2-hydroxy-3-keto-5-methylthio-1-phosphopentene
fru_B_c	C6H12O6	Yes	Beta-D-fructose
a2m2prpnte_c	C3H4NO2	Yes	2-aminoprop-2-enoate
ham_c	H3NO	No	Hydroxylamine
fesm_c		No	Methylated corrinoid Fe-S protein
fes_c		No	Corrinoid Fe-S protein
d2rib1p_c	C5H11O7P	Yes	2-deoxy-alpha-D-ribose 1-phosphate
p3pyr_c	C3H5O6P	Yes	3-Phosphonopyruvate
ppac_c	C2H5O5P	Yes	Phosphonoacetate
ppat_c	H3PO3	No	Phosphonate
u45imzc_c	C5H6N4O3	Yes	4-ureido-5-imidazole carboxylate
selprotein_c		No	Selenoprotein
pmf_c		No	Proton motive force
isobutp_c	C4H7O5P	Yes	Isobutanoylphosphate
m2butp_c	C5H10O5P	Yes	2-methylbutanoyl-phosphate
glusemald_c	C5H9NO3	Yes	L-Glutamate 5-semialdehyde
pyr5carb_c	C5H7NO2	Yes	Pyrroline-5-carboxylate
m2bcoa_c	C26H44N7O17P3S	Yes	2-methylbutanoyl-CoA
gpgl_c	C20H33O20PR2	Yes	Glycerophosphoglycoglycerolipid
abdmagdpu_c	C71H118N2O17P2	Yes	"N-acetyl-beta-D-mannosaminyl-1,4-N-acetyl-D-glucosaminyldiphosphoundecaprenol"
cdpg_c	C12H21N3O13P2	Yes	"Cyclic 2,3-bisphospho-D-glycerate"
mevR_c	C6H12O4	Yes	(R)-mevalonate
elecacceptred_c		No	Reduced electron acceptor
2h3k5m_c	C6H8O6PS	Yes	2 hydroxy 3 keto 5 methylthiopentenyl 1 phosphate C6H8O6PS
pc1_c	C41H46N4O16	Yes	Precorrin-1
acap_c	C58H85CoN16O14P	Yes	Adenosyl-cobinamide phosphate
ssc_c		No	Sulfurated [sulfur carrier]
cbshclin_c	C42H44CoN4O16	Yes	Cobalt-sirohydrochlorin
codscl5b_c	C43H43CoN4O16	Yes	Cobalt-precorrin-5b
cbflll_c	C43H46CoN4O16	Yes	Cobalt-factor III
c1yda_c	C45H61CoN6O12	Yes	"Cob(I)yrinate a,c-diamide"
acb_c	C55H77CoN15O11	Yes	Adenosyl-cobyrate
cbpcr7_c	C44H57CoN4O14	Yes	Cobalt-precorrin-7
pbng_c	C10H14N2O4	Yes	Porphobilinogen
acbda_c	C55H73CoN11O15	Yes	"Adenosyl-cobyrinate a,c-diamide"
cbpcr8x_c	C45H59CoN4O14	Yes	Cobalt-precorrin-8x
codscl5a_c	C45H46CoN4O16	Yes	Cobalt-precorrin-5a
h3decacp_c	C10H19O2SR	Yes	(3R)-3-hydroxydecanoyl-[acp]
dec22enacp_c	C10H17OSR	Yes	(2E)-dec-2-enoyl-[acp]
o3xododecacp_c	C12H21O2SR	Yes	3-oxo-dodecanoyl-[acp]
d3odecacp_c	C12H23O2SR	Yes	(3R)-3-hydroxydodecanoyl-[acp]
dodec2enacp_c		No	(2E)-dodec-2-enoyl-[acp]
oxo3myristacp_c	C14H25O2SR	Yes	3-oxo-myristoyl-[acp]
m3yristacp_c	C14H27O2SR	Yes	(3R)-3-hydroxymyristoyl-[acp]
ttetdec2enoylacp_c	C14H25OSR	Yes	Trans tetradec-2-enoyl-[acp]
myrstacp_c	C14H27OSR	Yes	Myristoyl-[acp]
o3xopalmacp_c	C16H29O2SR	Yes	3-oxo-palmitoyl-[acp]
p3almacp_c	C16H31O2SR	Yes	(3R)-3hydroxypalmitoyl-[acp]
thexdecenoylacp_c		No	Trans hexadecenoyl-[acp]
palmacd_c	C16H32O2	Yes	Palmitic acid (Hexadecanoic aicd)   C16:0
thexdecenoylcoa_c		No	Trans hexadecenoyl-coa
p3almcoa_c	C37H66N7O18P3S	Yes	(S)-3-Hydroxyhexadecanoyl-CoA
o3xopalmcoa_c	C37H64N7O18P3S	Yes	3-oxo-palmitoyl-coa
ttetdec2enoylcoa_c		No	Trans tetradec-2-enoyl-coa
m3yristcoa_c	C35H62N7O18P3S	Yes	(S)-3-Hydroxytetradecanoyl-CoA
oxo3myristcoa_c	C35H62N7O17P3S	Yes	3-oxo-myristoyl-coa
dodeccoa_c	C33H58N7O17P3S	Yes	Dodecanoyl-CoA
dodec22encoa_c		No	(2E)-dodec-2-enoyl-coa
d3odeccoa_c	C33H58N7O18P3S	Yes	(S)-3-Hydroxydodecanoyl-CoA
oxo3dodeccoa_c	C27H44N7O18P3S	Yes	3-oxo-dodecanoyl-coa
deccoa_c	C31H50N7O17P3S	Yes	Decanoyl-CoA
dec22encoa_c		No	(2E)-dec-2-enoyl-coa
d3eccoa_c	C31H54N7O18P3S	Yes	(S)-Hydroxydecanoyl-CoA
oxo3deccoa_c	C27H44N7O18P3S	Yes	3-oxo-dodecanoyl-coa
octcoa_c	C29H50N7O17P3S	Yes	Octanoyl-CoA
toct2encoa_c		No	Trans oct-2-enoyl-coa
o3ctcoa_c	C29H50N7O18P3S	Yes	(S)-3-Hydroxyoctanoyl-CoA
o3xooctcoa_c	C29H48N7O18P3S	Yes	3-oxo-octanoyl-coa
thex2encoa_c		No	Trans hex-2-enoyl-coa
h3excoa_c	C27H46N7O18P3S	Yes	(S)-Hydroxyhexanoyl-CoA
oxo3hexcoa_c	C27H41N7O18P3S	Yes	3-Oxohexanoyl-CoA|3-Ketohexanoyl-CoA
but2encoa_c		No	But-2-enoyl-coa
palmacp_c	C37H66N7O17P3S	Yes	Palmitoyl-[acp]
sracp_c	C18H35OSR	Yes	Stearoyl-Acp
hex1decg3p_c	C19H39O7P	Yes	1-hexadecanoyl-sn-glycerol 3-phosphate
tet1decg3p_c		No	1-tetradecanoyl-sn-glycerol 3-phosphate
oct1decg3p_c		No	1-octadecanoyl-sn-glycerol 3-phosphate
di12octdecg3p_c		No	"1,2-dioctadecanoyl-sn-glycerol 3-phosphate"
focytcc553_c	C42H54FeN8O6S2	Yes	Ferrocytochrome c-553
pime_e	C7H10O4	Yes	Pimelate
12dgr_HP_c	C36H68O5	Yes	"1,2-Diacylglycerol Hp specific"
pa_Hp_c	C36H67O8P	Yes	Phosphatidic acid Hp specific
4hglusa_c	C5H9NO4	Yes	L 4 Hydroxyglutamate semialdehyde C5H9NO4
aa_e	C3H5NO	Yes	Acrylamide
2dmmq6_c	C40H54O2	Yes	2-Demethylmenaquinone 6
mqn6_c	C41H56O2	Yes	Menaquinone 6
ficytcc553_c	C42H54FeN8O6S2	Yes	Ferricytochrome c-553
mql6_c	C41H58O2	Yes	Menaquinol 6
clpn_HP_c	C75H140O17P2	Yes	Cardiolipin (Hpylori)
lps_HP_c	C188H344N4O105P2	Yes	Lipopolysacharide Hp specific
pe_HP_c	C38H74NO8P	Yes	Phosphatidylethanolamine Hp specific
peptido_EC_c	C40H62N8O21	Yes	Peptidoglycan subunit of Escherichia coli
pg_HP_c	C39H74O10P	Yes	Phosphatidylglycerol Hp specific
ps_HP_c	C39H73NO10P	Yes	Phosphatidylserine Hp specific
cdpdag_HP_c	C45H79N3O15P2	Yes	CDP-Diacylglycerol Hp specific
pime_c	C7H10O4	Yes	Pimelate
core_lps_hp_c	C129H237N2O62P2	Yes	Core lps hp
lipidA_HP_c	R	No	LipidA HP
pgp_HP_c	C39H73O13P2	Yes	Phosphatidylglycerol phosphate Hp specific
lipidX_HP_c	R	No	LipidX HP
u2ga_HP_c	R	No	U2ga HP
c190cACP_c	C30H55N2O8PRS	Yes	19 carbon cyclopropane-ACP
u3hga_HP_c	C31H54N3O18P2	Yes	UDP-3-O(3-hydroxypalmetoyl)-D-glucosamine
ugam_c	C15H24N3O16P2	Yes	UDP-glucosamine
u2hga_HP_c	C33H58N3O18P2	Yes	UDP-2-hydroxyoctadecanoyl-D-glucosamine
u3aga_HP_c	C33H55N3O19P2	Yes	UDP-3-O-(3-hydroxypalmetoyl)-N-acetylglucosamine
pser__D_c	C3H6NO6P	Yes	D-O-Phosphoserine
u23ga_HP_c	C49H87N3O20P2	Yes	UDP-2(3-hydroxyoctadecanoyl)-3(3-hydroxypalmetoyl)glucosamine
adphep7p_LD_c	C17H24N5O19P3	Yes	ADP-L-glycero-D-manno-heptose-7-phosphate
kdolipid4_HP_c	R	No	KDO-lipid IV(A) HP
2a3pp_c	C4H6NO7P	Yes	2-Amino-3-phosphonopropanoate
calxan_c	C40H56O3	Yes	Caloxanthin
caro_c	C40H56	Yes	Beta-Carotene
cholphya_c	C55H72MgN4O5	Yes	Chlorophyll a
hpdcn_c	C17H36	Yes	Heptadecane
nstxan_c	C40H56O4	Yes	Nostoxanthin
phycy_c	C33H36N4O6	Yes	(3Z)-Phycocyanobilin
zeax_c	C40H56O2	Yes	Zeaxanthin
h2o_u	H2O	No	H2O H2O
bm_carbs_c		No	Biomass metabolite: glycogen and carbohydrates
bm_cofactors_c		No	Biomass metabolite: cofactors and ions
bm_cw_c		No	Cell wall component of biomass
bm_dna_c		No	DNA component of biomass
bm_memlip_c		No	Lipid component of biomass
bm_pigm_c		No	Pigment component of biomass
bm_pro_c		No	Protein component of biomass
bm_rna_c		No	RNA component of biomass
neuspn_c	C40H58	Yes	Neurosporene
u3hga2_c	C31H54N3O18P2	Yes	UDP-3-O-(3-hydroxyhexadecanoyl)-D-glucosamine
pchlld_exc_c	C35H31MgN4O5	Yes	Excited protochlorophyllide
2m6sbenzq_c	C52H80O2	Yes	"2-Methyl-6-solanyl-1,4-benzoquinol"
cthzp_c	C7H7NO6PS	Yes	"4-Methyl-5-[2-(phosphonooxy)ethyl]-1,3-thiazole-2-carboxylate"
pq_um	C53H80O2	Yes	Plastoquinone
npdp_c	C45H73O7P2	Yes	All-trans-Nonaprenyl diphosphate
gcarote_c	C40H56	Yes	Gamma-Carotene
4hthdp_c	C7H7NO5	Yes	"(2S,4S)-4-Hydroxy-2,3,4,5-tetrahydrodipicolinate"
amylose_c	HR	No	Amylose
pqh2_c	C53H82O2	Yes	Plastoquinol
o2_u	O2	No	O2 O2
prephytedp_c	C40H65O7P2	Yes	Prephytoene diphosphate
p700_exc_um	C55H71MgN4O5	Yes	"PSI reaction center P700, excited"
pcrd_u	X	No	Plastocyanin(Cu+)
phytfl_c	C40H62	Yes	All-trans-Phytofluene
lipidX2_c	C38H72NO12P	Yes	"2,3-Bis(3-hydroxyhexadecanoyl)-beta-D-glucosaminyl 1-phosphate"
u23ga2_c	C47H83N3O20P2	Yes	"UDP-2,3-bis(3-hydroxyhexadecanoyl)glucosamine"
pqh2_cm	C53H82O2	Yes	Plastoquinol
colipacy_e		No	O-antigen bound to core oligosaccharide lipid A (Synechococcus elongatus 7942)
rb15bp_c	C5H8O11P2	Yes	"D-Ribulose 1,5-bisphosphate"
lycop_c	C40H56	Yes	Lycopene
u3aga2_c	C33H55N3O19P2	Yes	UDP-3-O-(3-hydroxyhexadecanoyl)-N-acetylglucosamine
phdp_c	C20H39O7P2	Yes	Phytyl diphosphate
3pg_cx	C3H4O7P	Yes	3-Phospho-D-glycerate
gthbpt_c	C15H25N5O8	Yes	1-O-(L-erythro-biopterin-2-yl)-a-glucose
pchlld_c	C35H31MgN4O5	Yes	Protochlorophyllide
bcryptox_c	C40H56O	Yes	Beta-Cryptoxanthin
hmppp9_c	C35H33MgN4O5	Yes	 13(1)-Hydroxy-magnesium-protoporphyrin IX 13-monomethyl ester
3a2oxpp_c	C3H7NO5P	Yes	3-Amino-2-oxopropyl phosphate
3hmop_c	C6H9O4	Yes	(R)-3-Hydroxy-3-methyl-2-oxopentanoate
dvpchlda_c	C35H29MgN4O5	Yes	Divinylprotochlorophyllide a
hco3_p	CHO3	Yes	Bicarbonate
mppp9_c	C34H30MgN4O4	Yes	Magnesium protoporphyrin
dmtphllqne_c	C30H44O2	Yes	Demethylphylloquinone
3hbutACP_c	C4H7O2SR	Yes	(R)-3-Hydroxybutanoyl-[acyl-carrier protein]
zcarote_c	C40H60	Yes	Zeta-Carotene
dgdg1619Z160_c	C47H86O15	Yes	Digalactosyl-diacylglycerol(16:1(9Z)/16:0)
dgdg161_c	C47H84O15	Yes	Digalactosyl-diacylglycerol(n-C16 1)
dgdg1819Z160Z_c	C49H90O15	Yes	Digalactosyl-diacylglycerol(18:1(9Z)/16:0)
dgdg1819Z1619Z_c	C49H88O15	Yes	"Digalactosyldiacylglycerol (1-(9Z)-octadecenoyl,2-(9Z)-hexadecenoyl, 18:1(9Z)/16:1(9Z))"
mgdg1619Z160_c	C41H76O10	Yes	"1,2-Diacyl-3-O-galactosyl-sn-glycerol(16:1(9Z)/16:0)"
mgdg161_c	C41H74O10	Yes	"1,2-Diacyl-3-beta-D-galactosyl-sn-glycerol (n-C16 1)"
mgdg1819Z160_c	C43H80O10	Yes	"Monogalactosyldiacylglycerol (1-(9Z)-octadecenoyl,2-hexadecanoyl, 18:1(9Z)/16:0)"
mgdg1819Z1619Z_c	C43H78O10	Yes	"Monogalactosyldiacylglycerol (1-(9Z)-octadecenoyl,2-(9Z)-hexadecenoyl, 18:1(9Z)/16:1(9Z))"
pg1819Z160_c	C40H76O10P	Yes	"Phosphatidylglycerol (1-(9Z)-octadecenoyl,2-hexadecanoyl, 18:1(9Z)/16:0)"
sqdg160_c	C41H77O12S	Yes	Sulfoquinovosyldiacylglycerol (n-C16 0)
sqdg1619Z160_c	C41H75O12S	Yes	Sulfoquinovosyl diacylglycerol(16:1(9Z)/16:0)
pq_cm	C53H80O2	Yes	Plastoquinone
co2_cx	CO2	Yes	CO2 CO2
h2o_cx	H2O	No	H2O H2O
o2_cx	O2	No	O2 O2
rb15bp_cx	C5H8O11P2	Yes	"D-Ribulose 1,5-bisphosphate"
dialurate_c	C4H4N2O3	Yes	Dialurate
3nphb_c	C52H77O3	Yes	3-Nonaprenyl-4-hydroxybenzoate
h_cx	H	No	H+
hco3_cx	CHO3	Yes	Bicarbonate
2pglyc_cx	C2H2O6P	Yes	2-Phosphoglycolate
phyto_c	C40H64	Yes	All-trans-Phytoene
pqh2_um	C53H82O2	Yes	Plastoquinol
mppp9me_c	C35H33MgN4O4	Yes	Magnesium protoporphyrin IX monomethyl ester
chlld_c	C35H33MgN4O5	Yes	Chlorophyllide a
omppp9_c	C35H31MgN4O5	Yes	13(1)-Oxo-magnesium-protoporphyrin IX 13-monomethyl ester
pgp1819Z160_c	C40H75O13P2	Yes	"Phosphatidylglycerophosphate (1-(9Z)-octadecenoyl,2-hexadecanoyl, 18:1(9Z)/16:0)"
photon410_e	Z	No	Photon (400nm-420nm)
photon430_e	Z	No	Photon (420nm-440nm)
photon450_e	Z	No	"Photon (417 to 472 nm, indigo/blue)"
photon470_e	Z	No	Photon (460nm-480nm)
photon490_e	Z	No	"Photon (451 to 526 nm, blue/green)"
photon510_e	Z	No	Photon (500nm-520nm)
photon530_e	Z	No	Photon (520nm-540nm)
photon550_e	Z	No	Photon (540nm-560nm)
photon570_e	Z	No	Photon (560nm-580nm)
photon590_e	Z	No	Photon (580nm-600nm)
photon610_e	Z	No	Photon (600nm-620nm)
photon630_e	Z	No	Photon (620nm-640nm)
photon650_e	Z	No	Photon (640nm-660nm)
photon670_e	Z	No	Photon (660nm-680nm)
photon690_e	Z	No	Photon (680nm-700nm)
glcdg161_c	C41H74O10	Yes	"1,2-Diacyl-3-O-(beta-D-glucopyranosyl)-sn-glycerol(16:1(9Z)/16:1(9Z))"
octe9ACP_c	C18H33OSR	Yes	Cis-octadec-9-enoyl-[acyl-carrier protein] ((9Z)-n-C18:1)
glcdg1819Z1619Z_c	C43H78O10	Yes	"1,2-Diacyl-3-O-(beta-D-glucopyranosyl)-sn-glycerol(18:1(9Z)/16:1(9Z))"
glcdg1819Z160_c	C43H80O10	Yes	"1,2-Diacyl-3-O-(beta-D-glucopyranosyl)-sn-glycerol(18:1(9Z)/16:0)"
glcdg1619Z160_c	C41H76O10	Yes	"1,2-Diacyl-3-O-(beta-D-glucopyranosyl)-sn-glycerol(16:1(9Z)/16:0)"
1odec9eg3p_c	C21H39O7P	Yes	1-octadec-9-enoyl-sn-glycerol 3-phosphate
12dgr1819Z1619Z_c	C37H68O5	Yes	"1,2-Diacyl-sn-glycerol (1-(9Z)-octadecenoyl,2-(9Z)-hexadecenoyl, 18:1(9Z)/16:1(9Z))"
12dgr1819Z160_c	C37H70O5	Yes	"1,2-Diacyl-sn-glycerol (1-(9Z)-octadecenoyl,2-hexadecanoyl, 18:1(9Z)/16:0)"
12dgr1619Z160_c	C35H66O5	Yes	"1,2-Diacyl-sn-glycerol(16:1(9Z)/16:0)"
udpsq_c	C15H21N2O19P2S	Yes	UDP-6-sulfoquinovose
cdp12dgr1819Z160_c	C46H81N3O15P2	Yes	"CDP-1-(11Z)-octadecenoyl,2-hexadecanoyl-sn-glycerol"
pa1819Z160_c	C37H69O8P	Yes	"1-(9Z)-octadecenoyl,2-hexadecanoyl-sn-glycerol 3-phosphate"
accp_c	C7H13N3O2R2	Yes	Apo-carboxylase
ttclyco_c	C40H56	Yes	"7,9,7,9-tetracis-Lycopene"
preqtrna_c	C7H10N5O	Yes	7-aminomethyl-7-deazaguaninyl tRNA
epxqtrna_c	C12H16N5O4	Yes	Epoxyquenosine34 tRNA
dczcaro_c	C40H60	Yes	"9,9-dicis-zeta-Carotene"
pho_loss_c	Z	No	Photon energy loss (heat/fluorescence)
chla_soret_exc_c	C55H72MgN4O5	Yes	"Excited chlorophyll A, Soret band (short wavelength)"
bcaro_exc_c	C40H56Z	Yes	Excited beta-carotene
colipacy_p		No	O-antigen bound to core oligosaccharide lipid A (Synechococcus elongatus 7942)
cdpglc_c	C15H23N3O16P2	Yes	CDP-glucose
ocdcal_c	C18H36O	Yes	Octadecanal C18H36O
2c4mthzep_c	C7H7NO6PS	Yes	"2-[(2R,5Z)-2-Carboxy-4-methylthiazol-5(2H)-ylidene]ethyl phosphate"
imgly_c	C2H3NO2	Yes	Iminoglycine
thissh_c	RCOS	Yes	Thiamine biosynthesis intermediate 5
allocy_exc_c	C33H36N4O6Z	Yes	Excited allocyanobilin (phycobilisome core)
chla_qy2_exc_c	C55H72MgN4O5	Yes	"Photosystem II excited chlorophyll A, Qy band (long wavelength)"
zeax_exc_c	C40H56O2Z	Yes	Zeaxanthin (excited)
icolipacy_c		No	Inner core oligosaccharide lipid A (Synechococcus elongatus 7942)
kdolipid4cy_c	C84H155N2O27P	Yes	KDO-lipid IV A (Synechococcus elongatus 7942)
unagam_c	C71H116N2O17P2	Yes	Undecaprenyl-diphospho-N-acetylglucosamine-N-acetylmannosamine
lipidAds2_c	C76H143N2O20P	Yes	Lipid A Disaccharide (cyanobacterial)
oanticy_c		No	O-antigen oligosaccharide (Synechococcus elongatus 7942)
icolipacy_p		No	Inner core oligosaccharide lipid A (Synechococcus elongatus 7942)
oanticy_p		No	O-antigen oligosaccharide (Synechococcus elongatus 7942)
allocy_c	C33H36N4O6	Yes	Allocyanobilin (phycobilisome core)
phycy_exc_c	C33H36N4O6Z	Yes	Excited phycocyanin
ps2d1_exc_um	R	No	Damaged PSII D1 protein
p680_exc_um	C55H71MgN4O5	Yes	"PSII reaction center P680, excited"
ps2d1_um	R	No	PSII D1 protein
tczcaro_c	C40H60	Yes	"9,15,9-tricis-zeta-Carotene"
phptna_c	C55H74N4O5	Yes	Pheophytin a
pa1619Z160_c	C35H65O8P	Yes	1-9-Hexadecenoyl-2-Hexadecanoyl-sn-glycerol-3-phosphate
pa1819Z1619Z_c	C37H67O8P	Yes	"1-(9Z)-octadecenoyl,2-(9Z)-hexadecenoyl-sn-glycerol 3-phosphate"
phphbda_c	C35H35N4O5	Yes	Pheophorbide a
phytol_c	C20H40O	Yes	Phytol
chla_qy1_exc_c	C55H72MgN4O5	Yes	"Photosystem I excited chlorophyll A, Qy band (long wavelength)"
p700_um	C55H71MgN4O5	Yes	PSI reaction center P700
pcox_u	X	No	Plastocyanin(Cu2+)
this_c	RCO2	Yes	Thiamine biosynthesis intermediate 1
h_u	H	No	H+
iscsh_c	RSH	No	Thiamine biosynthesis intermediate 2
athis_c	C11H12N5O8PR	Yes	Thiamine biosynthesis intermediate 4
p680_um	C55H71MgN4O5	Yes	PSII reaction center P680
23camp_c	C10H11N5O6P	Yes	"2',3'-Cyclic AMP"
2doxg6p_c	C6H11O8P	Yes	2 Deoxy D glucose 6 phosphate C6H11O8P
2hpmhmbq_m	C38H56O4	Yes	2 hexaprenyl 3 methyl 5 hydroxy 6 methoxy 1 4 benzoquinone C38H56O4
2hp6mp_m	C37H56O2	Yes	2 Hexaprenyl 6 methoxyphenol C37H56O2
2hp6mbq_m	C37H54O3	Yes	2 Hexaprenyl 6 methoxy 1 4 benzoquinone C37H54O3
2hpmmbq_m	C38H56O3	Yes	2 hexaprenyl 3 methyl 6 methoxy 1 4 benzoquinone C38H56O3
2mbac_c	C7H14O2	Yes	2 methylbutyl acetate C7H14O2
epistest_SC_e	C1695H2995O101	Yes	Episterol ester  yeast specific C1695H2995O101
epist_e	C28H46O	Yes	Episterol C28H46O
2mbtoh_c	C5H12O	Yes	2 methyl 1 butanol C5H12O
2mppal_c	C4H8O	Yes	2 methylpropanal C4H8O
aces_c	C4H8O2	Yes	Acetic ester C4H8O2
iamac_c	C7H14O2	Yes	Isoamyl acetate C7H14O2
2phetoh_e	C8H10O	Yes	2 phenylethanol C8H10O
ibutac_c	C6H12O2	Yes	Isobutyl acetate C6H12O2
2phetoh_m	C8H10O	Yes	2 phenylethanol C8H10O
2mbald_m	C5H10O	Yes	2 methylbutyraldehyde C5H10O
2mppal_m	C4H8O	Yes	2 methylpropanal C4H8O
3mbald_c	C5H10O	Yes	3 Methylbutanal C5H10O
3mbald_m	C5H10O	Yes	3 Methylbutanal C5H10O
aproa_c	C3H8NO	Yes	3 Aminopropanal C3H8NO
3dh5hpb_m	C37H53O4	Yes	3 Hexaprenyl 4 5 dihydroxybenzoate C37H53O4
3dh5hpb_c	C37H53O4	Yes	3 Hexaprenyl 4 5 dihydroxybenzoate C37H53O4
amp_n	C10H12N5O7P	Yes	AMP C10H12N5O7P
Dara14lac_c	C5H8O5	Yes	D Arabinono 1 4 lactone C5H8O5
3hph5mb_m	C38H55O4	Yes	3 Hexaprenyl 4 hydroxy 5 methoxybenzoate C38H55O4
asn__L_v	C4H8N2O3	Yes	L-Asparagine
cer1_24_r	C42H85NO3	Yes	Ceramide 1  Sphinganinen C240  C42H85NO3
cer1_26_r	C44H89NO3	Yes	Ceramide 1  Sphinganinen C260  C44H89NO3
asp__L_v	C4H6NO4	Yes	L-Aspartate
cer2_24_r	C42H85NO4	Yes	Ceramide 2  Phytosphingosinen C240  C42H85NO4
cer2_26_r	C44H89NO4	Yes	Ceramide 2  Phytosphingosinen C260  C44H89NO4
ttccoa_r	C45H78N7O17P3S	Yes	Tetracosanoyl CoA   n C240CoA  C45H78N7O17P3S
hexccoa_r	C47H82N7O17P3S	Yes	Hexacosanoyl CoA  n C260CoA  C47H82N7O17P3S
psphings_r	C18H40NO3	Yes	Phytosphingosine C18H40NO3
cmp_m	C9H12N3O8P	Yes	CMP C9H12N3O8P
25dthpp_c	C9H16N5O8P	Yes	2 5 diamino 6 ribitylamino 4 3H  pyrimidinone 5  phosphate C9H16N5O8P
pectin_e	C6H7O6	Yes	Pectin C6H7O6
epistest_SC_c	C1695H2995O101	Yes	Episterol ester  yeast specific C1695H2995O101
ergstest_SC_c	C1695H2993O101	Yes	Ergosterol ester  yeast specific C1695H2993O101
ergstest_SC_e	C1695H2993O101	Yes	Ergosterol ester  yeast specific C1695H2993O101
fecost_e	C28H46O	Yes	Fecosterol C28H46O
2mbac_e	C7H14O2	Yes	2 methylbutyl acetate C7H14O2
2mbtoh_e	C5H12O	Yes	2 methyl 1 butanol C5H12O
2mppal_e	C4H8O	Yes	2 methylpropanal C4H8O
fecostest_SC_e	C1695H2995O101	Yes	Fecosterol ester  yeast specific C1695H2995O101
3c3hmp_e	C7H10O5	Yes	3-Carboxy-3-hydroxy-4-methylpentanoate
3mbald_e	C5H10O	Yes	3 Methylbutanal C5H10O
Nbfortyr_e	C20H22N2O8	Yes	N N bisformyl dityrosine C20H22N2O8
aces_e	C4H8O2	Yes	Acetic ester C4H8O2
iamac_e	C7H14O2	Yes	Isoamyl acetate C7H14O2
iamoh_e	C5H12O	Yes	Isoamyl alcohol C5H12O
ibutac_e	C6H12O2	Yes	Isobutyl acetate C6H12O2
ibutoh_e	C4H10O	Yes	Isobutyl alcohol C4H10O
ind3eth_e	C10H11NO	Yes	Indole 3 ethanol C10H11NO
lanost_e	C30H50O	Yes	Lanosterol C30H50O
lanostest_SC_e	C1697H2999O101	Yes	Lanosterol ester  yeast specific C1697H2999O101
pc_SC_e	C4040H7844N100O800P100	Yes	Phosphatidylcholine  yeast specific C4040H7844N100O800P100
pheac_e	C10H12O2	Yes	Phenethyl acetate C10H12O2
ptd1ino_SC_e	C4140H7644O1300P100	Yes	Phosphatidyl 1D myo inositol  yeast specific C4140H7644O1300P100
zymstest_SC_e	C1694H2993O101	Yes	Zymosterol ester  yeast specific C1694H2993O101
glu__L_v	C5H8NO4	Yes	L-Glutamate
glycogen_v	C6H10O5	Yes	Glycogen C6H10O5
atp_v	C10H12N5O13P3	Yes	ATP C10H12N5O13P3
gln__L_v	C5H10N2O3	Yes	L-Glutamine
hexdp_m	C30H49O7P2	Yes	All trans Hexaprenyl diphosphate C30H49O7P2
fecostest_SC_c	C1695H2995O101	Yes	Fecosterol ester  yeast specific C1695H2995O101
ind3eth_c	C10H11NO	Yes	Indole 3 ethanol C10H11NO
iamoh_c	C5H12O	Yes	Isoamyl alcohol C5H12O
ibutoh_c	C4H10O	Yes	Isobutyl alcohol C4H10O
lanostest_SC_c	C1697H2999O101	Yes	Lanosterol ester  yeast specific C1697H2999O101
cysi__L_v	C6H12N2O4S2	Yes	L Cystine C6H12N2O4S2
ile__L_v	C6H13NO2	Yes	L-Isoleucine
leu__L_v	C6H13NO2	Yes	L-Leucine
1agpc_SC_c	C2420H4922N100O700P100	Yes	1 Acyl sn glycerol 3 phosphocholine  yeast specific C2420H4922N100O700P100
micit_m	C7H7O7	Yes	Methylisocitrate
mi13456p_n	C6H7O21P5	Yes	1D myo Inositol 1 3 4 5 6 pentakisphosphate C6H7O21P5
mi1345p_n	C6H8O18P4	Yes	1D myo Inositol 1 3 4 5 tetrakisphosphate C6H8O18P4
mi1456p_n	C6H8O18P4	Yes	1D myo Inositol 1 4 5 6 tetrakisphosphate C6H8O18P4
mi145p_n	C6H9O15P3	Yes	1D myo Inositol 1 4 5 trisphosphate C6H9O15P3
dnad_n	C21H24N6O15P2	Yes	Deamino-NAD+
mip2c124_SC_c	C6000H11500N100O2400P200	Yes	Mannose  inositol P 2 ceramide  ceramide 1  24C   yeast specific C6000H11500N100O2400P200
mip2c126_SC_c	C6200H11900N100O2400P200	Yes	Mannose  inositol P 2 ceramide  ceramide 1  26C   yeast specific C6200H11900N100O2400P200
mip2c224_SC_c	C6000H11500N100O2500P200	Yes	Mannose  inositol P 2 ceramide  ceramide 2  24C   yeast specific C6000H11500N100O2500P200
mip2c226_SC_c	C6200H11900N100O2500P200	Yes	Mannose  inositol P 2 ceramide  ceramide 2  26C   yeast specific C6200H11900N100O2500P200
mip2c324_SC_c	C6000H11500N100O2600P200	Yes	Mannose  inositol P 2 ceramide  ceramide 3  24C   yeast specific C6000H11500N100O2600P200
mip2c326_SC_c	C6200H11900N100O2600P200	Yes	Mannose  inositol P 2 ceramide  ceramide 3  26C   yeast specific C6200H11900N100O2600P200
Nbfortyr_c	C20H22N2O8	Yes	N N bisformyl dityrosine C20H22N2O8
Nfortyr_c	C10H10NO4	Yes	N Formyl L tyrosine C10H10NO4
2phetoh_c	C8H10O	Yes	2 phenylethanol C8H10O
pheac_c	C10H12O2	Yes	Phenethyl acetate C10H12O2
ptd135bp_SC_c	C4140H7444O1900P300	Yes	1 Phosphatidyl D myo inositol 3 5 bisphosphate  yeast specific C4140H7444O1900P300
ipdp_m	C5H9O7P2	Yes	Isopentenyl diphosphate
pendp_m	C25H41O7P2	Yes	All trans Pentaprenyl diphosphate C25H41O7P2
ppmi1346p_c	C6H7O24P6	Yes	Diphosphoinositol tetrakisphosphate C6H7O24P6
psph1p_r	C18H39NO6P	Yes	Phytosphingosine 1 phosphate C18H39NO6P
h2o2_n	H2O2	No	Hydrogen peroxide
trdrd_x	XH2	No	Reduced thioredoxin
ump_m	C9H11N2O9P	Yes	UMP C9H11N2O9P
zymstest_SC_c	C1694H2993O101	Yes	Zymosterol ester  yeast specific C1694H2993O101
tyr__L_v	C9H11NO3	Yes	L-Tyrosine
dggpg_c	C46H78O8P1	Yes	"2,3-di-O-geranyl-sn-glycerol-1-phospho-3'-sn-glycerol"
dggpi_c	C49H82O11P1	Yes	"2,3-di-O-geranyl-sn-glycero-1-phospho-myo-inositol"
atrz_c	C8H16ClN5	Yes	Atrazine
dgggps_c	C46H77N1O8P1	Yes	"2,3-di-O-geranylgeranyl-sn-glyceroserine"
4kfbp_c	C6H8O12P2	Yes	"4-ketofructose 1,6-bisphosphate"
7ohp_c	C7H11O3	Yes	7-oxoheptanoic acid
7mhp_c	C7H13O2S	Yes	7-mercaptoheptanoic acid
cbl1hbi_e	C60H84CoN13O15P	Yes	Cob(I)alamin-HBI
cbl1hbi_c	C60H84CoN13O15P	Yes	Cob(I)alamin-HBI
r5hbzi_c	C12H14N2O5	Yes	N1-(alpha-D-ribosyl)-5-hydroxybenzimidazole
unknown_rbfdeg_e	C10H14N2O5	Yes	Unknown riboflavin degradation product
dpgpi_c	C49H98O11P1	Yes	"2,3-O-phytanyl-sn-glycero-1-phospho-myo-inositol"
agdpgpi_c	C57H111N1O16P1	Yes	N-Acetyl-D-glucosaminyl archaetidylinositol
cdgggp_c	C52H83N3O13P2	Yes	"CDP-2,3-digeranylgeranyl-sn-glycerol"
glyc1p_c	C3H7O6P	Yes	Glycerol 1-phosphate
3hcdgggp_c	C52H85N3O14P2	Yes	CDP-2-O-(3'-hydroxy)geranyl-3-O-geranyl-sn-glycerol
6ax6ax_c	C12H24N2O3	Yes	N-(6-Aminohexanoyl)-6-aminohexanoate
dgggp_c	C43H71O6P1	Yes	Digeranylgeranylglyceryl phosphate
3hdgggp_c	C43H73O7P1	Yes	2-O-(3'-hydroxy)geranyl-3-O-geranyl-sn-glycerol
ohexa_c	C6H6O5	Yes	2-oxohexanedioic acid
ohepa_c	C7H8O5	Yes	2-oxoheptanedioic acid
2ood_c	C8H10O5	Yes	2-oxooctanedioic acid
alac__S_e	C5H7O4	Yes	(S)-2-Acetolactate
2ppoh_c	C3H8O	Yes	2-Propanol
f390a_c	C39H43N10O24P2	Yes	Coenzyme F390 (adenosine)
f390g_c	C39H43N10O25P2	Yes	Coenzyme F390 (guanosine)
h2acon_C_c	C8H7O6	Yes	Cis-(homo)2aconitate
gggp_c	C23H39O6P1	Yes	(S)-3-O-geranylgeranylglyceryl phosphate
3hggdp_c	C20H35O8P2	Yes	3-hydroxy-geranylgeranyl diphosphate
h3acon_C_c	C9H9O6	Yes	Cis-(homo)3aconitate
dggpgp_c	C46H77O11P2	Yes	"2,3-di-O-geranyl-sn-glycerol-1-phospho-3'-sn-glycerol phosphate"
3hdggpgp_c	C46H79O12P2	Yes	2-O-(3'-hydroxy)geranyl-3-O-geranyl-sn-glycerol-1-phospho-3'-sn-glycerol phosphate
ch4_e	CH4	Yes	Methane
dpgps_c	C46H93N1O8P1	Yes	"2,3-O-phytanyl-sn-glycero-1-phosphoserine"
hacon_C_c	C7H5O6	Yes	Cis-homoaconitate
dma_e	C2H8N	Yes	Dimethylamine
dhp23cp_c	C9H11N5O6P	Yes	"7,8-dihydronepterin 2' :3'-cyclicphosphate"
dohau_c	C7H13O5N	Yes	"3,7-dideoxy-D-threo-hepto-2-amino-6-ulosonate"
Brfap_c	C11H14NO7P	Yes	4-(B-D-ribofuranosyl)aminobenzene 5'-phosphate
dohdu_c	C7H9O6	Yes	"3,7-dideoxy-D-threo-hepto-2,6-diulosonate"
dkfp_c	C6H9O8P	Yes	6-deoxy-5-ketofructose 1-phosphate
7mht_c	C11H20NO4S	Yes	7-mercaptoheptanoylthreonine
dkdofp_c	C6H7O8P1	Yes	"4,5-diketo-6-deoxyfructose 1-phosphate"
dkmp_c	C6H11O8P	Yes	6-deoxy-5-ketomannitol 1-phosphate
com_c	C2H5O3S2	Yes	Coenzyme m
dma_c	C2H8N	Yes	Dimethylamine
m3hdp_c	C5H11O8P2	Yes	Methyl-3-hydroxyl diphosphate
fdox_c	Fe8S8X	No	Ferredoxin (oxidized) 2[4Fe-4S]
f430p1_c	C42H42N6NiO14	Yes	Coenzyme F390 precursor 1
fdred_c	Fe8S8X	No	Ferredoxin (reduced) 2[4Fe-4S]
h4spt_c	C35H48N7O19P1	Yes	Tetrahydrosarcinapterin
f430p2_c	C42H45N6NiO14	Yes	Coenzyme F430 precursor 2
f430p3_c	C42H47N6NiO14	Yes	Coenzyme f430 precursor 3
sf430a_c	C42H47N6NiO14	Yes	"15,17-seco-F430-17-acid"
sec_c	C5H10NO5S2	Yes	Sulfoethylcysteine
f420_2h2_c	C29H34O18N5P1	Yes	Coenzyme ferredoxin 420-2 (reduced)
mphen_c	C37N2O1H50	Yes	Methanophenazine (oxidized)
menylh4spt_c	C36H47N7O19P1	Yes	Methenyl-tetrahydrosarcinapterin
f420_6_c	C49H56N9O30P	Yes	Coenzyme ferredoxin 420-6
mleneh4spt_c	C36H48N7O19P1	Yes	"N5,N10-methylene-5,6,7,8-tetrahydromethanopterin"
mfr_b_c	C34H44N6O14	Yes	Methanofuran b
formmfr_b_c	C35H43N6O15	Yes	Formylmethanofuran b
3hfrdp_c	C15H27O8P2	Yes	3-hydroxy-farnesyl diphosphate
f420_3_c	C34H38N6O21P	Yes	Coenzyme ferredoxin 420-3
f420_4_c	C39H44N7O24P	Yes	Coenzyme ferredoxin 420-4
f420_5_c	C44H50N8O27P	Yes	Coenzyme ferredoxin 420-5
mma_e	C1H6N	Yes	Methylamine
unknown_cbl1deg_e	C14H16N2O6P1	Yes	Unknown degradation product of cbl1 for adocbl-HBI synthesis
mma_c	C1H6N	Yes	Methylamine
dms_c	C2H6S	Yes	Dimethyl sulfide
formh4spt_c	C36H48N7O20P1	Yes	Formyltetrahydrosarcinapterin
mh4spt_c	C36H50N7O19P1	Yes	N5-methyl-tetrahydrosarcinapterin
3hdpgpe_c	C45H94O7N1P1	Yes	2-O-(3'-hydroxy)phytanyl-3-O-phytanyl-sn-glycero-l-phosphoethanolamine
3hdpgpg_c	C46H94O9P1	Yes	2-O-(3'-hydroxy)phytanyl-3-O-phytanyl-sn-glycerol-1-phospho-3'-sn-glycerol
3hdpgpi_c	C49H98O12P1	Yes	2-O-(3'-hydroxyl)phytanyl-3-O-phytanyl-sn-glycero-1-phospho-myo-inositol
3hdpgps_c	C46H93N1O9P1	Yes	2-O-(3'-hydroxy)phytanyl-3-O-phytanyl-sn-glycero-l-phosphoserine
adocblhbi_c	C70H96CoN18O18P	Yes	Adenosylcobalamin-HBI
cob_c	C11H19N1O7P1S1	Yes	Coenzyme b
dpgpe_c	C45H94O6N1P1	Yes	"2,3-O-phytanyl-sn-glycero-1-phosphoethanolamine"
dpgpg_c	C46H94O8P1	Yes	"2,3-di-O-phytanyl-sn-glycerol-1-phospho-3'-sn-glycerol"
f420_7_c	C54H62N10O33P	Yes	Coenzyme ferredoxin 420-7
f430_c	C42H46N6NiO13	Yes	Coenzyme F430
gdpgpi_c	C55H110N1O15P1	Yes	Glucosaminyl archaetidyl-myo-inositol
hspmd_c	C8H24N3	Yes	Sym-Homospermidine
3hgrdp_c	C10H19O8P2	Yes	3-hydroxy-geranyl diphsophate
mcom_c	C3O3S2H7	Yes	Methylcoenzyme m
h2mpt_c	C30H40N6O16P	Yes	"7,8-dihydromethanopterin"
h4mpt_c	C30H42N6O16P	Yes	"5,6,7,8-tetrahydromethanopterin"
dhadrp_c	C18H23N6O8P	Yes	"7,8-dihydropterin-6-ylmethyl-1-(4-aminophenyl)-1-deoxy-D-ribitol 5'-phosphate"
dhadr_c	C18H24N6O5	Yes	"7,8-dihydropterin-6-ylmethyl-1-(4-aminophenyl)-1-deoxy-D-ribitol"
dhadrpr_c	C23H31N6O12P	Yes	"7,8-dihydropterin-6-ylmethyl-1-(4-aminophenyl)-1-deoxy-5-[1-A-D-ribofuranosyl 5'-phosphate]-D-ribitol"
dhadrdpr_c	C23H31N6O15P2	Yes	"7,8-dihydropterin-6-ylmethyl-1-(4-aminophenyl)-1-deoxy-5-[1-A-D-ribofuranosyl 5'-diphosphate]-D-ribitol"
dhadrtpr_c	C23H31N6O18P3	Yes	"7,8-dihydropterin-6-ylmethyl-1-(4-aminophenyl)-1-deoxy-5-[1-A-D-ribofuranosyl 5'-triphosphate]-D-ribitol"
slp__L_c	C3H3O9PS	Yes	L-sulfolactyl phosphate
dmh2mpt_c	C28H36N6O16P	Yes	"Didemethylated 7,8-dihydromethanopterin"
mmh2mpt_c	C29H38N6O16P	Yes	"Monomethylated 7,8-dihydromethanoterin"
dhrfap_c	C18H21N6O8P	Yes	"7,8-dihydropterin-6-ylmethyl-4-(B-D-ribofuranosyl) aminobenzene 5'-phosphate"
3hdggpg_c	C46H80O9P1	Yes	2-O-(3'-hydroxy)geranyl-3-O-geranyl-sn-glycerol-1-phospho-3'-sn-glycerol
3hdggpi_c	C49H84O12P1	Yes	2-O-(3'hydroxy)geranyl-3-O-geranyl-sn-glycero-1-phospho-myo-inositol
3hdgggps_c	C46H79N1O9P1	Yes	2-O-(3'-hydroxy)geranyl-3-O-geranyl-sn-glyceroserine
hsfd_c	C13H22N1O10P1S3	Yes	Heterodisulfide
mphenh2_c	C37N2O1H52	Yes	Methanophenazine (reduced)
Rh2cit_c	C8H9O7	Yes	(R)-(homo)2citrate
Rh3cit_c	C9H11O7	Yes	(R)-(homo)3citrate
hacon_T_c	C7H5O6	Yes	Trans-homoaconitate
5pr5hbz_c	C12H13N2O8P	Yes	N1-(5-Phospho-alpha-D-ribosyl)-5-hydroxybenzimidazole
2tcc_c	C5H8NO5S2	Yes	2-(sulfomethyl)thiazolidine-4-carboxylic acid
Shcit_c	C7H7O7	Yes	S-homocitrate
3spyr_c	C3H2O6S	Yes	3-Sulfopyruvate
2saa_c	C2H3O4S	Yes	2-sulfoacetaldehyde
tih2cit_c	C8H9O7	Yes	(-)threo-iso(homo)2citrate
tih3cit_c	C9H11O7	Yes	(-)threo-iso(homo)3citrate
ihcit_T_c	C7H7O7	Yes	Threo-isohomocitrate
tma_c	C3H10N	Yes	Trimethylamine
4cnbt_c	C6H3O4	Yes	4-carboxylatomethylenebut-2-en-4-olide
Lara14lac_c	C5H8O5	Yes	"L-arabinono-1,4-lactone"
srb__L_c	C6H12O6	Yes	L Sorbose C6H12O6
nagg_c	C12H21N5O5	Yes	N-acetylglutaminylglutamine amide
23oxsucc_c	C4H2O6	Yes	2-hydroxy-3-oxosuccinate(2-)
trdiel_c	C6H3O4	Yes	Trans-dienelactone
urdgci_c	C3H7N3O3	Yes	S-ureidoglycine
cdprbt_c	C14H23N3O15P2	Yes	CDP-ribitol(2-)
cdpdag_EC_c	C2286H3998N150O750P100	Yes	CDPdiacylglycerol (E coli)
pa_EC_c	C1836H3398O400P50	Yes	Phosphatidate  (E.coli)
pg_EC_c	C1986H3748O500P50	Yes	Phosphatidylglycerol (Ecoli)
12dgr_EC_c	C1836H3448O250	Yes	"1,2-Diacylglycerol  (E.coli)"
clpn_EC_c	C3822H7096O850P100	Yes	Cardiolipin (Ecoli)
lps_EC_c	C171H297N4O88P2	Yes	Lipopolysaccharide (Ecoli)
pe_EC_c	C1936H3748N50O400P50	Yes	Phosphatidylethanolamine (ecoli)
ps_EC_c	C1986H3698N50O500P50	Yes	Phosphatidylserine (Ecoli)
fuc1p__L_e	C6H11O8P	Yes	L-Fucose 1-phosphate
agpg_EC_c	C1143H2224O450P50	Yes	Acyl-glycerophosphoglycerol  (E.coli)
agpe_EC_c	C1093H2224O350N50P50	Yes	Acyl-glycerophosphoethanolamine  (E.coli)
agpc_EC_c	C1243H2524N50O350P50	Yes	Acyl-glycerophosphocholine
pgp_EC_c	C1986H3698O650P100	Yes	Phosphatidylglycerophosphate (Ecoli)
pc_EC_c	C2086H4048N50O400P50	Yes	Phosphatidylcholine (E.coli)
dt5hsu_c	C6H7O6	Yes	4-Deoxy-L-threo-5-hexosulose uronate
nadphx__S_c	C21H28N7O18P3	Yes	(S)-NADPHX
nadphx__R_c	C21H28N7O18P3	Yes	(R)-NADPHX
fe3dhbzs3_p	C30H29FeN3O16	Yes	2-3-dihydroxybenzoylserine trimer-Fe-III
fe3dhbzs3_c	C30H29FeN3O16	Yes	2-3-dihydroxybenzoylserine trimer-Fe-III
dxylnt_p	C5H9O6	Yes	D-Xylonate
dxylnt_c	C5H9O6	Yes	D-Xylonate
2ddara_c	C5H7O5	Yes	2-dehydro-3-deoxy-D-arabinonate
2dglc_p	C6H12O5	Yes	2 Deoxy D glucose C6H12O5
metglcur_c	C7H11O7	Yes	1-O-methyl-Beta-D-glucuronate
23doguln_p	C6H7O7	Yes	"2,3-Dioxo-L-gulonate"
dxylnt_e	C5H9O6	Yes	D-Xylonate
psuri_e	C9H12N2O6	Yes	Pseudouridine
f_c	F	No	Fluoride
sq_c	C6H11O8S	Yes	Sulphoquinovose
sfp_c	C6H10O11PS	Yes	6-deoxy-6-sulphofructose 1-phosphate
dhps_c	C3H7O5S	Yes	"2,3-Dihydroxypropane-1-sulfonate"
sq_p	C6H11O8S	Yes	Sulphoquinovose
dhps_e	C3H7O5S	Yes	"2,3-Dihydroxypropane-1-sulfonate"
fmn_p	C17H19N4O9P	Yes	FMN C17H19N4O9P
mththf_e	C5H10O5	Yes	"(2R,4S)-2-methyl-2,3,3,4-tetrahydroxytetrahydrofuran"
nadhx__S_c	C21H29N7O15P2	Yes	"Adenosine 5'-(3-{5-[(2S)-5-carbamoyl-2-hydroxy-3,4-dihydropyridin-1-yl]-5-deoxy-?-D-ribofuranosyl} dihydrogen diphosphate)"
4abzglu_c	C12H12N2O5	Yes	4-aminobenzoyl-glutamate
4abzglu_p	C12H12N2O5	Yes	4-aminobenzoyl-glutamate
5phdt_c	C9H8N2O2	Yes	Phenylhydantoin
teo2_c	O3Te	No	Tellurite
34dphacoa_c	C29H38N7O19P3S	Yes	"3,4-dihydroxyphenylacetyl-CoA"
fad_p	C27H31N9O15P2	Yes	Flavin adenine dinucleotide oxidized
mththf_p	C5H10O5	Yes	"(2R,4S)-2-methyl-2,3,3,4-tetrahydroxytetrahydrofuran"
dhptdp_c	C5H7O7P	Yes	"(4S)-4-hydroxy-5-phosphonooxypentane-2,3-dione"
lkdr_c	C6H9O5	Yes	2-dehydro-3-deoxy-L-rhamnonate
iprimv_c	C11H20O10	Yes	Isoprimeverose
2dglc_e	C6H12O5	Yes	2 Deoxy D glucose C6H12O5
sf_c	C6H11O8S	Yes	6-deoxy-6-sulphofructose
sla_c	C3H5O5S	Yes	Sulpholactaldehyde
sq_e	C6H11O8S	Yes	Sulphoquinovose
cs1_e	Cs	No	Cesium ion
r2hglut_c	C5H6O5	Yes	(R)-2-Hydroxyglutarate
prpmn_c	C6H11O10P2	Yes	?-D-ribose-1-methylphosphonate 5-phosphate
mepn_e	CH4O3P	Yes	Methylphosphonic acid
psuri_p	C9H12N2O6	Yes	Pseudouridine
ch4_c	CH4	Yes	Methane
metglcur_p	C7H11O7	Yes	1-O-methyl-Beta-D-glucuronate
metglcur_e	C7H11O7	Yes	1-O-methyl-Beta-D-glucuronate
psuri_c	C9H12N2O6	Yes	Pseudouridine
dhptdd_c	C5H7O7P	Yes	"3-hydroxy-5-phosphonooxypentane-2,4-dione"
f_p	F	No	Fluoride
rhmn_c	C6H11O6	Yes	L-rhamnonate
3hbzcoa_c	C28H36N7O18P3S	Yes	3-hydroxybenzoyl-CoA
gmplys_c	C19H29N7O10P	Yes	GMP-N-?-(N-?-acetyl lysine methyl ester) 5'-phosphoramidate
ampnt_c	CH5NO3P	Yes	Aminomethylphosphonate
urate_p	C5H4N4O3	Yes	Urate C5H4N4O3
sqg_c	C9H17O10S	Yes	1-(?-D-sulfoquinovosyl)glycerol
mepn_c	CH4O3P	Yes	Methylphosphonic acid
rpntp_c	C6H11O16P4	Yes	?-D-ribose-1-methylphosphonate-5-triphosphate
prcp_c	C5H7O10P2	Yes	"5-phospho-?-D-ribose 1,2-cyclic phosphate"
mepn_p	CH4O3P	Yes	Methylphosphonic acid
4abzglu_e	C12H12N2O5	Yes	4-aminobenzoyl-glutamate
2hptcoa_c	C29H37N7P3S1O18	Yes	"2-hydroxycyclohepta-1,4,6-triene-1-carboxyl-CoA"
mchtbs6p_c	C14H26N2O13P	Yes	N-monoacetylchitobiose 6'-phosphate
acgalfucgalacgalfuc12gal14acglcgalgluside_hs_e	C78H135N4O45RCO	Yes	Type IIIA glycolipid
acgalfucgalacgalfucgalacglcgal14acglcgalgluside_hs_e	C92H158N5O55RCO	Yes	Type IIIAb
acn13acngalgbside_hs_e	C72H121N4O43RCO	Yes	"Sialyl (1,3) sialyl (2,6) galactosylgloboside (homo sapiens)"
acn23acngalgbside_hs_e	C72H121N4O43RCO	Yes	"Sialyl (2,3) sialyl (2,6) galactosylgloboside (homo sapiens)"
acnacngal14acglcgalgluside_hs_e	C66H111N4O38RCO	Yes	"3',8'-LD1"
acnacngalgbside_hs_e	C72H121N4O43RCO	Yes	Disialyl galactosylgloboside (homo sapiens)
acngalacglcgal14acglcgalgluside_hs_e	C69H118N4O40RCO	Yes	VI3NeuAc-nLc6Cer
ahandrostanglc_e	C25H38O8	Yes	Etiocholan-3alpha-ol-17-one 3-glucuronide
ak2lgchol_hs_e	C10H21O5NPR	Yes	1-alkyl 2-lysoglycerol 3-phosphocholine
dem2emgacpail_prot_hs_r	C37H70N3O34P3RCO2R2CO2X	Yes	"Deacylated-(phosphoethanolaminyl-dimannosyl),(phosphoethanolaminyl)-mannosyl-glucosaminyl-acylphosphatidylinositol"
dgpi_prot_hs_r	C39H76N4O37P4RCO2R2CO2X	Yes	Deacylated-glycophosphatidylinositol (GPI)-anchored protein
m_em_3gacpail_prot_hs_r		No	M LPAREN em RPAREN 3gacpail prot hs r
melanin_c	C9H6NO4	Yes	Melanin c
aqcobal_e	C62H93CoN13O15P	Yes	Aquacob(III)alamin
mem2emgacpail_prot_hs_r	C59H110N3O40P3RCO2R2CO2X	Yes	"({[(mannosyl),(phosphoethanolaminyl)]-dimannosyl},{phosphoethanolaminyl})-mannosyl-glucosaminyl-acylphosphatidylinositol-Protein (M4B)"
1glyc_hs_e	C6H13O7PRCO2	Yes	1 acyl phosphoglycerol
dad_5_e	C10H13N5O3	Yes	5'-Deoxyadenosine
dag_hs_e	C3H6ORCO2R2CO2	Yes	Diacylglycerol (homo sapiens)
cca_d3_e	C22H33O4	Yes	Calcitroic acid (D3)
gq1b_hs_e	C88H143N6O54RCO	Yes	GQ1b (homo sapiens)
crmp_hs_e	C18H35NO5PRCO	Yes	Ceramide 1-phosphate
digalsgalside_hs_e	C30H55NO15SRCO	Yes	Digalactosylceramidesulfate
dmhptcrn_e	C16H35NO4	Yes	"2,6 dimethylheptanoyl carnitine"
gq1balpha_hs_e	C88H143N6O54RCO	Yes	GQ1balpha (homo sapiens)
oagd3_hs_e	C54H90N3O29RCO	Yes	9-O-Acetylated GD3 (homo sapiens)
oagt3_hs_e	C65H106N4O37RCO	Yes	9-O-Acetylated GT3 (homo sapiens)
gt1a_hs_e	C77H127N5O46RCO	Yes	GT1a (homo sapiens)
estriolglc_e	C24H32O9	Yes	16-Glucuronide-estriol
pchol_hs_e	C8H18NO4PRCO2R2CO2	Yes	Phosphatidylcholine (homo sapiens)
pe_hs_e	C5H12NO4PRCO2R2CO2	Yes	Phosphatidylethanolamine (homo sapiens)
pglyc_hs_e	C6H12O6PRCO2R2CO2	Yes	Phosphatidylglycerol (homo sapiens)
fuc13galacglcgal14acglcgalgluside_hs_e	C64H112N3O36RCO	Yes	III3Fuc-nLc6Cer
fuc14galacglcgalgluside_hs_e	C50H89N2O26RCO	Yes	Lea glycolipid
phyt_e	C20H39O2	Yes	Phytanic acid
fucacgalfucgalacglcgalgluside_hs_e	C64H112N3O35RCO	Yes	(Gal)2 (GalNAc)1 (Glc)1 (GlcNAc)1 (LFuc)2 (Cer)1
fucacngal14acglcgalgluside_hs_e	C61H105N3O34RCO	Yes	"IV3-a-NeuAc,III3-a-Fuc-nLc4Cer"
fucacngalacglcgalgluside_hs_e	C61H105N3O34RCO	Yes	"IV3-a-Neu5Ac,III4-a-Fuc-Lc4Cer"
fucfuc12gal14acglcgalgluside_hs_e	C56H99N2O30RCO	Yes	Ley glycolipid
fucfuc132galacglcgal14acglcgalgluside_hs_e	C70H122N3O40RCO	Yes	"V3Fuc,III3Fuc-nLc6Cer"
fucfucfucgalacglc13galacglcgal14acglcgalgluside_hs_e	C90H155N4O54RCO	Yes	(Gal)4 (Glc)1 (GlcNAc)3 (LFuc)3 (Cer)1
fucfucfucgalacglcgal14acglcgalgluside_hs_e	C76H132N3O44RCO	Yes	(Gal)3 (Glc)1 (GlcNAc)2 (LFuc)3 (Cer)1
ps_hs_e	C6H11NO6PRCO2R2CO2	Yes	Phosphatidylserine (homo sapiens)
fucfucgalacglcgalgluside_hs_e	C56H99N2O30RCO	Yes	Leb glycolipid
fucgal14acglcgalgluside_hs_e	C50H89N2O26RCO	Yes	Lacto-N-fucopentaosyl III ceramide
fucgalfucgalacglcgalgluside_hs_e	C62H109N2O35RCO	Yes	(Gal)3 (Glc)1 (GlcNAc)1 (LFuc)2 (Cer)1
fucgalgbside_hs_e	C56H99N2O31RCO	Yes	Fucosyl galactosylgloboside (homo sapiens)
galacglcgalgbside_hs_e	C64H112N3O37RCO	Yes	Gal-GlcNAc-Gal globoside (homo sapiens)
galfuc12gal14acglcgalgluside_hs_e	C56H99N2O31RCO	Yes	(Gal)3 (Glc)1 (GlcNAc)1 (LFuc)1 (Cer)1
galfucgalacglcgal14acglcgalgluside_hs_e	C70H122N3O41RCO	Yes	(Gal)4 (Glc)1 (GlcNAc)2 (LFuc)1 (Cer)1
galgalfucfucgalacglcgalacglcgal14acglcgalgluside_hs_e	C96H165N4O60RCO	Yes	(Gal)6 (Glc)1 (GlcNAc)3 (LFuc)2 (Cer)1
galgalgalthcrm_hs_e	C54H96NO32RCO	Yes	Gal-Gal-Gal-Gal-Gal-Glc-Cer (homo sapiens)
gbside_hs_e	C44H79N2O22RCO	Yes	Globoside (homo sapiens)
gd1b2_hs_e	C66H111N4O38RCO	Yes	GD1beta (homo sapiens)
gd1c_hs_e	C66H111N4O38RCO	Yes	GD1c (homo sapiens)
gdchola_e	C26H43NO5	Yes	Glycochenodeoxycholate
retpalm_SPACE_deleted_SPACE_10_09_2005_SPACE_SPACE_06_COLON_18_COLON_49_SPACE_PM_e		No	Retpalm  LSQBKT deleted 10 FSLASH 09 FSLASH 2005  06:18:49 PM RSQBKT  e
gp1c_hs_e	C99H159N7O62RCO	Yes	GP1c (homo sapiens)
gp1calpha_hs_e	C99H159N7O62RCO	Yes	GP1c alpha  (homo sapiens)
tag_hs_e	C3H5RCO2R2CO2R3CO2	Yes	Triacylglycerol (homo sapiens)
vitd2_e	C28H44O	Yes	Vitamin D2; ergocalciferol
whtststerone_e	C19H28O3	Yes	W hydroxy testosterone; 19-Hydroxytestosterone
xolest2_hs_e	C27H45R2CO2	Yes	Cholesterol ester (from FULLR2)
xolest_hs_e	C27H45XCO2	Yes	Cholesterol ester
b2coa_m	C25H36N7O17P3S	Yes	Crotonoyl-CoA
1a25dhvitd2_m	C28H44O3	Yes	"1-alpha,25-Dihydroxyvitamin D2"
1a25dhvitd3_m	C27H44O3	Yes	"1-alpha,25-Dihydroxyvitamin D3"
3hxkynam_c	C9H13N2O2	Yes	3-Hydroxykynurenamine
3m4hpga_c	C9H10O4	Yes	3-Methoxy-4-hydroxyphenylglycolaldehyde
3amp_l	C10H12N5O7P	Yes	3  AMP C10H12N5O7P
5hoxindact_m	C10H9NO2	Yes	5-Hydroxyindoleacetaldehyde
5hxkyn_c	C10H12N2O4	Yes	5-Hydroxykynurenine
5hxkynam_c	C9H13N2O2	Yes	5-Hydroxykynurenamine
lpchol_hs_e	C8H19NO5PRCO2	Yes	Lysophosphatidylcholine (homo sapiens)
acgagbside_hs_c	C52H92N3O27RCO	Yes	Alpha GalNAc globoside (homo sapiens)
acgalfucgalacgalfuc12gal14acglcgalgluside_hs_g	C78H135N4O45RCO	Yes	Type IIIA glycolipid
galgluside_hs_c	C30H56NO12RCO	Yes	Galactosyl glucosyl ceramide
mag_hs_e	C3H7O2R2CO2	Yes	Monoacylglycerol 2 (homo sapiens)
galgluside_hs_g	C30H56NO12RCO	Yes	Galactosyl glucosyl ceramide
acgalfucgalacgalfucgalacglcgal14acglcgalgluside_hs_g	C92H158N5O55RCO	Yes	Type IIIAb
acgal_g	C8H15NO6	Yes	N-Acetyl-D-galactosamine
acgbgbside_hs_c	C52H92N3O27RCO	Yes	Beta GalNAc globoside (homo sapiens)
acgpail_hs_c	C17H29NO14PRCO2R2CO2	Yes	N-Acetyl-D-glucosaminylphosphatidylinositol
acn13acngalgbside_hs_c	C72H121N4O43RCO	Yes	"Sialyl (1,3) sialyl (2,6) galactosylgloboside (homo sapiens)"
4abut_l	C4H9NO2	Yes	4-Aminobutanoate
acn23acngalgbside_hs_c	C72H121N4O43RCO	Yes	"Sialyl (2,3) sialyl (2,6) galactosylgloboside (homo sapiens)"
acnacngal14acglcgalgluside_hs_g	C66H111N4O38RCO	Yes	"3',8'-LD1"
acnacngalgbside_hs_c	C72H121N4O43RCO	Yes	Disialyl galactosylgloboside (homo sapiens)
acngalacglcgal14acglcgalgluside_hs_g	C69H118N4O40RCO	Yes	VI3NeuAc-nLc6Cer
fadh2_x	C27H33N9O15P2	Yes	Flavin adenine dinucleotide reduced
acald_r	C2H4O	Yes	Acetaldehyde
cholcoas_x	C48H76N7O20P3S	Yes	"3alpha,7alpha,12alpha-Trihydroxy-5beta-cholestanoyl-CoA(S)"
nifedipine_e	C17H18N2O6	Yes	Nifedipine c
adn_l	C10H13N5O4	Yes	Adenosine
adpman_c	C16H23N5O15P2	Yes	Adenosine-5'-Diphosphate-D-Mannose
ade_l	C5H5N5	Yes	Adenine
adprib_m	C15H21N5O14P2	Yes	ADPribose C15H21N5O14P2
adhap_hs_c	C3H4O6PRCO	Yes	Acyl-dihydroxyacetone phosphate
ak2g_hs_c	C5H10O2RR2CO2	Yes	1-alkyl 2-acylglycerol
ak2gpe_hs_c	C7H16O5NPRR2CO	Yes	1-alkyl 2-acylglycerol 3-phosphoethanolamine
ak2gp_hs_c	C5H9O6PRR2CO	Yes	1-alkyl 2-acylglycerol 3-phosphate
akdhap_hs_c	C3H4O6PRC2H4	Yes	1-alkyldihydroxyacetone phosphate
akgp_hs_c	C4H10O4PRCO2	Yes	1-alkylglycerol 3-phosphate (homo sapiens)
dhcholestancoa_x	C48H76N7O19P3S	Yes	"3alpha,7alpha-Dihydroxy-5beta-cholestanoyl-CoA"
cholcoar_r	C48H76N7O20P3S	Yes	"3alpha,7alpha,12alpha-Trihydroxy-5beta-cholestanoyl-CoA"
agm_m	C5H16N4	Yes	Agmatine
alpa_hs_c	C3H6O5PRCO2	Yes	Lysophosphatidic acid (homo sapiens)
ahcys_m	C14H20N6O5S	Yes	S-Adenosyl-L-homocysteine
adhap_hs_x	C3H4O6PRCO	Yes	Acyl-dihydroxyacetone phosphate
alkylR1oh_x	C2H5OR	Yes	Hydroxy alkyl chain
ahandrostanglc_c	C25H38O8	Yes	Etiocholan-3alpha-ol-17-one 3-glucuronide
crm_hs_l	C18H36NO2RCO	Yes	Ceramide (homo sapiens)
sgalside_hs_l	C24H45NO10SRCO	Yes	Sulfatide galactocerebroside (homo sapiens)
m2mn_c	C26H45NO21	Yes	(alpha-D-mannosyl)2-beta-D-mannosyl-N-acetylglucosamine
thcrm_hs_g	C36H66NO17RCO	Yes	Trihexosyl ceramide (homo sapiens)
ga2_hs_g	C38H69N2O17RCO	Yes	GA2 (homo sapiens)
gm2_hs_g	C49H85N3O25RCO	Yes	Ganglioside GM2 (homo sapiens)
gd2_hs_g	C60H101N4O33RCO	Yes	GD2 (homo sapiens)
gt2_hs_g	C71H117N5O41RCO	Yes	GT2 (homo sapiens)
gbside_hs_g	C44H79N2O22RCO	Yes	Globoside (homo sapiens)
acglcgalgluside_hs_g	C38H69N2O17RCO	Yes	(Gal)1 (Glc)1 (GlcNAc)1 (Cer)1
gal14acglcgalgluside_hs_g	C44H79N2O22RCO	Yes	Lactoneotetraosylceramide
galacglcgal14acglcgalgluside_hs_g	C58H102N3O32RCO	Yes	I-antigen
acgalfuc12gal14acglcgalgluside_hs_g	C58H102N3O31RCO	Yes	(Gal)2 (GalNAc)1 (Glc)1 (GlcNAc)1 (LFuc)1 (Cer)1
acglcgal14acglcgalgluside_hs_g	C52H92N3O27RCO	Yes	NLc5Cer
acgalfucgalacglcgal14acglcgalgluside_hs_g	C72H125N4O41RCO	Yes	(Gal)3 (GalNAc)1 (Glc)1 (GlcNAc)2 (LFuc)1 (Cer)1
acglcgalacglcgal14acglcgalgluside_hs_g	C66H115N4O37RCO	Yes	(Gal)3 (Glc)1 (GlcNAc)3 (Cer)1
acglc13galacglcgal14acglcgalgluside_hs_g	C66H115N4O37RCO	Yes	NLc7Cer
galthcrm_hs_g	C42H76NO22RCO	Yes	Gal-Gal-Gal-Glc-Cer (homo sapiens)
galgalthcrm_hs_g	C48H86NO27RCO	Yes	Gal-Gal-Gal-Gal-Glc-Cer (homo sapiens)
galgbside_hs_g	C50H89N2O27RCO	Yes	Galactosylgloboside (homo sapiens)
acglcgalgbside_hs_g	C58H102N3O32RCO	Yes	GlcNAc-Gal globoside (homo sapiens)
gm2a_hs_g	C49H85N3O25RCO	Yes	GM2alpha (homo sapiens)
galside_hs_g	C24H46NO7RCO	Yes	Galactocerebroside (homo sapiens)
gluside_hs_g	C24H46NO7RCO	Yes	Glucocerebroside (homo sapiens)
dgcholcoa_x	C45H70N7O19P3S	Yes	Chenodeoxyglycocholoyl-CoA
bamppald_m	C3H8NO	Yes	Beta-Aminopropion aldehyde
4tmeabutn_c	C7H15NO2	Yes	4-Trimethylammoniobutanoate
bhb_m	C4H7O3	Yes	(R)-3-Hydroxybutanoate
chito2pdol__L_c	C1240H2028N20O170P20	Yes	"N,N'-Diacetylchitobiosyldiphosphodolichol, human liver homolog"
chito2pdol_U_c	C1185H1940N20O170P20	Yes	"N,N'-Diacetylchitobiosyldiphosphodolichol, human uterine homolog"
pa_hs_m	C3H5O4PRCO2R2CO2	Yes	Phosphatidic acid (homo sapiens)
dag_hs_c	C3H6ORCO2R2CO2	Yes	Diacylglycerol (homo sapiens)
crm_hs_c	C18H36NO2RCO	Yes	Ceramide (homo sapiens)
gluside_hs_c	C24H46NO7RCO	Yes	Glucocerebroside (homo sapiens)
chol_m	C5H14NO	Yes	Choline C5H14NO
chsterol_g	C27H46O	Yes	Chsterol c
itaccoa_m	C26H35N7O19P3S	Yes	Itaconyl CoA C26H35N7O19P3S
citmcoa__L_m	C26H37N7O20P3S	Yes	L-Citramalyl-CoA
i_c	I	No	I c
clpndcrn_m	C29H47NO4	Yes	Clupanodonyl carnitine
clpndcrn_c	C29H47NO4	Yes	Clupanodonyl carnitine
cdpdag_hs_c	C12H17N3O11P2RCO2R2CO2	Yes	CDP diacylglycerol (homo sapiens)
pglyc_hs_c	C6H12O6PRCO2R2CO2	Yes	Phosphatidylglycerol (homo sapiens)
acnam_n	C11H18NO9	Yes	N-Acetylneuraminate
cys__L_m	C3H7NO2S	Yes	L-Cysteine
cytd_l	C9H13N3O5	Yes	Cytidine
dag_hs_n	C3H6ORCO2R2CO2	Yes	Diacylglycerol (homo sapiens)
dag_hs_r	C3H6ORCO2R2CO2	Yes	Diacylglycerol (homo sapiens)
ala__D_x	C3H7NO2	Yes	D-Alanine
digalsgalside_hs_c	C30H55NO15SRCO	Yes	Digalactosylceramidesulfate
digalside_hs_c	C30H56NO12RCO	Yes	Digalactosylceramide
dmhptcoa_c	C30H52N7O17P3S	Yes	"2,6 dimethylheptanoyl-CoA"
dmhptcrn_m	C16H35NO4	Yes	"2,6 dimethylheptanoyl carnitine"
dmhptcrn_c	C16H35NO4	Yes	"2,6 dimethylheptanoyl carnitine"
dmnoncrn_m	C18H37NO4	Yes	"4,8 dimethylnonanoyl carnitine"
dmnoncrn_c	C18H35NO4	Yes	"4,8 dimethylnonanoyl carnitine"
dna_n	C10H17O8PR2	Yes	DNA
seasmet_n	C15H23N6O5Se	Yes	Se-Adenosylselenomethionine
pro__D_x	C5H9NO2	Yes	D-Proline
ecgon_r	C9H14NO3	Yes	Ecgon r
3hbcoa_x	C25H38N7O18P3S	Yes	(S)-3-Hydroxybutanoyl-CoA
egme_r	C10H17NO3	Yes	Ecgonine methyl ester
s2l2n2m2m_c	C84H136N6O62	Yes	De-Fuc form of PA6 (w/o peptide linkage)
n2m2nm_c	C58H97N5O41	Yes	N2m2nmasn (w/o peptide linkage)
g1m8masn_g	C76H127N2O60X	Yes	(alpha-D-Glucosyl)-(alpha-D-mannosyl)8-beta-D-mannosyl-diacetylchitobiosyl-L-asparagine (protein)
g2m8masn_g	C82H137N2O65X	Yes	(alpha-D-Glucosyl)2-(alpha-D-mannosyl)8-beta-D-mannosyl-diacetylchitobiosyl-L-asparagine (protein)
g3m8masn_g	C88H147N2O70X	Yes	(alpha-D-Glucosyl)3-(alpha-D-mannosyl)8-beta-D-mannosyl-diacetylchitobiosyl-L-asparagine (protein)
g1m7masnC_g	C70H117N2O55X	Yes	"Glucosyl-(alpha-D-mannosyl)7-beta-D-mannosyl-diacetylchitobiosyl-L-asparagine, isoform C (protein)"
g1m7masnB_g	C70H117N2O55X	Yes	"Glucosyl-(alpha-D-mannosyl)7-beta-D-mannosyl-diacetylchitobiosyl-L-asparagine, isoform B (protein)"
g1m6masnB1_g	C64H107N2O50X	Yes	Glucosyl-(alpha-D-mannosyl)6-beta-D-mannosyl-diacetylchitobiosyl-L-asparagine (protein)
estriolglc_c	C24H32O9	Yes	16-Glucuronide-estriol
estriol_r	C18H24O3	Yes	Estriol c
lnlcACP_c	C29H51N2O8PRS	Yes	Linoleic acid ACP (all cis)
lneldcACP_c	C29H51N2O8PRS	Yes	Linoelaidic acid ACP (all trans)
bilglcur_c	C39H44N4O12	Yes	Bilirubin monoglucuronide
dolmanp__L_r	C1140H1868O90P10	Yes	"Dolichyl phosphate D-mannose, human liver homolog"
memgacpail_hs_r	C45H84N2O27P2RCO2R2CO2	Yes	"(mannosyl),(phosphoethanolaminyl)-mannosyl-glucosylaminyl-acylphosphatidylinositol (B)"
dolmanp_U_r	C1085H1780O90P10	Yes	"Dolichyl phosphate D-mannose, human uterine homolog"
mn_l	C14H25NO11	Yes	"Beta-1,4-mannose-N-acetylglucosamine"
c2m26dcoa_m	C31H46N7O17P3S	Yes	"Cis-2-Methyl-5-isopropylhexa-2,5-dienoyl-CoA"
c2m26dcoa_x	C31H46N7O17P3S	Yes	"Cis-2-Methyl-5-isopropylhexa-2,5-dienoyl-CoA"
cbl1_m	C62H88CoN13O14P	Yes	Cob(I)alamin
cbp_r	CH2NO5P	Yes	Carbamoyl phosphate
glc__D_r	C6H12O6	Yes	D-Glucose
prostg1_c	C20H31O5	Yes	"(13E)-11alpha-Hydroxy-9,15-dioxoprost-13-enoate"
cca_d3_c	C22H33O4	Yes	Calcitroic acid (D3)
cca_d3_m	C22H33O4	Yes	Calcitroic acid (D3)
pa_hs_c	C3H5O4PRCO2R2CO2	Yes	Phosphatidic acid (homo sapiens)
coke_r	C17H21NO4	Yes	Cocaine
2dpmhobq_m	C58H88O4	Yes	"2-Decaprenyl-3-methyl-5-hydroxy-6-methoxy-1,4-benzoquinone"
2dp6mep_m	C57H88O2	Yes	2-Decaprenyl-6-methoxyphenol
2dp6mobq_me_m	C58H88O3	Yes	"2-Decaprenyl-3-methyl-6-methoxy-1,4-benzoquinone"
ntm2amep_c	C5H13NO3P	Yes	N-Trimethyl-2-aminoethylphosphonate
crmp_hs_c	C18H35NO5PRCO	Yes	Ceramide 1-phosphate
cspg_a_g	C45H66N2O45S3X	Yes	Chondroitin sulfate A (GalNAc4S-GlcA) proteoglycan
cspg_b_g	C45H65N2O48S4X	Yes	Chondroitin sulfate B / dermatan sulfate (IdoA2S-GalNAc4S) proteoglycan
cspg_c_g	C45H66N2O45S3X	Yes	Chondroitin sulfate C (GalNAc6S-GlcA) proteoglycan
cspg_d_g	C45H64N2O51S5X	Yes	Chondroitin sulfate D (GlcNAc6S-GlcA2S) proteoglycan
cspg_e_g	C45H63N2O54S6X	Yes	"Chondroitin sulfate E (GalNAc4,6diS-GlcA) proteoglycan"
ala__D_l	C3H7NO2	Yes	D-Alanine
arg__D_x	C6H15N4O2	Yes	D-Arginine
dcyt_m	C9H13N3O4	Yes	Deoxycytidine
dedoldp__L_c	C1080H1738O70P20	Yes	"Dehydrodolichol diphosphate, human liver homolog"
dedoldp_U_c	C1025H1650O70P20	Yes	"Dehydrodolichol diphosphate, human uterine homolog"
dedolp__L_c	C1080H1738O40P10	Yes	"Dehydrodolichol phosphate, human liver homolog"
dedolp_U_c	C1025H1650O40P10	Yes	"Dehydrodolichol phosphate, human uterine homolog"
dedol__L_c	C1080H1748O10	Yes	"Dehydrodolichol, human liver homolog"
dedol_U_c	C1025H1660O10	Yes	"Dehydrodolichol, human uterine homolog"
dgsn_m	C10H13N5O4	Yes	Deoxyguanosine
Rtotalcoa_x	CO2RC21H31N7O15P3S	Yes	Rtotalcoa c
dhcrm_hs_c	C18H38NO2RCO	Yes	Dihydroceramide (homo sapiens)
3dpdhb_m	C57H85O4	Yes	"3-Decaprenyl-4,5-dihdydroxybenzoate"
dheas_r	C19H27O5S	Yes	Dehydroepiandrosterone sulfate
g3m8mpdol__L_r	C1960H3228N20O770P20	Yes	"(alpha-D-Glucosyl)3-(alpha-D-mannosyl)8-beta-D-mannosyl-diacetylchitobiosyldiphosphodolichol, human liver homolog"
g3m8mpdol_U_r	C1905H3140N20O770P20	Yes	"(alpha-D-Glucosyl)3-(alpha-D-mannosyl)8-beta-D-mannosyl-diacetylchitobiosyldiphosphodolichol, human uterine homolog"
doldp__L_r	C1080H1758O70P20	Yes	"Dolichol diphosphate, human liver homolog"
doldp_U_r	C1025H1670O70P20	Yes	"Dolichol diphosphate, human uterine homolog"
dolglcp__L_c	C1140H1868O90P10	Yes	"Dolichyl beta-D-glucosyl phosphate, human liver homolog"
dolglcp_U_c	C1085H1780O90P10	Yes	"Dolichyl beta-D-glucosyl phosphate, human uterine homolog"
dolglcp__L_r	C1140H1868O90P10	Yes	"Dolichyl beta-D-glucosyl phosphate, human liver homolog"
dolglcp_U_r	C1085H1780O90P10	Yes	"Dolichyl beta-D-glucosyl phosphate, human uterine homolog"
dolichol__L_r	C1080H1768O10	Yes	"Dolichol, human liver homolog"
dolichol_U_r	C1025H1680O10	Yes	"Dolichol, human uterine homolog"
dolichol__L_c	C1080H1768O10	Yes	"Dolichol, human liver homolog"
dolichol_U_c	C1025H1680O10	Yes	"Dolichol, human uterine homolog"
dolmanp__L_c	C1140H1868O90P10	Yes	"Dolichyl phosphate D-mannose, human liver homolog"
dolmanp_U_c	C1085H1780O90P10	Yes	"Dolichyl phosphate D-mannose, human uterine homolog"
m8mpdol__L_r	C1780H2928N20O620P20	Yes	"(alpha-D-Mannosyl)8-beta-D-mannosyl-diacetylchitobiosyldiphosphodolichol, human liver homolog"
m8mpdol_U_r	C1725H2840N20O620P20	Yes	"(alpha-D-Mannosyl)8-beta-D-mannosyl-diacetylchitobiosyldiphosphodolichol, human uterine homolog"
g1m8mpdol__L_r	C1840H3028N20O670P20	Yes	"Alpha-D-Glucosyl-(alpha-D-mannosyl)8-beta-D-mannosyl-diacetylchitobiosyldiphosphodolichol, human liver homolog"
g1m8mpdol_U_r	C1785H2940N20O670P20	Yes	"Alpha-D-Glucosyl-(alpha-D-mannosyl)8-beta-D-mannosyl-diacetylchitobiosyldiphosphodolichol, human uterine homolog"
g2m8mpdol__L_r	C1900H3128N20O720P20	Yes	"(alpha-D-Glucosyl)2-(alpha-D-mannosyl)8-beta-D-mannosyl-diacetylchitobiosyldiphosphodolichol, human liver homolog"
g2m8mpdol_U_r	C1845H3040N20O720P20	Yes	"(alpha-D-Glucosyl)2-(alpha-D-mannosyl)8-beta-D-mannosyl-diacetylchitobiosyldiphosphodolichol, human uterine homolog"
dolp__L_r	C1080H1758O40P10	Yes	"Dolichol phosphate, human liver homolog"
dolp_U_r	C1025H1670O40P10	Yes	"Dolichol phosphate, human uterine homolog"
m4mpdol__L_r	C1540H2528N20O420P20	Yes	"(alpha-D-Mannosyl)4-beta-D-mannosyl-diacetylchitobiosyldiphosphodolichol, human liver homolog"
m4mpdol_U_r	C1485H2440N20O420P20	Yes	"(alpha-D-Mannosyl)4-beta-D-mannosyl-diacetylchitobiosyldiphosphodolichol, human uterine homolog"
m5mpdol__L_r	C1600H2628N20O470P20	Yes	"(alpha-D-Mannosyl)5-beta-D-mannosyl-diacetylchitobiosyldiphosphodolichol, human liver homolog"
m5mpdol_U_r	C1545H2540N20O470P20	Yes	"(alpha-D-Mannosyl)5-beta-D-mannosyl-diacetylchitobiosyldiphosphodolichol, human uterine homolog"
m6mpdol__L_r	C1660H2728N20O520P20	Yes	"(alpha-D-Mannosyl)6-beta-D-mannosyl-diacetylchitobiosyldiphosphodolichol, human liver homolog"
m6mpdol_U_r	C1605H2640N20O520P20	Yes	"(alpha-D-Mannosyl)6-beta-D-mannosyl-diacetylchitobiosyldiphosphodolichol, human uterine homolog"
m7mpdol__L_r	C1720H2828N20O570P20	Yes	"(alpha-D-Mannosyl)7-beta-D-mannosyl-diacetylchitobiosyldiphosphodolichol, human liver homolog"
m7mpdol_U_r	C1665H2740N20O570P20	Yes	"(alpha-D-Mannosyl)7-beta-D-mannosyl-diacetylchitobiosyldiphosphodolichol, human uterine homolog"
dolp__L_c	C1080H1758O40P10	Yes	"Dolichol phosphate, human liver homolog"
dolp_U_c	C1025H1670O40P10	Yes	"Dolichol phosphate, human uterine homolog"
orn__D_x	C5H13N2O2	Yes	D-Ornithine
dpcoa_l	C21H33N7O13P2S	Yes	Dephospho-CoA
galside_hs_l	C24H46NO7RCO	Yes	Galactocerebroside (homo sapiens)
galfuc12gal14acglcgalgluside_hs_g	C56H99N2O31RCO	Yes	(Gal)3 (Glc)1 (GlcNAc)1 (LFuc)1 (Cer)1
galfucgalacglcgal14acglcgalgluside_hs_g	C70H122N3O41RCO	Yes	(Gal)4 (Glc)1 (GlcNAc)2 (LFuc)1 (Cer)1
galgalfucfucgalacglcgalacglcgal14acglcgalgluside_hs_g	C96H165N4O60RCO	Yes	(Gal)6 (Glc)1 (GlcNAc)3 (LFuc)2 (Cer)1
galgalgalthcrm_hs_c	C54H96NO32RCO	Yes	Gal-Gal-Gal-Gal-Gal-Glc-Cer (homo sapiens)
gm3_hs_g	C41H72N2O20RCO	Yes	Ganglioside GM3 (homo sapiens)
gd3_hs_g	C52H88N3O28RCO	Yes	GD3 (homo sapiens)
gt3_hs_g	C63H104N4O36RCO	Yes	GT3 (homo sapiens)
cs_hs_linkage_g	C23H36O20X	Yes	Chondroitin sulfate/heparan sulfate linkage region (GlcA-(Gal)2-Xyl-L-Ser (protein))
cs_a_b_pre2_g	C37H54NO37S2X	Yes	"Chondroitin sulfate A (GalNAc4S-GlcA) and B (IdoA2S-GalNAc4S), precursor 2"
cs_c_pre2_g	C37H54NO37S2X	Yes	"Chondroitin sulfate C (GalNAc6S-GlcA), precursor 2"
cs_d_pre3_g	C37H53NO40S3X	Yes	"Chondroitin sulfate D (GlcNAc6S-GlcA2S), precursor 3"
cs_e_pre3_g	C37H52NO43S4X	Yes	"Chondroitin sulfate E (GalNAc4,6diS-GlcA), precursor 3"
galside_hs_c	C24H46NO7RCO	Yes	Galactocerebroside (homo sapiens)
lxser_g	C11H19O9X	Yes	Gal-Xyl-L-Ser (protein)
xser_g	C5H9O4X	Yes	Xyl-L-Ser (protein)
gd3_hs_c	C52H88N3O28RCO	Yes	GD3 (homo sapiens)
gt3_hs_c	C63H104N4O36RCO	Yes	GT3 (homo sapiens)
gluside_hs_l	C24H46NO7RCO	Yes	Glucocerebroside (homo sapiens)
gbside_hs_c	C44H79N2O22RCO	Yes	Globoside (homo sapiens)
prist_c	C19H37O2	Yes	Pristanic acid
phyt_c	C20H39O2	Yes	Phytanic acid
adrn_c	C22H35O2	Yes	Adrenic acid
dcsptn1_c	C22H33O2	Yes	"Docosa-4,7,10,13,16-pentaenoic acid (n-6)"
clpnd_c	C22H33O2	Yes	Clupanodonic acid
nrvnc_c	C24H45O2	Yes	Nervonic acid
tettet6_c	C24H39O2	Yes	Tetracosatetraenoic acid n-6
tethex3_c	C24H35O2	Yes	"Tetracosahexaenoic acid, n-3"
but_m	C4H7O2	Yes	Butyrate (n-C4:0)
dmnoncoa_m	C32H54N7O17P3S	Yes	"4,8 dimethylnonanoyl-CoA"
hdcoa_m	C37H60N7O17P3S	Yes	Hexadecenoyl-CoA (n-C16:1CoA)
strdnccoa_x	C39H58N7O17P3S	Yes	Stearidonyl coenzyme A
arachcoa_x	C41H70N7O17P3S	Yes	Arachidyl coenzyme A
tmndnccoa_x	C41H60N7O17P3S	Yes	Timnodonyl coenzyme A
dcsptn1coa_x	C43H64N7O17P3S	Yes	"Docosa-4,7,10,13,16-pentaenoyl coenzyme A"
c226coa_x	C43H62N7O17P3S	Yes	Cervonyl coenzyme A
lgnccoa_x	C45H78N7O17P3S	Yes	Lignocericyl coenzyme A
nrvnccoa_x	C45H76N7O17P3S	Yes	Nervonyl coenzyme A
tettet6coa_x	C45H70N7O17P3S	Yes	Tetracosatetraenoyl coenzyme A
tetpent3coa_x	C45H68N7O17P3S	Yes	"Tetracosapentaenoyl coenzyme A, n-3"
tetpent6coa_x	C45H68N7O17P3S	Yes	"Tetracosapentaenoyl coenzyme A, n-6"
tethex3coa_x	C45H66N7O17P3S	Yes	Tetracosahexaenoyl coenzyme A
forcoa_x	C22H36N7O17P3S	Yes	Formyl-CoA(4-)
fuc13galacglcgal14acglcgalgluside_hs_g	C64H112N3O36RCO	Yes	III3Fuc-nLc6Cer
fuc14galacglcgalgluside_hs_g	C50H89N2O26RCO	Yes	Lea glycolipid
fucacgalfucgalacglcgalgluside_hs_g	C64H112N3O35RCO	Yes	(Gal)2 (GalNAc)1 (Glc)1 (GlcNAc)1 (LFuc)2 (Cer)1
fucacngal14acglcgalgluside_hs_g	C61H105N3O34RCO	Yes	"IV3-a-NeuAc,III3-a-Fuc-nLc4Cer"
fucacngalacglcgalgluside_hs_g	C61H105N3O34RCO	Yes	"IV3-a-Neu5Ac,III4-a-Fuc-Lc4Cer"
fucfuc12gal14acglcgalgluside_hs_g	C56H99N2O30RCO	Yes	Ley glycolipid
fucfuc132galacglcgal14acglcgalgluside_hs_g	C70H122N3O40RCO	Yes	"V3Fuc,III3Fuc-nLc6Cer"
fucfucfucgalacglc13galacglcgal14acglcgalgluside_hs_g	C90H155N4O54RCO	Yes	(Gal)4 (Glc)1 (GlcNAc)3 (LFuc)3 (Cer)1
fucfucfucgalacglcgal14acglcgalgluside_hs_g	C76H132N3O44RCO	Yes	(Gal)3 (Glc)1 (GlcNAc)2 (LFuc)3 (Cer)1
fucfucgalacglcgalgluside_hs_g	C56H99N2O30RCO	Yes	Leb glycolipid
fucgal14acglcgalgluside_hs_g	C50H89N2O26RCO	Yes	Lacto-N-fucopentaosyl III ceramide
fucgalfucgalacglcgalgluside_hs_g	C62H109N2O35RCO	Yes	(Gal)3 (Glc)1 (GlcNAc)1 (LFuc)2 (Cer)1
fucgalgbside_hs_c	C56H99N2O31RCO	Yes	Fucosyl galactosylgloboside (homo sapiens)
galacglcgalgluside_hs_g	C44H79N2O22RCO	Yes	Lc4Cer
galacgalfuc12gal14acglcgalgluside_hs_g	C64H112N3O36RCO	Yes	(Gal)3 (GalNAc)1 (Glc)1 (GlcNAc)1 (LFuc)1 (Cer)1
galacgalfucgalacglcgal14acglcgalgluside_hs_g	C78H135N4O46RCO	Yes	(Gal)4 (GalNAc)1 (Glc)1 (GlcNAc)2 (LFuc)1 (Cer)1
galacglcgalacglcgal14acglcgalgluside_hs_g	C72H125N4O42RCO	Yes	I-antigen
fucgalacglc13galacglcgal14acglcgalgluside_hs_g	C78H135N4O46RCO	Yes	(Gal)4 (Glc)1 (GlcNAc)3 (LFuc)1 (Cer)1
fucfucgalacglc13galacglcgal14acglcgalgluside_hs_g	C84H145N4O50RCO	Yes	(Gal)4 (Glc)1 (GlcNAc)3 (LFuc)2 (Cer)1
acngal14acglcgalgluside_hs_g	C55H95N3O30RCO	Yes	Sialyl-3-paragloboside
fuc12gal14acglcgalgluside_hs_g	C50H89N2O26RCO	Yes	Type IIH glycolipid
fucgalacglcgal14acglcgalgluside_hs_g	C64H112N3O36RCO	Yes	VI2Fuc-nLc6
fucfucgalacglcgal14acglcgalgluside_hs_g	C70H122N3O40RCO	Yes	(Gal)3 (Glc)1 (GlcNAc)2 (LFuc)2 (Cer)1
fuc132galacglcgal14acglcgalgluside_hs_g	C64H112N3O36RCO	Yes	V3Fuc-nLc6Cer
galacglc13galacglcgal14acglcgalgluside_hs_g	C72H125N4O42RCO	Yes	NLc8Cer
m2mpdol__L_c	C1420H2328N20O320P20	Yes	"(alpha-D-mannosyl)2-beta-D-mannosyl-diacetylchitobiosyldiphosphodolichol, human liver homolog"
m2mpdol_U_c	C1365H2240N20O320P20	Yes	"(alpha-D-mannosyl)2-beta-D-mannosyl-diacetylchitobiosyldiphosphodolichol, human uterine homolog"
m3mpdol__L_c	C1480H2428N20O370P20	Yes	"(alpha-D-mannosyl)3-beta-D-mannosyl-diacetylchitodiphosphodolichol, human liver homolog"
m3mpdol_U_c	C1425H2340N20O370P20	Yes	"(alpha-D-mannosyl)3-beta-D-mannosyl-diacetylchitodiphosphodolichol, human uterine homolog"
mpdol__L_c	C1300H2128N20O220P20	Yes	"Beta-D-Mannosyldiacetylchitobiosyldiphosphodolichol, human liver homolog"
mpdol_U_c	C1245H2040N20O220P20	Yes	"Beta-D-Mannosyldiacetylchitobiosyldiphosphodolichol, human uterine homolog"
m1mpdol__L_c	C1360H2228N20O270P20	Yes	"Alpha-D-mannosyl-beta-D-mannosyl-diacylchitobiosyldiphosphodolichol, human liver homolog"
m1mpdol_U_c	C1305H2140N20O270P20	Yes	"Alpha-D-mannosyl-beta-D-mannosyl-diacylchitobiosyldiphosphodolichol, human uterine homolog"
g1m6masnB1_r	C64H107N2O50X	Yes	Glucosyl-(alpha-D-mannosyl)6-beta-D-mannosyl-diacetylchitobiosyl-L-asparagine (protein)
g1m7masnB_r	C70H117N2O55X	Yes	"Glucosyl-(alpha-D-mannosyl)7-beta-D-mannosyl-diacetylchitobiosyl-L-asparagine, isoform B (protein)"
g1m7masnC_r	C70H117N2O55X	Yes	"Glucosyl-(alpha-D-mannosyl)7-beta-D-mannosyl-diacetylchitobiosyl-L-asparagine, isoform C (protein)"
glu5p_m	C5H8NO7P	Yes	L-Glutamate 5-phosphate
gacpail_hs_c	C31H58NO14PRCO2R2CO2	Yes	Glucosaminyl-acylphosphatidylinositol
digalside_hs_g	C30H56NO12RCO	Yes	Digalactosylceramide
galacglcgalgbside_hs_c	C64H112N3O37RCO	Yes	Gal-GlcNAc-Gal globoside (homo sapiens)
cs_a_b_pre3_g	C45H67N2O42S2X	Yes	"Chondroitin sulfate A (GalNAc4S-GlcA) and B (IdoA2S-GalNAc4S), precursor 3"
hs_pre10_g	C79H121N5O77S4X	Yes	"Heparan sulfate, precursor 10"
cs_a_b_e_pre1_g	C31H47NO31S2X	Yes	"Chondroitin sulfate A (GalNAc4S-GlcA), B (IdoA2S-GalNAc4S), and E (GalNAc4,6diS-GlcA), precursor 1"
udpglcur_g	C15H19N2O18P2	Yes	UDP-D-glucuronate
cs_c_d_e_pre1_g	C31H47NO31S2X	Yes	"Chondroitin sulfate C (GalNAc6S-GlcA) and D (GlcNAc6S-GlcA2S), precursor 1"
cs_d_pre2_g	C31H46NO34S3X	Yes	Chondroitin sulfate D (GlcNAc6S-GlcA2S) precursor 2
cs_e_pre2_g	C31H45NO37S4X	Yes	"Chondroitin sulfate E (GalNAc4,6diS-GlcA), precursor 2"
hs_pre1_g	C31H49NO25X	Yes	"Heparan sulfate, precursor 1"
hs_pre3_g	C45H69N2O36X	Yes	"Heparan sulfate, precursor 3"
hs_pre5_g	C59H89N3O47X	Yes	"Heparan sulfate, precursor 5"
hs_pre7_g	C73H109N4O58X	Yes	"Heparan sulfate, precursor 7"
l2xser_g	C17H29O14X	Yes	(Gal)2-Xyl-L-Ser (protein)
hs_deg3_l	C81H117N5O97S10	Yes	"Heparan sulfate, degradation product 3"
hs_pre9_g	C87H129N5O69X	Yes	"Heparan sulfate, precursor 9"
hs_pre2_g	C37H56NO31X	Yes	"Heparan sulfate, precursor 2"
hs_pre4_g	C51H76N2O42X	Yes	"Heparan sulfate, precursor 4"
hs_pre6_g	C65H96N3O53X	Yes	"Heparan sulfate, precursor 6"
hs_pre8_g	C79H116N4O64X	Yes	"Heparan sulfate, precursor 8"
naglc2p__L_c	C1160H1898N10O120P20	Yes	"N-Acetyl-D-glucosaminyldiphosphodolichol, human liver homolog"
naglc2p_U_c	C1105H1810N10O120P20	Yes	"N-Acetyl-D-glucosaminyldiphosphodolichol, human uterine homolog"
gcald_m	C2H4O2	Yes	Glycolaldehyde
gd1b2_hs_c	C66H111N4O38RCO	Yes	GD1beta (homo sapiens)
gd1c_hs_c	C66H111N4O38RCO	Yes	GD1c (homo sapiens)
gdchola_x	C26H43NO5	Yes	Glycochenodeoxycholate
5dhf_l	C39H43N11O18	Yes	Pentaglutamyl folate (DHF)
5thf_l	C39H45N11O18	Yes	Pentaglutamyl folate (THF)
6dhf_l	C44H49N12O21	Yes	Haxglutamyl folate (DHF)
6thf_l	C44H51N12O21	Yes	Hexaglutamyl folate  (THF)
7dhf_l	C49H55N13O24	Yes	Heptaglutamyl folate (DHF)
7thf_l	C49H57N13O24	Yes	Heptaglutamyl folate (THF)
3htmelys_c	C9H20N2O3	Yes	"3-Hydroxy-N6,N6,N6-trimethyl-L-lysine"
3htmelys_m	C9H20N2O3	Yes	"3-Hydroxy-N6,N6,N6-trimethyl-L-lysine"
gmp_m	C10H12N5O8P	Yes	GMP C10H12N5O8P
glac_m	C6H8O6	Yes	"D-glucurono-6,3-lactone"
digalside_hs_l	C30H56NO12RCO	Yes	Digalactosylceramide
galgluside_hs_l	C30H56NO12RCO	Yes	Galactosyl glucosyl ceramide
glyclt_x	C2H3O3	Yes	Glycolate C2H3O3
gly_l	C2H5NO2	Yes	Glycine
gp1calpha_hs_c	C99H159N7O62RCO	Yes	GP1c alpha  (homo sapiens)
gp1c_hs_c	C99H159N7O62RCO	Yes	GP1c (homo sapiens)
gpail_hs_c	C15H28NO13PRCO2R2CO2	Yes	D-glucosaminylphosphatidylinositol
em2emgacpail_prot_hs_r	C53H100N3O35P3RCO2R2CO2X	Yes	"(phosphoethanolaminyl-dimannosyl),(phosphoethanolaminyl)-mannosyl-glucosaminyl-acylphosphatidylinositol"
gpi_prot_hs_r	C55H106N4O38P4RCO2R2CO2X	Yes	Glycophosphatidylinositol (GPI)-anchored protein
gacpail_hs_r	C31H58NO14PRCO2R2CO2	Yes	Glucosaminyl-acylphosphatidylinositol
gq1balpha_hs_c	C88H143N6O54RCO	Yes	GQ1balpha (homo sapiens)
gq1b_hs_c	C88H143N6O54RCO	Yes	GQ1b (homo sapiens)
gsn_l	C10H13N5O5	Yes	Guanosine
mgacpail_hs_r	C37H68NO19PRCO2R2CO2	Yes	Mannosyl-glucosaminyl-acylphosphatidylinositiol (H2)
pe_hs_r	C5H12NO4PRCO2R2CO2	Yes	Phosphatidylethanolamine (homo sapiens)
m2gacpail_hs_r	C43H78NO24PRCO2R2CO2	Yes	Dimannosyl-glucosaminyl-acylphosphatidylinositol (H3)
gt1a_hs_c	C77H127N5O46RCO	Yes	GT1a (homo sapiens)
gpi_hs_r	C55H106N4O38P4RCO2R2CO2	Yes	Glycophosphatidylinositol (GPI) anchor precursor (3-(phosphoethanolaminyl-mannosyl)-glucosaminyl-acylphosphatidylinositol) (H8)
aacoa_x	C25H36N7O18P3S	Yes	Acetoacetyl-CoA
m3gacpail_hs_r	C49H88NO29PRCO2R2CO2	Yes	Trimannosyl-glucosaminyl-acylphosphatidylinositol (H4)
emgacpail_hs_r	C39H74N2O22P2RCO2R2CO2	Yes	Phosphoethanolaminyl-mannosyl-glucosylaminyl-acylphosphatidylinositol (H5)
em3gacpail_hs_r	C51H94N2O32P2RCO2R2CO2	Yes	Phosphoethanolaminyl-trimannosyl-glucosaminyl-acylphosphatidylinositol (H6')
m2emgacpail_hs_r	C51H94N2O32P2RCO2R2CO2	Yes	"(dimannosyl),(phosphoethanolaminyl)-mannosyl-glucosylaminyl-acylphosphatidylinositol (H6)"
emem2gacpail_hs_r	C53H100N3O35P3RCO2R2CO2	Yes	"(phosphoethanolaminyl-mannosyl),(phosphoethanolaminyl)-dimannosyl-glucosaminyl-acylphosphatidylinositol (H7')"
em2emgacpail_hs_r	C53H100N3O35P3RCO2R2CO2	Yes	"(phosphoethanolaminyl-dimannosyl),(phosphoethanolaminyl)-mannosyl-glucosaminyl-acylphosphatidylinositol (H7)"
hexccrn_m	C33H65NO4	Yes	Hexacosanoyl carnitine
hexccrn_c	C33H65NO4	Yes	Hexacosanoyl carnitine
thcholoylcoa_x	C48H76N7O20P3S	Yes	"3alpha,7alpha,24-Trihydroxy-5beta-cholestanoyl-CoA"
hmgcoa_r	C27H39N7O20P3S	Yes	Hydroxymethylglutaryl CoA C27H39N7O20P3S
andrstandn_r	C19H28O2	Yes	"5alpha-androstane-3,17-dione"
17ahprgnlone_c	C21H32O3	Yes	17alpha-Hydroxypregnenolone
eandrstrn_r	C19H28O3	Yes	16alpha-hydroxydehydroepiandrosterone
phyt2ohcoa_x	C41H70N7O18P3S	Yes	2-Hydroxyphytanoyl-CoA
hspg_g	C79H113N5O101S12X	Yes	Heparan sulfate proteoglycan
hxan_l	C5H4N4O	Yes	Hypoxanthine
hpyr_m	C3H3O4	Yes	Hydroxypyruvate
im4act_m	C5H6N2O	Yes	Imidazole-4-acetaldehyde
ins_m	C10H12N4O5	Yes	Inosine
3ityr__L_c	C9H10INO3	Yes	3-Iodo-L-tyrosine
ins_l	C10H12N4O5	Yes	Inosine
35diotyr_c	C9H9I2NO3	Yes	"3,5-Diiodo-L-tyrosine"
ipdp_r	C5H9O7P2	Yes	Isopentenyl diphosphate
tag__D_c	C6H12O6	Yes	D-Tagatose
leuktrB4_c	C20H31O4	Yes	Leukotriene B4(1-)
ala__L_l	C3H7NO2	Yes	L-Alanine
4aphdob_c	C10H8NO4	Yes	"4-(2-Aminophenyl)-2,4-dioxobutanoate"
lgnccrn_m	C31H61NO4	Yes	Lignoceryl carnitine
lcts_l	C12H22O11	Yes	Lactose C12H22O11
lgnccrn_c	C31H61NO4	Yes	Lignoceryl carnitine
coa_l	C21H32N7O16P3S	Yes	Coenzyme A
lald__D_m	C3H6O2	Yes	D-Lactaldehyde
Lcyst_m	C3H6NO5S	Yes	L-Cysteate
pristanal_c	C19H38O	Yes	Pristanal c
Lpipecol_x	C6H11NO2	Yes	L-pipecolic acid; piperidine-2-carboxylic acid
tag_hs_c	C3H5RCO2R2CO2R3CO2	Yes	Triacylglycerol (homo sapiens)
m_em_3gacpail_hs_r	C61H116N4O43P4RCO2R2CO2	Yes	M LPAREN em RPAREN 3gacpail hs r
mag_hs_c	C3H7O2R2CO2	Yes	Monoacylglycerol 2 (homo sapiens)
mem2emgacpail_hs_r	C59H110N3O40P3RCO2R2CO2	Yes	"({[(mannosyl),(phosphoethanolaminyl)]-dimannosyl},{phosphoethanolaminyl})-mannosyl-glucosaminyl-acylphosphatidylinositol (M4B)"
pchol_hs_c	C8H18NO4PRCO2R2CO2	Yes	Phosphatidylcholine (homo sapiens)
m3emgacpail_hs_r	C57H104N2O37P2RCO2R2CO2	Yes	"(trimannosyl),(phosphoethanolaminyl)-mannosyl-glucosaminyl-acylphosphatidylinositol (M4C)"
m4mpdol__L_c	C1540H2528N20O420P20	Yes	"(alpha-D-Mannosyl)4-beta-D-mannosyl-diacetylchitobiosyldiphosphodolichol, human liver homolog"
m4mpdol_U_c	C1485H2440N20O420P20	Yes	"(alpha-D-Mannosyl)4-beta-D-mannosyl-diacetylchitobiosyldiphosphodolichol, human uterine homolog"
peplys_n	HX	No	Peptidyl-L-lysine
Nmelys_n	CXH4	Yes	Histone N6-methyl-L-lysine
3mldz_c	C6H8N2O	Yes	3-Methylimidazole acetaldehyde
Ndmelys_n	C2H7X	Yes	"Protein N6,N6-dimethyl-L-lysine"
malt_l	C12H22O11	Yes	Maltose C12H22O11
mescoa_m	C26H35N7O19P3S	Yes	Mesaconyl-CoA
malcoa_x	C24H33N7O19P3S	Yes	Malonyl CoA C24H33N7O19P3S
n4abutn_m	C6H11NO2	Yes	N4 Acetylaminobutanal C6H11NO2
Nacasp_c	C6H7NO5	Yes	N-Acetyl-L-aspartate
cs_a_l	C45H67N2O46S3	Yes	"Chondroitin sulfate A (GalNAc4S-GlcA), free chain"
cs_b_l	C45H66N2O49S4	Yes	"Chondroitin sulfate B / dermatan sulfate (IdoA2S-GalNAc4S), free chain"
cs_c_l	C45H67N2O46S3	Yes	"Chondroitin sulfate C (GalNAc6S-GlcA), free chain"
cs_c_deg3_l	C31H48NO32S2	Yes	"Chondroitin sulfate C (GalNAc6S-GlcA), degradation product 3"
cs_d_l	C45H65N2O52S5	Yes	"Chondroitin sulfate D (GlcNAc6S-GlcA2S), free chain"
cs_d_deg4_l	C31H47NO35S3	Yes	"Chondroitin sulfate D (GlcNAc6S-GlcA2S), degradation product 4"
mhista_c	C6H12N3	Yes	N-Methylhistamine
cs_e_l	C45H64N2O55S6	Yes	"Chondroitin sulfate E (GalNAc4,6diS-GlcA), free chain"
cs_e_deg4_l	C31H46NO38S4	Yes	"Chondroitin sulfate E (GalNAc4,6diS-GlcA), degradation product 4"
didp_m	C10H11N4O10P2	Yes	DIDP; 2'-deoxyinosine-5'-diphosphate(3-)
udp_m	C9H11N2O12P2	Yes	UDP C9H11N2O12P2
cdp_m	C9H12N3O11P2	Yes	CDP C9H12N3O11P2
acgbgbside_hs_l	C52H92N3O27RCO	Yes	Beta GalNAc globoside (homo sapiens)
acgagbside_hs_l	C52H92N3O27RCO	Yes	Alpha GalNAc globoside (homo sapiens)
mi1346p_n	C6H8O18P4	Yes	"1D-myo-Inositol 1,3,4,6-tetrakisphosphate"
idp_m	C10H11N4O11P2	Yes	IDP C10H11N4O11P2
mi1346p_c	C6H8O18P4	Yes	"1D-myo-Inositol 1,3,4,6-tetrakisphosphate"
nmn_n	C11H14N2O8P	Yes	NMN C11H14N2O8P
nmptrc_c	C5H16N2	Yes	N-Methylputrescine
nicrnt_n	C11H12NO9P	Yes	Nicotinate D-ribonucleotide
nrvnccrn_m	C31H59NO4	Yes	Nervonyl carnitine
nrvnccrn_c	C31H59NO4	Yes	Nervonyl carnitine
ump_l	C9H11N2O9P	Yes	UMP C9H11N2O9P
dcmp_l	C9H12N3O7P	Yes	DCMP C9H12N3O7P
cmp_l	C9H12N3O8P	Yes	CMP C9H12N3O8P
dtmp_l	C10H13N2O8P	Yes	DTMP C10H13N2O8P
damp_l	C10H12N5O6P	Yes	DAMP C10H12N5O6P
mi3456p_c	C6H8O18P4	Yes	"1D-myo-Inositol 3,4,5,6-tetrakisphosphate"
amp_l	C10H12N5O7P	Yes	AMP C10H12N5O7P
dgmp_l	C10H12N5O7P	Yes	DGMP C10H12N5O7P
gmp_l	C10H12N5O8P	Yes	GMP C10H12N5O8P
Ntmelys_n	C3H10X	Yes	"Protein N6,N6,N6-trimethyl-L-lysine"
mi34p_c	C6H10O12P2	Yes	"1D-myo-Inositol 3,4-bisphosphate"
xoltriol_m	C27H48O3	Yes	"3alpha,7alpha,12alpha-Trihydroxy-5beta-cholestane"
xoltetrol_m	C27H48O4	Yes	"3alpha,7alpha,12alpha,26-Tetrahydroxy-5beta-cholestane"
thcholst_m	C27H46O4	Yes	"3alpha,7alpha,12alpha-Trihydroxy-5beta-cholestan-26-al"
xol7ah2al_m	C27H46O3	Yes	"3alpha,7alpha-Dihydroxy-5beta-cholestan-26-al"
oagd3_hs_c	C54H90N3O29RCO	Yes	9-O-Acetylated GD3 (homo sapiens)
nifedipine_c	C17H18N2O6	Yes	Nifedipine c
oagt3_hs_c	C65H106N4O37RCO	Yes	9-O-Acetylated GT3 (homo sapiens)
leuktrB4_r	C20H31O4	Yes	Leukotriene B4(1-)
malttr_l	C18H32O16	Yes	Maltotriose C18H32O16
pchol_hs_m	C8H18NO4PRCO2R2CO2	Yes	Phosphatidylcholine (homo sapiens)
pail45p_hs_c	C9H14O15P3RCO2R2CO2	Yes	"Phosphatidylinositol 4,5-bisphosphate (Homo sapiens)"
pchol_hs_g	C8H18NO4PRCO2R2CO2	Yes	Phosphatidylcholine (homo sapiens)
pchol_hs_r	C8H18NO4PRCO2R2CO2	Yes	Phosphatidylcholine (homo sapiens)
pail4p_hs_c	C9H15O12P2RCO2R2CO2	Yes	1-Phosphatidyl-1D-myo-inositol 4-phosphate (Homo sapiens)
pail_hs_c	C9H16O9PRCO2R2CO2	Yes	Phosphatidylinositol (homo sapiens)
pcollglys_c	C7H14N3O2R2	Yes	Procollagen L-lysine
m6masnA_g	C58H97N2O45X	Yes	(alpha-D-mannosyl)6-beta-D-mannosyl-diacetylchitobiosyl-L-asparagine (protein)
camp_g	C10H11N5O6P	Yes	CAMP C10H11N5O6P
35cgmp_g	C10H11N5O7P	Yes	"3',5'-Cyclic GMP"
pecgon_r	C9H14NO3	Yes	Pseudoecgonine
pe_hs_c	C5H12NO4PRCO2R2CO2	Yes	Phosphatidylethanolamine (homo sapiens)
phytcoa_x	C41H70N7O17P3S	Yes	Phytanoyl-CoA(4-)
pe_hs_m	C5H12NO4PRCO2R2CO2	Yes	Phosphatidylethanolamine (homo sapiens)
pail345p_hs_c	C9H13O18P4RCO2R2CO2	Yes	"Phosphatidylinositol-3,4,5-trisphosphate (Homo sapiens)"
pail345p_hs_n	C9H13O18P4RCO2R2CO2	Yes	"Phosphatidylinositol-3,4,5-trisphosphate (Homo sapiens)"
pail34p_hs_n	C9H14O15P3RCO2R2CO2	Yes	"Phosphatidylinositol-3,4-bisphosphate (Homo sapiens)"
pail34p_hs_c	C9H14O15P3RCO2R2CO2	Yes	"Phosphatidylinositol-3,4-bisphosphate (Homo sapiens)"
pail35p_hs_c	C9H14O15P3RCO2R2CO2	Yes	"Phosphatidylinositol-3,5-bisphosphate (Homo sapiens)"
pail3p_hs_n	C9H15O12P2RCO2R2CO2	Yes	1-Phosphatidyl-1D-myo-inositol 3-phosphate (Homo sapiens)
pail3p_hs_c	C9H15O12P2RCO2R2CO2	Yes	1-Phosphatidyl-1D-myo-inositol 3-phosphate (Homo sapiens)
pail45p_hs_n	C9H14O15P3RCO2R2CO2	Yes	"Phosphatidylinositol 4,5-bisphosphate (Homo sapiens)"
pgp_hs_c	C6H11O9P2RCO2R2CO2	Yes	Phosphatidyl glycerol phosphate (homo sapiens)
pail4p_hs_r	C9H15O12P2RCO2R2CO2	Yes	1-Phosphatidyl-1D-myo-inositol 4-phosphate (Homo sapiens)
pail4p_hs_n	C9H15O12P2RCO2R2CO2	Yes	1-Phosphatidyl-1D-myo-inositol 4-phosphate (Homo sapiens)
pail5p_hs_n	C9H15O12P2RCO2R2CO2	Yes	1-Phosphatidyl-1D-myo-inositol 5-phosphate (Homo sapiens)
pail_hs_r	C9H16O9PRCO2R2CO2	Yes	Phosphatidylinositol (homo sapiens)
pail_hs_n	C9H16O9PRCO2R2CO2	Yes	Phosphatidylinositol (homo sapiens)
pail5p_hs_c	C9H15O12P2RCO2R2CO2	Yes	1-Phosphatidyl-1D-myo-inositol 5-phosphate (Homo sapiens)
pail5p_hs_r	C9H15O12P2RCO2R2CO2	Yes	1-Phosphatidyl-1D-myo-inositol 5-phosphate (Homo sapiens)
mmcoa__S_x	C25H35N7O19P3S	Yes	(S)-Methylmalonyl-CoA
ak2gchol_hs_c	C10H20O5NPRR2CO	Yes	1-alkyl 2-acylglycerol 3-phosphocholine
Ntmelys_r	C3H10X	Yes	"Protein N6,N6,N6-trimethyl-L-lysine"
ppmi1346p_n	C6H7O24P6	Yes	Diphosphoinositol tetrakisphosphate C6H7O24P6
pnto__R_m	C9H16NO5	Yes	(R)-Pantothenate
pppi_m	HO10P3	No	Inorganic triphosphate
akg_r	C5H4O5	Yes	2-Oxoglutarate
pro__L_r	C5H9NO2	Yes	L-Proline
pro__D_l	C5H9NO2	Yes	D-Proline
pro__L_l	C5H9NO2	Yes	L-Proline
prpncoa_x	C24H34N7O17P3S	Yes	Propenoyl-CoA
ps_hs_m	C6H11NO6PRCO2R2CO2	Yes	Phosphatidylserine (homo sapiens)
R1coa_hs_c	XCO2C21H31N7O15P3S	Yes	R group 1 Coenzyme A homo sapiens
ps_hs_c	C6H11NO6PRCO2R2CO2	Yes	Phosphatidylserine (homo sapiens)
R2coa_hs_c	XCO2C21H31N7O15P3S	Yes	R group 2 Coenzyme A homo sapiens
R3coa_hs_c	XCO2C21H31N7O15P3S	Yes	R group 3 Coenzyme A homo sapiens
R4coa_hs_c	XCO2C21H31N7O15P3S	Yes	R group 4 Coenzyme A homo sapiens
R5coa_hs_c	XCO2C21H31N7O15P3S	Yes	R group 5 Coenzyme A homo sapiens
R6coa_hs_c	XCO2C21H31N7O15P3S	Yes	R group 6 Coenzyme A homo sapiens
ahdt_n	C9H12N5O13P3	Yes	"2-Amino-4-hydroxy-6-(erythro-1,2,3-trihydroxypropyl)dihydropteridine triphosphate"
ksi_pre22_g	C185H297N13O150S6X	Yes	"Keratan sulfate I biosynthesis, precursor 22"
ksi_pre25_g	C199H319N14O163S7X	Yes	"Keratan sulfate I biosynthesis, precursor 25"
ksi_pre28_g	C213H341N15O176S8X	Yes	"Keratan sulfate I biosynthesis, precursor 28"
ksi_pre31_g	C227H363N16O189S9X	Yes	"Keratan sulfate I biosynthesis, precursor 31"
ksi_pre34_g	C241H385N17O202S10X	Yes	"Keratan sulfate I biosynthesis, precursor 34"
ksi_pre36_g	C247H394N17O210S11X	Yes	"Keratan sulfate I biosynthesis, precursor 36"
ksii_core4_pre5_g	C69H112N6O48X	Yes	"Keratan sulfate II biosynthesis, precursor 5"
cs_d_pre5_g	C45H65N2O48S4X	Yes	"Chondroitin sulfate D (GlcNAc6S-GlcA2S), precursor 5"
cs_b_pre5_g	C45H66N2O45S3X	Yes	"Chondroitin sulfate B (IdoA2S-GalNAc4s), precursor 5"
hs_pre11_g	C79H121N5O77S4X	Yes	"Heparan sulfate, precursor 11"
ksii_core4_pre8_g	C83H134N7O61SX	Yes	"Keratan sulfate II biosynthesis, precursor 8"
ksii_core4_pre10_g	C89H143N7O69S2X	Yes	"Keratan sulfate II biosynthesis, precursor 10"
cs_pre_g	C31H49NO25X	Yes	Chondroitin sulfate precursor (GalNAc-GlcA-(Gal)2-Xyl-L-Ser (protein))
ksii_core2_pre5_g	C61H99N5O43X	Yes	"Keratan sulfate II biosynthesis, precursor 5"
cs_c_pre3_g	C45H67N2O42S2X	Yes	"Chondroitin sulfate C (GalNAc6S-GlcA), precursor 3"
cs_d_pre4_g	C45H66N2O45S3X	Yes	"Chondroitin sulfate D (GlcNAc6S-GlcA2S), precursor 4"
cs_b_deg2_l	C37H54NO41S3	Yes	"Chondroitin sulfate B / dermatan sulfate (IdoA2S-GalNAc4S), degradation product 2"
cs_e_pre5a_g	C45H64N2O51S5X	Yes	"Chondroitin sulfate E (GalNAc4,6diS-GlcA), precursor 5a"
pylald_c	C10H14O	Yes	Perillyl aldehyde
cs_e_pre4_g	C45H65N2O48S4X	Yes	"Chondroitin sulfate E (GalNAc4,6diS-GlcA), precursor 4"
hs_pre12_g	C79H119N5O83S6X	Yes	"Heparan sulfate, precursor 12"
hs_pre13_g	C79H116N5O92S9X	Yes	"Heparan sulfate, precursor 13"
hs_pre14_g	C79H115N5O95S10X	Yes	"Heparan sulfate, precursor 14"
hs_pre15_g	C79H114N5O98S11X	Yes	"Heparan sulfate, precursor 15"
ksii_core2_pre8_g	C75H121N6O56SX	Yes	"Keratan sulfate II biosynthesis, precursor 8"
pylald_m	C10H14O	Yes	Perillyl aldehyde
ksii_core2_pre10_g	C81H130N6O64S2X	Yes	"Keratan sulfate II biosynthesis, precursor 10"
ksi_pre4_g	C101H165N7O72X	Yes	"Keratan sulfate I biosynthesis, precursor 4"
ksi_pre7_g	C115H187N8O85SX	Yes	"Keratan sulfate I biosynthesis, precursor 7"
ksi_pre10_g	C129H209N9O98S2X	Yes	"Keratan sulfate I biosynthesis, precursor 10"
ksi_pre13_g	C143H231N10O111S3X	Yes	"Keratan sulfate I biosynthesis, precursor 13"
ksi_pre16_g	C157H253N11O124S4X	Yes	"Keratan sulfate I biosynthesis, precursor 16"
ksi_pre19_g	C171H275N12O137S5X	Yes	"Keratan sulfate I biosynthesis, precursor 19"
ksi_deg4_l	C222H355N15O197S12	Yes	"Keratan sulfate I, degradation product 4"
cs_e_pre5b_g	C45H64N2O51S5X	Yes	"Chondroitin sulfate E (GalNAc4,6diS-GlcA), precursor 5b"
cs_b_pre4_g	C45H67N2O42S2X	Yes	"Chondroitin sulfate B (IdoA2S-GalNAc4S), precursor 4"
cs_a_deg3_l	C31H48NO32S2	Yes	"Chondroitin sulfate A (GalNAc4S-GlcA), degradation product 3"
ksii_core2_deg1_l	C70H113N5O59S3X	Yes	"Keratan sulfate II (core 2-linked), degradation product 1"
sarcs_x	C3H7NO2	Yes	Sarcosine C3H7NO2
cs_e_deg1_l	C45H65N2O52S5	Yes	"Chondroitin sulfate E (GalNAc4,6diS-GlcA), degradation product 1"
dhocholoylcoa_x	C48H74N7O20P3S	Yes	"3alpha,7alpha,12alpha,26-Tetrahydroxy-5beta-cholestane"
cs_e_deg5_l	C31H47NO35S3	Yes	"Chondroitin sulfate E (GalNAc4,6diS-GlcA), degradation product 5"
cholcoaone_x	C48H74N7O21P3S	Yes	"3alpha,7alpha,12alpha-Trihydroxy-5beta-24-oxocholestanoyl-CoA"
seasmet_c	C15H23N6O5Se	Yes	Se-Adenosylselenomethionine
dtt_c	C4H10O2S2	Yes	Dithiothreitol
selhcys_c	C4H9NO2Se	Yes	Selenohomocysteine
R1coa_hs_r	XCO2C21H31N7O15P3S	Yes	R group 1 Coenzyme A homo sapiens
R2coa_hs_r	XCO2C21H31N7O15P3S	Yes	R group 2 Coenzyme A homo sapiens
e_m		No	E   m
sphmyln_hs_c	C23H48N2O5PRCO	Yes	Sphingomyelin (homo sapiens)
sgalside_hs_c	C24H45NO10SRCO	Yes	Sulfatide galactocerebroside (homo sapiens)
s2l2n2m2mn_c	C76H123N5O57	Yes	"De-Fuc, reducing GlcNAc removed form of PA6 (w/o peptide linkage)"
ksi_deg3_l	C233H371N16O205S12	Yes	"Keratan sulfate I, degradation product 3"
ksii_core2_l	C81H129N6O67S3X	Yes	Keratan sulfate II (core 2-linked)
ksii_core4_l	C89H142N7O72S3X	Yes	Keratan sulfate II (core 4-linked)
s2l2n2m2mn_l	C76H123N5O57	Yes	"De-Fuc, reducing GlcNAc removed form of PA6 (w/o peptide linkage)"
6pthp_n	C9H11N5O3	Yes	"6-Pyruvoyl-5,6,7,8-tetrahydropterin"
nadph_n	C21H26N7O17P3	Yes	Nicotinamide adenine dinucleotide phosphate - reduced
sl__L_m	C3H4O6S	Yes	Sl  L c
sphmyln_hs_g	C23H48N2O5PRCO	Yes	Sphingomyelin (homo sapiens)
sphmyln_hs_l	C23H48N2O5PRCO	Yes	Sphingomyelin (homo sapiens)
ga1_hs_g	C44H79N2O22RCO	Yes	GA1 (homo sapiens)
gm1_hs_g	C55H95N3O30RCO	Yes	Ganglioside GM1 (homo sapiens)
gd1b_hs_g	C66H111N4O38RCO	Yes	GD1b (homo sapiens)
acngalgbside_hs_g	C61H105N3O35RCO	Yes	Sialyl galactosylgloboside (homo sapiens)
gm1a_hs_g	C55H95N3O30RCO	Yes	GM1alpha (homo sapiens)
gd1alpha_hs_g	C66H111N4O38RCO	Yes	GD1a (homo sapiens)
gt1alpha_hs_g	C77H127N5O46RCO	Yes	GT1aalpha (homo sapiens)
gt1c_hs_g	C77H127N5O46RCO	Yes	GT1c (homo sapiens)
gq1c_hs_g	C88H143N6O54RCO	Yes	GQ1c (homo sapiens)
gm1b_hs_g	C55H95N3O30RCO	Yes	GM1b (homo sapiens)
gd1a_hs_g	C66H111N4O38RCO	Yes	GD1a (homo sapiens)
gt1b_hs_g	C77H127N5O46RCO	Yes	GT1b (homo sapiens)
t2m26dcoa_m	C31H46N7O17P3S	Yes	"Trans-2-Methyl-5-isopropylhexa-2,5-dienoyl-CoA"
t2m26dcoa_x	C31H46N7O17P3S	Yes	"Trans-2-Methyl-5-isopropylhexa-2,5-dienoyl-CoA"
retinol_cis_13_c	C20H30O	Yes	Cis-13-retinol
thymd_l	C10H14N2O5	Yes	Thymidine C10H14N2O5
tetpent3crn_m	C31H51NO4	Yes	Tetracosapentaenoyl carnitine
tetpent3crn_c	C31H51NO4	Yes	Tetracosapentaenoyl carnitine
tetpent6crn_m	C31H51NO4	Yes	Tetracosapentaenoyl carnitine
4tmeabut_c	C7H16NO	Yes	4-Trimethylammoniobutanal
tetpent6crn_c	C31H51NO4	Yes	Tetracosapentaenoyl carnitine
tettet6crn_m	C31H53NO4	Yes	Tetracosatetraenoyl carnitine
tettet6crn_c	C31H53NO4	Yes	Tetracosatetraenoyl carnitine
tmlys_c	C9H20N2O2	Yes	"N6,N6,N6-Trimethyl-L-lysine"
tmlys_r	C9H20N2O2	Yes	"N6,N6,N6-Trimethyl-L-lysine"
56dihindlcrbxlt_c	C9H6NO4	Yes	"5,6-Dihydroxyindole-2-carboxylate"
udpxyl_c	C14H20N2O16P2	Yes	UDP-D-xylose
glc__D_g	C6H12O6	Yes	D-Glucose
crm_hs_r	C18H36NO2RCO	Yes	Ceramide (homo sapiens)
uri_l	C9H12N2O6	Yes	Uridine
vacccrn_m	C25H47NO4	Yes	Vaccenyl carnitine
vacccrn_c	C25H47NO4	Yes	Vaccenyl carnitine
vitd2_m	C28H44O	Yes	Vitamin D2; ergocalciferol
vitd2_c	C28H44O	Yes	Vitamin D2; ergocalciferol
dhcholestanate_x	C27H45O4	Yes	"3alpha,7alpha-Dihydroxy-5beta-cholestanate"
thcholstoic_x	C27H45O5	Yes	"3alpha,7alpha,12alpha-Trihydroxy-5beta-cholestanoate"
thcholstoic_r	C27H45O5	Yes	"3alpha,7alpha,12alpha-Trihydroxy-5beta-cholestanoate"
whtststerone_c	C19H28O3	Yes	W hydroxy testosterone; 19-Hydroxytestosterone
xoldiolone_m	C27H44O3	Yes	"7alpha,12alpha-Dihydroxycholest-4-en-3-one"
xser_r	C5H9O4X	Yes	Xyl-L-Ser (protein)
Ser_Gly_Ala_X_Gly_r	XH	No	Protein-linked serine residue (glycosaminoglycan attachment site)
udpxyl_r	C14H20N2O16P2	Yes	UDP-D-xylose
clpn_hs_c	C9H16O9P2RCO2R2CO2RCO2R2CO2	Yes	Cardiolipin (homo sapiens)
6pgc_e	C6H10O10P	Yes	6-Phospho-D-gluconate
Larab_e	C15H24O12	Yes	Alpha L Arabinan C15H24O12
ectoine_e	C6H12N2O2	Yes	Ectoine C6H12N2O2
eths_e	C2H5O3S	Yes	Ethanesulfonate C2H5O3S
cyst__L_e	C6H12N2O4S2	Yes	L-Cystathionine
abt__L_e	C5H12O5	Yes	L Arabinitol C5H12O5
dextrin_e	C12H20O10	Yes	Dextrin C12H20O10
ferrich_e		No	Ferrichrome C24H38FeN9O11
djenk_e	C7H14N2O4S2	Yes	Djenkolate C7H14N2O4S2
ferxa_e		No	Ferroxamine C25H46FeN6O8
ala_L_Thr__L_e	C7H14N2O4	Yes	Ala L Thr L C7H14N2O4
ala_L_gln__L_e	C8H15N3O4	Yes	Ala Gln C8H15N3O4
L_alagly_e	C5H10N2O3	Yes	L alanylglycine C5H10N2O3
ala_L_his__L_e	C9H14N4O3	Yes	Ala His C9H14N4O3
ala_L_leu__L_e	C9H18N2O3	Yes	Ala Leu C9H18N2O3
galctr__D_e	C6H8O8	Yes	D Galactarate C6H8O8
amylase_e	C3040H4569N861O981S11	Yes	Mature Bacillus subtilis amylase C3040H4569N861O981S11
antim_e		No	Antimonite Sb
argp_e	C6H14N4O5P	Yes	L Arginine phosphate C6H14N4O5P
arsenb_e		No	ARSENOBETAINE C5H11AsO2
arsna_e		No	Arsenate AsHO4
arsni2_e		No	Arsenite AsH3O3
bilea_e	C24H39O5	Yes	Bile acid C24H39O5
buts_e	C4H9O3S	Yes	Butanesulfonate C4H9O3S
pur_e	C22H30N7O5	Yes	Puromycin C22H30N7O5
gly_gln__L_e	C7H13N3O4	Yes	Gly Gln C7H13N3O4
gly_met__L_e	C7H14N2O3S	Yes	Gly Met C7H14N2O3S
starch_e	C12H20O10	Yes	Starch C12H20O10
subtilisin_e	C1588H2486N436O518S6	Yes	Mature Bacillus subtilis subtilisin C1588H2486N436O518S6
sula_e	C2H2O5S	Yes	Sulfoacetate C2H2O5S
thiog_e	C2H3O2S	Yes	Thioglycolate C2H3O2S
glycogen_e	C6H10O5	Yes	Glycogen C6H10O5
tmp_e	P3O9	No	Trimetaphosphate P3O9
hexs_e	C6H13O3S	Yes	Hexanesulfonate C6H13O3S
2pglyc_e	C2H2O6P	Yes	2-Phosphoglycolate
3amba_e	C4H9NO2	Yes	3 aminobutanoic acid C4H9NO2
fmnRD_c	C17H21N4O9P	Yes	Flavin mononucleotide reduced C17H21N4O9P
istnt_e	C2H5O4S	Yes	Isethionate C2H5O4S
lanth_e	C6H12N2O4S	Yes	Lanthionine C6H12N2O4S
eths_c	C2H5O3S	Yes	Ethanesulfonate C2H5O3S
buts_c	C4H9O3S	Yes	Butanesulfonate C4H9O3S
hexs_c	C6H13O3S	Yes	Hexanesulfonate C6H13O3S
dccoa_c	C31H50N7O17P3S	Yes	Decanoyl CoA C31H50N7O17P3S
ddcoa_c	C33H54N7O17P3S	Yes	Dodecanoyl CoA  n C120CoA  C33H54N7O17P3S
sula_c	C2H2O5S	Yes	Sulfoacetate C2H2O5S
istnt_c	C2H5O4S	Yes	Isethionate C2H5O4S
lipt_e	C8H13O2S2	Yes	Lipoate C8H13O2S2
madg_e	C7H14O6	Yes	Alpha Methyl D glucoside C7H14O6
man1p_e	C6H11O9P	Yes	D-Mannose 1-phosphate
acamoxm_c	C9H11NO6	Yes	N Acetyl L 2 amino 6 oxopimelate C9H11NO6
Lglyald_c	C3H6O3	Yes	L Glyceraldehyde C3H6O3
metox__R_e	C5H11NO3S	Yes	L methionine R oxide C5H11NO3S
metox_e	C5H11NO3S	Yes	L Methionine S oxide C5H11NO3S
26dapime_c	C9H15N2O5	Yes	N6 Acetyl LL 2 6 diaminopimelate C9H15N2O5
antim_c		No	Antimonite Sb
1ag3p_BS_c	C1868H3636O700P100	Yes	1 Acyl sn glycerol 3 phsophate C1868H3636O700P100
fa11coa_c	C38H64N7O17P3S1	Yes	Iso C170 CoA C38H64N7O17P3S1
fa12coa_c	C38H64N7O17P3S1	Yes	Anteiso C170 CoA C38H64N7O17P3S1
fa1coa_c	C35H58N7O17P3S1	Yes	Iso C140 CoA C35H58N7O17P3S1
fa3coa_c	C36H60N7O17P3S1	Yes	Iso C150 CoA C36H60N7O17P3S1
fa4coa_c	C36H60N7O17P3S1	Yes	Anteiso C150 CoA C36H60N7O17P3S1
fa6coa_c	C37H62N7O17P3S1	Yes	Iso C160 CoA C37H62N7O17P3S1
mops_e	C7H14NO4S	Yes	MOPS C7H14NO4S
cdlp_BS_c	C7172H13744O1700P200	Yes	Cardiolipin  B subtilis  C7172H13744O1700P200
d12dg_BS_c	C4636H8672O1500	Yes	Diglucosyl 1 2 diacylglycerol C4636H8672O1500
gtca1_45_BS_c	C151H297N2O238P46	Yes	Glycerol teichoic acid  n45   unlinked  unsubstituted C151H297N2O238P46
gtca2_45_BS_c	C286H612N47O328P46	Yes	Glycerol teichoic acid  n45   unlinked  D ala substituted C286H612N47O328P46
gtca3_45_BS_c	C421H749N2O464P46	Yes	Glycerol teichoic acid  n45   unlinked  glucose substituted C421H749N2O464P46
lipo1_24_BS_c	C26236H47072O25500P2400	Yes	Lipoteichoic acid  n24   linked  glucose substituted C26236H47072O25500P2400
lipo2_24_BS_c	C31036H54272N2400O25500P2400	Yes	Lipoteichoic acid  n24   linked  N acetyl D glucosamine C31036H54272N2400O25500P2400
lipo3_24_BS_c	C19036H39872N2400O18300P2400	Yes	Lipoteichoic acid  n24   linked  D alanine substituted C19036H39872N2400O18300P2400
lipo4_24_BS_c	C11836H23072O13500P2400	Yes	Lipoteichoic acid  n24   linked  unsubstituted C11836H23072O13500P2400
lysylpgly_BS_c	C4336H8572N200O1100P100	Yes	Lysylphophatidylglycerol C4336H8572N200O1100P100
m12dg_BS_c	C4036H7672O1000	Yes	Monoglucosyl 1 2 diacylglycerol C4036H7672O1000
peptido_BS_c	C40H62N8O21	Yes	Peptidoglycan subunit of Bacillus subtilis C40H62N8O21
pgly_BS_c	C3736H7272O1000P100	Yes	Phosphatidylglycerol  B subtils  C3736H7272O1000P100
psetha_BS_c	C3636H7172N100O800P100	Yes	Phosphatidylethanolamine  B subtilis  C3636H7172N100O800P100
t12dg_BS_c	C5236H9672O2000	Yes	Triglucosyl 1 2 diacylglycerol C5236H9672O2000
tcam_BS_c	C420H750N30O420P30	Yes	Minor teichoic acid  acetylgalactosamine glucose phosphate  n30  C420H750N30O420P30
arsna_c		No	Arsenate AsHO4
arsni2_c		No	Arsenite AsH3O3
pala_e	C12H22O11	Yes	Palatinose C12H22O11
pencil_c	C9H11N2O4S	Yes	Penicillin C9H11N2O4S
ficytcc_c		No	Ferricytochrome c C42H50FeN8O6S2
prolb_e	C7H13NO2	Yes	Proline betaine C7H13NO2
focytcc_c		No	Ferrocytochrome c C42H50FeN8O6S2
pser__D_e	C3H6NO6P	Yes	D-O-Phosphoserine
cdpdag_BS_c	C4336H7772N300O1500P200	Yes	CDPdiacylglycerol  B subtilis  C4336H7772N300O1500P200
5d4dglcr_c	C6H6O7	Yes	5 Dehydro 4 deoxy D glucarate C6H6O7
12dgr_BS_c	C3436H6672O500	Yes	1 2 diacylglycerol C3436H6672O500
5dh4dglcn_c	C6H7O6	Yes	5 Dehydro 4 deoxy D glucuronate C6H7O6
46dh25dohxn_c	C6H7O6	Yes	 4S  4 6 Dihydroxy 2 5 dioxohexanoate C6H7O6
galctr__D_c	C6H8O8	Yes	D Galactarate C6H8O8
galman_c	C6H10O5	Yes	Galactomannan C6H10O5
galogs_c	C6H10O5	Yes	Galactose oligosaccharide C6H10O5
stchs_c	C24H42O21	Yes	Stachyose C24H42O21
hibcoa_c	C25H38N7O18P3S	Yes	 S  3 Hydroxyisobutyryl CoA C25H38N7O18P3S
3hbycoa_c	C25H38N7O18P3S	Yes	 S  3 Hydroxybutyryl CoA C25H38N7O18P3S
chitob_c	C16H28N2O11	Yes	Chitobiose C16H28N2O11
tcggrpp_c	C20H33O7P2	Yes	Trans trans cis Geranylgeranyl pyrophosphate C20H33O7P2
metox__R_c	C5H11NO3S	Yes	L methionine R oxide C5H11NO3S
2hbut_c	C4H7O3	Yes	2 Hydroxybutyrate C4H7O3
12dag3p_BS_c	C3436H6572O800P100	Yes	1 2 diacyl sn glycerol 3 phosphate C3436H6572O800P100
mmalsa__S_c	C4H5O3	Yes	 S  Methylmalonate semialdehyde C4H5O3
pglyp_BS_c	C3736H7172O1300P200	Yes	Phosphatidylglycerophosphate  B subtilis  C3736H7172O1300P200
inoshp_c	C6H6O24P6	Yes	Myo Inositol hexakisphosphate C6H6O24P6
quc_c	C15H7O7	Yes	Quercetin C15H7O7
shcl_c	C42H40N4O16	Yes	Dihydrosirohydrochlorin C42H40N4O16
srch_c	C42H38N4O16	Yes	Sirohydrochlorin C42H38N4O16
ps_BS_c	C3736H7172N100O1000P100	Yes	Phosphatidylserine  B subtilis  C3736H7172N100O1000P100
pur_c	C22H30N7O5	Yes	Puromycin C22H30N7O5
tmp_c	C10H13N2O8P	Yes	Trimetaphosphate P3O9
nonal_c	C9H18O	Yes	Nonanal C9H18O
3amp_c	C10H12N5O7P	Yes	3  AMP C10H12N5O7P
14bxyl_c	C5H8O4	Yes	1 4 beta D Xylan C5H8O4
dcal_c	C10H20O	Yes	Decanal C10H20O
udcal_c	C11H22O	Yes	Undecanal C11H22O
ddcal_c	C12H24O	Yes	Dodecanal C12H24O
trdcal_c	C13H26O	Yes	Tridecanal C13H26O
ttdcal_c	C14H28O	Yes	Tetradecanal C14H28O
ptdcal_c	C15H30O	Yes	Pentadecanal C15H30O
hxdcal_c	C16H32O	Yes	Hexadecanal C16H32O
hpdcal_c	C17H34O	Yes	Heptadecanal C17H34O
imzacd_c	C5H7N2O	Yes	Imidazole 4 acetaldehyde C5H7N2O
amacald_c	C2H5NO	Yes	Aminoacetaldehyde C2H5NO
ptal_c	C5H10O	Yes	Pentanal
hxal_c	C6H12O	Yes	Hexanal C6H12O
hpal_c	C7H14O	Yes	Heptanal C7H14O
octal_c	C8H16O	Yes	Octanal C8H16O
fa1_c	C14H27O2	Yes	Fatty acid (Iso-C14:0)
fa3_c	C15H29O2	Yes	Fatty acid (Iso-C15:0)
fa5_c	C16H29O2	Yes	Fatty acid (Iso-C16:1)
fa11_c	C17H33O2	Yes	Fatty acid (Iso-C17:0)
fa12_c	C17H33O2	Yes	Fatty acid (Anteiso-C17:0)
fa9_c	C17H31O2	Yes	Fatty acid (Iso-C17:1)
fa10_c	C17H31O2	Yes	Fatty acid (Anteiso-C17:1)
fa4_c	C15H29O2	Yes	Fatty acid (Anteiso-C15:0)
fa6_c	C16H31O2	Yes	Fatty acid (iso-C16:0)
nebari_c	C10H12N4O4	Yes	Nebularine C10H12N4O4
dextrin_c	C12H20O10	Yes	Dextrin C12H20O10
isomal_c	C12H22O11	Yes	Isomaltose C12H22O11
fucgalacglcgalgluside_hs_g	C50H89N2O26RCO	Yes	Type IH glycolipid
fucgalacgalfuc12gal14acglcgalgluside_hs_g	C70H122N3O40RCO	Yes	Type IIIH glycolipid
fucgalacgalfucgalacglcgal14acglcgalgluside_hs_g	C84H145N4O50RCO	Yes	(Gal)4 (GalNAc)1 (Glc)1 (GlcNAc)2 (LFuc)2 (Cer)1
fucfucgalacglcgalacglcgal14acglcgalgluside_hs_g	C84H145N4O50RCO	Yes	(Gal)4 (Glc)1 (GlcNAc)3 (LFuc)2 (Cer)1
Nacsertn_c	C12H14N2O2	Yes	N-Acetylserotonin
bdg2hc_c	C15H18O8	Yes	Cis-beta-D-Glucosyl-2-hydroxycinnamate
retpalm_e	C36H60O2	Yes	All-trans-Retinyl palmitate
acngalacglcgalgluside_hs_g	C55H95N3O30RCO	Yes	(Gal)3 (Glc)1 (GlcNAc)1 (Cer)1
acgalfucgalacglcgalgluside_hs_g	C58H102N3O31RCO	Yes	Type IA glycolipid
galfucgalacglcgalgluside_hs_g	C56H99N2O31RCO	Yes	Type IB glycolipid
lpchol_hs_c	C8H19NO5PRCO2	Yes	Lysophosphatidylcholine (homo sapiens)
35cgmp_n	C10H11N5O7P	Yes	"3',5'-Cyclic GMP"
estrones_r	C18H21O5S	Yes	Estrone 3-sulfate
chsterols_r	C27H45O4S	Yes	Cholesterol sulfate
prgnlones_r	C21H31O5S	Yes	Pregnenolone sulfate
ahandrostan_r	C19H30O2	Yes	3alpha-Hydroxy-5beta-androstan-17-one
phthclh2_c	C11H10O3	Yes	Phthiocol (reduced)
mndn_c	C11H8O2	Yes	Menadione
scl2_c	C42H38N4O16	Yes	Sirohydrochlorin 2
motre_c	C42H72O36	Yes	Maltooligosyltrehalose
mfrrppdima_c	C121H226O18	Yes	Phenolic glycolipid (Mtb)
sl1_c	C149H287O18S	Yes	Sulfonated tetra-acyl trehalose
alpam_c	C9H21N2OS2	Yes	S aminomethyldihydrolipoamide C9H21N2OS2
adfdRD_c	UKH2	No	Reduced adrenal ferredoxin
harab__D_c	C30H50O25	Yes	Hexa arabinofuranoside
adfdOX_c	R	No	Oxidized adrenal ferredoxin
arpp_c	C5H8O14P3	Yes	5-phosphoarabinose pyrophosphate
decdpa_tb_c	C55H88O11P2	Yes	Decaprenylphosphoryl-beta-D-5-phosphoarabinofuranose
mharab__D_c	C48H80O40	Yes	Mannose capped hexa arabinofuranoside
tarab__D_c	C20H34O17	Yes	Tetra-arabinofuranoside
arabinan_c	C684H1104O552	Yes	Arabinan complex (Mtb)
1a25dhvitd3_c	C27H44O3	Yes	"1-alpha,25-Dihydroxyvitamin D3"
fuc12gal14acglcgalgluside_cho_g	C50H89N2O26RCO	Yes	Type IIH glycolipid
fucgalacgalfuc12gal14acglcgalgluside_cho_g	C70H122N3O40RCO	Yes	Type IIIH glycolipid
fucgalacglcgal14acglcgalgluside_cho_g	C64H112N3O36RCO	Yes	VI2Fuc-nLc6
fucgalacgalfucgalacglcgal14acglcgalgluside_cho_g	C84H145N4O50RCO	Yes	(Gal)4 (GalNAc)1 (Glc)1 (GlcNAc)2 (LFuc)2 (Cer)1
fucfucgalacglcgalacglcgal14acglcgalgluside_cho_g	C84H145N4O50RCO	Yes	(Gal)4 (Glc)1 (GlcNAc)3 (LFuc)2 (Cer)1
acgbgbside_cho_c	C52H92N3O27RCO	Yes	Beta GalNAc globoside
acgpail_cho_c	C17H29NO14PRCO2R2CO2	Yes	6-(N-acetyl-alpha-D-glucosaminyl)-1-phosphatidyl-1D-myo-inositol(1-)
hLkynr_m	C10H12N2O4	Yes	3 Hydroxy L kynurenine C10H12N2O4
aps_n	C10H12N5O10PS	Yes	Adenosine 5'-phosphosulfate
ak2g_cho_c	C5H10O2RR2CO2	Yes	1-alkyl 2-acylglycerol
ak2gpe_cho_c	C7H16O5NPRR2CO	Yes	1-alkyl 2-acylglycerol 3-phosphoethanolamine
adhap_cho_c	C3H4O6PRCO	Yes	Acyl-dihydroxyacetone phosphate
ak2gp_cho_c	C5H9O6PRR2CO	Yes	1-alkyl 2-acylglycerol 3-phosphate
akdhap_cho_c	C3H4O6PRC2H4	Yes	1-alkyldihydroxyacetone phosphate
akgp_cho_c	C4H10O4PRCO2	Yes	O-alkylglycerone phosphate(2-)
adn_n	C10H13N5O4	Yes	Adenosine
adhap_cho_x	C3H4O6PRCO	Yes	Acyl-dihydroxyacetone phosphate
pholys_c	C6H14N2O6P	Yes	5-Phosphonooxy-L-lysine
gd2_cho_g	C60H101N4O33RCO	Yes	GD2
gt2_cho_g	C71H117N5O41RCO	Yes	GT2
gbside_cho_g	C44H79N2O22RCO	Yes	Globoside
gm2_cho_g	C49H85N3O25RCO	Yes	N-acetyl-beta-D-galactosaminyl-(1->4)-[alpha-N-acetylneuraminosyl-(2->3)]-beta-D-galactosyl-beta-D-glucosyl-(1<->1)-ceramide anion
c4dc_x	C11H18NO6	Yes	Succinyl carnitine
c4dc_c	C11H18NO6	Yes	Succinyl carnitine
c6dc_c	C13H22NO6	Yes	Adipoyl carnitine; 5-Carboxypentanoyl carnitine
c81_c184crn_c	C15H27NO4	Yes	"C8:1fatty acyl-carnitine, derived from C18:4"
c81_c184crn_x	C15H27NO4	Yes	"C8:1fatty acyl-carnitine, derived from C18:4"
c81_5Zcrn_c	C15H27NO4	Yes	"C8:1fatty acyl-carnitine, derived from C18:3"
c81_5Zcrn_x	C15H27NO4	Yes	"C8:1fatty acyl-carnitine, derived from C18:3"
c81_5Zcrn_m	C15H27NO4	Yes	"C8:1fatty acyl-carnitine, derived from C18:3"
c81_5Zcoa_x	C29H44N7O17P3S	Yes	"C8:1 fatty acyl-coa, derived from C18:3"
c8dc_c	C15H26NO6	Yes	Suberyl carnitine; octanedioyl carnitine
acgalfuc12gal14acglcgalgluside_cho_g	C58H102N3O31RCO	Yes	(Gal)2 (GalNAc)1 (Glc)1 (GlcNAc)1 (LFuc)1 (Cer)1
acgalfucgalacglcgal14acglcgalgluside_cho_g	C72H125N4O41RCO	Yes	(Gal)3 (GalNAc)1 (Glc)1 (GlcNAc)2 (LFuc)1 (Cer)1
acglcgalacglcgal14acglcgalgluside_cho_g	C66H115N4O37RCO	Yes	(Gal)3 (Glc)1 (GlcNAc)3 (Cer)1
acglc13galacglcgal14acglcgalgluside_cho_g	C66H115N4O37RCO	Yes	NLc7Cer
gm2a_cho_g	C49H85N3O25RCO	Yes	GM2alpha
gluside_cho_g	C24H46NO7RCO	Yes	D-glucosyl-N-acylsphingosine
memgacpail_cho_r	C45H84N2O27P2RCO2R2CO2	Yes	"(mannosyl),(phosphoethanolaminyl)-mannosyl-glucosylaminyl-acylphosphatidylinositol (B)"
carn_l	C9H14N4O3	Yes	L-Carnosine
dcmp_m	C9H12N3O7P	Yes	DCMP C9H12N3O7P
dad_2_n	C10H13N5O3	Yes	Deoxyadenosine
dhnpthld_c	X	No	"1,2-Dihydronaphthalene-1,2-diol"
3deccrn_c	C17H33NO5	Yes	3-hydroxydecanoylcarnitine
dedoldp_c	C95H153O7P2	Yes	Dehydrodolichol diphosphate
dedolp_c	C95H153O4P1	Yes	Dehydrodolichol phosphate
dedol_c	C95H154O	Yes	Dehydrodolichol
dmarg_c	C8H19N4O2	Yes	Dimethylarginine
apppa_c	C20H24N10O16P3	Yes	"P1,P3-Bis(5'-adenosyl) triphosphate"
docosac_e	C22H43O2	Yes	"Behenate, Docosanoate"
3deccrn_e	C17H33NO5	Yes	3-hydroxydecanoylcarnitine
HC02154_e	X	No	GM4-pool
HC00004_e	X	No	ApoA1
onpthl_c	C10H8O	Yes	Naphthalene epoxide
c4dc_e	C11H18NO6	Yes	Succinyl carnitine
c6dc_e	C13H22NO6	Yes	Adipoyl carnitine; 5-Carboxypentanoyl carnitine
c8dc_e	C15H26NO6	Yes	Suberyl carnitine; octanedioyl carnitine
galgalgalthcrm_cho_e	C54H96NO32RCO	Yes	Gal-Gal-Gal-Gal-Gal-Glc-Cer
oagd3_cho_e	C54H90N3O29RCO	Yes	9-O-Acetylated GD3
c101_3Ecoa_m	C31H48N7O17P3S	Yes	"C10:1 fatty acyl-coa, derived from C18:1"
c101_4Zcoa_x	C31H48N7O17P3S	Yes	C10:1 fatty acyl-coa
c102_4Z_7Zcoa_x	C31H46N7O17P3S	Yes	"C10:2 fatty acyl-coa, derived from C18:3"
c121_3Ecoa_m	C33H52N7O17P3S	Yes	"C12:1 fatty acyl-coa, derived from C18:1"
c121_3Zcoa_m	C33H52N7O17P3S	Yes	"C12:1 fatty acyl-coa, derived from C18:1"
c163_4Z_7Z_10Zcoa_x	C37H56N7O17P3S	Yes	"C16:3 fatty acyl-coa, derived from C18:3"
c122_3E_6Ecoa_m	C33H50N7O17P3S	Yes	"C12:2 fatty acyl-coa, derived from C18:2"
c164_4Z_7Z_10Z_13Zcoa_x	C37H54N7O17P3S	Yes	"C16:4 fatty acyl-coa, derived from C18:4"
c122_3Z_6Zcoa_m	C33H50N7O17P3S	Yes	"C12:2 fatty acyl-coa, derived from C18:3"
c123_3Z_6Z_9Zcoa_m	C33H48N7O17P3S	Yes	"C12:3 fatty acyl-coa, derived from C18:3"
c123_3Z_6Z_9Zcoa_x	C33H48N7O17P3S	Yes	"C12:3 fatty acyl-coa, derived from C18:3"
c142_5Z_8Zcoa_x	C35H54N7O17P3S	Yes	"C14:2 fatty acyl-coa, derived from C18:3"
c143_5Z_8Z_11Zcoa_x	C35H52N7O17P3S	Yes	"C14:3 fatty acyl-coa, derived from C18:3"
c184_3Z_6Z_9Z_12Zcoa_m	C39H58N7O17P3S	Yes	C18:4 fatty acyl-coa
c185_3Z_6Z_9Z_12Z_15Zcoa_m	C39H56N7O17P3S	Yes	"C18:5 fatty acyl-coa, derived from C20:5"
c185_3Z_6Z_9Z_12Z_15Zcoa_x	C39H56N7O17P3S	Yes	"C18:5 fatty acyl-coa, derived from C20:5"
c201coa_x	C41H68N7O17P3S	Yes	C20:1 fatty acyl-coa
c220coa_x	C43H74N7O17P3S	Yes	C22:0 fatty acyl-coa
c221coa_x	C43H72N7O17P3S	Yes	C22:1 fatty acyl-coa
c11_trimethylcoa_x	C35H58N7O17P3S	Yes	C11 (trimethyl) fatty acyl-coa
c61_3Zcoa_m	C27H40N7O17P3S	Yes	"C6:1 fatty acyl-coa, derived from C18:3"
c81_5Zcoa_m	C29H44N7O17P3S	Yes	"C8:1 fatty acyl-coa, derived from C18:3"
c13_trimethylcoa_x	C37H62N7O17P3S	Yes	C13 (trimethyl) fatty acyl-coa
fumpyr_c	C7H4O6	Yes	3-Fumarylpyruvate
fucgalacglc13galacglcgal14acglcgalgluside_cho_g	C78H135N4O46RCO	Yes	(Gal)4 (Glc)1 (GlcNAc)3 (LFuc)1 (Cer)1
fucfucgalacglc13galacglcgal14acglcgalgluside_cho_g	C84H145N4O50RCO	Yes	(Gal)4 (Glc)1 (GlcNAc)3 (LFuc)2 (Cer)1
acngal14acglcgalgluside_cho_g	C55H95N3O30RCO	Yes	Alpha-N-acetylneuraminosyl-(2->3)-beta-D-galactosyl-(1->4)-N-acetyl-beta-D-glucosaminyl-(1->3)-beta-D-galactosyl-(1->4)-beta-D-glucosylceramide(1-)
fucfucgalacglcgal14acglcgalgluside_cho_g	C70H122N3O40RCO	Yes	(Gal)3 (Glc)1 (GlcNAc)2 (LFuc)2 (Cer)1
fuc132galacglcgal14acglcgalgluside_cho_g	C64H112N3O36RCO	Yes	V3Fuc-nLc6Cer
galacglc13galacglcgal14acglcgalgluside_cho_g	C72H125N4O42RCO	Yes	NLc8Cer
galgalgalthcrm_cho_c	C54H96NO32RCO	Yes	Gal-Gal-Gal-Gal-Gal-Glc-Cer
gm3_cho_g	C41H72N2O20RCO	Yes	Alpha-N-acetylneuraminosyl-(2->3)-beta-D-galactosyl-(1->4)-beta-D-glucosylceramide(1-); GM3
cs_cho_linkage_g	C23H36O20X	Yes	Chondroitin sulfate/heparan sulfate linkage region (GlcA-(Gal)2-Xyl-L-Ser (protein))
digalside_cho_g	C30H56NO12RCO	Yes	Digalactosylceramide
gd3_cho_c	C52H88N3O28RCO	Yes	GD3
gt3_cho_c	C63H104N4O36RCO	Yes	GT3
gpail_cho_c	C15H28NO13PRCO2R2CO2	Yes	6-(alpha-D-glucosaminyl)-1-phosphatidyl-1D-myo-inositol
gpi_cho_r	C55H106N4O38P4RCO2R2CO2	Yes	"{[PE-Man-],[PE-]Man},{PE-}Man-GlcN-acylPI"
3hdcoa_m	C31H50N7O18P3S	Yes	(S)-3-Hydroxydecanoyl-CoA
gullac_r	C6H10O6	Yes	"L-Gulono-1,4-lactone"
2hog_m	C5H6O5	Yes	2-Hydroxyglutarate
his__L_l	C6H9N3O2	Yes	L-Histidine
C11821_c	C5H4N4O4	Yes	5-Hydroxyisourate
hlys_c	C6H15N2O3	Yes	Erythro-5-hydroxy-L-lysine
Lkynr_m	C10H12N2O3	Yes	L Kynurenine C10H12N2O3
4aphdob_m	C10H8NO4	Yes	"4-(2-Aminophenyl)-2,4-dioxobutanoate"
mem2emgacpail_cho_r	C59H110N3O40P3RCO2R2CO2	Yes	"({[(mannosyl),(phosphoethanolaminyl)]-dimannosyl},{phosphoethanolaminyl})-mannosyl-glucosaminyl-acylphosphatidylinositol (M4B)"
m3emgacpail_cho_r	C57H104N2O37P2RCO2R2CO2	Yes	"(trimannosyl),(phosphoethanolaminyl)-mannosyl-glucosaminyl-acylphosphatidylinositol (M4C)"
m_em_3gacpail_cho_r	C61H116N4O43P4RCO2R2CO2	Yes	Mannosyl-3-(phosphoethanolaminyl-mannosyl)-glucosaminyl-acylphosphatidylinositol (M4A))
acgbgbside_cho_l	C52H92N3O27RCO	Yes	Beta GalNAc globoside
ncam_n	C6H6N2O	Yes	Nicotinamide
prpp_n	C5H8O14P3	Yes	5-Phospho-alpha-D-ribose 1-diphosphate
houdic_c	C5H5N4O5	Yes	"5-Hydroxy-2-oxo-4-ureido-2,5-dihydro-1H-imidazole-5-carboxylate"
paf_cho_c	C11H23O4NPRCO2	Yes	1-alkyl 2-acteylglycerol 3-phosphocholine
pchol_cho_g	C8H18NO4PRCO2R2CO2	Yes	Phosphatidylcholine
pchol_cho_r	C8H18NO4PRCO2R2CO2	Yes	Phosphatidylcholine
pcollg5hlys_c	C6H14N2O3	Yes	Procollagen 5-hydroxy-L-lysine
phaccoa_m	C29H38N7O17P3S	Yes	Phenylacetyl-CoA
docoscoa_m	C43H74N7O17P3S	Yes	Docosanoyl Coenzyme A
docoscoa_x	C43H74N7O17P3S	Yes	Docosanoyl Coenzyme A
lgnccoa_m	C45H78N7O17P3S	Yes	Lignocericyl coenzyme A
malcoa_l	C24H33N7O19P3S	Yes	Malonyl CoA C24H33N7O19P3S
pmtcoa_l	C37H62N7O17P3S	Yes	Palmitoyl-CoA (n-C16:0CoA)
3ohodcoa_r	C39H64N7O18P3S	Yes	3-Oxooctadecanoyl-CoA
CE2248_n	C39H66N7O18P3S	Yes	3-hydroxyoctadecanoyl-CoA(4-)
od2coa_n	C39H64N7O17P3S	Yes	Trans-Octadec-2-enoyl-CoA
sprm_x	C10H30N4	Yes	Spermine C10H30N4
spmd_x	C7H22N3	Yes	Spermidine
CE1940_c	C7H18N2O	Yes	Spermidine monoaldehyde 2
CE1940_x	C7H18N2O	Yes	Spermidine monoaldehyde 2
tcynt_l	CNS	Yes	Thiocyanate
tcynt_n	CNS	Yes	Thiocyanate
C01241_c	C8H14NO8PR2	Yes	Phosphatidyl-N-methylethanolamine
C01241_m	C8H14NO8PR2	Yes	Phosphatidyl-N-methylethanolamine
C01241_r	C8H14NO8PR2	Yes	Phosphatidyl-N-methylethanolamine
CE1935_c	C10H26N3O	Yes	Spermine monoaldehyde
ak2gchol_cho_c	C10H20O5NPRR2CO	Yes	1-alkyl 2-acylglycerol 3-phosphocholine
CE1935_x	C10H26N3O	Yes	Spermine monoaldehyde
CE1787_c	C12H25N2O7	Yes	1-deoxy-1-(N6-lysino)-D-fructose
CE2847_c	C8H15NO7	Yes	Fructoseglycine
CE2421_c	C39H62N7O18P3S	Yes	(3S)-3-hydroxylinoleoyl-CoA
CE2866_c	C15H13I2NO4	Yes	"3,3'-diiodo-L-thyronine"
CE2875_c	C15H13INO7S	Yes	3'-monoiodo-L-thyronine 4'-O-sulfate
CE2872_r	C15H13I2NO4	Yes	"3',5'-diiodo-L-thyronine"
thyox__L_r	C15H11I4NO4	Yes	L-Thyroxine
CE2754_r	C15H12I3NO4	Yes	"3,3',5' - triiodothyronine"
CE2250_c	C43H72N7O18P3S	Yes	3-oxodocosanoyl-CoA(4-)
CE2246_c	C43H74N7O18P3S	Yes	3-hydroxydocosanoyl-CoA (4-)
CE2242_n	C43H72N7O17P3S	Yes	Trans-docos-2-enoyl-CoA
triodthy_r	C15H12I3NO4	Yes	Triiodothyronine
CE2866_r	C15H13I2NO4	Yes	"3,3'-diiodo-L-thyronine"
CE2881_r	C14H7I4O4	Yes	"3,5,3',5'-tetraiodothyroacetate"
CE2882_r	C14H8I3O4	Yes	"3,3',5'-triiodothyroacetate"
docoscoa_n	C43H74N7O17P3S	Yes	Docosanoyl Coenzyme A
malcoa_n	C24H33N7O19P3S	Yes	Malonyl CoA C24H33N7O19P3S
CE2253_c	C45H76N7O18P3S	Yes	3-oxotetracosanoyl-CoA
CE2249_c	C45H78N7O18P3S	Yes	3-hydroxytetracosanoyl-CoA(4-)
CE2245_c	C45H76N7O17P3S	Yes	Trans-tetracos-2-enoyl-CoA
CE2883_r	C14H8I3O4	Yes	"3,5,3'-triiodothyroacetate"
CE2884_r	C14H9I2O4	Yes	"3',5'-diiodothyroacetate"
C01836_m	C78H122N21O20	Yes	Neurotensin
CE2915_c	C44H60N7O11	Yes	Beta-casomorphin
CE2916_c	C35H51N6O10	Yes	Neocasomorphin
CE2917_c	C69H114N23O16S	Yes	Apelin-13
CE2839_c	C60H102O51	Yes	Maltodecaose
xol7a_c	C27H46O2	Yes	7 alpha-Hydroxycholesterol
CE2858_c	C46H74N14O10	Yes	Dynorphin A 1-8
xol27oh_c	C27H46O2	Yes	27-Hydroxycholesterol
C01836_c	C78H122N21O20	Yes	Neurotensin
CE2891_c	C74H118N21O17	Yes	Dynorphin B
xoltriol_r	C27H48O3	Yes	"3alpha,7alpha,12alpha-Trihydroxy-5beta-cholestane"
retinal_cis_9_c	C20H28O	Yes	Cis-9-retinal
CE1272_r	C27H48O4	Yes	"5beta-cholestane-3alpha,7alpha,12alpha,25-tetrol"
CE1272_c	C27H48O4	Yes	"5beta-cholestane-3alpha,7alpha,12alpha,25-tetrol"
CE1617_c	C20H27O2	Yes	9-cis-retinoate
17ahprgstrn_c	C21H30O3	Yes	17alpha-Hydroxyprogesterone
dopaqn_x	C9H9NO4	Yes	L-dopaquinone
17ahprgstrn_m	C21H30O3	Yes	17alpha-Hydroxyprogesterone
CE5626_c	C11H13NO4	Yes	Salsolinol 1-carboxylate
C09642_c	C10H14NO2	Yes	(-)-Salsolinol
CE5252_c	C18H20O3	Yes	"Estrone-2,3-quinone"
CE5252_m	C18H20O3	Yes	"Estrone-2,3-quinone"
CE5252_r	C18H20O3	Yes	"Estrone-2,3-quinone"
CE1401_c	C4H8NOS	Yes	Homocysteine thiolactone
CE5252_x	C18H20O3	Yes	"Estrone-2,3-quinone"
CE5249_c	C18H22O3	Yes	"17beta-estradiol-3,4-quinone"
CE5249_m	C18H22O3	Yes	"17beta-estradiol-3,4-quinone"
CE5249_r	C18H22O3	Yes	"17beta-estradiol-3,4-quinone"
retinol_r	C20H30O	Yes	All-trans-Retinol
CE5249_x	C18H22O3	Yes	"17beta-estradiol-3,4-quinone"
CE1617_r	C20H27O2	Yes	9-cis-retinoate
CE5251_c	C18H20O3	Yes	"Estrone-3,4-quinone"
17ahprgnlone_m	C21H32O3	Yes	17alpha-Hydroxypregnenolone
CE5251_m	C18H20O3	Yes	"Estrone-3,4-quinone"
CE5251_r	C18H20O3	Yes	"Estrone-3,4-quinone"
CE5251_x	C18H20O3	Yes	"Estrone-3,4-quinone"
CE4990_c	C20H29O4	Yes	12-oxo-leukotriene B4
CE4990_m	C20H29O4	Yes	12-oxo-leukotriene B4
CE2566_c	C20H29O4	Yes	"5(S),6(S)-epoxy-15(R)-hydroxyeicosatetraenoate"
CE2566_r	C20H29O4	Yes	"5(S),6(S)-epoxy-15(R)-hydroxyeicosatetraenoate"
CE2566_x	C20H29O4	Yes	"5(S),6(S)-epoxy-15(R)-hydroxyeicosatetraenoate"
CE5661_c	C20H29O5	Yes	15-oxo-lipoxin A4
CE4990_r	C20H29O4	Yes	12-oxo-leukotriene B4
CE4990_x	C20H29O4	Yes	12-oxo-leukotriene B4
CE5531_c	C30H45N3O10S	Yes	12-oxo-c-LTB3
CE5531_m	C30H45N3O10S	Yes	12-oxo-c-LTB3
CE5531_x	C30H45N3O10S	Yes	12-oxo-c-LTB3
atp_g	C10H12N5O13P3	Yes	ATP C10H12N5O13P3
pail35p_cho_g	C9H14O15P3RCO2R2CO2	Yes	"1-phosphatidyl-1D-myo-inositol 3,5-bisphosphate(5-)"
C11695_c	C22H37NO2	Yes	Anandamide
CE1292_c	C27H43O3	Yes	3beta-hydroxy-5-cholestene-27-oate
CE1292_m	C27H43O3	Yes	3beta-hydroxy-5-cholestene-27-oate
CE3038_c	C27H43O4	Yes	"3beta,7alpha-dihydroxy-5-cholestenoate"
CE3038_m	C27H43O4	Yes	"3beta,7alpha-dihydroxy-5-cholestenoate"
CE1298_c	C27H44O2	Yes	3beta-hydroxy-5-cholestenal
C02356_c	C4H9NO2	Yes	(S)-2-Aminobutanoate
CE1661_c	C9H15N2O5	Yes	Gama-L-glutamyl-L-alpha-aminobutyrate
CE1665_c	C15H22N4O9S	Yes	Gama-glutamylglutathione
CE1298_m	C27H44O2	Yes	3beta-hydroxy-5-cholestenal
cholcoa_m	C45H70N7O20P3S	Yes	Choloyl-CoA(4-)
CE2565_n	C20H31O3	Yes	"15(R)-Hydroxy-(5Z,8Z,11Z,13E)-eicosatetraenoate"
o2_n	O2	No	O2 O2
CE2565_r	C20H31O3	Yes	"15(R)-Hydroxy-(5Z,8Z,11Z,13E)-eicosatetraenoate"
C13856_c	C23H38O4	Yes	2-Arachidonoylglycerol
C13856_r	C23H38O4	Yes	2-Arachidonoylglycerol
CE3481_c	C23H37O7P	Yes	1-lyso-2-arachidonoyl-phosphatidate
CE3481_g	C23H37O7P	Yes	1-lyso-2-arachidonoyl-phosphatidate
dcholcoa_m	C45H70N7O19P3S	Yes	Chenodeoxycholoyl coenzyme a
dhcholestancoa_c	C48H76N7O19P3S	Yes	"3alpha,7alpha-Dihydroxy-5beta-cholestanoyl-CoA"
CE1589_c	C45H70N7O19P3S	Yes	Deoxycholoyl-CoA
CE3481_r	C23H37O7P	Yes	1-lyso-2-arachidonoyl-phosphatidate
CE5726_c	C23H38O7	Yes	Prostaglandin PGE2 1-glyceryl ester
CE5727_c	C23H38O7	Yes	Prostaglandin PGE2 3-glyceryl ester
CE1589_x	C45H70N7O19P3S	Yes	Deoxycholoyl-CoA
CE4980_c	C23H38O7	Yes	Prostaglandin PGE2 glyceryl ester
prostge2_m	C20H31O5	Yes	Prostaglandin E2
C05957_c	C20H29O4	Yes	Prostaglandin J2
retinal_11_cis_c	C20H28O	Yes	11-cis-Retinal
CE2201_c	C27H44O3	Yes	"23S,25-dihydroxyvitamin D3"
CE5747_c	C42H58NO	Yes	N-retinylidene-N-retinylethanolamine
CE1297_c	C27H44O	Yes	"8-dehydrocholesterol; 3beta-Cholesta-5,8-dien-3-ol"
CE1297_m	C27H44O	Yes	"8-dehydrocholesterol; 3beta-Cholesta-5,8-dien-3-ol"
CE2953_r	C20H27O3	Yes	"Rac-5,6-epoxy-retinoate"
CE2202_c	C27H44O4	Yes	"23S,25,26-trihydroxyvitamin D3"
CE2961_r	C22H32O3	Yes	4-hydroxy-all-trans-retinyl acetate
CE5653_r	C20H25O3	Yes	4-oxo-9-cis-retinoate
CE2202_m	C27H44O4	Yes	"23S,25,26-trihydroxyvitamin D3"
CE1162_c	C20H28O	Yes	Vitamin A2; all-trans-3-dehydroretinol
C03681_c	C21H32O2	Yes	"5alpha-Pregnane-3,20-dione"
CE2203_c	C27H42O4	Yes	"25-hydroxyvitamin D3-26,23-lactol"
CE2211_c	C21H34O2	Yes	Allopregnanolone
CE5932_c	C20H30O2	Yes	"13,14-epoxy-retinol"
CE2203_m	C27H42O4	Yes	"25-hydroxyvitamin D3-26,23-lactol"
CE5653_c	C20H25O3	Yes	4-oxo-9-cis-retinoate
CE5786_c	C56H87N17O11	Yes	Kinetensin; Ile-Ala-Arg-Arg-His-Pro-Tyr-Phe-Leu
CE2211_r	C21H34O2	Yes	Allopregnanolone
cyst__L_m	C7H14N2O4S	Yes	L-Cystathionine
C01507_c	C6H14O6	Yes	"L-Iditol; (2R,3S,4S,5R)-Hexane-1,2,3,4,5,6-hexol"
CE5794_c	C52H74N15O12S	Yes	Neuromedin B; Gly-Asn-Leu
CE5867_c	C20H32N5O9	Yes	N-acetyl-seryl-aspartyl-lysyl-proline
CE5794_l	C52H74N15O12S	Yes	Neuromedin B; Gly-Asn-Leu
CE5797_c	C32H51N5O7	Yes	Neuromedin N
CE5875_m	C27H37N7O19P3S	Yes	2-methylglutaconyl-CoA
CE2102_c	C14H26N2O3S2	Yes	Lipoyllysine
CE5456_c	C6H11O3	Yes	(R)-2-hydroxy-4-methylpentanoate
C06948_c	C16ClH13N2O	Yes	Diazepam
pail_cho_g	C9H16O9PRCO2R2CO2	Yes	1-phosphatidyl-1D-myo-inositol(1-)
CE3087_c	C11H8N2	Yes	Beta-carboline
CE5276_c	C8H10NO2	Yes	Dopamine o-quinone
CE5276_x	C8H10NO2	Yes	Dopamine o-quinone
C03958_e	C16H22N6O4	Yes	Thyrotropin releasing hormone
CE5250_c	C18H22O3	Yes	"17beta-estradiol-2,3-quinone"
CE5250_m	C18H22O3	Yes	"17beta-estradiol-2,3-quinone"
CE5250_r	C18H22O3	Yes	"17beta-estradiol-2,3-quinone"
CE5250_x	C18H22O3	Yes	"17beta-estradiol-2,3-quinone"
cl_l	Cl	No	Chloride
cl_n	Cl	No	Chloride
CE4633_c	ClHO	No	Hypochlorous acid
CE5021_c	C29H52O3	Yes	Alpha-tocopheryl hydroquinone
CE1939_c	C7H18N2O	Yes	Spermidine monoaldehyde 1
CE4633_l	ClHO	No	Hypochlorous acid
no2_l	NO2	No	Nitrite
CE4633_n	ClHO	No	Hypochlorous acid
no2_n	NO2	No	Nitrite
CE5536_c	C9H9NO3	Yes	Adrenochrome
CE5538_c	C8H7NO3	Yes	Noradrenochrome
CE5536_x	C9H9NO3	Yes	Adrenochrome
CE5538_x	C8H7NO3	Yes	Noradrenochrome
CE2576_c	C9H16O3	Yes	4-hydroperoxy-2-nonenal
leuktrE4_n	C23H36NO5S	Yes	Leukotriene E4 cytosol
CE5835_c	C29H50O3	Yes	8alpha-hydroxytocopherone
CE5837_c	C29H50O5	Yes	"7,8-epoxy-8alpha-hydroperoxytocopherone"
CE5839_c	C29H50O5	Yes	"4alpha,5-epoxy-8alpha-hydroperoxytocopherone"
gtocophe_r	C28H48O2	Yes	Gamma-Tocopherol
L_dpchrm_x	C9H6NO4	Yes	L-Dopachrome
CE4888_c	C8H7NO2	Yes	Dopaminochrome
CE4888_x	C8H7NO2	Yes	Dopaminochrome
CE5842_c	C29H50O3	Yes	13'-hydroxy-alpha-tocopherol
CE5842_r	C29H50O3	Yes	13'-hydroxy-alpha-tocopherol
CE5643_c	NO3	No	Peroxynitrite
CE5854_l	C21H27O10	Yes	Gama-CEHC-glucuronide
C05301_c	C18H24O3	Yes	2-Hydroxyestradiol-17beta
avite1_r	C29H50O2	Yes	Alpha-Tocopherol
CE5655_c	C28H48O3	Yes	13'-hydroxy-gama-tocopherol
CE2095_c	C16H22N2O9	Yes	3-hydroxykynurenine-O-beta-D-glucoside
CE2615_r	C11H11N5O	Yes	"2-hydroxyamino-3,8-dimethylimidazo[4,5-f]quinoxaline"
CE5655_r	C28H48O3	Yes	13'-hydroxy-gama-tocopherol
CE1925_r	C16H21O4	Yes	3'-carboxy-alpha-chromanol
CE1926_r	C15H19O4	Yes	Gama-carboxyethyl-hydroxychroman
ddsmsterol_c	C27H42O	Yes	7-Dehydrodesmosterol
CE4872_c	C27H46O4	Yes	"3alpha,7alpha,12alpha-trihydroxy-5beta-cholestan-27-al"
xoltri27_m	C27H46O3	Yes	"7-alpha,27-Dihydroxycholesterol"
CE1273_c	C27H48O5	Yes	"5beta-cholestane-3alpha,7alpha,12alpha,24S,25-pentol"
CE1273_r	C27H48O5	Yes	"5beta-cholestane-3alpha,7alpha,12alpha,24S,25-pentol"
dchac_c	C24H39O4	Yes	Deoxycholate
fna5moxam_c	C13H16N2O4	Yes	Formyl-N-acetyl-5-methoxykynurenamine
dchac_r	C24H39O4	Yes	Deoxycholate
CE2418_c	C37H58N7O18P3S	Yes	"(3S)-3-hydroxy-cis,cis-palmito-7,10-dienoyl-CoA"
HC02191_c	C24H39O3	Yes	Lithocholate
HC02191_r	C24H39O3	Yes	Lithocholate
CE2095_m	C16H22N2O9	Yes	3-hydroxykynurenine-O-beta-D-glucoside
C02712_c	C7H12NO3S	Yes	N-Acetylmethionine
CE1554_c	C5H8NO3	Yes	N-acetyl-L-alanine
CE5829_c	C18H34N4O6	Yes	5-HT-moduline
CE2417_c	C35H54N7O18P3S	Yes	"3(S)-hydroxy-5Z,8Z-tetradecadienoyl-CoA"
CE1556_c	C6H9N2O4	Yes	N-acetyl-L-asparagine
CE2420_c	C33H52N7O18P3S	Yes	(3S)-3-hydroxydodec-cis-6-enoyl-CoA
crtsl_m	C21H30O5	Yes	Crtsl c
crtsl_r	C21H30O5	Yes	Crtsl c
CE5236_n	C9H13N5O3	Yes	O2'-4a-cyclic-tetrahydrobiopterin
crm_cho_n	C18H36NO2RCO	Yes	N-acylsphingosine
udpgal_n	C15H22N2O17P2	Yes	UDPgalactose
udpgal_r	C15H22N2O17P2	Yes	UDPgalactose
N1aspmd_x	C9H23N3O	Yes	N1-Acetylspermidine
CE7047_c	C28H47O2	Yes	Gama-tocopheroxyl radical
C01747_l	C24H48NO7	Yes	Psychosine(1+); Galactosylsphingosine
C01747_c	C24H48NO7	Yes	Psychosine(1+); Galactosylsphingosine
CE6444_c	C22H31O6	Yes	4-hydroperoxy-H4-neuroprostane
C01747_g	C24H48NO7	Yes	Psychosine(1+); Galactosylsphingosine
CE6445_c	C22H31O6	Yes	7-hydroperoxy-H4-neuroprostane
C03413_c	C14H32N4O2	Yes	"N(1),N(12)-diacetylsperminium(2+)"
CE6446_c	C22H31O6	Yes	11-hydroperoxy-H4-neuroprostane
CE6447_c	C22H31O6	Yes	10-hydroperoxy-H4-neuroprostane
C03413_x	C14H32N4O2	Yes	"N(1),N(12)-diacetylsperminium(2+)"
CE6448_c	C22H31O6	Yes	14-hydroperoxy-H4-neuroprostane
CE5138_c	C20H29O5	Yes	12-oxo-20-hydroxy-leukotriene B4
CE5138_r	C20H29O5	Yes	12-oxo-20-hydroxy-leukotriene B4
CE5139_c	C20H29O6	Yes	12-oxo-20-dihydroxy-leukotriene B4
CE6449_c	C22H31O6	Yes	13-hydroperoxy-H4-neuroprostane
CE5139_r	C20H29O6	Yes	12-oxo-20-dihydroxy-leukotriene B4
CE5140_c	C20H29O7	Yes	12-oxo-20-trihydroxy-leukotriene B4
N1sprm_x	C12H31N4O	Yes	N1 Acetylspermine C12H31N4O
CE6450_c	C22H31O6	Yes	17-hydroperoxy-H4-neuroprostane
15HPET_n	C20H31O4	Yes	15-Hydroperoxyeicosatetraenoic acid
15HPET_r	C20H31O4	Yes	15-Hydroperoxyeicosatetraenoic acid
CE6451_c	C22H31O6	Yes	20-hydroperoxy-H4-neuroprostane
estrone_l	C18H22O2	Yes	Estrone cytosol
nadph_l	C21H26N7O17P3	Yes	Nicotinamide adenine dinucleotide phosphate - reduced
CE2567_c	C20H29O4	Yes	"5(S),6(S)-epoxy-15(S)-hydroxy-7E,9E,11Z,13E-eicosatetraenoic acid anion; 5(S),6(S)-epoxy-15(S)-HETE"
CE2567_n	C20H29O4	Yes	"5(S),6(S)-epoxy-15(S)-hydroxy-7E,9E,11Z,13E-eicosatetraenoic acid anion; 5(S),6(S)-epoxy-15(S)-HETE"
CE2567_r	C20H29O4	Yes	"5(S),6(S)-epoxy-15(S)-hydroxy-7E,9E,11Z,13E-eicosatetraenoic acid anion; 5(S),6(S)-epoxy-15(S)-HETE"
CE2567_x	C20H29O4	Yes	"5(S),6(S)-epoxy-15(S)-hydroxy-7E,9E,11Z,13E-eicosatetraenoic acid anion; 5(S),6(S)-epoxy-15(S)-HETE"
urate_n	C5H4N4O3	Yes	Urate C5H4N4O3
C02147_c	C8H15O2S2	Yes	Dihydrolipoate
CE2592_c	C37H60N7O18P3S	Yes	(S)-3-hydroxypalmitoleoyl-CoA
CE1102_c	C35H56N7O18P3S	Yes	Cis-(3S)-hydroxytetradec-7-enoyl-CoA
CE2597_c	C33H52N7O18P3S	Yes	3(S)-3-hydroxydodecen-(5Z)-oyl-CoA
prostgi2_r	C20H31O5	Yes	Prostaglandin I2
leuktrA4_n	C20H29O3	Yes	Leukotriene A4 cytosol
CE7172_c	C20H31O4	Yes	"14,15-DiHETE"
pail5p_cho_g	C9H15O12P2RCO2R2CO2	Yes	1-phosphatidyl-1D-myo-inositol 5-phosphate(3-)
CE7172_n	C20H31O4	Yes	"14,15-DiHETE"
CE2414_c	C20H39O2	Yes	"(3S,7R,11R)-phytanate"
CE2416_c	C19H37O2	Yes	"(2R,6S,10S)-pristanate"
pail3p_cho_g	C9H15O12P2RCO2R2CO2	Yes	1-phosphatidyl-1D-myo-inositol 3-phosphate(3-)
dopa_l	C8H12NO2	Yes	Dopamine
pail3p_cho_r	C9H15O12P2RCO2R2CO2	Yes	1-phosphatidyl-1D-myo-inositol 3-phosphate(3-)
CE2206_c	C27H42O4	Yes	"24-oxo-1alpha,25-dihydroxyvitamin D3"
CE2206_m	C27H42O4	Yes	"24-oxo-1alpha,25-dihydroxyvitamin D3"
dopa_x	C8H12NO2	Yes	Dopamine
CE5114_c	C41H62N7O17P3S	Yes	"Trans-2-cis,cis,cis-8,11,14-eicosatetraenoyl-CoA"
CE5114_r	C41H62N7O17P3S	Yes	"Trans-2-cis,cis,cis-8,11,14-eicosatetraenoyl-CoA"
CE2209_c	C19H32O2	Yes	"5alpha-androstane-3alpha,17beta-diol"
leuktrB4_m	C20H31O4	Yes	Leukotriene B4(1-)
C04295_c	C19H30O2	Yes	"Androst-5-ene-3beta,17beta-diol"
C04295_m	C19H30O2	Yes	"Androst-5-ene-3beta,17beta-diol"
leuktrB4_x	C20H31O4	Yes	Leukotriene B4(1-)
leuktrB4woh_m	C20H31O5	Yes	W-hydroxyl leukotriene B4
C04295_r	C19H30O2	Yes	"Androst-5-ene-3beta,17beta-diol"
CE2053_c	C20H29O5	Yes	20-oxo-leukotriene B4
CE2180_c	C18H22O3	Yes	4-hydroxyestrone
CE2053_m	C20H29O5	Yes	20-oxo-leukotriene B4
leuktrB4woh_c	C20H31O5	Yes	W-hydroxyl leukotriene B4
C05298_c	C18H22O3	Yes	2-Hydroxyestrone
CE4816_c	C45H66N7O17P3S	Yes	"2-trans-9,12,15,18,21-all-cis-tetracosahexaenoyl-CoA"
C05298_r	C18H22O3	Yes	2-Hydroxyestrone
CE4820_c	C45H66N7O18P3S	Yes	"3-oxo-all-cis-6,9,12,15,18-tetracosapentaenoyl-CoA"
CE4818_c	C45H68N7O18P3S	Yes	"3(S)-hydroxy-tetracosa-9,12,15,18,21-all-cis-pentaenoyl-CoA"
CE2313_r	C29H48O	Yes	"4,4-dimethylcholesta-8(9),14-dien-3beta-ol"
zymstnl_c	C27H46O	Yes	5alpha-cholest-8-en-3beta-ol
CE2056_c	C20H31O6	Yes	20-dihydroxyleukotriene B4
CE6027_c	C23H34O3	Yes	"24,25,26,27-tetranor-23-oxo-hydroxyvitamin D3"
CE6027_m	C23H34O3	Yes	"24,25,26,27-tetranor-23-oxo-hydroxyvitamin D3"
CE4830_c	C45H68N7O17P3S	Yes	"2-trans-9,12,15,18-all-cis-tetracosapentaenoyl-CoA"
CE4830_r	C45H68N7O17P3S	Yes	"2-trans-9,12,15,18-all-cis-tetracosapentaenoyl-CoA"
CE4853_r	C45H68N7O17P3S	Yes	"Trans,cis,cis,cis,cis-2,12,15,18,21-tetracosapentaenoyl-CoA"
CE4854_c	C43H66N7O17P3S	Yes	"All-cis-10,13,16,19-docosatetraenoyl-CoA"
CE4851_c	C45H68N7O18P3S	Yes	"3-oxo-tetracosa-12,15,18,21-all-cis-tetraenoyl-CoA"
CE4849_c	C45H70N7O18P3S	Yes	"3(S)-hydroxy-tetracosa-12,15,18,21-all-cis-tetraenoyl-CoA"
CE4833_c	C43H64N7O18P3S	Yes	"3-oxo-docosa-7,10,13,16-all-cis-tetraenoyl-CoA"
CE4831_c	C43H66N7O18P3S	Yes	"3(S)-hydroxy-docosa-7,10,13,16-all-cis-tetraenoyl-CoA"
CE4849_r	C45H70N7O18P3S	Yes	"3(S)-hydroxy-tetracosa-12,15,18,21-all-cis-tetraenoyl-CoA"
CE4834_c	C45H68N7O18P3S	Yes	"3-oxo-tetracosa-9,12,15,18-all-cis-tetraenoyl-CoA"
CE4834_r	C45H68N7O18P3S	Yes	"3-oxo-tetracosa-9,12,15,18-all-cis-tetraenoyl-CoA"
CE4841_c	C41H64N7O18P3S	Yes	"3-oxoeicosa-cis,cis-11,14-dienoyl-CoA"
CE4840_c	C41H66N7O18P3S	Yes	"(3S)-hydroxy-eicosa-cis,cis-11,14-dienoyl-CoA"
CE5151_r	C41H68N7O17P3S	Yes	11-cis-eicosenoyl-CoA
CE4842_c	C41H64N7O17P3S	Yes	"Trans,cis,cis-2,11,14-eicosatrienoyl-CoA"
CE4845_c	C43H66N7O18P3S	Yes	"3-oxo-docosa-cis,cis,cis-10,13,16-trienoyl-CoA"
CE4844_c	C43H68N7O18P3S	Yes	"3(S)-hydroxy-10,13,16-all-cis-docosatrienoyl-CoA"
CE4846_c	C43H66N7O17P3S	Yes	"Trans,cis,cis,cis-2,10,13,16-docosatetraenoyl-CoA"
CE4852_c	C43H64N7O17P3S	Yes	"Trans,cis,cis,cis,cis-2,10,13,16,19-docosapentaenoyl-CoA"
CE5155_r	C43H72N7O17P3S	Yes	Cis-13-docosenoyl-CoA
CE5144_r	C41H66N7O18P3S	Yes	3-oxo-11-cis-eicosenoyl-CoA
CE5148_r	C41H68N7O18P3S	Yes	3(S)-hydroxy-11-cis-eicosenoyl-CoA
CE4850_c	C43H64N7O18P3S	Yes	"3-oxo-docosa-10,13,16,19-all-cis-tetraenoyl-CoA"
CE4848_c	C43H66N7O18P3S	Yes	"3(S)-hydroxy-docosa-10,13,16,19-all-cis-tetraenoyl-CoA"
CE5150_r	C41H66N7O17P3S	Yes	"Trans,cis-2,11-eicosadienoyl-CoA"
CE5152_r	C43H70N7O18P3S	Yes	3-oxo-13cis-docosenoyl-CoA
CE4853_c	C45H68N7O17P3S	Yes	"Trans,cis,cis,cis,cis-2,12,15,18,21-tetracosapentaenoyl-CoA"
CE7101_c	C28H48O3	Yes	8alpha-hydroxy-gama-tocopherone
CE5153_r	C43H72N7O18P3S	Yes	3(S)-hydroxy-13cis-docosenoyl-CoA
ps_cho_g	C6H11NO6PRCO2R2CO2	Yes	Phosphatidylserine
ps_cho_r	C6H11NO6PRCO2R2CO2	Yes	Phosphatidylserine
CE5154_r	C43H70N7O17P3S	Yes	"Trans,cis-2,13-docosadienoyl-CoA"
C06199_c	C10H16NO	Yes	Hordenine
CE2445_c	C20H31O4	Yes	6-trans-leukotriene B4
C06199_g	C10H16NO	Yes	Hordenine
o2_g	O2	No	O2 O2
CE5256_c	C18H20O3	Yes	"Estrone-2,3-semiquinone"
C06199_l	C10H16NO	Yes	Hordenine
CE2446_m	C20H31O4	Yes	6E-12-epi-leukotriene B4
CE2446_x	C20H31O4	Yes	6E-12-epi-leukotriene B4
CE5156_r	C45H74N7O18P3S	Yes	3-oxo-cis-15-tetracosaenoyl-CoA
CE5255_c	C18H20O3	Yes	"Estrone-3,4-semiquinone"
CE5157_r	C45H76N7O18P3S	Yes	3(S)-hydroxy-cis-15-tetracosaenoyl-CoA
CE5158_r	C45H74N7O17P3S	Yes	"Trans,cis-2,15-tetracosadienoyl-CoA"
CE5349_c	C20H29O4	Yes	5-oxo-6E-12-epi-leukotriene B4
CE5349_m	C20H29O4	Yes	5-oxo-6E-12-epi-leukotriene B4
CE5349_r	C20H29O4	Yes	5-oxo-6E-12-epi-leukotriene B4
CE5349_x	C20H29O4	Yes	5-oxo-6E-12-epi-leukotriene B4
CE5352_c	C20H33O4	Yes	"6,7-dihydro-leukotriene B4"
CE5352_r	C20H33O4	Yes	"6,7-dihydro-leukotriene B4"
CE5348_m	C41H62N7O19P3S	Yes	"5-oxo-12(R)-hydroxy-eicosa-8E,10E,14Z-trienoyl-CoA"
CE5254_c	C18H22O3	Yes	"17beta-estradiol-2,3-semiquinone"
CE5348_x	C41H62N7O19P3S	Yes	"5-oxo-12(R)-hydroxy-eicosa-8E,10E,14Z-trienoyl-CoA"
CE5179_c	C20H31O4	Yes	"6,7-dihydro-5-oxo-leukotriene B4"
CE5253_c	C18H22O3	Yes	"17beta-estradiol-3,4-semiquinone"
CE5343_m	C20H31O4	Yes	"6,7-dihydro-5-oxo-12-epi-leukotriene B"
CE5343_r	C20H31O4	Yes	"6,7-dihydro-5-oxo-12-epi-leukotriene B"
CE5343_x	C20H31O4	Yes	"6,7-dihydro-5-oxo-12-epi-leukotriene B"
CE5345_m	C41H60N7O20P3S	Yes	"3,5-dioxo-12(R)-hydroxy-eicosa-8E,10E,14Z-trienoyl-CoA"
CE5345_x	C41H60N7O20P3S	Yes	"3,5-dioxo-12(R)-hydroxy-eicosa-8E,10E,14Z-trienoyl-CoA"
CE5168_c	C48H76N7O21P3S	Yes	"24(R),25(R)-varanoyl-CoA; (24R,25R)-3alpha,7alpha,12alpha,24-tetrahydroxy-5beta-cholestan-26-oyl-CoA"
CE5347_m	C41H60N7O19P3S	Yes	"5-oxo-12(R)-hydroxy-eicosa-2E,8E,10E,14Z-tetraenoyl-CoA"
CE5347_x	C41H60N7O19P3S	Yes	"5-oxo-12(R)-hydroxy-eicosa-2E,8E,10E,14Z-tetraenoyl-CoA"
CE5344_c	C41H62N7O20P3S	Yes	"3(S),12(R)-dihydroxy-5-oxo-eicosa-8E,10E,14Z-trienoyl-CoA"
C14826_c	C18H31O3	Yes	12(13)-EpOME
C14826_r	C18H31O3	Yes	12(13)-EpOME
CE5344_m	C41H62N7O20P3S	Yes	"3(S),12(R)-dihydroxy-5-oxo-eicosa-8E,10E,14Z-trienoyl-CoA"
CE5344_x	C41H62N7O20P3S	Yes	"3(S),12(R)-dihydroxy-5-oxo-eicosa-8E,10E,14Z-trienoyl-CoA"
CE5346_c	C39H58N7O19P3S	Yes	"3-oxo-10(R)-hydroxy-octadeca-6E,8E,12Z-trienoyl-CoA"
CE5346_m	C39H58N7O19P3S	Yes	"3-oxo-10(R)-hydroxy-octadeca-6E,8E,12Z-trienoyl-CoA"
C14825_c	C18H31O3	Yes	9(10)-EpOME
CE5346_x	C39H58N7O19P3S	Yes	"3-oxo-10(R)-hydroxy-octadeca-6E,8E,12Z-trienoyl-CoA"
C14825_r	C18H31O3	Yes	9(10)-EpOME
CE2049_r	C18H33O4	Yes	"12,13-hydroxyoctadec-9(Z)-enoate"
CE2047_r	C18H33O4	Yes	"9,10-hydroxyoctadec-12(Z)-enoate"
CE6316_c	C10H14NO2	Yes	"N,N-dimethyldopaminequinone"
CE5329_c	C41H62N7O20P3S	Yes	"3(S),12(S)-dihydroxy-5-oxo-eicosa-8E,10E,14Z-trienoyl-CoA"
CE5329_m	C41H62N7O20P3S	Yes	"3(S),12(S)-dihydroxy-5-oxo-eicosa-8E,10E,14Z-trienoyl-CoA"
CE5329_x	C41H62N7O20P3S	Yes	"3(S),12(S)-dihydroxy-5-oxo-eicosa-8E,10E,14Z-trienoyl-CoA"
CE5342_m	C41H62N7O19P3S	Yes	"5-oxo-12(S)-hydroxy-eicosa-8E,10E,14Z-trienoyl-CoA"
CE5342_x	C41H62N7O19P3S	Yes	"5-oxo-12(S)-hydroxy-eicosa-8E,10E,14Z-trienoyl-CoA"
CE5331_m	C41H60N7O20P3S	Yes	"3,5-dioxo-12(S)-hydroxy-eicosa-8E,10E,14Z-trienoyl-CoA"
CE5331_x	C41H60N7O20P3S	Yes	"3,5-dioxo-12(S)-hydroxy-eicosa-8E,10E,14Z-trienoyl-CoA"
CE5337_c	C39H58N7O19P3S	Yes	"3-oxo-10(S)-hydroxy-octadeca-6E,8E,12Z-trienoyl-CoA"
CE5337_m	C39H58N7O19P3S	Yes	"3-oxo-10(S)-hydroxy-octadeca-6E,8E,12Z-trienoyl-CoA"
CE5337_x	C39H58N7O19P3S	Yes	"3-oxo-10(S)-hydroxy-octadeca-6E,8E,12Z-trienoyl-CoA"
CE5341_m	C41H60N7O19P3S	Yes	"5-oxo-12(S)-hydroxy-eicosa-2E,8E,10E,14Z-tetraenoyl-CoA"
CE5341_x	C41H60N7O19P3S	Yes	"5-oxo-12(S)-hydroxy-eicosa-2E,8E,10E,14Z-tetraenoyl-CoA"
prostgd2_c	C20H31O5	Yes	Prostaglandin D2
CE5343_c	C20H31O4	Yes	"6,7-dihydro-5-oxo-12-epi-leukotriene B"
CE4876_c	C20H29O4	Yes	Delta12-Prostaglandin J2
C05957_m	C20H29O4	Yes	Prostaglandin J2
CE1939_x	C7H18N2O	Yes	Spermidine monoaldehyde 1
CE7144_c	C29H44O3	Yes	13'-hydroxy-alpha-tocotrienol
CE7144_r	C29H44O3	Yes	13'-hydroxy-alpha-tocotrienol
CE5853_l	C22H29O10	Yes	Alpha-CEHC-glucuronide
CE7109_c	C20H27O4	Yes	"5(S),6(S)-epoxy-15(R)-HEPE"
CE4987_c	C20H33O4	Yes	"10,11-dihydro-leukotriene B4"
C04717_c	C18H31O4	Yes	13(S)-HPODE(1-)
CE7109_r	C20H27O4	Yes	"5(S),6(S)-epoxy-15(R)-HEPE"
CE7109_x	C20H27O4	Yes	"5(S),6(S)-epoxy-15(R)-HEPE"
CE5944_c	C20H31O4	Yes	"10,11-dihydro-12-oxo-LTB4"
CE2006_c	C9H16O2	Yes	4-hydroxy-2-nonenal
CE6504_c	C18H31O6	Yes	"1-hydroperoxy-8-carboxyoctyl 3,4-epoxynon-(2E)-enyl ether"
CE7085_c	C20H29O3	Yes	5-HEPE; 5-hydroxyeicosapentaenoate
CE5944_m	C20H31O4	Yes	"10,11-dihydro-12-oxo-LTB4"
CE7085_x	C20H29O3	Yes	5-HEPE; 5-hydroxyeicosapentaenoate
CE7090_c	C20H29O3	Yes	18R-HEPE
CE7090_n	C20H29O3	Yes	18R-HEPE
CE6183_x	C41H57N7O22P3S	Yes	"18,20-dioxo-20-CoA-leukotriene B4"
CE6184_c	C39H55N7O21P3S	Yes	18-CoA-18-oxo-dinorleukotriene B4
CE7083_c	C20H29O4	Yes	Leukotriene B5
CE5944_x	C20H31O4	Yes	"10,11-dihydro-12-oxo-LTB4"
CE7083_r	C20H29O4	Yes	Leukotriene B5
C04308_c	C9H15NO8PR2	Yes	Phosphatidyl-N-dimethylethanolamine
C04308_m	C9H15NO8PR2	Yes	Phosphatidyl-N-dimethylethanolamine
CE6184_m	C39H55N7O21P3S	Yes	18-CoA-18-oxo-dinorleukotriene B4
CE6184_x	C39H55N7O21P3S	Yes	18-CoA-18-oxo-dinorleukotriene B4
CE6182_m	C41H59N7O21P3S	Yes	20-CoA-20-oxo-leukotriene B4
CE6182_x	C41H59N7O21P3S	Yes	20-CoA-20-oxo-leukotriene B4
C04308_r	C9H15NO8PR2	Yes	Phosphatidyl-N-dimethylethanolamine
leuktrB4wcooh_c	C20H28O6	Yes	W-carboxy leukotriene B4
CE0347_c	C20H31O3	Yes	12-hydroxyeicosatetraenoate
CE4988_c	C20H33O4	Yes	"10,11-dihydro-12-epi-leukotriene B4"
CE0347_n	C20H31O3	Yes	12-hydroxyeicosatetraenoate
leuktrB4wcooh_m	C20H28O6	Yes	W-carboxy leukotriene B4
CE4988_r	C20H33O4	Yes	"10,11-dihydro-12-epi-leukotriene B4"
leuktrB4wcooh_x	C20H28O6	Yes	W-carboxy leukotriene B4
CE0347_r	C20H31O3	Yes	12-hydroxyeicosatetraenoate
CE6186_m	C41H57N7O21P3S	Yes	18E-20-oxo-20-CoA-LTB4
CE5945_c	C20H33O6	Yes	"10,11-dihydro-20-dihydroxy-LTB4"
CE6186_x	C41H57N7O21P3S	Yes	18E-20-oxo-20-CoA-LTB4
CE6187_c	C41H59N7O22P3S	Yes	20-CoA-20-oxo-18R-hydroxyleucotriene B4
C08276_c	C4H7O2S	Yes	3-(methylthio)propionate
C04849_c	C20H31O4	Yes	"(5Z,9E,14Z)-(8xi,11R,12S)-11,12-epoxy-8-hydroxyicosa-5,9,14-trienoate"
C04849_r	C20H31O4	Yes	"(5Z,9E,14Z)-(8xi,11R,12S)-11,12-epoxy-8-hydroxyicosa-5,9,14-trienoate"
CE6187_m	C41H59N7O22P3S	Yes	20-CoA-20-oxo-18R-hydroxyleucotriene B4
CE6187_x	C41H59N7O22P3S	Yes	20-CoA-20-oxo-18R-hydroxyleucotriene B4
C04849_x	C20H31O4	Yes	"(5Z,9E,14Z)-(8xi,11R,12S)-11,12-epoxy-8-hydroxyicosa-5,9,14-trienoate"
12HPET_m	C20H31O4	Yes	"12-Hydroperoxyeicosa-5,8,10,14-tetraenoate"
CE5945_r	C20H33O6	Yes	"10,11-dihydro-20-dihydroxy-LTB4"
12HPET_n	C20H31O4	Yes	"12-Hydroperoxyeicosa-5,8,10,14-tetraenoate"
C04849_m	C20H31O4	Yes	"(5Z,9E,14Z)-(8xi,11R,12S)-11,12-epoxy-8-hydroxyicosa-5,9,14-trienoate"
CE6230_c	C20H33O4	Yes	"15-hydroperoxyeicosa-8Z,11Z,13E-trienoate"
CE2516_c	C20H33O2	Yes	"(8Z,11Z,14Z)-eicosatrienoic acid"
CE2516_r	C20H33O2	Yes	"(8Z,11Z,14Z)-eicosatrienoic acid"
CE6189_x	C44H62N8O23P3S2	Yes	CoA-20-COOH-18-oxo-LTE4
CE4989_c	C20H33O5	Yes	"20-OH-10,11-dihydro-leukotriene B4"
CE6198_x	C42H60N8O23P3S2	Yes	"16,18-oxo-18-CoA-dinor-LTE4"
CE6188_x	C42H60N8O22P3S2	Yes	CoA-omega-COOH-dinor-LTE4
C04805_c	C20H31O3	Yes	5(S)-HETE
CE6190_x	C44H64N8O22P3S2	Yes	CoA-20-COOH-LTE4
CE4989_r	C20H33O5	Yes	"20-OH-10,11-dihydro-leukotriene B4"
CE5995_x	C23H33NO7S	Yes	20-COOH-leukotriene E4
CE6191_x	C44H62N8O22P3S2	Yes	18E-20-oxo-20-CoA-LTE4
C04805_m	C20H31O3	Yes	5(S)-HETE
C04805_n	C20H31O3	Yes	5(S)-HETE
CE5946_c	C20H33O7	Yes	"10,11-dihydro-20-trihydroxy-leukotriene B4"
C04805_r	C20H31O3	Yes	5(S)-HETE
C04805_x	C20H31O3	Yes	5(S)-HETE
CE6204_x	C42H58N8O22P3S2	Yes	CoA-18-COOH-16E-dinor-LTE5
CE6225_x	C42H60N8O22P3S2	Yes	16E-18-oxo-18-CoA-dinor-LTE4
CE2084_c	C20H29O3	Yes	"5-oxo-(6E,8Z,11Z,14Z)-eicosatetraenoic acid"
CE2084_m	C20H29O3	Yes	"5-oxo-(6E,8Z,11Z,14Z)-eicosatetraenoic acid"
CE2084_x	C20H29O3	Yes	"5-oxo-(6E,8Z,11Z,14Z)-eicosatetraenoic acid"
CE6240_c	C20H31O4	Yes	9-deoxy-delta12-PGD2
CE6240_m	C20H31O4	Yes	9-deoxy-delta12-PGD2
CE6228_x	C40H56N8O22P3S2	Yes	13E-tetranor-16-oxo-16-CoA-LTE4
CE6234_c	C20H33O5	Yes	Prostaglandin H1
CE5525_c	C20H26O6	Yes	12-oxo-20-carboxy-leukotriene B4
CE5525_m	C20H26O6	Yes	12-oxo-20-carboxy-leukotriene B4
CE5525_x	C20H26O6	Yes	12-oxo-20-carboxy-leukotriene B4
CE6240_r	C20H31O4	Yes	9-deoxy-delta12-PGD2
CE7074_c	C28H42O3	Yes	13'-hydroxy-gama-tocotrienol
CE2089_c	C9H12N3O4S	Yes	S-[2-carboxy-1-(1 H-imidazol-4-yl)ethyl]-L-cysteine
CE7074_r	C28H42O3	Yes	13'-hydroxy-gama-tocotrienol
CE4876_m	C20H29O4	Yes	Delta12-Prostaglandin J2
CE4876_r	C20H29O4	Yes	Delta12-Prostaglandin J2
CE6243_c	C30H45N3O10S	Yes	"S-(9-deoxy-delta9,12-PGD2)-glutathione"
CE5966_m	C41H62N7O20P3S	Yes	"3-oxo-5(S),12(R)-dihydroxy-eicosa-8-trans-6,14-cis-trienoyl-CoA"
CE6241_c	C30H47N3O10S	Yes	S-(9-deoxy-delta12-PGD2)-glutathione
leuktrE4_x	C23H36NO5S	Yes	Leukotriene E4 cytosol
C03577_x	C23H36NO6S	Yes	20-hydroxy-leukotriene E4(1-)
CE5994_x	C23H34NO6S	Yes	20-oxo-leukotriene E4
CE5966_x	C41H62N7O20P3S	Yes	"3-oxo-5(S),12(R)-dihydroxy-eicosa-8-trans-6,14-cis-trienoyl-CoA"
HC02203_m	C20H29O4	Yes	Prostaglandin A2
HC02203_r	C20H29O4	Yes	Prostaglandin A2
HC02202_m	C20H31O4	Yes	Prostaglandin A1(1-)
HC02202_r	C20H31O4	Yes	Prostaglandin A1(1-)
CE6183_m	C41H57N7O22P3S	Yes	"18,20-dioxo-20-CoA-leukotriene B4"
CE5967_c	C39H60N7O19P3S	Yes	"3(S),10(R)-OH-octadeca-6-trans-4,12-cis-trienoyl-CoA"
selmeth_r	C5H11NO2Se	Yes	Selenomethionine
CE5967_m	C39H60N7O19P3S	Yes	"3(S),10(R)-OH-octadeca-6-trans-4,12-cis-trienoyl-CoA"
5mthf_n	C20H24N7O6	Yes	5-Methyltetrahydrofolate
selhcys_n	C4H9NO2Se	Yes	Selenohomocysteine
5mthf_r	C20H24N7O6	Yes	5-Methyltetrahydrofolate
selhcys_r	C4H9NO2Se	Yes	Selenohomocysteine
nrpphr_r	C8H12NO3	Yes	Norepinephrine
CE5967_x	C39H60N7O19P3S	Yes	"3(S),10(R)-OH-octadeca-6-trans-4,12-cis-trienoyl-CoA"
C07535_c	C20H12	Yes	Benzpyrene
C07535_r	C20H12	Yes	Benzpyrene
CN0012_c	X	No	"Benzo[a]pyrene-2,3-oxide"
CN0012_r	X	No	"Benzo[a]pyrene-2,3-oxide"
CN0012_x	X	No	"Benzo[a]pyrene-2,3-oxide"
C14851_c	C20H12O	Yes	"Benzo[a]pyrene-4,5-oxide"
C14851_r	C20H12O	Yes	"Benzo[a]pyrene-4,5-oxide"
C14851_x	C20H12O	Yes	"Benzo[a]pyrene-4,5-oxide"
CE5969_m	C41H64N7O19P3S	Yes	"10,11-dihydro-LTB4-CoA"
C14849_c	C20H12O	Yes	"Benzo[a]pyrene-9,10-oxide"
C14849_r	C20H12O	Yes	"Benzo[a]pyrene-9,10-oxide"
C14849_x	C20H12O	Yes	"Benzo[a]pyrene-9,10-oxide"
CN0020_c	C20H16	Yes	"7,12-Dimethylbenz[a]anthracene"
CE5969_x	C41H64N7O19P3S	Yes	"10,11-dihydro-LTB4-CoA"
CN0020_r	C20H16	Yes	"7,12-Dimethylbenz[a]anthracene"
CN0021_c	X	No	"7,12-Dimethylbenz[a]anthracene-3,4-oxide"
CN0021_r	X	No	"7,12-Dimethylbenz[a]anthracene-3,4-oxide"
CN0021_x	X	No	"7,12-Dimethylbenz[a]anthracene-3,4-oxide"
CN0022_c	X	No	"7,12-Dimethylbenz[a]anthracene-3,4-diol"
CN0022_r	X	No	"7,12-Dimethylbenz[a]anthracene-3,4-diol"
CN0016_c	C24H14	Yes	"Dibenzo[a,l]pyrene"
CN0016_r	C24H14	Yes	"Dibenzo[a,l]pyrene"
CE4988_m	C20H33O4	Yes	"10,11-dihydro-12-epi-leukotriene B4"
CN0017_c	X	No	"Dibenzo[a,l]pyrene-11,12-epoxide"
CN0017_r	X	No	"Dibenzo[a,l]pyrene-11,12-epoxide"
CN0017_x	X	No	"Dibenzo[a,l]pyrene-11,12-epoxide"
CN0018_c	X	No	"Dibenzo[a,l]pyrene-11,12-diol"
CN0018_r	X	No	"Dibenzo[a,l]pyrene-11,12-diol"
CE4988_x	C20H33O4	Yes	"10,11-dihydro-12-epi-leukotriene B4"
CE5970_m	C41H62N7O19P3S	Yes	"5(S),12(R)-dihydroxy-eicosa-2,8-trans-6,14-cis-tetraenoyl-CoA"
CE5970_x	C41H62N7O19P3S	Yes	"5(S),12(R)-dihydroxy-eicosa-2,8-trans-6,14-cis-tetraenoyl-CoA"
CE5971_c	C41H64N7O20P3S	Yes	"3(S),5(S),12(R)-trihydroxy-eicosa-8-trans-6,14-cis-trienoyl-CoA"
CE5971_m	C41H64N7O20P3S	Yes	"3(S),5(S),12(R)-trihydroxy-eicosa-8-trans-6,14-cis-trienoyl-CoA"
CE5971_x	C41H64N7O20P3S	Yes	"3(S),5(S),12(R)-trihydroxy-eicosa-8-trans-6,14-cis-trienoyl-CoA"
avite2_r	C29H44O2	Yes	Alpha-Tocotrienol
CE7097_c	C20H29O4	Yes	"5-oxo-12(S)-hydroxy-eicosa-6E,8Z,10E,14Z-tetraenoate"
so4_n	O4S	No	Sulfate
txa2_r	C20H31O5	Yes	Thromboxane A2
tmndnc_n	C20H29O2	Yes	"Timnodonic acid C20:5, n-3"
CE6508_c	C20H29O4	Yes	5-hydroperoxy-EPA
tmndnc_r	C20H29O2	Yes	"Timnodonic acid C20:5, n-3"
sphmyln_cho_g	C23H48N2O5PRCO	Yes	Sphingomyelin betaine
tmndnc_x	C20H29O2	Yes	"Timnodonic acid C20:5, n-3"
sphmyln_cho_e	C23H48N2O5PRCO	Yes	Sphingomyelin betaine
gt1alpha_cho_g	C77H127N5O46RCO	Yes	GT1aalpha
R1coa_cho_r	XCO2C21H31N7O15P3S	Yes	R group 1 Coenzyme A
gq1c_cho_g	C88H143N6O54RCO	Yes	GQ1c
CE7079_c	C20H27O3	Yes	Leukotriene A5
R2coa_cho_r	XCO2C21H31N7O15P3S	Yes	R group 2 Coenzyme A
CE7086_c	C30H43N3O9S	Yes	Leukotriene C5
CE7088_c	C20H29O5	Yes	PGH3
succoa_x	C25H35N7O19P3S	Yes	Succinyl-CoA
CE7088_n	C20H29O5	Yes	PGH3
CE7081_n	C20H29O3	Yes	15(R)-HEPE
CE7081_r	C20H29O3	Yes	15(R)-HEPE
CE7110_c	C20H27O4	Yes	"5,6-epoxy,18R-HEPE"
HC00591_c	C5H6NO4	Yes	2-oxoglutaramate
HC00591_m	C5H6NO4	Yes	2-oxoglutaramate
thym_m	C5H6N2O2	Yes	Thymine C5H6N2O2
glyc__R_m	C3H5O4	Yes	(R)-Glycerate
HC01254_c	C9H13N5O3	Yes	"6-Lactoyl-5,6,7,8-tetrahydropterin"
3hpcoa_m	C24H36N7O18P3S	Yes	3-Hydroxypropionyl-CoA
HC00664_c	C6H11O9P	Yes	D-tagatofuranose 6-phosphate(2-)
42A3HP24DB_m	C10H8NO5	Yes	"4-(2-Amino-3-hydroxyphenyl)-2,4-dioxobutanoate"
HC01115_c	C11H18NO10	Yes	NeuNGc
HC00004_c	X	No	ApoA1
3m4hpga_m	C9H10O4	Yes	3-Methoxy-4-hydroxyphenylglycolaldehyde
HC01651_c	X	No	Formamidopyrimidine nucleoside triphosphate
HC01652_c	C9H14N5O14P3	Yes	"2,5-Diaminopyrimidine nucleoside triphosphate"
thcholstoic_c	C27H45O5	Yes	"3alpha,7alpha,12alpha-Trihydroxy-5beta-cholestanoate"
hdca_l	C16H31O2	Yes	Hexadecanoate (n-C16:0)
pi_l	HO4P	No	Phosphate
HC02020_l	C43H76O2	Yes	Cholesterol-ester-palm
HC02023_l	C45H78O2	Yes	Cholesterol-ester-ol
HC02024_l	C45H76O2	Yes	Cholesterol-ester-lin
HC02027_l	C47H76O2	Yes	Cholesterol-ester-arach
HC02154_c	X	No	GM4-pool
photon_e		No	Light
pq_u	C8H8O2	Yes	Plastoquinone
octe_9_ACP_c	C29H53N2O8PRS	Yes	Cis-octadec-9-enoyl-[acyl-carrier protein] (n-C18 1)
1odec912eg3p_c	C21H37O7P1	Yes	1-octadec-9-12-dienoyl-sn-glycerol 3-phosphate
octe_9_12_ACP_c	C29H51N2O8PRS	Yes	Linoleoyl-ACP (n-C18 2ACP)
1odec6912eg3p_c	C21H35O7P1	Yes	1-octadec-6-9-12trienoyl-sn-glycerol 3-phosphate
octe_6_9_12_ACP_c	C29H49N2O8PRS	Yes	G-linolenoilACP
1odec91215eg3p_c	C21H35O7P1	Yes	1-octadec-9-12-15-trienoyl-sn-glycerol 3-phosphate
octe_9_12_15_ACP_c	C29H49N2O8PRS	Yes	A-lineloyl-ACP (n-C18 3ACP)
1odec691215eg3p_c	C21H33O7P1	Yes	1-octadec-6-9-12-15-tetraenoyl-sn-glycerol 3-phosphate
octe_6_9_12_15_ACP_c	C29H47N2O8PRS	Yes	OctadecatetraenoilACP
cyanphy_c	C10H17N5O4R	Yes	Cyanophycin (multi-Larginyl-poli [L--aspartic acid]) polimer (n+2)
precyanphy_c		No	Cyanophycin (multi-Larginyl-poli [L--aspartic acid]) polimer (n)
pqh2_u	C8H10O2	Yes	Plastoquinol
mgdg160_c	C41H78O10	Yes	"1,2-Diacyl-3-beta-D-galactosyl-sn-glycerol (n-C16)"
mgdg180_c	C45H86O10	Yes	"1,2-Diacyl-3-beta-D-galactosyl-sn-glycerol (n-C18 0)"
dvpchlld_c	C35H29MgN4O5	Yes	Divinylprotochlorophyllide
mgdg181_c	C45H82O10	Yes	"1,2-Diacyl-3-beta-D-galactosyl-sn-glycerol (n-C18 1)"
mgdg181_9_c	C45H82O10	Yes	"1,2-Diacyl-3-beta-D-galactosyl-sn-glycerol (n-C18 1)"
mgdg182_9_12_c	C45H78O10	Yes	"1,2-Diacyl-3-beta-D-galactosyl-sn-glycerol (n-C18 2)"
mgdg183_6_9_12_c	C45H74O10	Yes	"1,2-Diacyl-3-beta-D-galactosyl-sn-glycerol (n-C18 3)"
mgdg183_9_12_15_c	C45H74O10	Yes	"1,2-Diacyl-3-beta-D-galactosyl-sn-glycerol (n-C18 3)"
mgdg184_6_9_12_15_c	C45H70O10	Yes	"1,2-Diacyl-3-beta-D-galactosyl-sn-glycerol (n-C18 4)"
pqh2_p	C8H10O2	Yes	Plastoquinol
pa181_9_c	C39H71O8P1	Yes	"1,2-dioctadec-9-enoyl-sn-glycerol 3-phosphate"
pa182_9_12_c	C39H67O8P1	Yes	"1,2-dioctadec-9-12-dienoyl-sn-glycerol 3-phosphate"
pa183_6_9_12_c	C39H63O8P1	Yes	"1,2-dioctadec-6-9-12-trienoyl-sn-glycerol 3-phosphate"
pa183_9_12_15_c	C39H63O8P1	Yes	"1,2-dioctadec-9-12-15-trienoyl-sn-glycerol 3-phosphate"
pa184_6_9_12_15_c	C39H59O8P1	Yes	"1,2-dioctadec-6-9-12-15-tetraenoyl-sn-glycerol 3-phosphate"
12dgr181_9_c	C39H72O5	Yes	"1,2-Diacyl-sn-glycerol (dioctadec-9-enoyl, n-C18 1)"
12dgr182_9_12_c	C39H68O5	Yes	"1,2-Diacyl-sn-glycerol (dioctadec-9-12-dienoyl, n-C18 2)"
12dgr183_6_9_12_c	C39H64O5	Yes	"1,2-Diacyl-sn-glycerol (dioctadec-6-9-12-trienoyl, n-C18 3)"
12dgr183_9_12_15_c	C39H64O5	Yes	"1,2-Diacyl-sn-glycerol (dioctadec-9-12-15-trienoyl, n-C18 3)"
12dgr184_6_9_12_15_c	C39H60O5	Yes	"1,2-Diacyl-sn-glycerol (dioctadec-6-9-12-15-tetraenoyl, n-C18 4)"
2m6phol_c	C27H46O2	Yes	2-Methyl-6-phytylquinol
mppp9om_c	C35H33MgN4O4	Yes	Magnesium protoporphyrin monomethyl ester
pgp181_9_c	C42H77O13P2	Yes	"Phosphatidylglycerophosphate (dioctadec-9-enoyl, n-C18 1)"
pgp182_9_12_c	C42H73O13P2	Yes	"Phosphatidylglycerophosphate (dioctadec-9-12-dienoyl, n-C18 2)"
pgp183_6_9_12_c	C42H69O13P2	Yes	"Phosphatidylglycerophosphate (dioctadec-6-9-12-trienoyl, n-C18 3)"
pgp183_9_12_15_c	C42H69O13P2	Yes	"Phosphatidylglycerophosphate (dioctadec-9-12-15-trienoyl, n-C18 3)"
pgp184_6_9_12_15_c	C42H65O13P2	Yes	"Phosphatidylglycerophosphate (dioctadec-6-9-12-15-tetraenoyl, n-C18 4)"
peptido_syn_c	C40H62N8O21	Yes	Peptidoglycan subunit of Synechocystis sp. PCC8603
23dmphol_c	C28H48O2	Yes	"2,3-Dimethyl-5-phytylquinol"
photon_c	Z	No	Light
phbg_c	R	No	Growing PHB granule
phytof_c	C40H62	Yes	All-trans-Phytofluene
dtocophe_c	C27H46O2	Yes	Delta-Tocopherol
phytoe_c	C40H64	Yes	All-trans-Phytoene
photon_p	Z	No	Light
dgdg160_c	C47H89O15	Yes	Digalactosyl-diacylglycerol(n-C16)
dgdg180_c	C51H97O15	Yes	Digalactosyl-diacylglycerol(n-C18 0)
dgdg181_9_c	C51H93O15	Yes	Digalactosyl-diacylglycerol(n-C18 1)
dgdg181_c	C51H93O15	Yes	Digalactosyl-diacylglycerol(n-C18 1)
dgdg182_9_12_c	C51H89O15	Yes	Digalactosyl-diacylglycerol(n-C18 2)
dgdg183_6_9_12_c	C51H85O15	Yes	Digalactosyl-diacylglycerol(n-C18 3)
dgdg183_9_12_15_c	C51H85O15	Yes	Digalactosyl-diacylglycerol(n-C18 3)
dgdg184_6_9_12_15_c	C51H81O15	Yes	Digalactosyl-diacylglycerol(n-C18 4)
echin_c	C40H54O	Yes	Echinenone
peptido_syn_p	C40H62N8O21	Yes	Peptidoglycan subunit of Synechocystis sp. PCC8603
pg181_9_c	C42H78O10P1	Yes	"Phosphatidylglycerol (dioctadec-9-enoyl, n-C18 1)"
pg182_9_12_c	C42H74O10P1	Yes	"Phosphatidylglycerol (dioctadec-9-12-dienoyl, n-C18 2)"
pg183_6_9_12_c	C42H70O10P1	Yes	"Phosphatidylglycerol (dioctadec-6-9-12-trienoyl, n-C18 3)"
pg183_9_12_15_c	C42H70O10P1	Yes	"Phosphatidylglycerol (dioctadec-9-12-15-trienoyl, n-C18 3)"
pg184_6_9_12_15_c	C42H66O10P1	Yes	"Phosphatidylglycerol (dioctadec-6-9-12-15-tetraenoyl, n-C18 4)"
sqdg161_c	C41H75O13S	Yes	Sulfoquinovosyldiacylglycerol (n-C16 1)
sqdg180_c	C45H87O13S	Yes	Sulfoquinovosyldiacylglycerol (n-C18 0)
sqdg181_9_c	C45H83O13S	Yes	Sulfoquinovosyldiacylglycerol (n-C18 1)
sqdg181_c	C45H83O13S	Yes	Sulfoquinovosyldiacylglycerol (n-C18 1)
sqdg182_9_12_c	C45H79O13S	Yes	Sulfoquinovosyldiacylglycerol (n-C18 2)
sqdg183_6_9_12_c	C45H75O13S	Yes	Sulfoquinovosyldiacylglycerol (n-C18 3)
sqdg183_9_12_15_c	C45H75O13S	Yes	Sulfoquinovosyldiacylglycerol (n-C18 3)
sqdg184_6_9_12_15_c	C45H71O13S	Yes	Sulfoquinovosyldiacylglycerol (n-C18 4)
PHB_c	C4H6O2R	Yes	PHB granule
ficytc6_p		No	Ferricytochrome c6
glcglyc_e	C9H18O8	Yes	2-(beta-D-Glucosyl)-sn-glycerol
pcrd_p		No	Plastocyanin(Cu+)
focytc6_p		No	Ferrocytochrome c6
glcglycp_c	C9H17O11P	Yes	2-(beta-D-Glucosyl)-sn-glycerol 3-phosphate
glcglyc_p	C9H18O8	Yes	2-(beta-D-Glucosyl)-sn-glycerol
pq_p	C8H8O2	Yes	Plastoquinone
focytc6_u	R	No	Ferrocytochrome c6
cdpdodec9eg_c	C48H83N3O15P2	Yes	"CDP-1,2-dioctadec-9-enoylglycerol "
cdpdodec912eg_c	C48H79N3O15P2	Yes	"CDP-1,2-dioctadec-9-12-dienoylglycerol"
cdpdodec6912eg_c	C48H75N3O15P2	Yes	"CDP-1,2-dioctadec-6-9-12-trienoylglycerol"
cdpdodec91215eg_c	C48H75N3O15P2	Yes	"CDP-1,2-dioctadec-9-12-15-trienoylglycerol"
cdpdodec691215eg_c	C48H71N3O15P2	Yes	"CDP-1,2-dioctadec-6-9-12-15-tetraenoylglycerol"
ficytc6_u	R	No	Ferricytochrome c6
pcox_p		No	Plastocyanin(Cu2+)
kokdolipid4_c	C84H148N2O38P2	Yes	KO-KDO-LIPID A
kokdo_laur_lipid4_c	C96H170N2O39P2	Yes	KO-KDO-pentaacyl-lipid4[c]
kokdo_laur_hde_lipid4_c	C112H198N2O40P2	Yes	KO-KDO-laur-hde-lipid4[c]
lps_hexa_c	C160H279N3O79P2	Yes	LPS with hexaacyl lipidA
lps_penta_c	C144H251N3O78P2	Yes	LPS with pentaacyl lipidA
lps_tetra_c	C126H219N3O72P2	Yes	LPS with tetraacyl lipidA
laur_hde_kdo2lipid4_c	C112H198N2O39P2	Yes	KDO2-(lauroyl)-(hexadecenoic)-lipid4
ttp_c	C10H13N2O14P3	Yes	Ttp
CDP_4keto_6deox_glc_c	C15H21N3O16P2	Yes	CDP-4-keto-6-deoxy-D-glucose
stys_c	C24H42O21	Yes	Stachyose
photonVis_e		No	"Photon (380 to 750 nm, visible spectrum)"
6mpur_e	C5H4N4S	Yes	6-Mercaptopurine
tgua_e	C5H5N5S	Yes	Thioguanine
tega_e	C8H8FN2O3	Yes	Tegafur
5flura_e	C4H3FN2O2	Yes	5-Fluorouracil
cital_e	C20H22FN2O	Yes	Citalopram
lido_e	C14H23N2O	Yes	Lidocaine
ficytc_h		No	Ferricytochrome c C42H52FeN8O6S2
ficytb5_c	C42H44FeN8O8S2R4	Yes	Ferricytochrome b5
acaro_h		No	Alpha-Carotene
anxan_u		No	Antheraxanthin
asqdca18111Z160_c	C61H105O13S	Yes	"2'-O-all-cis-5,9,12,15-octadecatetraenoyl-sulfoquinovosyldiacylglycerol (2'-18:4(5,9,12,15)/18:1(11Z)/16:0)"
asqdca1819Z160_c	C61H105O13S	Yes	"2'-O-all-cis-5,9,12,15-octadecatetraenoyl-sulfoquinovosyldiacylglycerol (2'-18:4(5,9,12,15)/18:1(9Z)/16:0)"
asqdca1829Z12Z160_c	C61H103O13S	Yes	"2'-O-all-cis-5,9,12,15-octadecatetraenoyl-sulfoquinovosyldiacylglycerol (2'-18:4(5,9,12,15)/18:2(9Z,12Z)/16:0)"
asqdca1839Z12Z15Z160_c	C61H101O13S	Yes	"2'-O-all-cis-5,9,12,15-octadecatetraenoyl-sulfoquinovosyldiacylglycerol (2'-18:4(5,9,12,15)/18:3(9Z,12Z,15Z)/16:0)"
asqdpa18111Z160_c	C61H107O13S	Yes	"2'-O-all-cis-5,9,12-octadecatrienoyl-sulfoquinovosyldiacylglycerol (2'-18:3(5,9,12)/18:1(11Z)/16:0)"
asqdpa1819Z160_c	C61H107O13S	Yes	"2'-O-all-cis-5,9,12-octadecatrienoyl-sulfoquinovosyldiacylglycerol (2'-18:3(5,9,12)/18:1(9Z)/16:0)"
asqdpa1829Z12Z160_c	C61H105O13S	Yes	"2'-O-all-cis-5,9,12-octadecatrienoyl-sulfoquinovosyldiacylglycerol (2'-18:3(5,9,12)/18:2(9Z,12Z)/16:0)"
asqdpa1839Z12Z15Z160_c	C61H103O13S	Yes	"2'-O-all-cis-5,9,12-octadecatrienoyl-sulfoquinovosyldiacylglycerol (2'-18:3(5,9,12)/18:3(9Z,12Z,15Z)/16:0)"
caro_u		No	Beta-Carotene
chlb_u		No	Chlorophyll b
cholphya_u		No	Chlorophyll a
dgdg1819Z160_h		No	"Digalactosyldiacylglycerol (1-(9Z)-octadecenoyl,2-hexadecanoyl, 18:1(9Z)/16:0)"
dgdg1819Z1617Z_h		No	"Digalactosyldiacylglycerol (1-(9Z)-octadecenoyl,2-(7Z)-hexadecenoyl, 18:1(9Z)/16:1(7Z))"
dgdg1819Z1619Z_h	C49H88O15	Yes	"Digalactosyldiacylglycerol (1-(9Z)-octadecenoyl,2-(9Z)-hexadecenoyl, 18:1(9Z)/16:1(9Z))"
dgdg1819Z1627Z10Z_h		No	"Digalactosyldiacylglycerol (1-(9Z)-octadecenoyl,2-(7Z,10Z)-hexadecadienoyl, 18:1(9Z)/16:2(7Z,10Z))"
dgdg1819Z1634Z7Z10Z_h		No	"Digalactosyldiacylglycerol (1-(9Z)-octadecenoyl,2-(4Z,7Z,10Z)-hexadecatrienoyl, 18:1(9Z)/16:3(4Z,7Z,10Z))"
dgdg1819Z1637Z10Z13Z_h		No	"Digalactosyldiacylglycerol (1-(9Z)-octadecenoyl,2-(7Z,10Z,13Z)-hexadecatrienoyl, 18:1(9Z)/16:3(7Z,10Z,13Z))"
dgdg1829Z12Z160_h		No	"Digalactosyldiacylglycerol (1-(9Z,12Z)-octadecadienoyl,2-hexadecanoyl, 18:2(9Z,12Z)/16:0)"
dgdg1829Z12Z1617Z_h		No	"Digalactosyldiacylglycerol (1-(9Z,12Z)-octadecadienoyl,2-(7Z)-hexadecenoyl, 18:2(9Z,12Z)/16:1(7Z))"
dgdg1829Z12Z1619Z_h		No	"Digalactosyldiacylglycerol (1-(9Z,12Z)-octadecadienoyl,2-(9Z)-hexadecenoyl, 18:2(9Z,12Z)/16:1(9Z))"
dgdg1829Z12Z1627Z10Z_h		No	"Digalactosyldiacylglycerol (1-(9Z,12Z)-octadecadienoyl,2-(7Z,10Z)-hexadecadienoyl, 18:2(9Z,12Z)/16:2(7Z,10Z))"
dgdg1829Z12Z1634Z7Z10Z_h		No	"Digalactosyldiacylglycerol (1-(9Z,12Z)-octadecadienoyl,2-(4Z,7Z,10Z)-hexadecatrienoyl, 18:2(9Z,12Z)/16:3(4Z,7Z,10Z))"
dgdg1829Z12Z1637Z10Z13Z_h		No	"Digalactosyldiacylglycerol (1-(9Z,12Z)-octadecadienoyl,2-(7Z,10Z,13Z)-hexadecatrienoyl, 18:2(9Z,12Z)/16:3(7Z,10Z,13Z))"
dgdg1839Z12Z15Z160_h		No	"Digalactosyldiacylglycerol (1-(9Z,12Z,15Z)-octadecatrienoyl,2-hexadecanoyl, 18:3(9Z,12Z,15Z)/16:0)"
dgdg1839Z12Z15Z1627Z10Z_h		No	"Digalactosyldiacylglycerol (1-(9Z,12Z,15Z)-octadecatrienoyl,2-(7Z,10Z)-hexadecadienoyl, 18:3(9Z,12Z,15Z)/16:2(7Z,10Z))"
dgdg1839Z12Z15Z1634Z7Z10Z_h		No	"Digalactosyldiacylglycerol (1-(9Z,12Z,15Z)-octadecatrienoyl,2-(4Z,7Z,10Z)-hexadecatrienoyl, 18:3(9Z,12Z,15Z)/16:3(4Z,7Z,10Z))"
dgdg1839Z12Z15Z1637Z10Z13Z_h		No	"Digalactosyldiacylglycerol (1-(9Z,12Z,15Z)-octadecatrienoyl,2-(7Z,10Z,13Z)-hexadecatrienoyl, 18:3(9Z,12Z,15Z)/16:3(7Z,10Z,13Z))"
dgdg1839Z12Z15Z1644Z7Z10Z13Z_h		No	"Digalactosyldiacylglycerol (1-(9Z,12Z,15Z)-octadecatrienoyl,2-(4Z,7Z,10Z,13Z)-hexadecatetraenoyl, 18:3(9Z,12Z,15Z)/16:4(4Z,7Z,10Z,13Z))"
dgts16018111Z_c	C44H83NO7	Yes	"Diacylglyceryl-N,N,N-trimethylhomoserine (16:0/18:1(11Z))"
dgts1601819Z_c	C44H83NO7	Yes	"Diacylglyceryl-N,N,N-trimethylhomoserine (16:0/18:1(9Z))"
dgts1601829Z12Z_c	C44H81NO7	Yes	"Diacylglyceryl-N,N,N-trimethylhomoserine (16:0/18:2(9Z,12Z))"
dgts1601835Z9Z12Z_c	C44H79NO7	Yes	"Diacylglyceryl-N,N,N-trimethylhomoserine (16:0/18:3(5Z,9Z,12Z))"
dgts1601845Z9Z12Z15Z_c	C44H77NO7	Yes	"Diacylglyceryl-N,N,N-trimethylhomoserine (16:0/18:4(5Z,9Z,12Z,15Z))"
dgts18111Z18111Z_c	C46H85NO7	Yes	"Diacylglyceryl-N,N,N-trimethylhomoserine (18:1(11Z)/18:1(11Z))"
dgts18111Z1819Z_c	C46H85NO7	Yes	"Diacylglyceryl-N,N,N-trimethylhomoserine (18:1(11Z)/18:1(9Z))"
dgts18111Z1829Z12Z_c	C46H83NO7	Yes	"Diacylglyceryl-N,N,N-trimethylhomoserine (18:1(11Z)/18:2(9Z,12Z))"
dgts18111Z1835Z9Z12Z_c	C46H81NO7	Yes	"Diacylglyceryl-N,N,N-trimethylhomoserine (18:1(11Z)/18:3(5Z,9Z,12Z))"
dgts18111Z1845Z9Z12Z15Z_c	C46H79NO7	Yes	"Diacylglyceryl-N,N,N-trimethylhomoserine (18:1(11Z)/18:4(5Z,9Z,12Z,15Z))"
dgts1819Z18111Z_c	C46H85NO7	Yes	"Diacylglyceryl-N,N,N-trimethylhomoserine (18:1(9Z)/18:1(11Z))"
dgts1819Z1819Z_c	C46H85NO7	Yes	"Diacylglyceryl-N,N,N-trimethylhomoserine (18:1(9Z)/18:1(9Z))"
dgts1819Z1829Z12Z_c	C46H83NO7	Yes	"Diacylglyceryl-N,N,N-trimethylhomoserine (18:1(9Z)/18:2(9Z,12Z))"
dgts1819Z1835Z9Z12Z_c	C46H81NO7	Yes	"Diacylglyceryl-N,N,N-trimethylhomoserine (18:1(9Z)/18:3(5Z,9Z,12Z))"
dgts1819Z1845Z9Z12Z15Z_c	C46H79NO7	Yes	"Diacylglyceryl-N,N,N-trimethylhomoserine (18:1(9Z)/18:4(5Z,9Z,12Z,15Z))"
dgts1829Z12Z18111Z_c	C46H83NO7	Yes	"Diacylglyceryl-N,N,N-trimethylhomoserine (18:2(9Z,12Z)/18:1(11Z))"
dgts1829Z12Z1819Z_c	C46H83NO7	Yes	"Diacylglyceryl-N,N,N-trimethylhomoserine (18:2(9Z,12Z)/18:1(9Z))"
dgts1829Z12Z1829Z12Z_c	C46H81NO7	Yes	"Diacylglyceryl-N,N,N-trimethylhomoserine (18:2(9Z,12Z)/18:2(9Z,12Z))"
dgts1829Z12Z1835Z9Z12Z_c	C46H79NO7	Yes	"Diacylglyceryl-N,N,N-trimethylhomoserine (18:2(9Z,12Z)/18:3(5Z,9Z,12Z))"
dgts1829Z12Z1845Z9Z12Z15Z_c	C46H77NO7	Yes	"Diacylglyceryl-N,N,N-trimethylhomoserine (18:2(9Z,12Z)/18:4(5Z,9Z,12Z,15Z))"
dgts1839Z12Z15Z18111Z_c	C46H81NO7	Yes	"Diacylglyceryl-N,N,N-trimethylhomoserine (18:3(9Z,12Z,15Z)/18:1(11Z))"
dgts1839Z12Z15Z1819Z_c	C46H81NO7	Yes	"Diacylglyceryl-N,N,N-trimethylhomoserine (18:3(9Z,12Z,15Z)/18:1(9Z))"
dgts1839Z12Z15Z1835Z9Z12Z_c	C46H77NO7	Yes	"Diacylglyceryl-N,N,N-trimethylhomoserine (18:3(9Z,12Z,15Z)/18:3(5Z,9Z,12Z))"
dgts1839Z12Z15Z1845Z9Z12Z15Z_c	C46H75NO7	Yes	"Diacylglyceryl-N,N,N-trimethylhomoserine (18:3(9Z,12Z,15Z)/18:4(5Z,9Z,12Z,15Z))"
loroxan_u		No	Loroxanthin
lut_u		No	Lutein
mgdg1829Z12Z160_h		No	"Monogalactosyldiacylglycerol (1-(9Z,12Z)-octadecadienoyl,2-hexadecanoyl, 18:2(9Z,12Z)/16:0)"
mgdg1829Z12Z1617Z_h		No	"Monogalactosyldiacylglycerol (1-(9Z,12Z)-octadecadienoyl,2-(7Z)-hexadecenoyl, 18:2(9Z,12Z)/16:1(7Z))"
mgdg1829Z12Z1619Z_h		No	"Monogalactosyldiacylglycerol (1-(9Z,12Z)-octadecadienoyl,2-(9Z)-hexadecenoyl, 18:2(9Z,12Z)/16:1(9Z))"
mgdg1829Z12Z1627Z10Z_h		No	"Monogalactosyldiacylglycerol (1-(9Z,12Z)-octadecadienoyl,2-(7Z,10Z)-hexadecadienoyl, 18:2(9Z,12Z)/16:2(7Z,10Z))"
mgdg1829Z12Z1634Z7Z10Z_h		No	"Monogalactosyldiacylglycerol (1-(9Z,12Z)-octadecadienoyl,2-(4Z,7Z,10Z)-hexadecatrienoyl, 18:2(9Z,12Z)/16:3(4Z,7Z,10Z))"
mgdg1829Z12Z1637Z10Z13Z_h		No	"Monogalactosyldiacylglycerol (1-(9Z,12Z)-octadecadienoyl,2-(7Z,10Z,13Z)-hexadecatrienoyl, 18:2(9Z,12Z)/16:3(7Z,10Z,13Z))"
mgdg1829Z12Z1644Z7Z10Z13Z_h		No	"Monogalactosyldiacylglycerol (1-(9Z,12Z)-octadecadienoyl,2-(4Z,7Z,10Z,13Z)-hexadecatetraenoyl, 18:2(9Z,12Z)/16:4(4Z,7Z,10Z,13Z))"
mgdg1839Z12Z15Z160_h		No	"Monogalactosyldiacylglycerol (1-(9Z,12Z,15Z)-octadecatrienoyl,2-hexadecanoyl, 18:3(9Z,12Z,15Z)/16:0)"
mgdg1839Z12Z15Z1627Z10Z_h		No	"Monogalactosyldiacylglycerol (1-(9Z,12Z,15Z)-octadecatrienoyl,2-(7Z,10Z)-hexadecadienoyl, 18:3(9Z,12Z,15Z)/16:2(7Z,10Z))"
mgdg1839Z12Z15Z1634Z7Z10Z_h		No	"Monogalactosyldiacylglycerol (1-(9Z,12Z,15Z)-octadecatrienoyl,2-(4Z,7Z,10Z)-hexadecatrienoyl, 18:3(9Z,12Z,15Z)/16:3(4Z,7Z,10Z))"
mgdg1839Z12Z15Z1637Z10Z13Z_h		No	"Monogalactosyldiacylglycerol (1-(9Z,12Z,15Z)-octadecatrienoyl,2-(7Z,10Z,13Z)-hexadecatrienoyl, 18:3(9Z,12Z,15Z)/16:3(7Z,10Z,13Z))"
mgdg1839Z12Z15Z1644Z7Z10Z13Z_h		No	"Monogalactosyldiacylglycerol (1-(9Z,12Z,15Z)-octadecatrienoyl,2-(4Z,7Z,10Z,13Z)-hexadecatetraenoyl, 18:3(9Z,12Z,15Z)/16:4(4Z,7Z,10Z,13Z))"
neoxan_u		No	Neoxanthin
pail18111Z160_c	C43H81O13P	Yes	"1-Phosphatidyl-D-myo-inositol (1-(11Z)-octadecenoyl,2-hexadecanoyl, 18:1(11Z)/16:0)"
pail1819Z160_c	C43H81O13P	Yes	"1-Phosphatidyl-D-myo-inositol (1-(9Z)-octadecenoyl,2-hexadecanoyl, 18:1(9Z)/16:0)"
pe1801835Z9Z12Z_c	C41H76NO8P	Yes	"Phosphatidylethanolamine (18:0/18:3(5Z,9Z,12Z))"
pe1801845Z9Z12Z15Z_c	C41H74NO8P	Yes	"Phosphatidylethanolamine (18:0/18:4(5Z,9Z,12Z,15Z))"
pe18111Z1835Z9Z12Z_c	C41H74NO8P	Yes	"Phosphatidylethanolamine (18:1(11Z)/18:3(5Z,9Z,12Z))"
pe18111Z1845Z9Z12Z15Z_c	C41H72NO8P	Yes	"Phosphatidylethanolamine (18:1(11Z)/18:4(5Z,9Z,12Z,15Z))"
pe1819Z1835Z9Z12Z_c	C41H74NO8P	Yes	"Phosphatidylethanolamine (18:1(9Z)/18:3(5Z,9Z,12Z))"
pe1819Z1845Z9Z12Z15Z_c	C41H72NO8P	Yes	"Phosphatidylethanolamine (18:1(9Z)/18:4(5Z,9Z,12Z,15Z))"
pe1829Z12Z1835Z9Z12Z_c	C41H72NO8P	Yes	"Phosphatidylethanolamine (18:2(9Z,12Z)/18:3(5Z,9Z,12Z))"
pg18111Z160_h	C40H77O10P	Yes	"Phosphatidylglycerol (1-(11Z)-octadecenoyl,2-hexadecanoyl, 18:1(11Z)/16:0)"
pg18111Z1613E_h		No	"Phosphatidylglycerol (1-(11Z)-octadecenoyl,2-(3E)-hexadecenoyl, 18:1(11Z)/16:1(3E))"
pg1819Z160_h	C40H77O10P	Yes	"Phosphatidylglycerol (1-(9Z)-octadecenoyl,2-hexadecanoyl, 18:1(9Z)/16:0)"
pg1819Z1613E_h		No	"Phosphatidylglycerol (1-(9Z)-octadecenoyl,2-(3E)-hexadecenoyl, 18:1(9Z)/16:1(3E))"
pg1829Z12Z160_h		No	"Phosphatidylglycerol (1-(9Z,12Z)-octadecadienoyl,2-hexadecanoyl, 18:2(9Z,12Z)/16:0)"
pg1829Z12Z1613E_h		No	"Phosphatidylglycerol (1-(9Z,12Z)-octadecadienoyl,2-(3E)-hexadecenoyl, 18:2(9Z,12Z)/16:1(3E))"
pg1839Z12Z15Z160_h		No	"Phosphatidylglycerol (1-(9Z,12Z,15Z)-octadecatrienoyl,2-hexadecanoyl, 18:3(9Z,12Z,15Z)/16:0)"
pg1839Z12Z15Z1613E_h		No	"Phosphatidylglycerol (1-(9Z,12Z,15Z)-octadecatrienoyl,2-(3E)-hexadecenoyl, 18:3(9Z,12Z,15Z)/16:1(3E))"
rhodopsin_s		No	Rhodopsin
sqdg160_h	C41H77O12S	Yes	Sulfoquinovosyldiacylglycerol (n-C16 0)
sqdg18111Z160_h	C43H79O12S	Yes	"Sulfoquinovosyldiacylglycerol (1-(11Z)-octadecenoyl,2-hexadecanoyl, 18:1(11Z)/16:0)"
sqdg1819Z160_h	C43H79O12S	Yes	"Sulfoquinovosyldiacylglycerol (1-(9Z)-octadecenoyl,2-hexadecanoyl, 18:1(9Z)/16:0)"
sqdg1829Z12Z160_h		No	"Sulfoquinovosyldiacylglycerol (1-(9Z,12Z)-octadecadienoyl,2-hexadecanoyl, 18:2(9Z,12Z)/16:0)"
sqdg1839Z12Z15Z160_h		No	"Sulfoquinovosyldiacylglycerol (1-(9Z,12Z,15Z)-octadecatrienoyl,2-hexadecanoyl, 18:3(9Z,12Z,15Z)/16:0)"
starch300_h		No	"Starch n=300 repeat units (80 repeat units amylose, 220 repeat units amylopectin, corresponds to maize starch)"
tag16018111Z160_c	C53H100O6	Yes	Triacylglycerol (16:0/18:1(11Z)/16:0)
tag16018111Z180_c	C55H104O6	Yes	Triacylglycerol (16:0/18:1(11Z)/18:0)
tag16018111Z18111Z_c	C55H102O6	Yes	Triacylglycerol (16:0/18:1(11Z)/18:1(11Z))
tag16018111Z1819Z_c	C55H102O6	Yes	Triacylglycerol (16:0/18:1(11Z)/18:1(9Z))
tag16018111Z1835Z9Z12Z_c	C55H98O6	Yes	"Triacylglycerol (16:0/18:1(11Z)/18:3(5Z,9Z,12Z))"
tag16018111Z1845Z9Z12Z15Z_c	C55H96O6	Yes	"Triacylglycerol (16:0/18:1(11Z)/18:4(5Z,9Z,12Z,15Z))"
tag1601819Z160_c	C53H100O6	Yes	Triacylglycerol (16:0/18:1(9Z)/16:0)
tag1601819Z180_c	C55H104O6	Yes	Triacylglycerol (16:0/18:1(9Z)/18:0)
tag1601819Z18111Z_c	C55H102O6	Yes	Triacylglycerol (16:0/18:1(9Z)/18:1(11Z))
tag1601819Z1819Z_c	C55H102O6	Yes	Triacylglycerol (16:0/18:1(9Z)/18:1(9Z))
tag1601819Z1835Z9Z12Z_c	C55H98O6	Yes	"Triacylglycerol (16:0/18:1(9Z)/18:3(5Z,9Z,12Z))"
tag1601819Z1845Z9Z12Z15Z_c	C55H96O6	Yes	"Triacylglycerol (16:0/18:1(9Z)/18:4(5Z,9Z,12Z,15Z))"
tag1801819Z160_c	C55H104O6	Yes	Triacylglycerol (18:0/18:1(9Z)/16:0)
tag1801819Z180_c	C57H108O6	Yes	Triacylglycerol (18:0/18:1(9Z)/18:0)
tag1801819Z18111Z_c	C57H106O6	Yes	Triacylglycerol (18:0/18:1(9Z)/18:1(11Z))
tag1801819Z1819Z_c	C57H106O6	Yes	Triacylglycerol (18:0/18:1(9Z)/18:1(9Z))
tag1801819Z1835Z9Z12Z_c	C57H102O6	Yes	"Triacylglycerol (18:0/18:1(9Z)/18:3(5Z,9Z,12Z))"
tag1801819Z1845Z9Z12Z15Z_c	C57H100O6	Yes	"Triacylglycerol (18:0/18:1(9Z)/18:4(5Z,9Z,12Z,15Z))"
tag18111Z18111Z160_c	C55H102O6	Yes	Triacylglycerol (18:1(11Z)/18:1(11Z)/16:0)
tag18111Z18111Z180_c	C57H106O6	Yes	Triacylglycerol (18:1(11Z)/18:1(11Z)/18:0)
tag18111Z18111Z18111Z_c	C57H104O6	Yes	Triacylglycerol (18:1(11Z)/18:1(11Z)/18:1(11Z))
tag18111Z18111Z1819Z_c	C57H104O6	Yes	Triacylglycerol (18:1(11Z)/18:1(11Z)/18:1(9Z))
tag18111Z18111Z1835Z9Z12Z_c	C57H100O6	Yes	"Triacylglycerol (18:1(11Z)/18:1(11Z)/18:3(5Z,9Z,12Z))"
tag18111Z18111Z1845Z9Z12Z15Z_c	C57H98O6	Yes	"Triacylglycerol (18:1(11Z)/18:1(11Z)/18:4(5Z,9Z,12Z,15Z))"
tag18111Z1819Z160_c	C55H102O6	Yes	Triacylglycerol (18:1(11Z)/18:1(9Z)/16:0)
tag18111Z1819Z180_c	C57H106O6	Yes	Triacylglycerol (18:1(11Z)/18:1(9Z)/18:0)
tag18111Z1819Z18111Z_c	C57H104O6	Yes	Triacylglycerol (18:1(11Z)/18:1(9Z)/18:1(11Z))
tag18111Z1819Z1819Z_c	C57H104O6	Yes	Triacylglycerol (18:1(11Z)/18:1(9Z)/18:1(9Z))
tag18111Z1819Z1835Z9Z12Z_c	C57H100O6	Yes	"Triacylglycerol (18:1(11Z)/18:1(9Z)/18:3(5Z,9Z,12Z))"
tag18111Z1819Z1845Z9Z12Z15Z_c	C57H98O6	Yes	"Triacylglycerol (18:1(11Z)/18:1(9Z)/18:4(5Z,9Z,12Z,15Z))"
tag1819Z18111Z160_c	C55H102O6	Yes	Triacylglycerol (18:1(9Z)/18:1(11Z)/16:0)
tag1819Z18111Z180_c	C57H106O6	Yes	Triacylglycerol (18:1(9Z)/18:1(11Z)/18:0)
tag1819Z18111Z18111Z_c	C57H104O6	Yes	Triacylglycerol (18:1(9Z)/18:1(11Z)/18:1(11Z))
tag1819Z18111Z1819Z_c	C57H104O6	Yes	Triacylglycerol (18:1(9Z)/18:1(11Z)/18:1(9Z))
tag1819Z18111Z1835Z9Z12Z_c	C57H100O6	Yes	"Triacylglycerol (18:1(9Z)/18:1(11Z)/18:3(5Z,9Z,12Z))"
tag1819Z18111Z1845Z9Z12Z15Z_c	C57H98O6	Yes	"Triacylglycerol (18:1(9Z)/18:1(11Z)/18:4(5Z,9Z,12Z,15Z))"
tag1819Z1819Z160_c	C55H102O6	Yes	Triacylglycerol (18:1(9Z)/18:1(9Z)/16:0)
tag1819Z1819Z180_c	C57H106O6	Yes	Triacylglycerol (18:1(9Z)/18:1(9Z)/18:0)
tag1819Z1819Z18111Z_c	C57H104O6	Yes	Triacylglycerol (18:1(9Z)/18:1(9Z)/18:1(11Z))
tag1819Z1819Z1819Z_c	C57H104O6	Yes	Triacylglycerol (18:1(9Z)/18:1(9Z)/18:1(9Z))
tag1819Z1819Z1835Z9Z12Z_c	C57H100O6	Yes	"Triacylglycerol (18:1(9Z)/18:1(9Z)/18:3(5Z,9Z,12Z))"
tag1819Z1819Z1845Z9Z12Z15Z_c	C57H98O6	Yes	"Triacylglycerol (18:1(9Z)/18:1(9Z)/18:4(5Z,9Z,12Z,15Z))"
vioxan_u		No	Violaxanthin
zeax_u		No	Zeaxanthin
apotfen_h		No	Apotransferrin
asnglcnacglcnacman_man_man_c	C39H63N5O28R2	Yes	Asn(-b1)GlcNAc(4-b1)GlcNAc(4-b1)Man[(6-a1)Man](3-a1)Man
bhb_x		No	(R)-3-Hydroxybutanoate
cat_c	C27H44O3	Yes	Calcitriol
hcarn_c	C10H16N4O3	Yes	Homocarnosine
icit_h	C6H5O7	Yes	Isocitrate
f6p_B_h	C6H11O9P	Yes	Beta-D-Fructose 6-phosphate
hdcea_h	C16H29O2	Yes	Hexadecenoate (n-C16:1)
ocdca_h	C18H35O2	Yes	Octadecanoate (n-C18:0)
ocdcea_h	C18H33O2	Yes	Octadecenoate (n-C18:1)
na1_h	Na	No	Sodium
ocdce9a_h	C18H33O2	Yes	Octadecenoate (18:1(9Z))
na1_m	Na	No	Sodium
na1_x	Na	No	Sodium
no_h	NO	No	Nitric oxide
o2D_u		No	O2 (Dummy metabolite to resolve Type IV path)
photon298_c		No	"Photon (281 to 306 nm, UVB)"
photon437_u		No	"Photon (406 to 454 nm, indigo/blue)"
photon438_u		No	"Photon (378 to 482 nm, violet/blue)"
photon450_h		No	"Photon (417 to 472 nm, indigo/blue)"
photon490_s		No	"Photon (451 to 526 nm, blue/green)"
photon646_h		No	"Photon (608 to 666 nm, orange/red)"
for_h	CHO2	Yes	Formate
photon673_u		No	"Photon (659 to 684 nm, red)"
photon680_u		No	"Photon (662 to 691 nm, red)"
udg_m		No	Ureidoglycine
urdglyc_m		No	(-)-Ureidoglycolate
1acpc_c	C4H7NO2	Yes	1-Aminocyclopropane-1-carboxylate
frdp_h	C15H25O7P2	Yes	Farnesyl diphosphate
2pglyc_h	C2H2O6P	Yes	2-Phosphoglycolate
acser_h	C5H9NO4	Yes	O-Acetyl-L-serine
mal__L_h	C4H4O5	Yes	L-Malate
paps_h	C10H11N5O13P2S	Yes	3'-Phosphoadenylyl sulfate
pheme_h	C34H32FeN4O4	Yes	Protoheme C34H30FeN4O4
glyc3p_h	C3H7O6P	Yes	Glycerol 3-phosphate
grdp_h	C10H17O7P2	Yes	Geranyl diphosphate
fum_h	C4H2O4	Yes	Fumarate
ump_h	C9H11N2O9P	Yes	UMP C9H11N2O9P
udp_h	C9H11N2O12P2	Yes	UDP C9H11N2O12P2
meglyxyl_e	C12H19N2O	Yes	Monoethylglycinexylidide
pe1801819Z_c	C41H80NO8P	Yes	Phosphatidylethanolamine (18:0/18:1(9Z))
pe1801829Z12Z_c	C41H78NO8P	Yes	"Phosphatidylethanolamine (18:0/18:2(9Z,12Z))"
pe18111Z1819Z_c	C41H78NO8P	Yes	Phosphatidylethanolamine (18:1(11Z)/18:1(9Z))
pe18111Z1829Z12Z_c	C41H76NO8P	Yes	"Phosphatidylethanolamine (18:1(11Z)/18:2(9Z,12Z))"
pe1819Z1819Z_c	C41H78NO8P	Yes	Phosphatidylethanolamine (18:1(9Z)/18:1(9Z))
pe1819Z1829Z12Z_c	C41H76NO8P	Yes	"Phosphatidylethanolamine (18:1(9Z)/18:2(9Z,12Z))"
pg18111Z160_c	C40H77O10P	Yes	"Phosphatidylglycerol (1-(11Z)-octadecenoyl,2-hexadecanoyl, 18:1(11Z)/16:0)"
pgp18111Z160_c	C40H78O13P2	Yes	"Phosphatidylglycerophosphate (1-(11Z)-octadecenoyl,2-hexadecanoyl, 18:1(11Z)/16:0)"
ac_h	C2H3O2	Yes	Acetate
pmtcoa_h	C37H62N7O17P3S	Yes	Palmitoyl-CoA (n-C16:0CoA)
retinal_h		No	All-trans-Retinal
fdp_B_c	C6H10O12P2	Yes	"Beta-D-Fructose 1,6-bisphosphate"
2pglyc_x	C2H2O6P	Yes	2-Phosphoglycolate
btcoa_x	C25H38N7O17P3S	Yes	Butanoyl-CoA
for_x	CHO2	Yes	Formate
acser_m	C5H9NO4	Yes	O-Acetyl-L-serine
udparab_c	C14H20N2O16P2	Yes	UDP-L-arabinose
cholphya_h	C55H71MgN4O5	Yes	Chlorophyll a
chlld_u		No	Chlorophyllide a
chlld_h	C35H33MgN4O5	Yes	Chlorophyllide a
chldb_h		No	Chlorophyllide b
gcarote_h	C40H56	Yes	Gamma-Carotene
ggdp_h	C20H33O7P2	Yes	Geranylgeranyl diphosphate C20H33O7P2
mg2_h	Mg	No	Magnesium
o2_h	O2	No	O2 O2
phdp_h	C20H39O7P2	Yes	Phytyl diphosphate
trnaala_m		No	TRNA(Ala)
cbp_h	CH2NO5P	Yes	Carbamoyl phosphate
orn_h	C5H13N2O2	Yes	Ornithine
akg_h	C5H4O5	Yes	2-Oxoglutarate
asp__L_h	C4H6NO4	Yes	L-Aspartate
ascb__L_u	C6H7O6	Yes	L-Ascorbate
dhdascb_u	C6H6O6	Yes	Dehydroascorbate
gthrd_u	C10H15N3O6S	Yes	Reduced glutathione
bamppald_h		No	Beta-Aminopropion aldehyde
5mta_h	C11H15N5O3S	Yes	5-Methylthioadenosine
sprm_h		No	Spermine C10H30N4
ans_c	C10H16N4O3	Yes	Anserine
carn_h		No	L-Carnosine
13dampp_h		No	1 3 Diaminopropane C3H12N2
f6p_B_c	C6H11O9P	Yes	Beta-D-Fructose 6-phosphate
spmd_h	C7H22N3	Yes	Spermidine
B_ara1p_c	C5H9O8P	Yes	Beta-L-Arabinose 1-phosphate
chlstol_c	C27H44O	Yes	"5alpha-Cholesta-7,24-dien-3beta-ol"
cyart_c	C30H50O	Yes	Cycloartenol
cyeuol_c	C30H50O	Yes	Cycloeucalenol
menecyart_c	C31H52O	Yes	24-Methylenecycloartanol
dsmsterol_c	C27H44O	Yes	"Desmosterol; 3beta-cholesta-5,24-dien-3-ol"
glu5p_x	C5H8NO7P	Yes	L-Glutamate 5-phosphate
protdt_h		No	Protein dithiol
hgentis_h	C8H7O4	Yes	Homogentisate C8H7O4
lthstrl_c	C27H46O	Yes	5alpha-Cholest-7-en-3beta-ol
e4p_h	C4H7O7P	Yes	D-Erythrose 4-phosphate
13dpg_h	C3H4O10P2	Yes	3-Phospho-D-glyceroyl phosphate
mergtrol_c	C29H46O	Yes	"4alpha-Methyl-5alpha-ergosta-8,14,24(28)-trien-3beta-ol"
2m6phol_h	C27H46O2	Yes	2-Methyl-6-phytylquinol
obfool_c	C30H50O	Yes	Obtusifoliol
oaa_h	C4H2O5	Yes	Oxaloacetate
23dmphol_h	C28H48O2	Yes	"2,3-Dimethyl-5-phytylquinol"
bvite_h	C28H48O2	Yes	Beta-Tocopherol
ru5p__D_h	C5H9O8P	Yes	D-Ribulose 5-phosphate
dtocophe_h	C27H46O2	Yes	Delta-Tocopherol
gtocophe_h	C28H48O2	Yes	Gamma-Tocopherol
co2_h	CO2	Yes	CO2 CO2
rb15bp_h	C5H8O11P2	Yes	"D-Ribulose 1,5-bisphosphate"
s17bp_h	C7H12O13P2	Yes	"Sedoheptulose 1,7-bisphosphate"
nadph_u	C21H26N7O17P3	Yes	Nicotinamide adenine dinucleotide phosphate - reduced
cys__L_h	C3H7NO2S	Yes	L-Cysteine
suchms_h	C8H12NO6	Yes	O-Succinyl-L-homoserine
fdxrd_u	Fe8S8XH2	No	Reduced ferredoxin
bcryptox_u		No	Beta-Cryptoxanthin
acaro_u		No	Alpha-Carotene
focytb5_c	C42H44FeN8O8S2R4	Yes	Ferrocytochrome b5
h2s_h	H1S	No	Hydrogen sulfide
crpxan_u		No	Alpha-Cryptoxanthin
dcaro_h		No	Delta-Carotene
gcarote_u		No	Gamma-Carotene
lycop_h	C40H56	Yes	Lycopene
ocdce9coa_c	C39H64N7O17P3S	Yes	(9Z)-octadecenoyl-coa
neuspn_h	C40H58	Yes	Neurosporene
pqh2_h	C53H82O2	Yes	Plastoquinol
phyto_h	C40H64	Yes	All-trans-Phytoene
pq_h	C53H80O2	Yes	Plastoquinone
phytfl_h	C40H62	Yes	All-trans-Phytofluene
2ahethmpp_h	C14H20N4O8P2S	Yes	2-(alpha-Hydroxyethyl)thiamine diphosphate
Lcyst_h		No	L-Cysteate
zcarote_h	C40H60	Yes	Zeta-Carotene
zxan_u		No	Zeinoxanthin
btal_h	C4H8O	Yes	Butanal C4H8O
3snpyr_h		No	3-Sulfinopyruvate
3sala_h		No	3-Sulfino-L-alanine
tsul_h	HS2O3	No	Thiosulfate
cysi__L_h		No	L Cystine C6H12N2O4S2
mercppyr_m	C3H3O3S	Yes	Mercaptopyruvate
mercppyr_h		No	Mercaptopyruvate
tgua_c	C5H5N5S	Yes	Thioguanine
sucsal_h		No	Succinic semialdehyde
3hoctaACP_h	C18H35O2SR	Yes	(R)-3-Hydroxyoctadecanoyl-[acyl-carrier protein]
3hcvac11eACP_h	C18H33O2SR	Yes	(R)-3-hydroxy-cis-vacc-11-enoyl-[acyl-carrier protein]
3hbutACP_h	C4H7O2SR	Yes	(R)-3-Hydroxybutanoyl-[acyl-carrier protein]
trdrd_h	C6H9NO2S2R2	Yes	Reduced thioredoxin
hdeACP_h	C16H29OSR	Yes	Cis-hexadec-9-enoyl-[acyl-carrier protein] (n-C16:1)
3ooctdACP_h	C18H33O2SR	Yes	3-Oxooctadecanoyl-[acyl-carrier protein]
3ocvac11eACP_h	C18H31O2SR	Yes	3-oxo-cis-vacc-11-enoyl-[acyl-carrier protein]
nh4_h	H4N	No	Ammonium
cbtnCCP_h		No	Carboxybiotin-carboxyl-carrier protein
fdxox_h	Fe2S2	No	Oxidized ferredoxin
ocdcaACP_h	C18H35OSR	Yes	Octadecanoyl-ACP (n-C18:0ACP)
btnCCP_h	C17H27N5O4SR2	Yes	Holo-[carboxylase]
toctd2eACP_h	C18H33OSR	Yes	Trans-octadec-2-enoyl-[acyl-carrier protein]
octe9ACP_h		No	Cis-octadec-9-enoyl-[acyl-carrier protein] ((9Z)-n-C18:1)
octeACP_h	C18H33OSR	Yes	Cis-octadec-11-enoyl-[acyl-carrier protein] (n-C18:1)
t3c11vaceACP_h		No	Trans-3-cis-11-vacceoyl-[acyl-carrier protein]
hx2coa_m	C27H40N7O17P3S	Yes	Trans-Hex-2-enoyl-CoA
oc2coa_m		No	Trans-Oct-2-enoyl-CoA
dc2coa_m	C31H48N7O17P3S	Yes	Trans-Dec-2-enoyl-CoA
td2coa_m		No	Trans-Tetradec-2-enoyl-CoA
citalald_c	C18H14FNO2	Yes	Citalopram aldehyde
3hhcoa_m	C27H42N7O18P3S	Yes	(S)-3-Hydroxyhexanoyl-CoA
3hocoa_m	C29H46N7O18P3S	Yes	(S)-3-Hydroxyoctanoyl-CoA
cital_c	C20H22FN2O	Yes	Citalopram
3ohcoa_x		No	3-Oxohexanoyl-CoA
3oocoa_x		No	3-Oxooctanoyl-CoA
3hhdcoa_m	C37H62N7O18P3S	Yes	(S)-3-Hydroxyhexadecanoyl-CoA
3ohcoa_m	C27H40N7O18P3S	Yes	3-Oxohexanoyl-CoA
3oocoa_m	C29H44N7O18P3S	Yes	3-Oxooctanoyl-CoA
3odcoa_m	C31H48N7O18P3S	Yes	3-Oxodecanoyl-CoA
fad_x	C27H31N9O15P2	Yes	Flavin adenine dinucleotide oxidized
3oddcoa_m	C33H52N7O18P3S	Yes	3-Oxododecanoyl-CoA
3otdcoa_m	C35H56N7O18P3S	Yes	3-Oxotetradecanoyl-CoA
3ohdcoa_m	C37H60N7O18P3S	Yes	3-Oxohexadecanoyl-CoA
hxcoa_x	C27H42N7O17P3S	Yes	Hexanoyl-CoA (n-C6:0CoA)
ca_c	C18H28O2	Yes	"Coniferonic acid (18:4(5Z,9Z,12Z,15Z))"
ddmcital_c	C18H18FN2O	Yes	Didemethylcitalopram
cytP450o_h	X	No	Oxidized flavoprotein (cytochrome P-450)
dmcital_c	C19H20FN2O	Yes	Demethylcitalopram
hx2coa_x	C27H40N7O17P3S	Yes	Trans-Hex-2-enoyl-CoA
oc2coa_x		No	Trans-Oct-2-enoyl-CoA
pa_c	C18H29O2	Yes	"Pinolenic acid (18:3(5Z,9Z,12Z))"
cytP450r_h	XH2	No	Reduced flavoprotein (cytochrome P-450)
ddca_h		No	Dodecanoate (n-C12:0)
lido_c	C14H23N2O	Yes	Lidocaine
lnlc_h	C18H31O2	Yes	Linoleic acid (all cis C18:2) n-6
3hhcoa_x		No	(S)-3-Hydroxyhexanoyl-CoA
56dh5flura_c	C4H4FN2O2	Yes	"5,6-Dihydro-5-fluorouracil"
3hocoa_x		No	(S)-3-Hydroxyoctanoyl-CoA
5flura_c	C4H3FN2O2	Yes	5-Fluorouracil
raffin_h	C18H32O16	Yes	Raffinose C18H32O16
stys_h		No	Stachyose
thfglu_c	C24H28N8O9	Yes	Tetrahydrofolyl Glu 2  C24H27N8O9
sucr_h	C12H22O11	Yes	Sucrose C12H22O11
6mpur_c	C5H4N4S	Yes	6-Mercaptopurine
fru_B_h	C6H12O6	Yes	Beta-D-fructose
Glc_aD_h	C6H12O6	Yes	Alpha-D-glucose
6tins5mp_c	C10H11N4O7PS	Yes	6-Thioinosine-5'-monophosphate
gln__L_h	C5H10N2O3	Yes	L-Glutamine
man_h	C6H12O6	Yes	D-Mannose
6txan5mp_c	C10H11N4O8PS	Yes	6-Thioxanthine 5'-monophosphate
fdp_B_h	C6H10O12P2	Yes	"Beta-D-Fructose 1,6-bisphosphate"
f2p_h		No	Beta-D-fructose 2-phosphate
f1p_h		No	D-Fructose 1-phosphate
fdxrd_h	Fe2S2	No	Reduced ferredoxin
aflburppa_c	C4H7FN2O3	Yes	Alpha-Fluoro-beta-ureidopropionic acid
prpp_h	C5H8O14P3	Yes	5-Phospho-alpha-D-ribose 1-diphosphate
sbt__D_h		No	D-Sorbitol
cytP450o_c	X	No	Oxidized flavoprotein (cytochrome P-450)
glucys_h	C8H13N2O5S	Yes	Gamma-L-Glutamyl-L-cysteine
epm_h		No	Epimelibiose C12H22O11
gal_h	C6H12O6	Yes	D-Galactose
cytP450r_c	XH2	No	Reduced flavoprotein (cytochrome P-450)
tega_c	C8H8FN2O3	Yes	Tegafur
gal_n	C6H12O6	Yes	D-Galactose
ggl_h	C9H18O8	Yes	Galactosylglycerol C9H18O8
amp_h	C10H12N5O7P	Yes	AMP C10H12N5O7P
so3_h	O3S	No	Sulfite
1Dgali_h	C12H22O11	Yes	1 alpha D Galactosyl myo inositol C12H22O11
12dgr1601819Z_c	C37H70O5	Yes	"1,2-Diacyl-sn-glycerol (1-hexadecanoyl,2-(9Z)-octadecenoyl, 16:0/18:1(9Z))"
pacoa_c	C39H60N7O17P3S	Yes	Pinolenyl-coa
lcts_h		No	Lactose C12H22O11
melib_h		No	Melibiose C12H22O11
melt_h		No	Melibiitol C12H24O11
12dgr16018111Z_c	C37H70O5	Yes	"1,2-Diacyl-sn-glycerol (1-hexadecanoyl,2-(11Z)-octadecenoyl, 16:0/18:1(11Z))"
ocdccoa_c	C39H66N7O17P3S	Yes	Octadecanoyl-coa
ocdcecoa_c	C39H64N7O17P3S	Yes	(11Z)-octadecenoyl-coa
mnt_h		No	Manninotriose
cacoa_c	C39H58N7O17P3S	Yes	Coniferonyl-coa
12dgr1801819Z_c	C39H74O5	Yes	"1,2-Diacyl-sn-glycerol (1-octadecanoyl,2-(9Z)-octadecenoyl, 18:0/18:1(9Z))"
12dgr18111Z18111Z_c	C39H72O5	Yes	"1,2-Diacyl-sn-glycerol (1,2-di-(11Z)-octadecenoyl, 18:1(11Z)/18:1(11Z))"
12dgr18111Z1819Z_c	C39H72O5	Yes	"1,2-Diacyl-sn-glycerol (1-(11Z)-octadecenoyl,2-(9Z)-octadecenoyl, 18:1(11Z)/18:1(9Z))"
12dgr1819Z18111Z_c	C39H72O5	Yes	"1,2-Diacyl-sn-glycerol (1-(9Z)-octadecenoyl,2-(11Z)-octadecenoyl, 18:1(9Z)/18:1(11Z))"
12dgr1819Z1819Z_c	C39H72O5	Yes	"1,2-Diacyl-sn-glycerol (1,2-di-(9Z)-octadecenoyl, 18:1(9Z)/18:1(9Z))"
1hdecg3p_h	C19H37O7P	Yes	1-hexadecanoyl-sn-glycerol 3-phosphate
1odecg3p_h	C21H41O7P	Yes	1-octadecanoyl-sn-glycerol 3-phosphate
1odec11eg3p_h	C21H39O7P	Yes	1-octadec-11-enoyl-sn-glycerol 3-phosphate
1odec9eg3p_h	C21H39O7P	Yes	1-octadec-9-enoyl-sn-glycerol 3-phosphate
12dgr1601819Z_h	C37H70O5	Yes	"1,2-Diacyl-sn-glycerol (1-hexadecanoyl,2-(9Z)-octadecenoyl, 16:0/18:1(9Z))"
12dgr160_h	C35H68O5	Yes	"1,2-Diacyl-sn-glycerol (dihexadecanoyl, n-C16:0)"
12dgr1801819Z_h	C39H74O5	Yes	"1,2-Diacyl-sn-glycerol (1-octadecanoyl,2-(9Z)-octadecenoyl, 18:0/18:1(9Z))"
12dgr18111Z160_h		No	"1,2-Diacyl-sn-glycerol (1-(11Z)-octadecenoyl,2-hexadecanoyl, 18:1(11Z)/16:0)"
12dgr18111Z1819Z_h	C39H72O5	Yes	"1,2-Diacyl-sn-glycerol (1-(11Z)-octadecenoyl,2-(9Z)-octadecenoyl, 18:1(11Z)/18:1(9Z))"
12dgr1819Z160_h	C37H70O5	Yes	"1,2-Diacyl-sn-glycerol (1-(9Z)-octadecenoyl,2-hexadecanoyl, 18:1(9Z)/16:0)"
12dgr1819Z1619Z_h	C37H68O5	Yes	"1,2-Diacyl-sn-glycerol (1-(9Z)-octadecenoyl,2-(9Z)-hexadecenoyl, 18:1(9Z)/16:1(9Z))"
12dgr1819Z18111Z_h	C39H72O5	Yes	"1,2-Diacyl-sn-glycerol (1-(9Z)-octadecenoyl,2-(11Z)-octadecenoyl, 18:1(9Z)/18:1(11Z))"
12dgr1819Z1819Z_h	C39H72O5	Yes	"1,2-Diacyl-sn-glycerol (1,2-di-(9Z)-octadecenoyl, 18:1(9Z)/18:1(9Z))"
mgdg1819Z160_h	C43H80O10	Yes	"Monogalactosyldiacylglycerol (1-(9Z)-octadecenoyl,2-hexadecanoyl, 18:1(9Z)/16:0)"
udpgal_h	C15H22N2O17P2	Yes	UDPgalactose
mgdg1819Z1619Z_h	C43H78O10	Yes	"Monogalactosyldiacylglycerol (1-(9Z)-octadecenoyl,2-(9Z)-hexadecenoyl, 18:1(9Z)/16:1(9Z))"
mgdg1819Z1627Z10Z_h		No	"Monogalactosyldiacylglycerol (1-(9Z)-octadecenoyl,2-(7Z,10Z)-hexadecadienoyl, 18:1(9Z)/16:2(7Z,10Z))"
mgdg1819Z1617Z_h		No	"Monogalactosyldiacylglycerol (1-(9Z)-octadecenoyl,2-(7Z)-hexadecenoyl, 18:1(9Z)/16:1(7Z))"
mgdg1819Z1637Z10Z13Z_h		No	"Monogalactosyldiacylglycerol (1-(9Z)-octadecenoyl,2-(7Z,10Z,13Z)-hexadecatrienoyl, 18:1(9Z)/16:3(7Z,10Z,13Z))"
mgdg1819Z1644Z7Z10Z13Z_h		No	"Monogalactosyldiacylglycerol (1-(9Z)-octadecenoyl,2-(4Z,7Z,10Z,13Z)-hexadecatetraenoyl, 18:1(9Z)/16:4(4Z,7Z,10Z,13Z))"
pa16018111Z_c	C37H69O8P	Yes	"1-hexadecanoyl,2-(11Z)-octadecenoyl-sn-glycerol 3-phosphate"
pa1601819Z_c	C37H69O8P	Yes	"1-hexadecanoyl,2-(9Z)-octadecenoyl-sn-glycerol 3-phosphate"
pa1601819Z_h	C37H69O8P	Yes	"1-hexadecanoyl,2-(9Z)-octadecenoyl-sn-glycerol 3-phosphate"
pa18111Z160_c	C37H69O8P	Yes	"1-(11Z)-octadecenoyl,2-hexadecanoyl-sn-glycerol 3-phosphate"
pa18111Z18111Z_c	C39H71O8P	Yes	"1-(11Z)-octadecenoyl,2-(11Z)-octadecenoyl-sn-glycerol 3-phosphate"
pa160_h	C35H67O8P	Yes	"1,2-dihexadecanoyl-sn-glycerol 3-phosphate"
pa1801819Z_c	C39H73O8P	Yes	"1-octadecanoyl,2-(9Z)-octadecenoyl-sn-glycerol 3-phosphate"
pa1801819Z_h	C39H73O8P	Yes	"1-octadecanoyl,2-(9Z)-octadecenoyl-sn-glycerol 3-phosphate"
pa1819Z18111Z_c	C39H71O8P	Yes	"1-(9Z)-octadecenoyl,2-(11Z)-octadecenoyl-sn-glycerol 3-phosphate"
ocdce9a_c	C18H33O2	Yes	Octadecenoate (18:1(9Z))
pa18111Z160_h	C37H69O8P	Yes	"1-(11Z)-octadecenoyl,2-hexadecanoyl-sn-glycerol 3-phosphate"
pa18111Z1819Z_c	C39H71O8P	Yes	"1-(11Z)-octadecenoyl,2-(9Z)-octadecenoyl-sn-glycerol 3-phosphate"
pa18111Z1819Z_h	C39H71O8P	Yes	"1-(11Z)-octadecenoyl,2-(9Z)-octadecenoyl-sn-glycerol 3-phosphate"
pa1819Z160_h	C37H69O8P	Yes	"1-(9Z)-octadecenoyl,2-hexadecanoyl-sn-glycerol 3-phosphate"
pa1819Z1819Z_c	C39H71O8P	Yes	"1,2-di-(9Z)-octadecenoyl-sn-glycerol 3-phosphate"
pa1819Z1619Z_h	C37H67O8P	Yes	"1-(9Z)-octadecenoyl,2-(9Z)-hexadecenoyl-sn-glycerol 3-phosphate"
pa1819Z18111Z_h	C39H71O8P	Yes	"1-(9Z)-octadecenoyl,2-(11Z)-octadecenoyl-sn-glycerol 3-phosphate"
pa1819Z1819Z_h	C39H71O8P	Yes	"1,2-di-(9Z)-octadecenoyl-sn-glycerol 3-phosphate"
sqdg18111Z160_c	C43H79O12S	Yes	"Sulfoquinovosyldiacylglycerol (1-(11Z)-octadecenoyl,2-hexadecanoyl, 18:1(11Z)/16:0)"
sqdg1819Z160_c	C43H79O12S	Yes	"Sulfoquinovosyldiacylglycerol (1-(9Z)-octadecenoyl,2-hexadecanoyl, 18:1(9Z)/16:0)"
udpsq_h	C15H21N2O19P2S	Yes	UDP-6-sulfoquinovose
1agpe1829Z12Z_c	C23H44NO7P	Yes	"1-Acyl-sn-glycero-3-phosphoethanolamine (18:2(9Z,12Z))"
cdp12dgr18111Z160_c	C46H83N3O15P2	Yes	"CDP-1-(9Z)-octadecenoyl,2-hexadecanoyl-sn-glycerol"
agm_n		No	Agmatine
dghs16018111Z_c	C41H77NO7	Yes	Diacylglycerolhomoserine (16:0/18:1(11Z))
dghs1601819Z_c	C41H77NO7	Yes	Diacylglycerolhomoserine (16:0/18:1(9Z))
dghs18111Z18111Z_c	C43H79NO7	Yes	Diacylglycerolhomoserine (18:1(11Z)/18:1(11Z))
dghs18111Z1819Z_c	C43H79NO7	Yes	Diacylglycerolhomoserine (18:1(11Z)/18:1(9Z))
dghs1819Z18111Z_c	C43H79NO7	Yes	Diacylglycerolhomoserine (18:1(9Z)/18:1(11Z))
dghs1819Z1819Z_c	C43H79NO7	Yes	Diacylglycerolhomoserine (18:1(9Z)/18:1(9Z))
udpg_h	C15H22N2O17P2	Yes	UDPglucose
1agpe180_c	C23H48NO7P	Yes	1-Acyl-sn-glycero-3-phosphoethanolamine (n-C18:0)
1agpe18111Z_c	C23H46NO7P	Yes	1-Acyl-sn-glycero-3-phosphoethanolamine (18:1(11Z))
1agpe1819Z_c	C23H46NO7P	Yes	1-Acyl-sn-glycero-3-phosphoethanolamine (18:1(9Z))
mag160_c	C19H38O4	Yes	1-monoacylglycerol (16:0)
pgp18111Z160_h	C40H78O13P2	Yes	"Phosphatidylglycerophosphate (1-(11Z)-octadecenoyl,2-hexadecanoyl, 18:1(11Z)/16:0)"
pgp1819Z160_h	C40H78O13P2	Yes	"Phosphatidylglycerophosphate (1-(9Z)-octadecenoyl,2-hexadecanoyl, 18:1(9Z)/16:0)"
mag180_c	C21H42O4	Yes	1-monoacylglycerol (18:0)
cdp12dgr18111Z160_h	C46H83N3O15P2	Yes	"CDP-1-(9Z)-octadecenoyl,2-hexadecanoyl-sn-glycerol"
cdp12dgr1819Z160_h	C46H83N3O15P2	Yes	"CDP-1-(11Z)-octadecenoyl,2-hexadecanoyl-sn-glycerol"
mag18111Z_c	C21H40O4	Yes	1-monoacylglycerol (18:1(11Z))
mag1819Z_c	C21H40O4	Yes	1-monoacylglycerol (18:1(9Z))
thr__L_h	C4H9NO3	Yes	L-Threonine
phom_h	C4H8NO6P	Yes	O-Phospho-L-homoserine
4pasp_h	C4H6NO7P	Yes	4-Phospho-L-aspartate
aspsa_h	C4H7NO3	Yes	L-Aspartate 4-semialdehyde
aact_x		No	Aminoacetone
2aobut_x		No	L-2-Amino-3-oxobutanoate
Glc_aD_c	C6H12O6	Yes	Alpha-D-glucose
pqqox_x		No	PQQ (Pyrroloquinoline-quinone) oxidized form
fdxox_m	Fe8S8X	No	Oxidized ferredoxin
glyclt_m	C2H3O3	Yes	Glycolate C2H3O3
glyc__R_h	C3H5O4	Yes	(R)-Glycerate
2pg_f	C3H4O7P	Yes	D-Glycerate 2-phosphate
2pg_m	C3H4O7P	Yes	D-Glycerate 2-phosphate
fdp_B_f	C6H10O12P2	Yes	"Beta-D-Fructose 1,6-bisphosphate"
fdp_B_m	C6H10O12P2	Yes	"Beta-D-Fructose 1,6-bisphosphate"
trnagly_m	C10H17O10PR2	Yes	TRNA(Gly)
g6p_A_h	C6H11O9P	Yes	Alpha-D-glucose 6 phosphate
g3p_f	C3H5O6P	Yes	Glyceraldehyde 3-phosphate
nad_f	C21H26N7O14P2	Yes	Nicotinamide adenine dinucleotide
pi_f	HPO4	No	Phosphate
hom__L_h	C4H9NO3	Yes	L-Homoserine
3pg_h	C3H4O7P	Yes	3-Phospho-D-glycerate
3php_h		No	3-Phosphohydroxypyruvate
pser__L_h		No	O-Phospho-L-serine
g3p_m	C3H5O6P	Yes	Glyceraldehyde 3-phosphate
glc__bD_h	C6H12O6	Yes	D-Glucose
lpam_h	C8H15NOS2	Yes	Lipoamide C8H15NOS2
adhlam_h	C10H19NO2S2	Yes	S-Acetyldihydrolipoamide
g6p_B_h	C6H11O9P	Yes	Beta D glucose 6 phosphate C6H11O9P
dhlam_h	C8H17NOS2	Yes	Dihydrolipoamide C8H17NOS2
3pg_f	C3H4O7P	Yes	3-Phospho-D-glycerate
g1p_h	C6H11O9P	Yes	D-Glucose 1-phosphate
13dpg_f	C3H4O10P2	Yes	3-Phospho-D-glyceroyl phosphate
adp_f	C10H12N5O10P2	Yes	ADP C10H12N5O10P2
13dpg_m	C3H4O10P2	Yes	3-Phospho-D-glyceroyl phosphate
thmpp_h	C12H16N4O7P2S	Yes	Thiamine diphosphate
hisp_h	C6H11N3O4P	Yes	L-Histidinol phosphate
prlp_h	C15H21N5O15P2	Yes	5-[(5-phospho-1-deoxyribulos-1-ylamino)methylideneamino]-1-(5-phosphoribosyl)imidazole-4-carboxamide
eig3p_h	C6H9N2O6P	Yes	D-erythro-1-(Imidazol-4-yl)glycerol 3-phosphate
achms_h	C6H11NO4	Yes	O Acetyl L homoserine C6H11NO4
h_f	H	No	H+
pep_f	C3H2O6P	Yes	Phosphoenolpyruvate
prbamp_h	C15H19N5O14P2	Yes	1-(5-Phosphoribosyl)-AMP
cyst__L_h		No	L-Cystathionine
dnac_n		No	DNA cytosine
frmd_x	CH4NO	Yes	Formamide
prbatp_h	C15H19N5O20P4	Yes	1-(5-Phosphoribosyl)-ATP
hcys__L_m	C4H9NO2S	Yes	L-Homocysteine
mhpglu_m		No	5 Methyltetrahydropteroyltri L glutamate C25H36N8O12
prfp_h	C15H21N5O15P2	Yes	1-(5-Phosphoribosyl)-5-[(5-phosphoribosylamino)methylideneamino]imidazole-4-carboxamide
ametam_m	C14H24N6O3S	Yes	S-Adenosylmethioninamine
10fthf_x	C20H21N7O7	Yes	10-Formyltetrahydrofolate
doldpglcnacglcnac_c	C71H120N2O17P2	Yes	PP-Dol(-a1)GlcNAc(4-b1)GlcNAc
doldpglcnacglcnacman_man_manman_manman_manmanmanglcglcglc_c	C143H240N2O77P2	Yes	PP-Dol(-a1)GlcNAc(4-b1)GlcNAc(4-b1)Man[(6-a1)Man[(6-a1)Man(2-a1)Man](3-a1)Man(2-a1)Man](3-a1)Man(2-a1)Man(2-a1)Man(3-a1)Glc(3-a1)Glc(2-a1)Glc
doldp_c	C55H91O7P2	Yes	Dolichyl diphosphate
glx_h	C2HO3	Yes	Glyoxylate
doldpglcnacglcnacman_man_manman_manman_manmanman_c	C125H210N2O62P2	Yes	PP-Dol(-a1)GlcNAc(4-b1)GlcNAc(4-b1)Man[(6-a1)Man[(6-a1)Man(2-a1)Man](3-a1)Man(2-a1)Man](3-a1)Man(2-a1)Man(2-a1)Man
dolpglc_c	C61H102O9P	Yes	Dolichyl beta-D-glucosyl phosphate
doldpglcnacglcnacman_man_manman_manman_manmanmanglc_c	C131H220N2O67P2	Yes	PP-Dol(-a1)GlcNAc(4-b1)GlcNAc(4-b1)Man[(6-a1)Man[(6-a1)Man(2-a1)Man](3-a1)Man(2-a1)Man](3-a1)Man(2-a1)Man(2-a1)Man(3-a1)Glc
doldpglcnacglcnacman_man_manman_manman_manmanmanglcglc_c	C137H230N2O72P2	Yes	PP-Dol(-a1)GlcNAc(4-b1)GlcNAc(4-b1)Man[(6-a1)Man[(6-a1)Man(2-a1)Man](3-a1)Man(2-a1)Man](3-a1)Man(2-a1)Man(2-a1)Man(3-a1)Glc(3-a1)Glc
asnglcnacglcnacman_man_manman_man_manmanman_c	C69H113N5O53R2	Yes	Asn(-b1)GlcNAc(4-b1)GlcNAc(4-b1)Man[(6-a1)Man[(6-a1)Man(2-a1)Man](3-a1)Man](3-a1)Man(2-a1)Man(2-a1)Man
asnglcnacglcnacman_man_manman_manman_manmanman_c	C75H123N5O58R2	Yes	Asn(-b1)GlcNAc(4-b1)GlcNAc(4-b1)Man[(6-a1)Man[(6-a1)Man(2-a1)Man](3-a1)Man(2-a1)Man](3-a1)Man(2-a1)Man(2-a1)Man
doldpglcnacglcnacman_man_manmanman_c	C101H170N2O42P2	Yes	PP-Dol(-a1)GlcNAc(4-b1)GlcNAc(4-b1)Man[(6-a1)Man](3-a1)Man(2-a1)Man(2-a1)Man
doldpglcnacglcnacman_manmanman_manmanman_c	C113H190N2O52P2	Yes	PP-Dol(-a1)GlcNAc(4-b1)GlcNAc(4-b1)Man[(6-a1)Man(3-a1)Man(2-a1)Man](3-a1)Man(2-a1)Man(2-a1)Man
doldpglcnacglcnacman_man_man_c	C89H150N2O32P2	Yes	PP-Dol(-a1)GlcNAc(4-b1)GlcNAc(4-b1)Man[(6-a1)Man](3-a1)Man
doldpglcnacglcnacman_man_manman_c	C95H160N2O37P2	Yes	PP-Dol(-a1)GlcNAc(4-b1)GlcNAc(4-b1)Man[(6-a1)Man](3-a1)Man(2-a1)Man
doldpglcnacglcnacman_manman_manmanman_c	C107H180N2O47P2	Yes	PP-Dol(-a1)GlcNAc(4-b1)GlcNAc(4-b1)Man[(6-a1)Man(3-a1)Man](3-a1)Man(2-a1)Man(2-a1)Man
doldpglcnacglcnacman_man_man_manman_manmanman_c	C119H200N2O57P2	Yes	PP-Dol(-a1)GlcNAc(4-b1)GlcNAc(4-b1)Man[(6-a1)Man[(6-a1)Man](3-a1)Man(2-a1)Man](3-a1)Man(2-a1)Man(2-a1)Man
doldpglcnacglcnacman_c	C77H130N2O22P2	Yes	PP-Dol(-a1)GlcNAc(4-b1)GlcNAc(4-b1)Man
doldpglcnacglcnacmanman_c	C83H140N2O27P2	Yes	PP-Dol(-a1)GlcNAc(4-b1)GlcNAc(4-b1)Man(3-a1)Man
doldpglcnac_c	C63H107NO12P2	Yes	PP-Dol(-a1)GlcNAc
histd_h	C6H13N3O	Yes	L-Histidinol
asnglcnacglcnacman_man_manman_manman_manmanmanglcglcglc_c	C93H153N5O73R2	Yes	Asn(-b1)GlcNAc(4-b1)GlcNAc(4-b1)Man[(6-a1)Man[(6-a1)Man(2-a1)Man](3-a1)Man(2-a1)Man](3-a1)Man(2-a1)Man(2-a1)Man(3-a1)Glc(3-a1)Glc(2-a1)Glc
asnglcnacglcnacman_man_manman_manman_manmanmanglcglc_c	C87H143N5O68R2	Yes	Asn(-b1)GlcNAc(4-b1)GlcNAc(4-b1)Man[(6-a1)Man[(6-a1)Man(2-a1)Man](3-a1)Man(2-a1)Man](3-a1)Man(2-a1)Man(2-a1)Man(3-a1)Glc(3-a1)Glc
asnglcnacglcnacman_man_manman_manman_manmanmanglc_c	C81H133N5O63R2	Yes	Asn(-b1)GlcNAc(4-b1)GlcNAc(4-b1)Man[(6-a1)Man[(6-a1)Man(2-a1)Man](3-a1)Man(2-a1)Man](3-a1)Man(2-a1)Man(2-a1)Man(3-a1)Glc
asnglcnacglcnacman_man_man_man_man_c	C51H83N5O38R2	Yes	Asn(-b1)GlcNAc(4-b1)GlcNAc(4-b1)Man[(6-a1)Man[(6-a1)Man](3-a1)Man](3-a1)Man
mi34p_n	C6H10O12P2	Yes	"1D-myo-Inositol 3,4-bisphosphate"
10fthf_h	C20H21N7O7	Yes	10-Formyltetrahydrofolate
gar_h	C7H13N2O8P	Yes	N1-(5-Phospho-D-ribosyl)glycinamide
gar_m	C7H13N2O8P	Yes	N1-(5-Phospho-D-ribosyl)glycinamide
focytc_h		No	Ferrocytochrome c C42H53FeN8O6S2
no2_h	NO2	No	Nitrite
urea_m	CH5N2O	Yes	Urea CH4N2O
4ogm_c	C5H6NO4	Yes	4-oxoglutaramate
5mthf_m		No	5-Methyltetrahydrofolate
4hproara_g		No	Hyp(4-b1)Ara
4hproaraara_g		No	Hyp(4-b1)Ara(2-b1)Ara
4hproara_ara_gal_g		No	Hyp(4-b1)Ara[(2-b1)Ara](3-a1)Gal
4hproara_ara_galara_g		No	Hyp(4-b1)Ara[(2-b1)Ara](3-a1)Gal(2-b1)Ara
4hproaraaraara_g		No	Hyp(4-b1)Ara(2-b1)Ara(2-b1)Ara
4hproaraaragal_g		No	Hyp(4-b1)Ara(2-b1)Ara(2-a1)Gal
4hproaraaragalara_g		No	Hyp(4-b1)Ara(2-b1)Ara(2-a1)Gal(5-b1)Ara
4hpro_LT_g	C5H9NO3	Yes	Trans 4 Hydroxy L proline C5H9NO3
udparab_g	C14H20N2O16P2	Yes	UDP-L-arabinose
4hproara_aragal_gal_g		No	Hyp(4-b1)Ara[(2-b1)Ara(2-a1)Gal](3-a1)Gal
4hproaraara_gal_gal_g		No	Hyp(4-b1)Ara(2-b1)Ara[(2-a1)Gal](3-a1)Gal
alac__S_h	C5H7O4	Yes	(S)-2-Acetolactate
pant__R_m	C6H11O4	Yes	(R)-Pantoate
nadp_n	C21H25N7O17P3	Yes	Nicotinamide adenine dinucleotide phosphate
pant__R_n	C6H11O4	Yes	(R)-Pantoate
fgam_h	C8H12N2O9P	Yes	N2-Formyl-N1-(5-phospho-D-ribosyl)glycinamide
fgam_m	C8H12N2O9P	Yes	N2-Formyl-N1-(5-phospho-D-ribosyl)glycinamide
34hpp_h	C9H7O4	Yes	3-(4-Hydroxyphenyl)pyruvate
glcn_h		No	D-Gluconate
fdxox_u	Fe8S8X	No	Oxidized ferredoxin
fad_h	C27H31N9O15P2	Yes	Flavin adenine dinucleotide oxidized
succ_h	C4H4O4	Yes	Succinate
6pgc_h	C6H10O10P	Yes	6-Phospho-D-gluconate
6pgl_h	C6H9O9P	Yes	"6-phospho-D-glucono-1,5-lactone"
r1p_h	C5H9O8P	Yes	Alpha-D-Ribose 1-phosphate
r5p_h	C5H9O8P	Yes	Alpha-D-Ribose 5-phosphate
s7p_h		No	Sedoheptulose 7-phosphate
Ncbmpts_m		No	N-Carbamoylputrescine
xu5p__D_h	C5H9O8P	Yes	D-Xylulose 5-phosphate
apofetn_h		No	Apoferritin
fe3_h	Fe	No	Iron (Fe3+)
anth_h		No	Anthranilate
chor_h	C10H8O6	Yes	Chorismate
biliverd_h	C33H32N4O6	Yes	Biliverdin cytosol
ggdp_u		No	Geranylgeranyl diphosphate C20H33O7P2
phdp_u		No	Phytyl diphosphate
3psme_h	C10H9O10P	Yes	5-O-(1-Carboxyvinyl)-3-phosphoshikimate
2dda7p_h	C7H10O10P	Yes	2-Dehydro-3-deoxy-D-arabino-heptonate 7-phosphate
3dhq_h	C7H9O6	Yes	3-Dehydroquinate
3ig3p_h		No	C'-(3-Indolyl)-glycerol 3-phosphate
2cpr5p_h		No	1-(2-Carboxyphenylamino)-1-deoxy-D-ribulose 5-phosphate
chldb_u		No	Chlorophyllide b
phpyr_h	C9H7O3	Yes	Phenylpyruvate
cpppg1_h		No	Coproporphyrinogen I
cpppg3_h	C36H40N4O8	Yes	Coproporphyrinogen III
pphn_h	C10H8O6	Yes	Prephenate
dvchlda_h	C35H31MgN4O5	Yes	Divinyl chlorophyllide a
dvpchlda_h	C35H29MgN4O5	Yes	Divinylprotochlorophyllide a
fe2_h	Fe	No	Fe2+ mitochondria
ppp9_h	C34H32N4O4	Yes	Protoporphyrin
tfenfe2_h		No	Transferrin[Fe(II)]2
pran_h		No	N-(5-Phospho-D-ribosyl)anthranilate
skm5p_h	C7H8O8P	Yes	Shikimate 5-phosphate
3dhsk_h	C7H7O5	Yes	3-Dehydroshikimate
skm_h	C7H9O5	Yes	Shikimate
indole_h		No	Indole
glu1sa_h		No	L-Glutamate 1-semialdehyde
ggchlda_u		No	Geranylgeranyl-Chlorophyllide a
ggchldb_u		No	Geranylgeranyl-Chlorophyllide b
pppg9_h	C34H38N4O4	Yes	Protoporphyrinogen IX
glutrna_h	C5H7NO3R	Yes	L-Glutamyl-tRNA(Glu)
scl_h		No	Sirohydrochlorin
trnaglu_h	C15H21N5O10PR	Yes	TRNA (Glu)
tfenfe3_h		No	Transferrin[Fe(III)]2
apocytc_h		No	Apocytochrome c
apocytc_m		No	Apocytochrome c
mppp9me_h	C35H33MgN4O4	Yes	Magnesium protoporphyrin IX monomethyl ester
hmppp9_h		No	 13(1)-Hydroxy-magnesium-protoporphyrin IX 13-monomethyl ester
omppp9_h		No	13(1)-Oxo-magnesium-protoporphyrin IX 13-monomethyl ester
mppp9_h		No	Magnesium protoporphyrin
dscl_h		No	Dihydrosirohydrochlorin
pchlda_h	C35H31MgN4O5	Yes	Protochlorophyllide a
1acpc_h	C4H7NO2	Yes	1-Aminocyclopropane-1-carboxylate
1acpc_m	C4H7NO2	Yes	1-Aminocyclopropane-1-carboxylate
ppa_h	C3H5O2	Yes	Propionate (n-C3:0)
phphbda_h		No	Pheophorbide a
ppad_m		No	Propionyladenylate
2obut_h	C4H5O3	Yes	2-Oxobutanoate
camp_n	C10H11N5O6P	Yes	CAMP C10H11N5O6P
alltt_m	C4H7N4O4	Yes	Allantoate
ppcoa_n	C24H36N7O17P3S	Yes	Propanoyl-CoA
ppap_h		No	Propanoyl phosphate
ppap_m		No	Propanoyl phosphate
damp_h	C10H12N5O6P	Yes	DAMP C10H12N5O6P
damp_m	C10H12N5O6P	Yes	DAMP C10H12N5O6P
aps_h	C10H12N5O10PS	Yes	Adenosine 5'-phosphosulfate
aps_m	C10H12N5O10PS	Yes	Adenosine 5'-phosphosulfate
13Shocdcy1829Z11Ea_c	C18H31O3	Yes	"(9Z,11E)-(13S)-13-Hydroxyoctadeca-9,11-dienoic acid"
alltn_m	C4H5N4O3	Yes	Allantoin
13Shpocdcy1829Z11Ea_c	C18H31O4	Yes	"(9Z,11E)-(13S)-13-Hydroperoxyoctadeca-9,11-dienoic acid"
5houdic_m		No	"5-Hydroxy-2-oxo-4-ureido-2,5-dihydro-1H-imidazole-5-carboxylate"
gtp_h	C10H12N5O14P3	Yes	GTP C10H12N5O14P3
imp_h	C10H11N4O8P	Yes	IMP C10H11N4O8P
apppa_n		No	"P1,P3-Bis(5'-adenosyl) triphosphate"
ap4a_n		No	"P1,P4-Bis(5'-adenosyl) tetraphosphate"
urate_m	C5H4N4O3	Yes	Urate C5H4N4O3
xmp_m	C10H11N4O9P	Yes	Xanthosine 5'-phosphate
5hiu_m		No	5-Hydroxyisourate
imp_m	C10H11N4O8P	Yes	IMP C10H11N4O8P
pram_h	C5H11NO7P	Yes	5-Phospho-beta-D-ribosylamine
air_h	C8H13N3O7P	Yes	5-amino-1-(5-phospho-D-ribosyl)imidazole
5aizc_h	C9H11N3O9P	Yes	5-amino-1-(5-phospho-D-ribosyl)imidazole-4-carboxylate
fpram_h	C8H14N3O8P	Yes	2-(Formamido)-N1-(5-phospho-D-ribosyl)acetamidine
cbasp_m	C5H7N2O5	Yes	N-Carbamoyl-L-aspartate
acald_h	C2H4O	Yes	Acetaldehyde
actp_h		No	Acetyl phosphate
trdox_h	C6H7NO2S2R2	Yes	Oxidized thioredoxin
3mob_h	C5H7O3	Yes	3-Methyl-2-oxobutanoate
dnad_h	C21H24N6O15P2	Yes	Deamino-NAD+
ficytc_x		No	Ferricytochrome c C42H52FeN8O6S2
lac__L_h		No	L-Lactate
seln_m	H1Se	No	Selenide
selcys_h	C3H6NO2Se	Yes	Selenocysteine
selcyst_h	C7H14N2O4Se	Yes	Selenocystathionine
seln_h	H1Se	No	Selenide
fdxrd_m	Fe2S2	No	Reduced ferredoxin
adpglc_h		No	ADPglucose C16H23N5O15P2
slnt_m	H2SeO3	No	Selenite
trnasecys_m		No	TRNA(SeCys)
selnp_m		No	Selenophosphate
sertrna_sec_m		No	L-Seryl-tRNA(Sec)
arso4_c	C6H6O4S	Yes	Aryl sulfate
bathorhodopsin_s		No	Bathorhodopsin
caro_h	C40H56	Yes	Beta-Carotene
nad_s	C21H26N7O14P2	Yes	Nicotinamide adenine dinucleotide
retinol_cis_11_s		No	11-cis-Retinol
mal__L_f	C4H4O5	Yes	L-Malate
nadp_f	C21H25N7O17P3	Yes	Nicotinamide adenine dinucleotide phosphate
nadp_s	C21H25N7O17P3	Yes	Nicotinamide adenine dinucleotide phosphate
nadh_f	C21H27N7O14P2	Yes	Nicotinamide adenine dinucleotide - reduced
oaa_f	C4H2O5	Yes	Oxaloacetate
pmtcoa_s	C37H62N7O17P3S	Yes	Palmitoyl-CoA (n-C16:0CoA)
lumirhodopsin_s		No	Lumirhodopsin
h2o_s	H2O	No	H2O H2O
metarhodopsin_s		No	Metarhodopsin
retac_s		No	All-trans-Retinyl acetate
accoa_s	C23H34N7O17P3S	Yes	Acetyl-CoA
retinol_s		No	All-trans-Retinol
h_s	H	No	H+
nadph_s	C21H26N7O17P3	Yes	Nicotinamide adenine dinucleotide phosphate - reduced
retpalm_s		No	All-trans-Retinyl palmitate
retinal_11_cis_s		No	11-cis-Retinal
4mlacac_n	C8H6O6	Yes	4 Maleylacetoacetate C8H6O6
allphn_m	C2H3N2O3	Yes	Allophanate C2H3N2O3
nadh_s	C21H27N7O14P2	Yes	Nicotinamide adenine dinucleotide - reduced
retinal_s		No	All-trans-Retinal
23dhmb_h	C5H9O4	Yes	"(R)-2,3-Dihydroxy-3-methylbutanoate"
23dhmp_h	C6H11O4	Yes	"(R)-2,3-Dihydroxy-3-methylpentanoate"
2ahbut_h	C6H9O4	Yes	(S)-2-Aceto-2-hydroxybutanoate
3hmoa_h		No	 3-Hydroxy-3-methyl-2-oxobutanoic acid
3hmop_h	C6H9O4	Yes	(R)-3-Hydroxy-3-methyl-2-oxopentanoate
g6p_A_n	C6H11O9P	Yes	Alpha-D-glucose 6 phosphate
udpg_n	C15H22N2O17P2	Yes	UDPglucose
trnaval_h	C15H21N5O10PR	Yes	TRNA(Val)
val__L_h	C5H11NO2	Yes	L-Valine
mmtsa_m		No	(S)-Methylmalonate semialdehyde
2mbdhl_m		No	S-(2-Methylbutanoyl)-dihydrolipoamide
5apru_h	C9H13N4O9P	Yes	5-Amino-6-(5'-phosphoribosylamino)uracil
3mbdhl_m		No	S-(3-Methylbutanoyl)-dihydrolipoamide
5aprbu_h	C9H15N4O9P	Yes	5-Amino-6-(5'-phosphoribitylamino)uracil
2mhob_m		No	2-Methyl-1-hydroxybutyl-ThPP
2mhop_m		No	2-Methyl-1-hydroxypropyl-ThPP
3mhtpp_m		No	3-Methyl-1-hydroxybutyl-ThPP
3hib_m		No	(S)-3-Hydroxyisobutyrate
25dhpp_h		No	2 5 Diamino 6 hydroxy 4  5  phosphoribosylamino  pyrimidine C9H14N5O8P
4r5au_h	C9H16N4O6	Yes	4-(1-D-Ribitylamino)-5-aminouracil
db4p_h	C4H7O6P	Yes	"3,4-dihydroxy-2-butanone 4-phosphate"
leu__L_h	C6H13NO2	Yes	L-Leucine
3mop_h	C6H9O3	Yes	(S)-3-Methyl-2-oxopentanoate
dmlz_h	C13H18N4O6	Yes	"6,7-Dimethyl-8-(1-D-ribityl)lumazine"
au_c	Au	No	Gold-Au
codscl7_c	C45H49CoN4O16	Yes	Cobalt-precorrin-7
codscl8x_c	C45H52CoN4O14	Yes	Cobalt-precorrin-8x
cob2nda_c	C45H56CoN6O12	Yes	Cob-II-yrinate-a-c-diamide
cob1nda_c	C45H56CoN6O12	Yes	Cob-I-yrinate-a-c-diamide
adcob1nda_c	C55H68CoN11O15	Yes	Adenosyl-cobyrinate-a-c-diamide
adcobn_c	C55H76CoN15O11	Yes	Adenosylcobyric-acid
app_c	C3H9NO	Yes	R-1-Amino-2-propanol
34dhpacet_c	C8H7O4	Yes	3-4-Dihydroxyphenylacetate
colipa20Oag_p	C656H1103N2O440P4	Yes	O-antigen-x20-core-oligosaccharide-lipid-A
udcdp20Oag_p	C535H890O347P2	Yes	Undecaprenyl-diphosphate-O-antigene-20x
udcdpgalrmnmanabe_c	C79H130O24P2	Yes	Undecaprenyl-diphosphate-galactose-rhamnose-mannose-abequose
udcdpgal_c	C61H100O12P2	Yes	Undecaprenyl-diphosphate-galactose
udcdpgalrmn_c	C67H110O16P2	Yes	Undecaprenyl-diphosphate-galactose-rhamnose
udcdp19Oag_p	C511H850O330P2	Yes	Undecaprenyl-diphosphate-O-antigene-19x
udcdpgalrmnmanabe_p	C79H130O24P2	Yes	Undecaprenyl-diphosphate-galactose-rhamnose-mannose-abequose
cdpabeq_c	C15H23N3O14P2	Yes	CDP-abequose
udcdpgalrmnman_c	C73H120O21P2	Yes	Undecaprenyl-diphosphate-galactose-rhamnose-mannose
udcdp2Oag_p	C103H170O41P2	Yes	Undecaprenyl-diphosphate-O-antigene-2x
cdp4dh6doglc_c	C15H21N3O15P2	Yes	CDP-4-dehydro-6-deoxy-D-glucose
cdp4dh36ddglc_c	C15H21N3O14P2	Yes	CDP-4-dehydro-3-6-dideoxy-D-glucose
udcdp3Oag_p	C127H210O58P2	Yes	Undecaprenyl-diphosphate-O-antigene-3x
udcdp4Oag_p	C151H250O75P2	Yes	Undecaprenyl-diphosphate-O-antigene-4x
udcdp5Oag_p	C175H290O92P2	Yes	Undecaprenyl-diphosphate-O-antigene-5x
udcdp6Oag_p	C199H330O109P2	Yes	Undecaprenyl-diphosphate-O-antigene-6x
udcdp7Oag_p	C223H370O126P2	Yes	Undecaprenyl-diphosphate-O-antigene-7x
udcdp8Oag_p	C247H410O143P2	Yes	Undecaprenyl-diphosphate-O-antigene-8x
udcdp9Oag_p	C271H450O160P2	Yes	Undecaprenyl-diphosphate-O-antigene-9x
udcdp10Oag_p	C295H490O177P2	Yes	Undecaprenyl-diphosphate-O-antigene-10x
udcdp11Oag_p	C319H530O194P2	Yes	Undecaprenyl-diphosphate-O-antigene-11x
udcdp12Oag_p	C343H570O211P2	Yes	Undecaprenyl-diphosphate-O-antigene-12x
salchs4_p	C42H47N3O25	Yes	Salmochelin-S4
udcdp13Oag_p	C367H610O228P2	Yes	Undecaprenyl-diphosphate-O-antigene-13x
udcdp14Oag_p	C391H650O245P2	Yes	Undecaprenyl-diphosphate-O-antigene-14x
udcdp15Oag_p	C415H690O262P2	Yes	Undecaprenyl-diphosphate-O-antigene-15x
udcdp16Oag_p	C439H730O279P2	Yes	Undecaprenyl-diphosphate-O-antigene-16x
udcdp17Oag_p	C463H770O296P2	Yes	Undecaprenyl-diphosphate-O-antigene-17x
udcdp18Oag_p	C487H810O313P2	Yes	Undecaprenyl-diphosphate-O-antigene-18x
remnant1_p	C4H2N2O3	Yes	Residual-atoms-of-reaction-DMBZIDSYN
salchsx_p	C16H21NO11	Yes	Salmochelin-SX
feroxBfe_p	C25H45FeN6O8	Yes	Ferrioxamine-B-fe
tag__D_p	C6H12O6	Yes	D-Tagatose
tet_p	O6S4	No	Tetrathionate
nflgln_c	C6H9N2O4	Yes	N-Formimino-L-glutamate
feroxEfe_p	C27H45FeN6O9	Yes	Ferrioxamine-E-fe
feroxGfe_p	C27H46FeN6O10	Yes	Ferrioxamine-G-fe
airs_c	C8H13N3O4	Yes	Aminoimidazole-riboside
udcpo5_p	C81H134O25P2	Yes	Undecaprenyl diphosphate galactose-rhamnose-mannose-abequose-acetyl
udcpo4_c	C79H132O24P2	Yes	Undecaprenyl diphosphate galactose-rhamnose-mannose-abequose
udcpo4_p	C79H132O24P2	Yes	Undecaprenyl diphosphate galactose-rhamnose-mannose-abequose
23dhbzs3_p	C30H29N3O16	Yes	2-3-dihydroxybenzoylserine trimer
apolpp_p	C292H498N87O98S2	Yes	Braun apolipoprotein
feroxB_p	C25H45N6O8	Yes	Ferrioxamine-B
salchs2_p	C42H49N3O26	Yes	Salmochelin-S2
feroxE_p	C27H45N6O9	Yes	Ferrioxamine-E
12dgr2_ST_p		No	"Membrane 1,2-diacylglycerol mixture"
clpn2_ST_p		No	Membrane cardiolipin mixture
pa2_ST_p		No	Membrane phosphatidate mixture
pe2_ST_p		No	Membrane phosphatidylethanolamine mixture
peptido_ST_p		No	Membrane murein mixture
pg2_ST_p		No	Membrane phosphatidylglycerol mixture
ps2_ST_p		No	Membrane phosphatidylserine mixture
feroxG_p	C27H46N6O10	Yes	Ferrioxamine-G
23dhbzs3_c	C30H29N3O16	Yes	2-3-dihydroxybenzoylserine trimer
23dhbzs2_c	C20H20N2O11	Yes	2-3-dihydroxybenzoylserine dimer
feroxBfe_c	C25H45FeN6O8	Yes	Ferrioxamine-B-fe
feroxEfe_c	C27H45FeN6O9	Yes	Ferrioxamine-E-fe
feroxGfe_c	C27H46FeN6O10	Yes	Ferrioxamine-G-fe
guln__L_p	C6H11O7	Yes	L-gulonate
lpp_p	C308H528O99N87S2	Yes	Lipoprotein
diglyceride_prolpp_c	C382H661N112O122S3	Yes	Diglyceride Braun prolipoprotein
glyceryl_prolpp_c	C366H631N112O121S3	Yes	Glyceryl Braun prolipoprotein
prolpp_c	C350H601N112O120S3	Yes	Braun prolipoprotein
udcpgrm_c	C73H122O21P2	Yes	Undecaprenyl diphosphate galactose-rhamnose-mannose
udcpgr_c	C67H112O16P2	Yes	Undecaprenyl diphosphate galactose-rhamnose
udcpg_c	C61H102O12P2	Yes	Undecaprenyl diphosphate galactose
tcb_c	C6H5O6	Yes	Tricarballylate
udcpo5_c	C81H134O25P2	Yes	Undecaprenyl diphosphate galactose-rhamnose-mannose-abequose-acetyl
tcb_p	C6H5O6	Yes	Tricarballylate
tton_p	H2O6S3	No	Trithionate
OA_ST_p		No	OA ST[p]
octd11ecoa_c	C39H64N7O17P3S	Yes	11-Octadecenoyl Coenzyme A
co2_x	CO2	Yes	CO2 CO2
isomal_e	C12H22O11	Yes	Isomaltose C12H22O11
HC00617_c	X	No	Ferricytochrome B5
itp_e	C10H11N4O14P3	Yes	ITP C10H11N4O14P3
HC01408_m	C27H40N7O18P3S	Yes	3-Oxo-Hexanoyl Coenzyme A
HC00619_c	X	No	Ferrocytochrome B5
hdd2coa_x	C37H60N7O17P3S	Yes	Trans-Hexadec-2-enoyl-CoA
HC01412_x	C35H56N7O17P3S	Yes	(2E)-Tetradecenoyl Coenzyme A
HC01405_m	C29H46N7O18P3S	Yes	3S-Hydroxy-Octanoyl Coenzyme A
HC01415_m	C29H44N7O17P3S	Yes	(2E)-Octenoyl Coenzyme A
adp_l	C10H12N5O10P2	Yes	ADP C10H12N5O10P2
HC02022_r	C45H80O2	Yes	Cholest-5-En-3Beta-Yl Octadecanoate
strdnc_r	C18H27O2	Yes	"Stearidonic acid C18:4, n-3"
CE2421_x	C39H62N7O18P3S	Yes	(3S)-3-hydroxylinoleoyl-CoA
CE0785_x	C35H54N7O17P3S	Yes	"Cis,Cis-Myristo-5,8-Dienoyl Coenzyme A"
dece4coa_x	C31H48N7O17P3S	Yes	4-Decenoyl Coenzyme A
C05279_m	C33H50N7O17P3S	Yes	"Trans,Cis-Lauro-2,6-Dienoyl Coenzyme A"
C05279_x	C33H50N7O17P3S	Yes	"Trans,Cis-Lauro-2,6-Dienoyl Coenzyme A"
CE2433_m	C37H56N7O17P3S	Yes	"Trans,Cis,Cis-2,7,10-Hexadecatrienoyl Coenzyme A"
CE2433_x	C37H56N7O17P3S	Yes	"Trans,Cis,Cis-2,7,10-Hexadecatrienoyl Coenzyme A"
CE2417_m	C35H54N7O18P3S	Yes	"3(S)-hydroxy-5Z,8Z-tetradecadienoyl-CoA"
CE2417_x	C35H54N7O18P3S	Yes	"3(S)-hydroxy-5Z,8Z-tetradecadienoyl-CoA"
CE2420_m	C33H52N7O18P3S	Yes	(3S)-3-hydroxydodec-cis-6-enoyl-CoA
pail35p_hs_r	C9H14O15P3RCO2R2CO2	Yes	"Phosphatidylinositol-3,5-bisphosphate (Homo sapiens)"
CE2420_x	C33H52N7O18P3S	Yes	(3S)-3-hydroxydodec-cis-6-enoyl-CoA
CE0713_m	C39H60N7O18P3S	Yes	"3-oxolinoleoyl-CoA; 3-oxo-(9Z,12Z)-9,12-Octadecadienoyl CoA"
CE2424_x	C35H52N7O18P3S	Yes	"3-oxo-cis,cis-5,8-tetradecadienoyl-CoA"
CE0693_m	C33H50N7O18P3S	Yes	3-oxolaur-6-cis-enoyl-CoA
CE0693_x	C33H50N7O18P3S	Yes	3-oxolaur-6-cis-enoyl-CoA
CE1950_e	CH2NO2S	Yes	Cyanosulfurous Acid Anion
CE1926_c	C15H19O4	Yes	Gama-carboxyethyl-hydroxychroman
CE0849_m	C37H58N7O17P3S	Yes	"Cis,Cis-Palmito-7,10-Dienoyl Coenzyme A"
CE6252_c	C5H3N4O3	Yes	Urate Radical
CE4872_m	C27H46O4	Yes	"3alpha,7alpha,12alpha-trihydroxy-5beta-cholestan-27-al"
crm_hs_e	C18H36NO2RCO	Yes	Ceramide (homo sapiens)
crm_hs_n	C18H36NO2RCO	Yes	Ceramide (homo sapiens)
CE5101_m	C11H15O16P2R2	Yes	1-Phosphatidyl-1D-Myo-Inositol 5-Phosphate
CE5114_x	C41H62N7O17P3S	Yes	"Trans-2-cis,cis,cis-8,11,14-eicosatetraenoyl-CoA"
CE2438_x	C39H60N7O18P3S	Yes	"3(S)-Hydroxy-6Z,9Z,12Z-Octadecatrienoyl Coenzyme A"
CE2442_m	C37H56N7O17P3S	Yes	"3Z,7Z,10Z-Hexadecatrienoyl Coenzyme A"
CE0785_m	C35H54N7O17P3S	Yes	"Cis,Cis-Myristo-5,8-Dienoyl Coenzyme A"
CE2432_m	C35H52N7O17P3S	Yes	"Trans-2-Cis,Cis-5,8-Tetradecatrienoyl Coenzyme A"
CE5117_m	C35H52N7O17P3S	Yes	"(3E,5Z,8Z)-Tetradecatrienoyl Coenzyme A"
CE4806_m	C32H50N7O17P3S	Yes	"4(R),8-Dimethyl-Trans-2-Nonenoyl Coenzyme A"
CE5118_m	C35H52N7O17P3S	Yes	"Trans-2-Cis,Cis-4,8-Tetradecatrienoyl Coenzyme A"
CE2038_x	C40H66N7O17P3S	Yes	"Trans-2,3-Dehydropristanoyl Coenzyme A"
CE4790_m	C35H56N7O18P3S	Yes	(3S)-3-Hydroxy-Cis-8-Tetradecenoyl Coenzyme A
CE4799_m	C30H46N7O17P3S	Yes	"2,6-Dimethyl-Trans-2-Heptenoyl Coenzyme A"
CE4807_m	C27H40N7O17P3S	Yes	4-Methyl-Trans-2-Pentenoyl Coenzyme A
CE5166_m	C48H76N7O20P3S	Yes	25(S)-Trihydroxycoprostanoyl Coenzyme A
CE5166_x	C48H76N7O20P3S	Yes	25(S)-Trihydroxycoprostanoyl Coenzyme A
CE5853_c	C22H29O10	Yes	Alpha-CEHC-glucuronide
dece4coa_m	C31H48N7O17P3S	Yes	4-Decenoyl Coenzyme A
tethex3_r	C24H35O2	Yes	"Tetracosahexaenoic acid, n-3"
CE5787_e	C15H31N6O4	Yes	Kinetensin 1-3
cdpea_e	C11H19N4O11P2	Yes	CDPethanolamine C11H19N4O11P2
CE4832_x	C45H68N7O18P3S	Yes	"3(S)-Hydroxy-Tetracosa-6,9,12,15,18-All-Cis-Pentaenoyl Coenzyme A"
3tetd7ecoacrn_c	C21H39NO5	Yes	3-Hydroxy Tetradecenoyl-7-Carnitine
tetdec2coa_c	C35H54N7O17P3S	Yes	Tetradecadienoyl Coenzyme A
3ttetddcoa_c	C35H54N7O18P3S	Yes	"3-Hydroxy Trans5,8Tetradecadienoyl Coenzyme A"
3thexddcoa_m	C37H58N7O18P3S	Yes	"3-Hydroxy Trans7,10-Hexadecadienoyl Coenzyme A"
3ocddcoa_c	C39H62N7O18P3S	Yes	3-Hydroxyoctadecadienoyl Coenzyme A
decdicoa_c	C31H46N7O17P3S	Yes	Decadienoyl Coenzyme A
c3dc_c	C10H16NO6	Yes	Malonyl Carnitine
CE4800_m	C30H48N7O18P3S	Yes	"3(S)-Hydroxy-2(S),6-Dimethyl-Heptanoyl Coenzyme A"
dd2coa_c	C33H52N7O17P3S	Yes	Trans-Dodec-2-enoyl-CoA
c4crn_x	C11H21NO4	Yes	Butyryl carnitine
dodecanac_x	C12H20O4	Yes	Dodecanedioic Acid
c12dc_c	C19H34NO6	Yes	Dodecanedioyl Carnitine
c5dc_c	C12H21NO6	Yes	Glutaryl Carnitine
CE4802_m	C27H42N7O18P3S	Yes	3(S)-Hydroxy-4-Methyl-Pentanoyl Coenzyme A
C05109_c	C30H52O	Yes	"24,25-Dihydrolanosterol"
3ddecdicoa_m	C33H50N7O17P3S	Yes	"3,6-Dodecadienoyl Coenzyme A"
c81crn_c	C15H27NO4	Yes	Octenoyl Carnitine
3hdececrn_e	C23H43NO5	Yes	3-Hydroxyhexadecenoylcarnitine
3ivcrn_e	C12H23NO5	Yes	3-Hydroxy-Isovaleryl Carnitine
3thexddcoacrn_e	C23H41NO5	Yes	"3-Hydroxy Trans7,10-Hexadecadienoyl Carnitine"
c101crn_e	C17H31NO4	Yes	Decenoyl Carnitine
c10crn_e	C17H33NO4	Yes	Decanoyl Carnitine
c12dc_e	C19H34NO6	Yes	Dodecanedioyl Carnitine
c3dc_e	C10H16NO6	Yes	Malonyl Carnitine
doco13ac_e	C22H41O2	Yes	13Z)-13-docosenoic acid
2dodtricoa_x	C33H48N7O17P3S	Yes	"2,6,9-Dodecatrienoyl Coenzyme A"
hexdicoa_x	C37H59N7O19P3S	Yes	Hexadecanedioyl Coenzyme A
hexdiac_r	C16H28O4	Yes	Hexadecanediocacid
octdececoa_m	C39H64N7O17P3S	Yes	Octadecenoyl Coenzyme A
3dodtricoa_m	C33H48N7O17P3S	Yes	"3,6,9-Dodecatrienoyl Coenzyme A"
c5dc_e	C12H21NO6	Yes	Glutaryl Carnitine
c6crn_e	C13H25NO4	Yes	Hexanoyl Carnitine
decdicrn_e	C17H29NO4	Yes	Decadienoyl Carnitine
2octdectecoa_x	C39H58N7O17P3S	Yes	"2,6,9,12-Octadecatetraenoyl Coenzyme A"
3octdectecoa_m	C39H58N7O17P3S	Yes	"3,6,9,12-Octadecatetraenoyl Coenzyme A"
2octpencoa_m	C39H56N7O17P3S	Yes	"2,6,9,12,15-Octadecapentenoyl Coenzyme A"
docosdiac_e	C22H40O4	Yes	Docosanedioicacid
eitetcoa_x	C41H62N7O17P3S	Yes	"5,8,11,14-Eicosatetraenoyl Coenzyme A"
dc2coa_x	C31H48N7O17P3S	Yes	Trans-Dec-2-enoyl-CoA
c12dccoa_x	C33H51N7O19P3S	Yes	Dodecanedioyl Coenzyme A
dece3coa_x	C31H48N7O17P3S	Yes	3-Decenoyl Coenzyme A
dec24dicoa_m	C31H46N7O17P3S	Yes	"2,4-Decadienoyl Coenzyme A"
2decdicoa_m	C31H46N7O17P3S	Yes	"2,7-Decadienoyl Coenzyme A"
doco13ecoa_x	C43H72N7O17P3S	Yes	13-Docosenoyl Coenzyme A
2docopencoa_m	C43H64N7O17P3S	Yes	"2,7,10,13,16-Docosapentenoyl Coenzyme A"
2decdicoa_x	C31H46N7O17P3S	Yes	"2,7-Decadienoyl Coenzyme A"
3decdicoa_m	C31H46N7O17P3S	Yes	"3,7-Decadienoyl Coenzyme A"
3decdicoa_x	C31H46N7O17P3S	Yes	"3,7-Decadienoyl Coenzyme A"
docohexcoa_m	C43H62N7O17P3S	Yes	"2,4,7,10,13,16-Docosahexenoyl Coenzyme A"
docohepcoa_m	C43H60N7O17P3S	Yes	"2,4,7,10,13,16,19-Docosaheptenoyl Coenzyme A"
c12dccoa_c	C33H51N7O19P3S	Yes	Dodecanedioyl Coenzyme A
docosac_r	C22H43O2	Yes	"Behenate, Docosanoate"
dectricoa_m	C31H44N7O17P3S	Yes	"2,4,7-Decatrienoyl Coenzyme A"
dectricoa_x	C31H44N7O17P3S	Yes	"2,4,7-Decatrienoyl Coenzyme A"
dd5ecoa_m	C33H52N7O17P3S	Yes	5-Dodecenoyl Coenzyme A
hexe3coa_m	C27H40N7O17P3S	Yes	3-Hexenoyl Coenzyme A
octe5coa_m	C29H44N7O17P3S	Yes	5-Octenoyl Coenzyme A
tmtrdcoa_x	C37H62N7O17P3S	Yes	"4,8,12-Trimethyl Tridecanoyl Coenzyme A"
noncoa_m	C30H48N7O17P3S	Yes	Nonanoyl Coenzyme A
whhdca_c	C16H30O3	Yes	Omega hydroxy hexadecanoate (n-C16:0)
omhdocosac_c	C22H42O3	Yes	W-Hydroxydocosanoicacid
tridcoa_m	C34H56N7O17P3S	Yes	Tridecanoyl Coenzyme A
tetd7ecoa_m	C35H56N7O17P3S	Yes	7-Tetradecenoyl Coenzyme A
tetdecdicoa_m	C35H54N7O17P3S	Yes	"5,8-Tetradecadienoyl Coenzyme A"
tetdece1coa_c	C35H56N7O17P3S	Yes	Tetradecenoyl-CoA;(2E)-Tetradecenoyl-CoA
tetdece1crn_c	C21H39NO4	Yes	Tetradecenoyl Carnitine
tetdecdicoa_x	C35H54N7O17P3S	Yes	"5,8-Tetradecadienoyl Coenzyme A"
5tedtricoa_m	C35H52N7O17P3S	Yes	"5,8,11-Tetradecatrienoyl Coenzyme A"
5tedtricoa_x	C35H52N7O17P3S	Yes	"5,8,11-Tetradecatrienoyl Coenzyme A"
thexddcoa_m	C37H58N7O17P3S	Yes	"Trans7,10-Hexadecadienoyl Coenzyme A"
2ddecdicoa_x	C33H50N7O17P3S	Yes	"2,6-Dodecadienoyl Coenzyme A"
hexde7coa_x	C37H60N7O17P3S	Yes	7-Hexadecenoyl Coenzyme A
hexdiac_c	C16H28O4	Yes	Hexadecanediocacid
hexdicoa_r	C37H59N7O19P3S	Yes	Hexadecanedioyl Coenzyme A
3ivcoa_m	C26H40N7O18P3S	Yes	3-Hydroxyisovaleryl Coenzyme A
3ivcrn_c	C12H23NO5	Yes	3-Hydroxy-Isovaleryl Carnitine
octdececoa_c	C39H64N7O17P3S	Yes	Octadecenoyl Coenzyme A
2hexdtricoa_x	C37H56N7O17P3S	Yes	"2,7,10-Hexadecatrienoyl Coenzyme A"
3octdece1crn_c	C25H47NO5	Yes	3-Hydroxy-Octadecenoyl Carnitine
4hexdtricoa_m	C37H56N7O17P3S	Yes	"4,7,10-Hexadecatrienoyl Coenzyme A"
4hexdtricoa_x	C37H56N7O17P3S	Yes	"4,7,10-Hexadecatrienoyl Coenzyme A"
3hexdtricoa_m	C37H56N7O17P3S	Yes	"3,7,10-Hexadecatrienoyl Coenzyme A"
3hexdtricoa_x	C37H56N7O17P3S	Yes	"3,7,10-Hexadecatrienoyl Coenzyme A"
2hexdtetcoa_m	C37H54N7O17P3S	Yes	"2,7,10,13-Hexadecatetraenoyl Coenzyme A"
2hexdtetcoa_x	C37H54N7O17P3S	Yes	"2,7,10,13-Hexadecatetraenoyl Coenzyme A"
hexdectecoa_x	C37H54N7O17P3S	Yes	"2,4,7,10-Hexadecatetraenoyl Coenzyme A"
4hexdtetcoa_m	C37H54N7O17P3S	Yes	"4,7,10,13-Hexadecatetraenoyl Coenzyme A"
3hexdtetcoa_m	C37H54N7O17P3S	Yes	"3,7,10,13-Hexadecatetraenoyl Coenzyme A"
3hexdtetcoa_x	C37H54N7O17P3S	Yes	"3,7,10,13-Hexadecatetraenoyl Coenzyme A"
hexdpencoa_m	C37H52N7O17P3S	Yes	"2,4,7,10,13-Hexadecapentaenoyl Coenzyme A"
5hoxindoa_e	C10H8NO3	Yes	5-Hydroxyindoleacetate
Lkynr_e	C10H12N2O3	Yes	L Kynurenine C10H12N2O3
cala_e	C4H7N2O3	Yes	N-Carbamoyl-beta-alanine
kynate_e	C10H6NO3	Yes	4-Hydroxy-2-quinolinecarboxylic acid
3hanthrn_e	C7H7NO3	Yes	3 Hydroxyanthranilate C7H7NO3
hLkynr_e	C10H12N2O4	Yes	3 Hydroxy L kynurenine C10H12N2O4
ethamp_e	C2H7NO4P	Yes	Ethanolamine phosphate C2H7NO4P
quln_e	C7H3NO4	Yes	Quinolinate
acrn_e	C9H17NO4	Yes	O Acetylcarnitine C9H17NO4
pcrn_e	C10H19NO4	Yes	Propionyl-carnitine
lneldccrn_e	C25H45NO4	Yes	Linoelaidyl carnitine
odecrn_e	C25H47NO4	Yes	Octadecenoyl carnitine
pmtcrn_e	C23H45NO4	Yes	L-Palmitoylcarnitine
prostgf2_c	C20H33O5	Yes	Prostaglandin F2alpha
pail_hs_e	C9H16O9PRCO2R2CO2	Yes	Phosphatidylinositol (homo sapiens)
xolest182_hs_l	C45H76O2	Yes	"1-Linoleoyl-Cholesterol, Cholesterol-Ester (18:2, Delta 9, 12)"
xolest226_hs_l	C49H76O2	Yes	"Cholesteryl Docosahexanoate, Cholesterol-Ester (22:6, Delta 4,7,10,13,16,19)"
pear_hs_e	C25H44NO7P	Yes	1-Arachidonoyl-Sn-Glycero-3-Phosphoethanolamine
HC02191_x	C24H39O3	Yes	Lithocholate
aclys_c	C8H16N2O3	Yes	Acetyl-L-Lysine
3mtp_e	C4H8OS	Yes	3 Methylthiopropionate C4H7O2S
phlac_c	C9H9O3	Yes	Phenyllactate
tdechola_c	C26H44NO6S	Yes	Taurodeoxycholate
C06314_c	C20H31O5	Yes	Lipoxin A4(1-)
HC02213_c	C20H29O5	Yes	Prostaglandin E3
21hprgnlone_c	C21H32O3	Yes	21-Hydroxypregnenolone
C14768_c	C20H31O3	Yes	"5,6-EET"
3hpppnohgluc_c	C15H16O9	Yes	3-(3-Hydroxy-Phenyl)Propionate Hydroxy Derivative Glucuronide
3mhis_c	C7H11N3O2	Yes	3-Methylhistidine
3mhis_e	C7H11N3O2	Yes	3-Methylhistidine
C14769_e	C20H31O3	Yes	"8,9-EET"
C14770_c	C20H31O3	Yes	"11,12-EET"
CE1243_c	C17H26O3	Yes	12S-HHT
CE2028_c	C5H8O3	Yes	Beta-hydroxy-beta-methylbutyrate
acgly_c	C4H6NO3	Yes	Acetyl-Glycine
eidi1114ac_c	C20H35O2	Yes	"Cis,Cis-11,14-Eicosadienoic Acid"
acthr__L_m	C6H10NO4	Yes	Acetyl-Threonine 
CE6247_c	C20H31O5	Yes	"5,12,20-TriHETE"
acthr__L_c	C6H10NO4	Yes	Acetyl-Threonine 
and19one_c	C19H26O3	Yes	"19-Hydroxyandrost-4-Ene-3,17-Dione"
pe226_hs_e	C27H46NO7P	Yes	"1-Docosahexenoylglyceroethanolamine (Delta 4, 7, 10, 13, 16, 19), Lpe (22:6)"
pe224_hs_e	C27H48NO7P	Yes	"1-Docosatetraenoyglycerophosphoethanolamine (22:4, Delta 7, 10, 13, 16)"
dodecanac_c	C12H20O4	Yes	Dodecanedioic Acid
56dthm_e	C5H8N2O2	Yes	"5,6-Dihydrothymine"
56dura_e	C4H6N2O2	Yes	"5,6-dihydrouracil"
5HPET_e	C20H31O4	Yes	"5-Hydroperoxy-6-trans-8,11,14-cis-eicosatetraenoate"
acthr__L_e	C6H10NO4	Yes	Acetyl-Threonine 
adpoh_e	C6H8O5	Yes	2-Hydroxyadipic Acid
15HPET_e	C20H31O4	Yes	15-Hydroperoxyeicosatetraenoic acid
15kprostgf2_e	C20H31O5	Yes	15-Keto-Prostaglandin F2A
21hprgnlone_e	C21H32O3	Yes	21-Hydroxypregnenolone
3hmp_e	C4H7O3	Yes	3-Hydroxy-2-methylpropanoate
and19one_e	C19H26O3	Yes	"19-Hydroxyandrost-4-Ene-3,17-Dione"
aracheth_e	C22H38NO2	Yes	O-Arachidonoyl Ethanolamine
C02356_e	C4H9NO2	Yes	(S)-2-Aminobutanoate
C02712_e	C7H12NO3S	Yes	N-Acetylmethionine
C04717_e	C18H30O4	Yes	13(S)-HPODE(1-)
C05957_e	C20H29O4	Yes	Prostaglandin J2
C06314_e	C20H31O5	Yes	Lipoxin A4(1-)
pcholet_hs_e	C28H53NO7P	Yes	"1-Eicosatrienoylglycerophosphocholine (Delta 11, 14, 17)"
C14771_e	C20H31O3	Yes	"14,15-EET"
CE1273_e	C27H48O5	Yes	"5beta-cholestane-3alpha,7alpha,12alpha,24S,25-pentol"
CE2176_e	C10H13NO4	Yes	3-O-methyldopa
pcholn201_hs_e	C28H57NO7P	Yes	"1-Eicosenoylglycerophosphocholine (Delta 11) ,Sn1-Lpc (20:1)"
pcholn205_hs_e	C28H49NO7P	Yes	"1-Eicosapentenoylglycerophosphocholine (Delta 5, 8, 11, 14, 17), Sn1-Lpc (20:5)"
pcholn226_hs_e	C30H51NO7P	Yes	"1-Docosahexenoylglycerophosphocholine (Delta 4, 7, 10, 13, 16, 19), Sn1-Lpc (22:6)"
pcholn24_hs_e	C32H67NO7P	Yes	"1-Lignocericylglycerophosphocholine (24:0), Lysopc A C24"
eidi1114ac_e	C20H35O2	Yes	"Cis,Cis-11,14-Eicosadienoic Acid"
CE6031_e	C19H29O5S	Yes	Androsterone Sulfate
CE7082_e	C20H29O3	Yes	15(S)-HEPE
pcholn261_hs_e	C34H69NO7P	Yes	Lysopc A C26:1 (Delta 5)
pcholpalm_hs_e	C24H51NO7P	Yes	1-Palmitoylglycerophosphocholine
pe14_hs_e	C19H40NO7P	Yes	1-Myristoylglycerophosphoethanolamine (C14:0 Pe)
pe15_hs_e	C20H42NO7P	Yes	1-Pentadecanoylglycerophosphoethanolamine (C15:0 Pe)
pe161_hs_e	C21H42NO7P	Yes	"1-Hexadecenoylglycerophosphoethanolamine (C16:1 Pe, Delta 9)"
pe203_hs_e	C25H46NO7P	Yes	"1-Eicosatrienoylglycerophosphoethanolamine (Delta 11, 14, 17), Lpe (20:3)"
CE7083_e	C20H29O4	Yes	Leukotriene B5
docohxeth_e	C24H37NO2	Yes	Docosahexaenoyl Ethanolamide
elaidcrn_e	C25H47NO4	Yes	Elaidic carnitine
HC00900_e	C4H4O4	Yes	Methylmalonate
hexdiac_e	C16H28O4	Yes	Hexadecanediocacid
leuktrB4wcooh_e	C20H28O6	Yes	W-carboxy leukotriene B4
pe2linl_hs_e	C23H44NO7P	Yes	2-Linoleoylglycerophosphoethanolamine
pendecaeth_e	C17H35NO2	Yes	Pentadecanoyl Thanolamide (C15:0)
lineth_e	C20H37NO2	Yes	Linoleoyl Ethanolamide
lnlccrn_e	C25H45NO4	Yes	Linoleyl carnitine
pepalm_hs_e	C21H44NO7P	Yes	1-Palmitoylglycerophosphoethanolamine
peste_hs_e	C23H48NO7P	Yes	1-Stearoylglycerophosphoethanolamine
pmeth_e	C18H37NO2	Yes	Palmitoylethanolamide
lthstrl_e	C27H46O	Yes	5alpha-Cholest-7-en-3beta-ol
maglinl_hs_e	C21H38O4	Yes	1-Linoleoylglycerol
sebacid_e	C10H16O4	Yes	Sebacicacid
sphmyln180241_hs_e	C47H96N2O6P	Yes	"Sm (D18:0/24:1), Sphingomyelin"
magste_hs_e	C21H42O4	Yes	1-Stearoylglycerol
mev__R_e	C6H11O4	Yes	 R  Mevalonate C6H11O4
sphmyln18114_hs_e	C37H76N2O6P	Yes	"Sm (D18:1/14:0), Sphingomyelin"
sphmyln18115_hs_e	C38H78N2O6P	Yes	"Sm (D18:1/15:0), Sphingomyelin"
pailpalm_hs_e	C25H48O12P	Yes	1-Palmitoylglycerophosphoinositol
pailste_hs_e	C27H52O12P	Yes	1-Stearoylglycerophosphoinositol
sphmyln18116_hs_e	C39H80N2O6P	Yes	"Sm (D18:1/16:0), Sphingomyelin"
pchol2linl_hs_e	C26H51NO7P	Yes	2-Linoleoylglycerophosphocholine
pchol2ole_hs_e	C26H53NO7P	Yes	2-Oleoylglycerophosphocholine
pchol2palm_hs_e	C24H51NO7P	Yes	2-Palmitoylglycerophosphocholine
pcholar_hs_e	C28H51NO7P	Yes	1-Arachidonoyl-Glycero-3-Phosphocholine
sphmyln181181_hs_e	C41H82N2O6P	Yes	"Sm (D18:1/18:1), Sphingomyelin"
sphmyln18120_hs_e	C43H88N2O6P	Yes	"Sm (D18:1/20:0), Sphingomyelin"
sphmyln18121_hs_e	C44H90N2O6P	Yes	"Sm (D18:1/21:0), Sphingomyelin"
sphmyln18122_hs_e	C45H92N2O6P	Yes	"Sm (D18:1/22:0), Sphingomyelin"
sphmyln181221_hs_e	C45H90N2O6P	Yes	"Sm (D18:1/22:1), Sphingomyelin"
subeac_e	C8H12O4	Yes	Suberic acid
galt_c	C6H14O6	Yes	Galactitol
tetdeca511ac_e	C14H23O2	Yes	"Cia-5,8, Tetradecadienoic Acid"
thrnt_e	C4H7O5	Yes	L-Threonate
HC00900_c	C4H4O4	Yes	Methylmalonate
txb2_e	C20H33O6	Yes	Thromboxane B2 cytosol
xolest181_hs_e	C45H78O2	Yes	"1-Vaccenoyl-Cholesterol, Cholesterol-Ester (18:1, Delta 11)"
xolest182_hs_e	C45H76O2	Yes	"1-Linoleoyl-Cholesterol, Cholesterol-Ester (18:2, Delta 9, 12)"
xolest204_hs_e	C47H76O2	Yes	"Cholesteryl Arachidonate, Cholesterol-Ester (20:4, Delta 5,8,11,14)"
hmcr_c	C7H15N3O3	Yes	Homocitrulline
retinal_e	C20H28O	Yes	All-trans-Retinal
achom__L_e	C6H10NO4	Yes	Acetylhomoserine
phacgly_c	C10H10NO3	Yes	Phenylacetylglycine
phacgly_e	C10H10NO3	Yes	Phenylacetylglycine
estriol_c	C18H24O3	Yes	Estriol c
phlac_e	C9H9O3	Yes	Phenyllactate
mi1p__D_e	C6H11O9P	Yes	1D-myo-Inositol 1-phosphate
HC02193_c	C26H42NO4	Yes	Glycolithocholate
HC02192_c	C26H44NO5S	Yes	Taurolithocholate
alaargcys_e	C12H25N6O4S	Yes	Alanyl-Arginyl-Cysteine
HC02195_c	C26H45NO6S	Yes	Tauroursodeoxycholate
HC02196_c	C26H43NO5	Yes	Glycoursodeoxycholate
tetdeca511ac_c	C14H23O2	Yes	"Cia-5,8, Tetradecadienoic Acid"
pe12_hs_e	C17H36NO7P	Yes	1-Didecanoylglycerophosphoethanolamine (C12:0 Pe)
acile__L_m	C8H14NO3	Yes	Acetyl Isoleucine (Chemspider Id: 9964364)
acleu__L_m	C8H14NO3	Yes	N-Acetylleucine
acleu__L_e	C8H14NO3	Yes	N-Acetylleucine
HC02220_c	C24H38O7S	Yes	Sulfochenodeoxycholate
bz_m	C7H5O2	Yes	Benzoate
bzcoa_m	C28H36N7O17P3S	Yes	Benzoyl Coenzyme A
achom__L_m	C6H10NO4	Yes	Acetylhomoserine
achom__L_c	C6H10NO4	Yes	Acetylhomoserine
pcresol_e	C7H7O	Yes	P-Cresol
alaarggly_e	C11H23N6O4	Yes	Alanyl-Arginyl-Glycine
pheacgly_e	C10H10NO3	Yes	Phenylacetylglycine
alaglylys_e	C11H23N4O4	Yes	Alanyl-Glycyl-Lysine
pcs_e	C7H7O4S	Yes	P-Cresol Sulfate
hisargser_e	C15H27N8O5	Yes	Histidyl-Arginyl-Serine
hiscyscys_e	C12H19N5O4S2	Yes	Histidyl-Cystyl-Cysteine
alahisala_e	C12H19N5O4	Yes	Alanyl-Histidyl-Alanine
hisglu_e	C11H15N4O5	Yes	Histidyl-Glutamate
C05300_c	C18H22O3	Yes	16alpha-Hydroxyestrone
hisglugln_e	C16H23N6O7	Yes	Histidyl-Glutamyl-Glutamine
hislysala_e	C15H27N6O4	Yes	Histidyl-Lysyl-Alanine
hislysglu_e	C17H28N6O6	Yes	Histidyl-Lysyl-Glutamate
C05300_e	C18H22O3	Yes	16alpha-Hydroxyestrone
argalaala_e	C12H25N6O4	Yes	Arginyl-Alanyl-Alanine
dhbpt_e	C9H13N5O3	Yes	"6,7-Dihydrobiopterin"
hislysthr_e	C16H29N6O5	Yes	Histidyl-Lysyl-Threonine
hislysval_e	C17H31N6O4	Yes	Histidyl-Lysyl-Valine
hismetgln_e	C16H26N6O5S	Yes	Histidyl-Methionyl-Glutamine
hisphearg_e	C21H31N8O4	Yes	Histidyl-Phenylalanyl-Arginine
hisprolys_e	C17H29N6O4	Yes	Histidyl-Prolyl-Lysine
histrphis_e	C23H26N8O4	Yes	Histidyl-Tryptophanyl-Histidine
ileargile_e	C18H37N6O4	Yes	Isoleucyl-Arginyl-Isoleucine
argalaphe_e	C18H29N6O4	Yes	Arginyl-Alanine-Phenylalanine
ileasp_e	C10H17N2O5	Yes	Isolecyl-Aspartate
ileprolys_e	C17H33N4O4	Yes	Isolecyl-Prolyl-Lysine
prolyspro_e	C16H29N4O4	Yes	Prolyl-Lysyl-Proline
prophe_e	C14H18N2O3	Yes	Prolyl-Phenylalanine
argalathr_e	C13H27N6O5	Yes	Arginyl-Alanyl-Threonine
proproarg_e	C16H29N6O4	Yes	Prolyl-Prolyl-Arginine
propropro_e	C15H23N3O4	Yes	Prolyl-Prolyl-Proline
leuasnasp_e	C14H23N4O7	Yes	Leucyl-Asparaginyl-Aspartate
leuasplys_e	C16H30N4O6	Yes	Leucyl-Aspartyl-Lysine
protrplys_e	C22H32N5O4	Yes	Prolyl-Tryptophanyl-Lysine
provalgln_e	C15H26N4O5	Yes	Prolyl-Valyl-Glutamine
leuleutrp_e	C23H34N4O4	Yes	Leucyl-Leucyl-Tryptophan
argarg_e	C12H28N8O3	Yes	Arginyl-Arginine
leuproarg_e	C17H33N6O4	Yes	Leucyl-Prolyl-Arginine
leusertrp_e	C20H28N4O5	Yes	Leucyl-Seryl-Tryptophan
serlyshis_e	C15H27N6O5	Yes	Seryl-Lysyl-Histidine
thrglntyr_e	C18H26N4O7	Yes	Threonyl-Glutaminyl-Tyrosine
thrphearg_e	C19H31N6O5	Yes	Threonyl-Phenylalanyl-Arginine
thrserarg_e	C13H27N6O6	Yes	Threonyl-Seryl-Arginine
leutrp_e	C17H23N3O3	Yes	Leucyl-Tryptophan
thrthrarg_e	C14H29N6O6	Yes	Threonyl-Threonyl-Arginine
leuval_e	C11H22N2O3	Yes	Leucyl-Valine
thrtyrmet_e	C18H27N3O6S	Yes	Threonyl-Tyrosyl-Methionine
lysargleu_e	C18H38N7O4	Yes	Lysyl-Arginyl-Leucine
argarglys_e	C18H41N10O4	Yes	Arginyl-Arginyl-Lysine
lyscyshis_e	C15H27N6O4S	Yes	Lysyl-Cysteinyl-Histidine
lysglnphe_e	C20H32N5O5	Yes	Lysyl-Glutaminyl-Phenylalanine
lystrparg_e	C23H38N8O4	Yes	Lysyl-Tryptophanyl-Arginine
lysvalphe_e	C20H33N4O4	Yes	Lysyl-Valyl-Phenylalanine
trpargala_e	C20H30N7O4	Yes	Tryptophanyl-Arginyl-Alanine
trpglngln_e	C21H28N6O6	Yes	Tryptophanyl-Glutaminyl-Glutamine
trpglugly_e	C18H21N4O6	Yes	Tryptophanyl-Glutamyl-Glycine
trpglupro_e	C21H25N4O6	Yes	Tryptophanyl-Glutamyl-Proline
trpglyleu_e	C19H26N4O4	Yes	Tryptophanyl-Glycyl-Leucine
trpglyphe_e	C22H24N4O4	Yes	Tryptophanyl-Glycyl-Phenylalanine
trpilelys_e	C23H36N5O4	Yes	Tryptophanyl-Isoleucyl-Lysine
trpiletrp_e	C28H33N5O4	Yes	Tryptophanyl-Isoleucyl-Tryptophan
trpleuval_e	C22H32N4O4	Yes	Tryptophanyl-Leucyl-Valine
metglntyr_e	C19H28N4O6	Yes	Methionyl-Glutaminyl-Tyrosine
metphearg_e	C20H33N6O4S	Yes	Methionyl-Phenylalanyl-Arginine
pheasnmet_e	C18H26N4O5S	Yes	Phenylalanyl-Asparaginyl-Methionine
pheasp_e	C13H15N2O5	Yes	Phenylalanyl-Aspartate
pheleuasp_e	C19H26N3O6	Yes	Phenylalanyl-Leucyl-Aspartate
pheleuhis_e	C21H29N5O4	Yes	Phenylalanyl-Leucyl-Histidine
trplys_e	C17H25N4O3	Yes	Tryptophanyl-Lysine
trpmetval_e	C21H30N4O4S	Yes	Tryptophanyl-Methionyl-Valine
trptyrgln_e	C25H29N5O6	Yes	Tryptophanyl-Tyrosyl-Glutamine
phelyspro_e	C20H31N4O4	Yes	Phenylalanyl-Lysyl-Proline
phephethr_e	C22H27N3O5	Yes	Phenylalanyl-Phenylalaninyl-Threonine
pheproarg_e	C20H31N6O4	Yes	Phenylalanyl-Prolyl-Arginine
trptyrtyr_e	C29H30N4O6	Yes	Tryptophanyl-Tyrosyl-Tyrosine
phesertrp_e	C23H26N4O5	Yes	Phenylalanyl-Seryl-Tryptophan
tyrargser_e	C18H29N6O6	Yes	Tyrosyl-Arginyl-Serine
argcysgly_e	C11H23N6O4S	Yes	Arginyl-Cystinyl-Glycine
tyrcysthr_e	C16H23N3O6S	Yes	Tyrosyl-Cysteinyl-Threonine
tyrleuarg_e	C21H35N6O5	Yes	Tyrosyl-Leucyl-Arginine
tyrphetyr_e	C27H29N3O6	Yes	Tyrosyl-Phenylalanyl-Tyrosine
tyrthr_e	C13H18N2O5	Yes	Tyrosyl-Threonine
tyrtrpphe_e	C29H30N4O5	Yes	Tyrosyl-Tryptophanyl-Phenylalanine
tyrtyr_e	C18H20N2O5	Yes	Tyrosyl-Tyrosine
tyrvalmet_e	C19H29N3O5S	Yes	Tyrosyl-Valyl-Methionine
valarggly_e	C13H27N6O4	Yes	Valyl-Arginyl-Glycine
valhisasn_e	C15H24N6O5	Yes	Valyl-Histidyl-Asparagine
valphearg_e	C20H33N6O4	Yes	Valyl-Phenylalanyl-Arginine
valprotrp_e	C21H28N4O4	Yes	Valyl-Prolyl-Tryptophan
valserarg_e	C14H29N6O5	Yes	Valyl-Seryl-Arginine
phetyrgln_e	C23H28N4O6	Yes	Phenylalanyl-Tyrosinyl-Glutamine
phetyrlys_e	C24H33N4O5	Yes	Phenylalanyl-Tyrosinyl-Lysine
proargcys_e	C14H27N6O4S	Yes	Prolyl-Arginyl-Cysteine
proasncys_e	C12H20N4O5S	Yes	Prolyl-Asparaginyl-Cysteine
proglnpro_e	C15H24N4O5	Yes	Prolyl-Glutaminyl-Proline
prohis_e	C11H16N4O3	Yes	Prolyl-Histidine
prohistyr_e	C20H26N5O5	Yes	Prolyl-Histidyl-Tyrosine
alalysthr_e	C13H27N4O5	Yes	Alanyl-Lysine-Threonine
argargmet_e	C17H37N9O4S	Yes	Arginyl-Arginyl-Metheonine
argcysser_e	C12H25N6O5S	Yes	Arginyl-Cystinyl-Serine
argglupro_e	C16H28N6O6	Yes	Arginyl-Glutamyl-Proline
arghisthr_e	C16H29N8O5	Yes	Arginyl-Histidyl-Threonine
argpromet_e	C16H31N6O4S	Yes	Arginyl-Prolyl-Methionine
argprothr_e	C15H29N6O5	Yes	Arginyl-Prolyl-Threonine
glnproglu_e	C15H23N4O7	Yes	Glutaminyl-Prolyl-Glutamate
glntrpglu_e	C21H26N5O7	Yes	Glutaminyl-Tryptophanyl-Glutamate
glntyrleu_e	C20H30N4O6	Yes	Glutaminyl-Tyrosyl-Leucine
gluargleu_e	C17H32N6O6	Yes	Glutaminyl-Arginyl-Leucine
gluasnleu_e	C15H25N4O7	Yes	Glutaminyl-Asparaginyl-Leucine
gluglu_e	C10H14N2O7	Yes	Glutamyl-Glutamate
gluilelys_e	C17H32N4O6	Yes	Glutamyl-Isoleucyl-Lysine
glumet_e	C10H17N2O5S	Yes	Glutamyl-Methionine
glumethis_e	C16H24N5O6S	Yes	Glutamyl-Methioninyl-Histidine
asnasnarg_e	C14H27N8O6	Yes	Asparaginyl-Asparaginyl-Arginine
aspalaarg_e	C13H24N6O6	Yes	Asparaginyl-Alanyl-Arginine
aspasnglu_e	C13H18N4O9	Yes	Aspartyl-Asparaginyl-Glutamate
aspglupro_e	C14H19N3O8	Yes	Aspartyl-Glutamyl-Proline
aspglutrp_e	C20H22N4O8	Yes	Aspartyl-Glutamyl-Tryptophan
asphiscys_e	C13H18N5O6S	Yes	Aspartyl-Histidyl-Cysteine
asphispro_e	C15H20N5O6	Yes	Aspartyl-Histidyl-Proline
asplysglu_e	C15H25N4O8	Yes	Aspartyl-Lysyl-Glutamate
asplyshis_e	C16H26N6O6	Yes	Aspartyl-Lysyl-Histidine
gluthrlys_e	C15H28N4O7	Yes	Glutamyl-Threonyl-Lysine
glyvalhis_e	C13H21N5O4	Yes	Glycyl-Valyl-Histidine
hisasp_e	C10H13N4O5	Yes	Histidyl-Aspartate
hisglnala_e	C14H22N6O5	Yes	Histidyl-Glutaminyl-Alanine
hisglylys_e	C14H25N6O4	Yes	Histidyl-Lysyl-Lysine
hislysile_e	C18H33N6O4	Yes	Histidyl-Lysyl-Isoleucine
aspmetasp_e	C13H19N3O8S	Yes	Aspartyl-Methionyl-Aspartate
aspprolys_e	C15H26N4O6	Yes	Aspartyl-Prolyl-Lysine
aspvalasn_e	C13H21N4O7	Yes	Aspartyl-Valyl-Asparagine
cysasnmet_e	C12H22N4O5S2	Yes	Cystyl-Asparaginyl-Methionine
hismet_e	C11H18N4O3S	Yes	Histidyl-Methionine
cysaspphe_e	C16H20N3O6S	Yes	Cystyl-Aspartyl-Phenylalanine
cysgluhis_e	C14H20N5O6S	Yes	Cystyl-Glutamyl-Histidine
cysglutrp_e	C19H23N4O6S	Yes	Cystyl-Glutamyl-Tryptophan
cysleuthr_e	C13H25N3O5S	Yes	Cystyl-Leucyl-Threonine
argglygly_e	C10H21N6O4	Yes	Arginyl-Glycyl-Glycine
cyssermet_e	C11H21N3O5S2	Yes	Cystyl-Seryl-Methionine
argphearg_e	C21H37N9O4	Yes	Arginyl-Phenylalanine-Arginine
ileasnhis_e	C16H26N6O5	Yes	Isoleucyl-Asparaginyl-Histidine
ileglyarg_e	C14H29N6O4	Yes	Isolecyl-Glycyl-Arginine
ileserarg_e	C15H31N6O5	Yes	Isolecyl-Seryl-Arginine
leupro_e	C11H20N2O3	Yes	Leucyl-Proline
glnhislys_e	C17H30N7O5	Yes	Glutaminyl-Histidyl-Lysine
leutrparg_e	C23H36N7O4	Yes	Leucyl-Tryptophanyl-Arginine
argtyrval_e	C20H33N6O5	Yes	Argtyrval
argvalcys_e	C14H29N6O4S	Yes	Arginyl-Valyl-Cysteine
sertrphis_e	C20H24N6O5	Yes	Seryl-Tryptophanyl-Histidine
argvaltrp_e	C22H34N7O4	Yes	Arginyl-Valyl-Tryptophan
lysgluglu_e	C16H27N4O8	Yes	Lysyl-Glutamyl-Glutamate
lyslyslys_e	C18H41N6O4	Yes	Lysyl-Lysyl-Lysine
lystyrile_e	C21H35N4O5	Yes	Lysyl-Tyrosyl-Isoleucine
thrhishis_e	C16H23N7O5	Yes	Threonyl-Histidinyl-Histidine
thrilearg_e	C16H33N6O5	Yes	Threonyl-Isoleucyl-Arginine
metargleu_e	C17H35N6O4S	Yes	Methionyl-Arginyl-Leucine
metglyarg_e	C13H27N6O4S	Yes	Methionyl-Glycyl-Arginine
trpaspasp_e	C19H20N4O8	Yes	Tryptophanyl-Aspartyl-Aspartate
trpgluleu_e	C22H29N4O6	Yes	Tryptophanyl-Glutamyl-Leucine
trpglutyr_e	C25H27N4O7	Yes	Tryptophanyl-Glutamyl-Tyrosine
mettrpphe_e	C25H30N4O4S	Yes	Methionyl-Tryptophanyl-Phenylalanine
pheleu_e	C15H22N2O3	Yes	Phenylalanyl-Leucine
trpglyval_e	C18H24N4O4	Yes	Tryptophanyl-Glycyl-Valine
phelysala_e	C18H29N4O4	Yes	Phenylalanyl-Lysyl-Alanine
asncyscys_e	C10H18N4O5S2	Yes	Asparaginyl-Cysteinyl-Cysteine
phepheasn_e	C22H26N4O5	Yes	Phenylalanyl-Phenylalaninyl-Asparagine
trpmetarg_e	C22H34N7O4S	Yes	Tryptophanyl-Methionyl-Arginine
trpphe_e	C20H21N3O3	Yes	Tryptophanyl-Phenylalanine
trpproleu_e	C22H30N4O4	Yes	Tryptophanyl-Prolyl-Leucine
trpsertyr_e	C23H26N4O6	Yes	Tryptophanyl-Seryl-Tyrosine
phethrlys_e	C19H31N4O5	Yes	Phenylalanyl-Threonyl-Lysine
proargasp_e	C15H26N6O6	Yes	Prolyl-Arginyl-Aspartate
trpthrile_e	C21H30N4O5	Yes	Tryptophanyl-Threonyl-Isoleucine
trpthrtyr_e	C24H28N4O6	Yes	Tryptophanyl-Threonyl-Tyrosine
proleuarg_e	C17H33N6O4	Yes	Prolyl-Leucyl-Arginine
trpvalasp_e	C20H25N4O6	Yes	Tryptophanyl-Valyl-Aspartate
tyrala_e	C12H16N2O4	Yes	Tyrosyl-Alanine
tyrasparg_e	C19H28N6O7	Yes	Tyrosyl-Aspartyl-Arginine
tyrglu_e	C14H17N2O6	Yes	Tyrosyl-Glutamate
protrpthr_e	C20H26N4O5	Yes	Prolyl-Tryptophanyl-Threonine
serargtrp_e	C20H30N7O5	Yes	Seryl-Arginyl-Tryptophan
asnpheasp_e	C17H21N4O7	Yes	Asparaginyl-Phenylalanyl-Aspartate
asnphecys_e	C16H22N4O5S	Yes	Asparaginyl-Phenylalanyl-Cysteine
vallystyr_e	C20H33N4O5	Yes	Valyl-Lysyl-Tyrosine
asntyrthr_e	C17H24N4O7	Yes	Asparaginyl-Tyrosyl-Threonine
glylysphe_c	C17H27N4O4	Yes	Glycyl-Lysyl-Phenylalanine
valtrpphe_e	C25H30N4O4	Yes	Valyl-Tryptophanyl-Phenylalanine
aspglu_e	C9H12N2O7	Yes	Aspartyl-Glutamate
valval_e	C10H20N2O3	Yes	Valyl-Valine
alaargcys_c	C12H25N6O4S	Yes	Alanyl-Arginyl-Cysteine
glytyrlys_c	C17H27N4O5	Yes	Glycyl-Tyrosyl-Lysine
glyvalhis_c	C13H21N5O4	Yes	Glycyl-Valyl-Histidine
hisglu_c	C11H15N4O5	Yes	Histidyl-Glutamate
hisglugln_c	C16H23N6O7	Yes	Histidyl-Glutamyl-Glutamine
hishislys_c	C18H29N8O4	Yes	Histidyl-Histidyl-Lysine
alaarggly_c	C11H23N6O4	Yes	Alanyl-Arginyl-Glycine
alaasnleu_c	C13H24N4O5	Yes	Alanyl-Asparaginyl-Leucine
alaglylys_c	C11H23N4O4	Yes	Alanyl-Glycyl-Lysine
alahisala_c	C12H19N5O4	Yes	Alanyl-Histidyl-Alanine
argalathr_c	C13H27N6O5	Yes	Arginyl-Alanyl-Threonine
hislysile_c	C18H33N6O4	Yes	Histidyl-Lysyl-Isoleucine
hislysthr_c	C16H29N6O5	Yes	Histidyl-Lysyl-Threonine
hislysval_c	C17H31N6O4	Yes	Histidyl-Lysyl-Valine
hismetgln_c	C16H26N6O5S	Yes	Histidyl-Methionyl-Glutamine
histrphis_c	C23H26N8O4	Yes	Histidyl-Tryptophanyl-Histidine
ileargile_c	C18H37N6O4	Yes	Isoleucyl-Arginyl-Isoleucine
ileglnglu_c	C16H27N4O7	Yes	Isolecyl-Glutaminyl-Glutamate
ileglyarg_c	C14H29N6O4	Yes	Isolecyl-Glycyl-Arginine
ileprolys_c	C17H33N4O4	Yes	Isolecyl-Prolyl-Lysine
iletrptyr_c	C26H32N4O5	Yes	Isolecyl-Tryptophanyl-Tyrosine
argarglys_c	C18H41N10O4	Yes	Arginyl-Arginyl-Lysine
argargmet_c	C17H37N9O4S	Yes	Arginyl-Arginyl-Metheonine
argleuphe_c	C21H35N6O4	Yes	Arginyl-Leucyl-Phenylalanine
argphearg_c	C21H37N9O4	Yes	Arginyl-Phenylalanine-Arginine
leuasplys_c	C16H30N4O6	Yes	Leucyl-Aspartyl-Lysine
leuleutrp_c	C23H34N4O4	Yes	Leucyl-Leucyl-Tryptophan
argpromet_c	C16H31N6O4S	Yes	Arginyl-Prolyl-Methionine
leupro_c	C11H20N2O3	Yes	Leucyl-Proline
leuproarg_c	C17H33N6O4	Yes	Leucyl-Prolyl-Arginine
argprothr_c	C15H29N6O5	Yes	Arginyl-Prolyl-Threonine
argvalcys_c	C14H29N6O4S	Yes	Arginyl-Valyl-Cysteine
asnasnarg_c	C14H27N8O6	Yes	Asparaginyl-Asparaginyl-Arginine
aspalaarg_c	C13H24N6O6	Yes	Asparaginyl-Alanyl-Arginine
leusertrp_c	C20H28N4O5	Yes	Leucyl-Seryl-Tryptophan
leutyrtyr_c	C24H31N3O6	Yes	Leucyl-Tyrosyl-Tyrosine
lyscyshis_c	C15H27N6O4S	Yes	Lysyl-Cysteinyl-Histidine
lyslyslys_c	C18H41N6O4	Yes	Lysyl-Lysyl-Lysine
aspglupro_c	C14H19N3O8	Yes	Aspartyl-Glutamyl-Proline
aspglutrp_c	C20H22N4O8	Yes	Aspartyl-Glutamyl-Tryptophan
lystrparg_c	C23H38N8O4	Yes	Lysyl-Tryptophanyl-Arginine
lysvalphe_c	C20H33N4O4	Yes	Lysyl-Valyl-Phenylalanine
metasntyr_c	C18H26N4O6S	Yes	Methionyl-Asparaginyl-Tyrosine
metphearg_c	C20H33N6O4S	Yes	Methionyl-Phenylalanyl-Arginine
asphiscys_c	C13H18N5O6S	Yes	Aspartyl-Histidyl-Cysteine
asphispro_c	C15H20N5O6	Yes	Aspartyl-Histidyl-Proline
asplysglu_c	C15H25N4O8	Yes	Aspartyl-Lysyl-Glutamate
aspmetasp_c	C13H19N3O8S	Yes	Aspartyl-Methionyl-Aspartate
aspprolys_c	C15H26N4O6	Yes	Aspartyl-Prolyl-Lysine
aspvalasn_c	C13H21N4O7	Yes	Aspartyl-Valyl-Asparagine
cysasnmet_c	C12H22N4O5S2	Yes	Cystyl-Asparaginyl-Methionine
pheleu_c	C15H22N2O3	Yes	Phenylalanyl-Leucine
pheleuasp_c	C19H26N3O6	Yes	Phenylalanyl-Leucyl-Aspartate
pheleuhis_c	C21H29N5O4	Yes	Phenylalanyl-Leucyl-Histidine
phelysala_c	C18H29N4O4	Yes	Phenylalanyl-Lysyl-Alanine
phelyspro_c	C20H31N4O4	Yes	Phenylalanyl-Lysyl-Proline
cysaspphe_c	C16H20N3O6S	Yes	Cystyl-Aspartyl-Phenylalanine
cyscys_c	C6H12N2O3S2	Yes	Cystyl-Cysteine
cysglutrp_c	C19H23N4O6S	Yes	Cystyl-Glutamyl-Tryptophan
cysleuthr_c	C13H25N3O5S	Yes	Cystyl-Leucyl-Threonine
cyssermet_c	C11H21N3O5S2	Yes	Cystyl-Seryl-Methionine
phephethr_c	C22H27N3O5	Yes	Phenylalanyl-Phenylalaninyl-Threonine
pheproarg_c	C20H31N6O4	Yes	Phenylalanyl-Prolyl-Arginine
phesertrp_c	C23H26N4O5	Yes	Phenylalanyl-Seryl-Tryptophan
proargcys_c	C14H27N6O4S	Yes	Prolyl-Arginyl-Cysteine
cystyrasn_c	C16H22N4O6S	Yes	Cystyl-Tyrosyl-Asparagine
glnasngln_c	C14H24N6O7	Yes	Glutaminyl-Asparaginyl-Glutamine
proglnpro_c	C15H24N4O5	Yes	Prolyl-Glutaminyl-Proline
glnlyslys_c	C17H36N6O5	Yes	Glutaminyl-Lysyl-Lysine
prohis_c	C11H16N4O3	Yes	Prolyl-Histidine
prohistyr_c	C20H26N5O5	Yes	Prolyl-Histidyl-Tyrosine
proleuarg_c	C17H33N6O4	Yes	Prolyl-Leucyl-Arginine
glnlystrp_c	C22H33N6O5	Yes	Glutaminyl-Lysyl-Tryptophan
gluasnleu_c	C15H25N4O7	Yes	Glutaminyl-Asparaginyl-Leucine
gluglu_c	C10H14N2O7	Yes	Glutamyl-Glutamate
gluilelys_c	C17H32N4O6	Yes	Glutamyl-Isoleucyl-Lysine
gluleu_c	C11H19N2O5	Yes	Glutamyl-Leucine
glumet_c	C10H17N2O5S	Yes	Glutamyl-Methionine
gluthrlys_c	C15H28N4O7	Yes	Glutamyl-Threonyl-Lysine
prolyspro_c	C16H29N4O4	Yes	Prolyl-Lysyl-Proline
prophe_c	C14H18N2O3	Yes	Prolyl-Phenylalanine
proproarg_c	C16H29N6O4	Yes	Prolyl-Prolyl-Arginine
propropro_c	C15H23N3O4	Yes	Prolyl-Prolyl-Proline
protrpthr_c	C20H26N4O5	Yes	Prolyl-Tryptophanyl-Threonine
provalgln_c	C15H26N4O5	Yes	Prolyl-Valyl-Glutamine
xolest226_hs_e	C49H76O2	Yes	"Cholesteryl Docosahexanoate, Cholesterol-Ester (22:6, Delta 4,7,10,13,16,19)"
cystyrasn_e	C16H22N4O6S	Yes	Cystyl-Tyrosyl-Asparagine
pcholn281_hs_e	C36H73NO7P	Yes	Lysopc A C28:1 (Delta 5)
glnasngln_e	C14H24N6O7	Yes	Glutaminyl-Asparaginyl-Glutamine
xolest183_hs_c	C45H74O2	Yes	"1-Gamma-Linolenoyl-Cholesterol, Cholesterol-Ester (18:3, Delta 6, 9, 12)"
sercysarg_c	C12H25N6O5S	Yes	Seryl-Cysteinyl-Arginine
serglyglu_c	C10H16N3O7	Yes	Seryl-Glycyl-Glutamate
serlyshis_c	C15H27N6O5	Yes	Seryl-Lysyl-Histidine
sertrphis_c	C20H24N6O5	Yes	Seryl-Tryptophanyl-Histidine
thrasntyr_c	C17H24N4O7	Yes	Threonyl-Asparaginyl-Tyrosine
thrglntyr_c	C18H26N4O7	Yes	Threonyl-Glutaminyl-Tyrosine
thrilearg_c	C16H33N6O5	Yes	Threonyl-Isoleucyl-Arginine
xolest205_hs_c	C47H74O2	Yes	"1-Timnodnoyl-Cholesterol, Cholesterol-Ester (20:5, Delta 5,8,11,14,17)"
pheacgly_m	C10H10NO3	Yes	Phenylacetylglycine
hxa_m	C6H11O2	Yes	Hexanoate (n-C6:0)
hxa_x	C6H11O2	Yes	Hexanoate (n-C6:0)
thrmetarg_c	C15H31N6O5S	Yes	Threonyl-Methionyl-Arginine
thrtyrmet_c	C18H27N3O6S	Yes	Threonyl-Tyrosyl-Methionine
ttdceacoa_c	C35H56N7O17P3S	Yes	Tetradecenoyl Coenzyme A (N-C14:1)
pac_m	C8H7O2	Yes	Phenylacetic acid
trpalapro_c	C19H24N4O4	Yes	Tryptophanyl-Alanyl-Proline
trpglutyr_c	C25H27N4O7	Yes	Tryptophanyl-Glutamyl-Tyrosine
trpglyval_c	C18H24N4O4	Yes	Tryptophanyl-Glycyl-Valine
trpiletrp_c	C28H33N5O4	Yes	Tryptophanyl-Isoleucyl-Tryptophan
trpleuval_c	C22H32N4O4	Yes	Tryptophanyl-Leucyl-Valine
trplys_c	C17H25N4O3	Yes	Tryptophanyl-Lysine
trpmetarg_c	C22H34N7O4S	Yes	Tryptophanyl-Methionyl-Arginine
trpphe_c	C20H21N3O3	Yes	Tryptophanyl-Phenylalanine
trpproval_c	C21H28N4O4	Yes	Tryptophanyl-Prolyl-Valine
trpsertyr_c	C23H26N4O6	Yes	Tryptophanyl-Seryl-Tyrosine
trpthrile_c	C21H30N4O5	Yes	Tryptophanyl-Threonyl-Isoleucine
trptyrgln_c	C25H29N5O6	Yes	Tryptophanyl-Tyrosyl-Glutamine
tyrala_c	C12H16N2O4	Yes	Tyrosyl-Alanine
tyrargser_c	C18H29N6O6	Yes	Tyrosyl-Arginyl-Serine
tyrcysthr_c	C16H23N3O6S	Yes	Tyrosyl-Cysteinyl-Threonine
tyrglu_c	C14H17N2O6	Yes	Tyrosyl-Glutamate
HC00900_m	C4H4O4	Yes	Methylmalonate
pgp_hs_m	C6H11O9P2RCO2R2CO2	Yes	Phosphatidyl glycerol phosphate (homo sapiens)
doco13ac_c	C22H41O2	Yes	13Z)-13-docosenoic acid
tyrtyr_c	C18H20N2O5	Yes	Tyrosyl-Tyrosine
tyrvalmet_c	C19H29N3O5S	Yes	Tyrosyl-Valyl-Methionine
valleuphe_c	C20H31N3O4	Yes	Valyl-Leucyl-Phenylalanine
valprotrp_c	C21H28N4O4	Yes	Valyl-Prolyl-Tryptophan
valtrpval_c	C21H30N4O4	Yes	Valyl-Tryptophanyl-Valine
glutrpala_e	C19H23N4O6	Yes	Glutamyl-Tryptophanyl-Alanine
trpglyasp_c	C17H19N4O6	Yes	Tryptophanyl-Glycyl-Aspartate
xolest205_hs_e	C47H74O2	Yes	"1-Timnodnoyl-Cholesterol, Cholesterol-Ester (20:5, Delta 5,8,11,14,17)"
glyhisasn_e	C12H18N6O5	Yes	Glycyl-Histidyl-Asparagine
glylyscys_e	C11H23N4O4S	Yes	Glycyl-Lysyl-Cysteine
mqn9_c	C56H80O2	Yes	Menaquinone-9
glylysphe_e	C17H27N4O4	Yes	Glycyl-Lysyl-Phenylalanine
core4_e	C24H40N3O15X	Yes	Core4 g
core5_e	C16H27N2O10X	Yes	Core5 g
dsT_antigen_e	C36H56N3O26X	Yes	DsT antigen g
f1a_e	C22H37N2O15X	Yes	F1alpha
gncore1_e	C22H37N2O15X	Yes	"GlcNAc-alpha-1,4-Core 1"
mqn7_e	C46H64O2	Yes	Menaquinone 7 C46H64O2
lpam_e	C8H15NOS2	Yes	Lipoamide C8H15NOS2
pcreat_e	C4H8N3O5P	Yes	Phosphocreatine
HC00342_e	C6H3O6	Yes	"Cis-aconitate(3-); (1Z)-prop-1-ene-1,2,3-tricarboxylat"
CE2934_e	C10H10NO3	Yes	O-methylhippurate
mqn10_c	C61H88O2	Yes	Menaquinone-10
gncore1_g	C22H37N2O15X	Yes	"GlcNAc-alpha-1,4-Core 1"
doco13ecoa_c	C43H72N7O17P3S	Yes	13-Docosenoyl Coenzyme A
hom__L_m	C4H9NO3	Yes	L-Homoserine
CE2934_c	C10H10NO3	Yes	O-methylhippurate
C05300_r	C18H22O3	Yes	16alpha-Hydroxyestrone
pglyc_hs_m	C6H12O6PRCO2R2CO2	Yes	Phosphatidylglycerol (homo sapiens)
HC02197_c	C26H41NO7S	Yes	Sulfoglycolithocholate(2-)
dxtrn_e	C48H81O41X	Yes	"Phosphorylase-limit dextrin (glycogenin-1,6{4[1,4-Glc], 4[1,4-Glc]})"
dhcholestanate_e	C27H45O4	Yes	"3alpha,7alpha-Dihydroxy-5beta-cholestanate"
thcholstoic_e	C27H45O5	Yes	"3alpha,7alpha,12alpha-Trihydroxy-5beta-cholestanoate"
mqn8_e	C51H72O2	Yes	Menaquinone 8
xol7aone_e	C27H44O2	Yes	7alpha-Hydroxycholest-4-en-3-one
7klitchol_c	C24H37O4	Yes	7-Ketolithocholate
mvlac_c	C6H10O3	Yes	Mevalonate-Lactone
tiggly_c	C7H10NO3	Yes	Tiglyl Glycine
3hglutcoa_m	C26H37N7O20P3S	Yes	3-Hydroxy-Glutaryl Coenzyme A
3ohglutac_c	C5H6O5	Yes	3-Hydroxy-Glutarate
glutacoa_m	C26H35N7O19P3S	Yes	Glutaconyl Coenzyme A
3hivac_c	C5H9O3	Yes	3-Hydroxyisovaleric Acid
3hadicoa_x	C27H39N7O20P3S	Yes	3-Hydroxy-Adipoyl Coenzyme A
3hadpac_x	C6H8O5	Yes	3-Hydroxy-Adipate
3hadpac_c	C6H8O5	Yes	3-Hydroxy-Adipate
3hadpac_e	C6H8O5	Yes	3-Hydroxy-Adipate
pailar_hs_c	C29H48O12P	Yes	1-Arachidonoylglycerophosphoinositol
pcholn226_hs_c	C30H51NO7P	Yes	"1-Docosahexenoylglycerophosphocholine (Delta 4, 7, 10, 13, 16, 19), Sn1-Lpc (22:6)"
pchol2linl_hs_c	C26H51NO7P	Yes	2-Linoleoylglycerophosphocholine
pchol2ole_hs_c	C26H53NO7P	Yes	2-Oleoylglycerophosphocholine
pchol2ste_hs_c	C26H55NO7P	Yes	2-Stearoylglycerophosphocholine
pcholdoc_hs_c	C34H59NO7P	Yes	1-Docosahexaenoylglycerophosphocholine
pcholeic_hs_c	C28H55NO7P	Yes	"1-Eicosadienoylglycerophosphocholine (Delta 11,14)"
pcholet_hs_c	C28H53NO7P	Yes	"1-Eicosatrienoylglycerophosphocholine (Delta 11, 14, 17)"
3ohsubcoa_x	C29H43N7O20P3S	Yes	3-Hydoxy-Suberyl Coenzyme A
caproic_c	C6H11O2	Yes	Caproic Acid
5ohhexa_c	C6H11O3	Yes	5-Hydroxyhexanoic Acid
pchollinl_hs_c	C26H51NO7P	Yes	"1-Linoleoylglycerophosphocholine (Delta 9,12)"
ethmalac_e	C5H6O4	Yes	Ethylmalonic Acid
pcholn183_hs_c	C26H49NO7P	Yes	"1-Octadeca-Trienoylglycerophosphocholine, Sn1-Lpc (18:3, Delta 9, 12, 15)"
hexgly_c	C8H14NO3	Yes	Hexanoyl-Glycine
hexgly_e	C8H14NO3	Yes	Hexanoyl-Glycine
methsuccoa_c	C26H37N7O19P3S	Yes	Methyl-Succinyl Coenzyme A
pcholn203_hs_c	C28H53NO7P	Yes	"1-Dihomo-Linolenoylglycerophosphocholine (20:3, Delta 8, 11, 14), Lysopc A C20:3"
pcholn224_hs_c	C30H55NO7P	Yes	"1-Docosatetraenoylglycerophosphocholine (Delta 7, 10, 13, 16), Sn1-Lpc (22:4)"
pcholn225_hs_c	C30H53NO7P	Yes	"1-Docosapentenoylglycerophosphocholine (Delta 7, 10, 13, 16, 19), Sn1-Lpc (22:5)-W3"
pcholn2254_hs_c	C30H53NO7P	Yes	"1-Docosapentenoylglycerophosphocholine (Delta 4, 7, 10, 13, 16), Sn1-Lpc (22:5)-W6"
pcholole_hs_c	C26H53NO7P	Yes	1-Oleoylglycerophosphocholine (Delta 9)
pcholpalme_hs_c	C24H49NO7P	Yes	1-Palmitoleoylglycerophosphocholine (Delta 9)
pe14_hs_c	C19H40NO7P	Yes	1-Myristoylglycerophosphoethanolamine (C14:0 Pe)
subgly_e	C10H15NO5	Yes	Suberyl-Glycine
4ohbut_m	C4H7O3	Yes	4-Hydroxy-Butyrate
4ohbut_e	C4H7O3	Yes	4-Hydroxy-Butyrate
C14770_e	C20H31O3	Yes	"11,12-EET"
pe161_hs_c	C21H42NO7P	Yes	"1-Hexadecenoylglycerophosphoethanolamine (C16:1 Pe, Delta 9)"
pe17_hs_c	C22H46NO7P	Yes	1-Heptadecanoylglycerophosphoethanolamine (C17:0 Pe)
pe203_hs_c	C25H46NO7P	Yes	"1-Eicosatrienoylglycerophosphoethanolamine (Delta 11, 14, 17), Lpe (20:3)"
pe2linl_hs_c	C23H44NO7P	Yes	2-Linoleoylglycerophosphoethanolamine
CE2510_e	C20H37O2	Yes	11-cis-eicosenoate
pear_hs_c	C25H44NO7P	Yes	1-Arachidonoyl-Sn-Glycero-3-Phosphoethanolamine
phpyr_m	C9H7O3	Yes	Phenylpyruvate
3mox4hoxm_e	C9H9O5	Yes	3-Methoxy-4-hydroxymandelate
CE4970_m	C7H12NO3	Yes	2-methylbutyrylglycine
pelinl_hs_c	C23H44NO7P	Yes	"1-Linoleoylglycerophosphoethanolamine (Delta 9,12)"
CE2026_m	C7H10NO3	Yes	3-methylcrotonoylglycine
pcholpalm_hs_c	C24H51NO7P	Yes	1-Palmitoylglycerophosphocholine
sphmyln181161_hs_c	C39H78N2O6P	Yes	"Sm (D18:1/16:1), Sphingomyelin"
CE2026_e	C7H10NO3	Yes	3-methylcrotonoylglycine
sphmyln18117_hs_c	C40H82N2O6P	Yes	"Sm (D18:1/17:0), Sphingomyelin"
sphmyln18120_hs_c	C43H88N2O6P	Yes	"Sm (D18:1/20:0), Sphingomyelin"
sphmyln18121_hs_c	C44H90N2O6P	Yes	"Sm (D18:1/21:0), Sphingomyelin"
2hydog_c	C5H6O5	Yes	2-Hydroxy-Glutarate
peste_hs_c	C23H48NO7P	Yes	1-Stearoylglycerophosphoethanolamine
sphmyln180241_hs_c	C47H96N2O6P	Yes	"Sm (D18:0/24:1), Sphingomyelin"
sphmyln18118_hs_c	C41H84N2O6P	Yes	"Sm (D18:1/18:0), Sphingomyelin"
sphmyln18123_hs_c	C46H94N2O6P	Yes	"Sm (D18:1/23:0), Sphingomyelin"
thexdd_e	C16H27O2	Yes	"7Z,10Z-Hexadecadienoic Acid"
hexdtr_m	C16H25O2	Yes	"(Z,Z,Z)-7,10,13-Hexadecatrienoic Acid"
sphmyln1824_hs_c	C47H98N2O6P	Yes	"Sm (D18:0/24:0), Sphingomyelin"
hexdtr_c	C16H25O2	Yes	"(Z,Z,Z)-7,10,13-Hexadecatrienoic Acid"
CE4968_m	C7H12NO3	Yes	Isovalerylglycine
hexdtr_e	C16H25O2	Yes	"(Z,Z,Z)-7,10,13-Hexadecatrienoic Acid"
CE4968_c	C7H12NO3	Yes	Isovalerylglycine
hpdececoa_m	C36H58N7O17P3S	Yes	Trans-Delta-2-Heptadecanoyl Coenzyme A
eic21114tr_c	C20H33O2	Yes	"Trans,Cis,Cis-2,11,14-Eicosatrienoic Acid"
eic21114tr_e	C20H33O2	Yes	"Trans,Cis,Cis-2,11,14-Eicosatrienoic Acid"
CE4968_e	C7H12NO3	Yes	Isovalerylglycine
pcholhep_hs_e	C25H53NO7P	Yes	1-Heptadecanoylglycerophosphocholine
pchollinl_hs_e	C26H51NO7P	Yes	"1-Linoleoylglycerophosphocholine (Delta 9,12)"
pcholn15_hs_e	C23H49NO7P	Yes	"1-Pentadecanoylglycerophosphocholine, Sn1-Lpc (15:0)"
pcholn183_hs_e	C26H49NO7P	Yes	"1-Octadeca-Trienoylglycerophosphocholine, Sn1-Lpc (18:3, Delta 9, 12, 15)"
pcholn1836_hs_e	C26H49NO7P	Yes	"1-Octadeca-Trienoylglycerophosphocholine, Sn1-Lpc (18:3, Delta 6, 9, 12)"
pcholn225_hs_e	C30H53NO7P	Yes	"1-Docosapentenoylglycerophosphocholine (Delta 7, 10, 13, 16, 19), Sn1-Lpc (22:5)-W3"
5eipenc_c	C20H29O2	Yes	"5,8,11,14,17-Eicosapentenoic Acid"
eandrstrn_c	C19H28O3	Yes	16alpha-hydroxydehydroepiandrosterone
ahandrostan_c	C19H30O2	Yes	3alpha-Hydroxy-5beta-androstan-17-one
pcholste_hs_e	C26H55NO7P	Yes	1-Stearoylglycerophosphocholine
sucaceto_c	C7H9O4	Yes	Succinylacetone
CE1352_c	C21H31O6S	Yes	17Alpha-Hydroxypregnenolone Sulfate
vanilpyr_c	C10H9O5	Yes	Vanilpyruvic Acid
C05769_c	C36H34N4O8	Yes	Coproporphyrin I
sphmyln18114_hs_c	C37H76N2O6P	Yes	"Sm (D18:1/14:0), Sphingomyelin"
sphmyln18115_hs_c	C38H78N2O6P	Yes	"Sm (D18:1/15:0), Sphingomyelin"
sphmyln18116_hs_c	C39H80N2O6P	Yes	"Sm (D18:1/16:0), Sphingomyelin"
vanillac_c	C10H11O5	Yes	Vanil-Lactate
mlthf_e	C20H21N7O6	Yes	"5,10-Methylenetetrahydrofolate"
CE4890_c	C11H16NO2	Yes	N-methylsalsolinol
CE4877_c	C20H27O3	Yes	15-deoxy-prostaglandin J2
C05770_c	C36H34N4O8	Yes	Coproporphyrin Iii
dhea_e	C19H28O2	Yes	Dehydroepiandrosterone
ahandrostan_e	C19H30O2	Yes	3alpha-Hydroxy-5beta-androstan-17-one
andrstandn_e	C19H28O2	Yes	"5alpha-androstane-3,17-dione"
CE2209_e	C19H32O2	Yes	"5alpha-androstane-3alpha,17beta-diol"
estrone_e	C18H22O2	Yes	Estrone cytosol
C05299_e	C19H24O3	Yes	2-Methoxyestrone
C05302_e	C19H26O3	Yes	2-Methoxyestradiol-17beta
11docrtsl_e	C21H30O4	Yes	11docrtsl c
34dhoxmand_c	C8H7O5	Yes	"3,4-Dihydroxymandelate"
CE6205_c	C11H13NO2	Yes	5-methoxytryptophol
1a25dhvitd3_e	C27H44O3	Yes	"1-alpha,25-Dihydroxyvitamin D3"
CE4969_m	C6H10NO3	Yes	Isobutyrylglycine
CE4969_c	C6H10NO3	Yes	Isobutyrylglycine
CE1310_c	C5H8NO3S	Yes	N-acetyl-L-cysteine
prgnlone_e	C21H32O2	Yes	Prgnlone c
17ahprgnlone_e	C21H32O3	Yes	17alpha-Hydroxypregnenolone
C03681_e	C21H32O2	Yes	"5alpha-Pregnane-3,20-dione"
prgnlones_e	C21H31O5S	Yes	Pregnenolone sulfate
CE1352_e	C21H31O6S	Yes	17Alpha-Hydroxypregnenolone Sulfate
xol24oh_c	C27H46O2	Yes	24-Hydroxycholesterol
xol24oh_e	C27H46O2	Yes	24-Hydroxycholesterol
xol25oh_c	C27H46O2	Yes	25-Hydroxycholesterol
xol25oh_e	C27H46O2	Yes	25-Hydroxycholesterol
chsterols_e	C27H45O4S	Yes	Cholesterol sulfate
3ityr__L_e	C9H10INO3	Yes	3-Iodo-L-tyrosine
CE7081_c	C20H29O3	Yes	15(R)-HEPE
35diotyr_e	C9H9I2NO3	Yes	"3,5-Diiodo-L-tyrosine"
13_cis_retn_e	C20H27O2	Yes	13-cis-retinoate
HC00005_e	X	No	ApoB100
ldl_hs_e	X	No	Low Density Lipoprotein
hdl_hs_e	X	No	High Density Lipoprotein
myelin_hs_c	X	No	Myelin Sheath
12harachd_r	C20H31O3	Yes	12 hydroxy arachidonic acid
18harachd_c	C20H31O3	Yes	18 hydroxy arachidonic acid
18harachd_e	C20H31O3	Yes	18 hydroxy arachidonic acid
HC00460_c	C7H5O4	Yes	"2,5-dihydroxybenzoate"
HC00460_e	C7H5O4	Yes	"2,5-dihydroxybenzoate"
vanillac_e	C10H11O5	Yes	Vanil-Lactate
CE7090_e	C20H29O3	Yes	18R-HEPE
CE7096_e	C20H31O4	Yes	"5,15-DiHETE"
CE4877_e	C20H27O3	Yes	15-deoxy-prostaglandin J2
CE1447_e	C20H31O6	Yes	11-dehydrothromboxane B2
6hoxmelatn_c	C13H16N2O3	Yes	6hoxmelatn c
trypta_e	C10H13N2	Yes	Tryptamine cytosol
CE2006_e	C9H16O2	Yes	4-hydroxy-2-nonenal
C10164_e	C6H4NO2	Yes	Picolinic acid; pyridine-2-carboxylic acid
n8aspmd_e	C9H23N3O	Yes	N8-Acetylspermidine
2h3mv_c	C6H11O3	Yes	2-Hydroxy-3-Methyl-Valerate
CE6205_e	C11H13NO2	Yes	5-methoxytryptophol
C09642_e	C10H14NO2	Yes	(-)-Salsolinol
C05769_e	C36H34N4O8	Yes	Coproporphyrin I
C05767_c	C40H30N4O16	Yes	Uroporphyrin I
C05770_e	C36H34N4O8	Yes	Coproporphyrin Iii
2hiv_c	C5H9O3	Yes	2-Hydroxy-Isovalerate
ppbng_e	C10H13N2O4	Yes	Porphobilinogen
dopa4sf_e	C8H11NO5S	Yes	Dopamine 4-O-Sulphate
dopa4glcur_c	C14H19NO8	Yes	Dopamine-4-O-Glucuronide
dopa3glcur_c	C14H19NO8	Yes	Dopamine-3-O-Glucuronide
CE5026_e	C19H25N4O10S	Yes	5-S-glutathionyl-L-DOPA
CE0737_e	C3H3O2	Yes	Malonic dialdehyde
CE5665_c	C8H9NO2	Yes	Leukoaminochrome
2hiv_e	C5H9O3	Yes	2-Hydroxy-Isovalerate
4glu56dihdind_c	C18H23N4O8S	Yes	"4-S-Glutathionyl-5,6-Dihydroxyindoline"
4glu56dihdind_e	C18H23N4O8S	Yes	"4-S-Glutathionyl-5,6-Dihydroxyindoline"
hdd2crn_e	C23H43NO4	Yes	Trans-Hexadec-2-enoyl carnitine
im4ac_e	C5H5N2O2	Yes	Imidazole-4-acetate
CE1918_e	C10H11NO2	Yes	5-hydroxytryptophol
5cysdopa_c	C11H17N2O4S	Yes	5-S-Cysteinyldopamine
CE5025_c	C18H26N4O8S	Yes	5-S-glutathionyl-dopamine
CE5025_e	C18H26N4O8S	Yes	5-S-glutathionyl-dopamine
CE2172_e	C9H12NO2	Yes	"6,7-dihydroxy-1,2,3,4-tetrahydroisoquinoline"
ppp9_e	C34H32N4O4	Yes	Protoporphyrin
aact_e	C3H8NO	Yes	Aminoacetone
CE5629_c	C10H11NO2	Yes	"1,2-dehydrosalsolinol"
CE5629_e	C10H11NO2	Yes	"1,2-dehydrosalsolinol"
CE2705_e	C9H13N5O3	Yes	"7,8-Dihydrobiopterin"
sphgn_e	C18H40NO2	Yes	Sphinganine C18H40NO2
selmeth_e	C5H11NO2Se	Yes	Selenomethionine
prist_e	C19H37O2	Yes	Pristanic acid
CE2049_e	C18H33O4	Yes	"12,13-hydroxyoctadec-9(Z)-enoate"
dhcrm_hs_r	C18H38NO2RCO	Yes	Dihydroceramide (homo sapiens)
phcrm_hs_g	C18H38NO3RCO	Yes	Phytoceramide
galgluside_hs_e	C30H56NO12RCO	Yes	Galactosyl glucosyl ceramide
ga1_hs_l	C44H79N2O22RCO	Yes	GA1 (homo sapiens)
gd1b_hs_l	C66H111N4O38RCO	Yes	GD1b (homo sapiens)
gd3_hs_e	C52H88N3O28RCO	Yes	GD3 (homo sapiens)
CE2047_c	C18H33O4	Yes	"9,10-hydroxyoctadec-12(Z)-enoate"
CE2047_e	C18H33O4	Yes	"9,10-hydroxyoctadec-12(Z)-enoate"
gm3_hs_e	C41H72N2O20RCO	Yes	Ganglioside GM3 (homo sapiens)
2m3hbu_e	C5H9O3	Yes	2-Methyl-3-Hydroxy-Butyrate
gluside_hs_e	C24H46NO7RCO	Yes	Glucocerebroside (homo sapiens)
thcrm_hs_l	C36H66NO17RCO	Yes	Trihexosyl ceramide (homo sapiens)
coke_c	C17H21NO4	Yes	Cocaine
gm1_hs_e	C55H95N3O30RCO	Yes	Ganglioside GM1 (homo sapiens)
gm2_hs_e	C49H85N3O25RCO	Yes	Ganglioside GM2 (homo sapiens)
5a2opntn_e	C5H9NO3	Yes	5-Amino-2-oxopentanoate
gm2_hs_l	C49H85N3O25RCO	Yes	Ganglioside GM2 (homo sapiens)
gd2_hs_l	C60H101N4O33RCO	Yes	GD2 (homo sapiens)
gd3_hs_l	C52H88N3O28RCO	Yes	GD3 (homo sapiens)
idl_hs_e	X	No	Intermediate Density Lipoprotein
2m3ovcoa_m	C27H40N7O18P3S	Yes	2-Methyl-3-Oxo-Valeryl Coenzyme A
2m3ovac_m	C6H9O3	Yes	2-Methyl-3-Oxo-Valerate
2m3hvac_c	C6H11O3	Yes	2-Methyl-3-Hydroxy-Valerate
pail35p_hs_n	C9H14O15P3RCO2R2CO2	Yes	"Phosphatidylinositol-3,5-bisphosphate (Homo sapiens)"
gd3_hs_m	C52H88N3O28RCO	Yes	GD3 (homo sapiens)
gd1a_hs_c	C66H111N4O38RCO	Yes	GD1a (homo sapiens)
gt1b_hs_c	C77H127N5O46RCO	Yes	GT1b (homo sapiens)
gm1_hs_c	C55H95N3O30RCO	Yes	Ganglioside GM1 (homo sapiens)
gm2_hs_c	C49H85N3O25RCO	Yes	Ganglioside GM2 (homo sapiens)
gd1a_hs_e	C66H111N4O38RCO	Yes	GD1a (homo sapiens)
na1_g	Na	No	Sodium
gt1b_hs_e	C77H127N5O46RCO	Yes	GT1b (homo sapiens)
2m3hvac_e	C6H11O3	Yes	2-Methyl-3-Hydroxy-Valerate
thm_m	C12H17N4OS	Yes	Thiamin
gd2_hs_e	C60H101N4O33RCO	Yes	GD2 (homo sapiens)
gd1a_hs_n	C66H111N4O38RCO	Yes	GD1a (homo sapiens)
CE1243_e	C17H26O3	Yes	12S-HHT
ga1_hs_e	C44H79N2O22RCO	Yes	GA1 (homo sapiens)
crm_hs_g	C18H36NO2RCO	Yes	Ceramide (homo sapiens)
sphgn_n	C18H40NO2	Yes	Sphinganine C18H40NO2
cmpacna_e	C20H29N4O16P	Yes	CMP-N-acetylneuraminate
M02956_e	C6H5O6R3	Yes	Tags-Chylomicron-Pool
M02560_e	CHO2R	Yes	Nefa-Blood-Pool-In
M00003_e	C17H31O2	Yes	10Z-Heptadecenoic Acid
M00008_e	C20H35O2	Yes	"11Z,14Z-Eicosadienoic Acid"
M00010_e	C20H33O2	Yes	"11Z,14Z,17Z-Eicosatrienoic Acid"
M00017_e	C20H37O2	Yes	13Z-Eicosenoic Acid
M00019_e	C18H33O2	Yes	13Z-Octadecenoic Acid
M00021_e	C22H39O2	Yes	"13Z,16Z-Docosadienoic Acid"
M00115_e	C18H33O2	Yes	7Z-Octadecenoic Acid
M00117_e	C14H25O2	Yes	7Z-Tetradecenoic Acid
M00260_e	C22H35O2	Yes	"10Z,13Z,16Z,19Z-Docosatetraenoic Acid"
M00265_e	C22H37O2	Yes	"10Z,13Z,16Z-Docosatriynoic Acid"
M00315_e	C24H39O2	Yes	"12Z,15Z,18Z,21Z-Tetracosatetraenoic Acid"
M00341_e	C22H37O2	Yes	"13Z,16Z,19Z-Docosatrienoic Acid"
M01197_e	C16H29O2	Yes	7Z-Hexadecenoic Acid
M01207_e	C20H35O2	Yes	"8Z,11Z-Eicosadienoic Acid"
M01235_e	C20H37O2	Yes	9Z-Eicosenoic Acid
M01238_e	C17H31O2	Yes	9Z-Heptadecenoic Acid
M01582_e	C22H41O2	Yes	11Z-Docosenoic Acid
M02053_e	C21H41O2	Yes	Heneicosanoic Acid
M02457_e	C20H34O2	Yes	"5Z,8Z,11Z-Eicosatrienoic Acid"
M02613_e	C19H37O2	Yes	Nonadecanoic Acid
M02745_e	C14H25O2	Yes	5Z-Tetradecenoic Acid
M03045_e	C23H45O2	Yes	Tricosanoic Acid
M03051_e	C13H25O2	Yes	Tridecanoic Acid
M03153_e	C26H49O2	Yes	17Z-Hexacosenoic Acid
xolest2_hs_c	C27H45R2CO2	Yes	Cholesterol ester (from FULLR2)
M03134_e	C5H9O2	Yes	Valeric Acid
thcrm_hs_c	C36H66NO17RCO	Yes	Trihexosyl ceramide (homo sapiens)
3mglutac_m	C6H6O4	Yes	3-Methyl-Glutaconate
phcrm_hs_c	C18H38NO3RCO	Yes	Phytoceramide
M02694_c	C26H40N7O17P3S	Yes	Pentanoyl Coenzyme A
3mglutac_e	C6H6O4	Yes	3-Methyl-Glutaconate
M02107_c	C28H44N7O17P3S	Yes	Heptanoyl Coenzyme A
M02616_c	C30H48N7O17P3S	Yes	Nonanoyl Coenzyme A
phsphings_g	C18H40NO3	Yes	Phytosphingosine
phsphings_r	C18H40NO3	Yes	Phytosphingosine
34dhpe_e	C8H10O3	Yes	"3,4-Dihydroxyphenylethanol"
ts3_c	C27H44O	Yes	Tachysterol 3
M03117_e	C11H21O2	Yes	Undecylic Acid
M03117_c	C11H21O2	Yes	Undecylic Acid
M03051_c	C13H25O2	Yes	Tridecanoic Acid
HC10784_c	C35H56O17P3SN7	Yes	Cis-Myrist-7-Enoyl Coenzyme A
sph1p_n	C18H39NO5P	Yes	Sphinganine 1 phosphate C18H39NO5P
sphs1p_n	C18H37NO5P	Yes	Sphingosine 1-phosphate
gda1_hs_n	X	No	Gda1 Hs
M01141_c	C35H56N7O17P3S	Yes	5Z-Tetradecenoyl Coenzyme A
phsph1p_c	C18H39NO6P	Yes	Phytosphingosine-1-Phosphate
3mglutac_c	C6H6O4	Yes	3-Methyl-Glutaconate
gd1b_hs_c	C66H111N4O38RCO	Yes	GD1b (homo sapiens)
M01197_c	C16H29O2	Yes	7Z-Hexadecenoic Acid
3mglutr_c	C6H8O4	Yes	3-Methyl-Glutarate
M00003_c	C17H31O2	Yes	10Z-Heptadecenoic Acid
3mglutr_e	C6H8O4	Yes	3-Methyl-Glutarate
M01237_c	C38H62N7O17P3S	Yes	9Z-Heptadecenoyl Coenzyme A
M00020_c	C39H64N7O17P3S	Yes	13Z-Octadecenoyl Coenzyme A
M00017_c	C20H37O2	Yes	13Z-Eicosenoic Acid
M00123_c	C41H66N7O17P3S	Yes	"8Z,11Z-Eicosadienoyl Coenzyme A"
M01207_c	C20H35O2	Yes	"8Z,11Z-Eicosadienoic Acid"
ppiogly_m	C5H8NO3	Yes	Propionyl-Glycine
ppiogly_c	C5H8NO3	Yes	Propionyl-Glycine
M02457_c	C20H34O2	Yes	"5Z,8Z,11Z-Eicosatrienoic Acid"
M00101_c	C41H64N7O17P3S	Yes	"5Z,8Z,11Z-Eicosatrienoyl Coenzyme A"
M00006_c	C43H72N7O17P3S	Yes	11Z-Docosenoyl Coenzyme A
M01582_c	C22H41O2	Yes	11Z-Docosenoic Acid
M00127_c	C39H64N7O17P3S	Yes	9E-Octadecenoic Acid
M00115_c	C18H33O2	Yes	7Z-Octadecenoic Acid
M00116_c	C39H64N7O17P3S	Yes	7Z-Octadecenoyl Coenzyme A
M02612_c	C40H68N7O17P3S	Yes	Nonadecanoyl Coenzyme A
M02197_c	C53H92N3O28R	Yes	"N-Acetyl-D-galactosaminyl-N-Acetyl-D-galactosaminyl-1,3-D-galactosyl-1,4-D-galactosyl-1,4-D-glucosylceramide"
HC02042_c	C4H6O7PR	Yes	1-Acylglycerol-3P-Ld-Sm-Pool
HC02048_c	C22H31N7O17P3SR	Yes	Acyl Coenzyme A-Ld-Sm-Pool
M00260_c	C22H35O2	Yes	"10Z,13Z,16Z,19Z-Docosatetraenoic Acid"
M00315_c	C24H39O2	Yes	"12Z,15Z,18Z,21Z-Tetracosatetraenoic Acid"
CE4855_c	C45H70N7O17P3S	Yes	"All-cis-12,15,18,21-tetracosatetraenoyl-CoA"
M03045_c	C23H45O2	Yes	Tricosanoic Acid
M03153_c	C26H49O2	Yes	17Z-Hexacosenoic Acid
M02112_c	C47H80N7O17P3S	Yes	17Z-Hexacosenoyl Coenzyme A
M00010_c	C20H33O2	Yes	"11Z,14Z,17Z-Eicosatrienoic Acid"
M00008_c	C20H35O2	Yes	"11Z,14Z-Eicosadienoic Acid"
CE4843_c	C41H66N7O17P3S	Yes	"Cis,cis-11,14-eicosadienoyl-CoA"
HC02050_c	C5H5O8PR2	Yes	Phosphatidate-Ld-Pc-Pool
HC02051_c	C5H5O8PR2	Yes	Phosphatidate-Ld-Pe-Pool
HC02054_c	C5H5O8PR2	Yes	Phosphatidate-Ld-Sm-Pool
M00021_c	C22H39O2	Yes	"13Z,16Z-Docosadienoic Acid"
M00023_c	C43H70N7O17P3S	Yes	"13Z,16Z-Docosadienoyl Coenzyme A"
M00265_c	C22H37O2	Yes	"10Z,13Z,16Z-Docosatriynoic Acid"
M00343_c	C43H68N7O17P3S	Yes	"13Z,16Z,19Z-Docosatrienoyl Coenzyme A"
M02491_c	X	No	Monosialylgalactosylgloboside
cdpdag_hs_m	C12H17N3O11P2RCO2R2CO2	Yes	CDP diacylglycerol (homo sapiens)
ga1_hs_c	C44H79N2O22RCO	Yes	GA1 (homo sapiens)
gm1b_hs_c	C55H95N3O30RCO	Yes	GM1b (homo sapiens)
gm3_hs_c	C41H72N2O20RCO	Yes	Ganglioside GM3 (homo sapiens)
arachd_n	C20H31O2	Yes	Arachidonic acid
M02013_l	C50H86N3O26R	Yes	Gm2A:Gm2-Ganglioside
12HPET_r	C20H31O4	Yes	"12-Hydroperoxyeicosa-5,8,10,14-tetraenoate"
gd2_hs_c	C60H101N4O33RCO	Yes	GD2 (homo sapiens)
M02195_c	C50H89N2O26RCO	Yes	Fuc-alpha1->2Gal-beta1->3GlcNAc-beta1->3Gal-beta1->4Glc-beta1-1'Cer
acgalfucgalacglcgalgluside_hs_c	C58H102N3O31RCO	Yes	Type IA glycolipid
fucgalfucgalacglcgalgluside_hs_c	C62H109N2O35RCO	Yes	(Gal)3 (Glc)1 (GlcNAc)1 (LFuc)2 (Cer)1
acglcgalgluside_hs_c	C38H69N2O17RCO	Yes	(Gal)1 (Glc)1 (GlcNAc)1 (Cer)1
M02683_c	C45H79N2O23R	Yes	Paragloboside
acngal14acglcgalgluside_hs_c	C55H95N3O30RCO	Yes	Sialyl-3-paragloboside
CE5947_c	C20H30O6	Yes	"20-COOH-10,11-dihydro-LTB4"
HC02217_c	C20H31O6	Yes	Prostaglandin-g2
acglcgal14acglcgalgluside_hs_c	C52H92N3O27RCO	Yes	NLc5Cer
acglcgalacglcgal14acglcgalgluside_hs_c	C66H115N4O37RCO	Yes	(Gal)3 (Glc)1 (GlcNAc)3 (Cer)1
M02686_c	C8H13NO8PR2	Yes	Pe-Nme-Ld-Pool
galacglcgal14acglcgalgluside_hs_c	C58H102N3O32RCO	Yes	I-antigen
CE6232_c	C20H33O6	Yes	Prostaglandin G1
HC01118_c	C30H49O7P2	Yes	Presqualene Diphosphate
M00976_c	C27H44O4	Yes	"4-Cholesten-7',12',24-Triol-3-One"
M01077_c	C27H48O4	Yes	"5Beta-Cholestan-3Alpha,7Alpha,12Alpha,24(S)-Tetrol"
M02758_c	C9H15NO8PR2	Yes	Phosphatidyl-N-Dimethylethanolamine
M00937_c	C30H48O2	Yes	"4,4-Dimethyl-14Alpha-Formyl-5Alpha-Cholesta-8,24-Dien-3Beta-Ol"
M01080_c	C27H48O3	Yes	"5Beta-Cholestane-3Alpha,7Alpha,24-Triol"
M01077_m	C27H48O4	Yes	"5Beta-Cholestan-3Alpha,7Alpha,12Alpha,24(S)-Tetrol"
M01080_m	C27H48O3	Yes	"5Beta-Cholestane-3Alpha,7Alpha,24-Triol"
M01076_m	C27H48O5	Yes	"5Beta-Cholestan-3Alpha,7Alpha,12Alpha,24(S),27-Pentol"
HC02110_c	C28H46O	Yes	4Alpha-Methylzymosterol
M00963_c	C28H46O2	Yes	"4'-Hydroxymethyl-5'-Cholesta-8,24-Dien-3'-Ol"
M00955_c	C28H44O3	Yes	"4'-Carboxy-5'-Cholesta-8,24-Dien-3'-Ol"
M00742_m	C27H45O5	Yes	"3,7,24THCA"
M00742_c	C27H45O5	Yes	"3,7,24THCA"
M00615_c	C48H76N7O21P3S	Yes	25(R)Tetrahca Coenzyme A
HC02060_c	C5H6O5R2	Yes	"1,2-Diacylglycerol-Ld-Sm-Pool"
M00743_c	C48H76N7O20P3S	Yes	"3,7,24Thca Coenzyme A"
M00940_c	C30H52O2	Yes	"4,4-Dimethyl-14Alpha-Hydroxymethyl-5Alpha-Cholest-8-En-3Beta-Ol"
M00938_c	C30H50O2	Yes	"4,4-Dimethyl-14Alpha-Formyl-5Alpha-Cholest-8-En-3Beta-Ol"
M00625_c	C27H46O2	Yes	27-Hydroxycholesterol
M00979_c	C27H44O3	Yes	"7Alpha,26-Dihydroxycholest-4-En-3-One"
M00977_c	C27H44O4	Yes	"7Alpha,12Alpha,26-Trihydroxycholest-4-En-3-One"
M01084_c	C27H46O3	Yes	"7Alpha,26-Dihydroxy-5Beta-Cholestan-3-One"
20ahchsterol_r	C27H46O2	Yes	20alpha-hydroxy cholesterol
CE2314_c	C29H50O	Yes	"4,4-dimethylcholesta-8(9)-en-3beta-ol"
M00966_c	C28H46O	Yes	4'-Methyl-5'-Cholesta-8-En-3-One
M00964_c	C28H48O2	Yes	4Alpha-Hydroxymethyl-5Alpha-Cholesta-8-En-3Beta-Ol
M00960_c	C28H46O2	Yes	4Alpha-Formyl-5Alpha-Cholesta-8-En-3Beta-Ol
bilglcur_r	C39H42N4O12	Yes	Bilirubin monoglucuronide
M00956_c	C28H46O3	Yes	4'-Carboxy-5'-Cholesta-8-En-3'-Ol
gluside_hs_r	C24H46NO7RCO	Yes	Glucocerebroside (homo sapiens)
cholcoar_c	C48H76N7O20P3S	Yes	"3alpha,7alpha,12alpha-Trihydroxy-5beta-cholestanoyl-CoA"
cholcoas_m	C48H76N7O20P3S	Yes	"3alpha,7alpha,12alpha-Trihydroxy-5beta-cholestanoyl-CoA(S)"
M00579_m	C27H46O3	Yes	"Cholest-5-En-3Beta,20R,22R-Triol"
cholcoaone_m	C48H74N7O21P3S	Yes	"3alpha,7alpha,12alpha-Trihydroxy-5beta-24-oxocholestanoyl-CoA"
cholate_m	C24H39O5	Yes	Cholate c
M00406_c	C21H32O4	Yes	"17Alpha,21-Dihydroxypregnenolone"
M01075_r	C19H26O2	Yes	"Androst-5-Ene-3,17-Dione"
crtstrn_m	C21H30O4	Yes	Corticosterone
andrstandn_c	C19H28O2	Yes	"5alpha-androstane-3,17-dione"
M02760_c	C21H30O2	Yes	"Pregn-5-Ene-3,20-Dione"
M02761_c	C21H30O3	Yes	"Pregn-5-Ene-3,20-Dione-17-Ol"
CE5253_l	C18H22O3	Yes	"17beta-estradiol-3,4-semiquinone"
CE2248_c	C39H66N7O18P3S	Yes	3-hydroxyoctadecanoyl-CoA(4-)
CE2242_c	C43H72N7O17P3S	Yes	Trans-docos-2-enoyl-CoA
M00783_c	C47H82N7O18P3S	Yes	3-Hydroxyhexacosanoyl Coenzyme A
M00887_c	C40H66N7O18P3S	Yes	3-Oxononadecanoyl Coenzyme A
M00907_c	C44H74N7O18P3S	Yes	3-Oxotricosanoyl Coenzyme A
M00715_c	C47H80N7O18P3S	Yes	3(S)-Hydroxy-Hexacosenoyl Coenzyme A
M00067_c	C44H74N7O17P3S	Yes	(2E)-Tricosenoyl Coenzyme A
M00843_c	C41H66N7O18P3S	Yes	3-Oxo-13-Cis-Eicosenoyl Coenzyme A
M00702_c	C41H68N7O18P3S	Yes	3(S)-Hydroxy-13-Cis-Eicosenoyl Coenzyme A
M00852_c	C41H66N7O18P3S	Yes	3-Oxo-9-Cis-Eicosenoyl Coenzyme A
M03018_c	C41H66N7O17P3S	Yes	"Trans,Cis-2,9-Eicosadienoyl Coenzyme A"
M01236_c	C41H68N7O17P3S	Yes	9Z-Eicosenoyl Coenzyme A
M00869_c	C41H62N7O18P3S	Yes	"3-Oxoeicosa-Cis,Cis,Cis-11,14,17-Trienoyl Coenzyme A"
M00862_c	C43H66N7O18P3S	Yes	"3-Oxo-Docosa-13,16,19-All-Cis-Trienoyl Coenzyme A"
M00839_c	C43H70N7O18P3S	Yes	3-Oxo-11Cis-Docosenoyl Coenzyme A
M03017_c	C41H64N7O17P3S	Yes	"Trans,Cis-2,8,11-Eicosatrienoyl Coenzyme A"
M00712_c	C43H68N7O18P3S	Yes	"3(S)-Hydroxy-Docosa-13,16,19-All-Cis-Trienoyl Coenzyme A"
M01729_m	C19H37NO4	Yes	Dodecanoylcarnitine
M02973_m	C21H41NO4	Yes	Tetradecanoylcarnitine
CE4793_c	C41H62N7O18P3S	Yes	3-oxo-dihomo-gama-linolenoyl-CoA
M02976_m	C21H39NO4	Yes	Tetradecenoylcarnitine(9)
CE4835_c	C43H64N7O17P3S	Yes	"2E,7Z,10Z,13Z,16Z-docosapentaenoyl-CoA"
udpacgal_l	C17H25N3O17P2	Yes	UDP-N-acetyl-D-galactosamine
M00085_c	C43H70N7O18P3S	Yes	"(3S)-Hydroxy-Docasa-Cis,Cis-13,16-Dienoyl Coenzyme A"
M01191_c	C37H60N7O17P3S	Yes	7Z-Hexadecenoyl Coenzyme A
M00342_c	C29H51NO4	Yes	"13Z,16Z,19Z-Docosatrienoylcarnitine"
M00004_c	C38H62N7O17P3S	Yes	10Z-Heptadecenoyl Coenzyme A
M02102_m	C24H45NO4	Yes	Heptadecenoylcarnitine(7)
M02103_m	C24H45NO4	Yes	Heptadecenoylcarnitine(8)
M02611_m	C26H51NO4	Yes	Nonadecanoylcarnitine
M00018_c	C41H68N7O17P3S	Yes	13Z-Eicosenoyl Coenzyme A
M01776_m	C27H51NO4	Yes	Eicosenoylcarnitine(7)
M00018_m	C41H68N7O17P3S	Yes	13Z-Eicosenoyl Coenzyme A
M00123_m	C41H66N7O17P3S	Yes	"8Z,11Z-Eicosadienoyl Coenzyme A"
M02051_m	C28H55NO4	Yes	Heneicosanoylcarnitine
M01724_m	C29H57NO4	Yes	Docosanoylcarnitine
M01727_m	C29H55NO4	Yes	Docosenoylcarnitine
M00127_m	C39H64N7O17P3S	Yes	9E-Octadecenoic Acid
M00012_m	C41H64N7O17P3S	Yes	"11Z,14Z,17Z-Eicosatrienoyl Coenzyme A"
M00006_m	C43H72N7O17P3S	Yes	11Z-Docosenoyl Coenzyme A
M02637_c	C25H43NO4	Yes	Octadecatrienoylcarnitine
M01197_r	C16H29O2	Yes	7Z-Hexadecenoic Acid
M00011_c	C27H47NO4	Yes	"11Z,14Z,17Z-Eicosatrienoylcarnitine"
hpdca_r	C17H33O2	Yes	Heptadecanoate  C170  C17H33O2
elaid_r	C18H33O2	Yes	Elaidic acid
vacc_r	C18H33O2	Yes	Vaccenic acid
M02613_r	C19H37O2	Yes	Nonadecanoic Acid
CE2510_r	C20H37O2	Yes	11-cis-eicosenoate
M01207_r	C20H35O2	Yes	"8Z,11Z-Eicosadienoic Acid"
M02053_r	C21H41O2	Yes	Heneicosanoic Acid
doco13ac_r	C22H41O2	Yes	13Z)-13-docosenoic acid
crvnc_r	C22H31O2	Yes	"Cervonic acid, C22:6 n-3"
M01582_r	C22H41O2	Yes	11Z-Docosenoic Acid
nrvnc_r	C24H45O2	Yes	Nervonic acid
eicostet_r	C20H31O2	Yes	Eicosatetranoic acid
clpnd_r	C22H33O2	Yes	Clupanodonic acid
tettet6_r	C24H39O2	Yes	Tetracosatetraenoic acid n-6
CE2251_m	C41H68N7O18P3S	Yes	3-oxoicosanoyl-CoA(4-)
M00783_x	C47H82N7O18P3S	Yes	3-Hydroxyhexacosanoyl Coenzyme A
M01770_m	C27H49NO4	Yes	"11Z,14Z-Eicosadienoylcarnitine"
3ohodcoa_m	C39H64N7O18P3S	Yes	3-Oxooctadecanoyl-CoA
CE2245_x	C45H76N7O17P3S	Yes	Trans-tetracos-2-enoyl-CoA
CE2242_x	C43H72N7O17P3S	Yes	Trans-docos-2-enoyl-CoA
CE4843_m	C41H66N7O17P3S	Yes	"Cis,cis-11,14-eicosadienoyl-CoA"
CE2243_x	C41H68N7O17P3S	Yes	Trans-eicos-2-enoyl-CoA
CE2247_x	C41H70N7O18P3S	Yes	3-hydroxyeicosanoyl-CoA (4-)
M02052_m	C42H72N7O17P3S	Yes	Heneicosanoyl Coenzyme A
M00778_m	C42H72N7O18P3S	Yes	3-Hydroxyheneicosanoyl Coenzyme A
CE2251_x	C41H68N7O18P3S	Yes	3-oxoicosanoyl-CoA(4-)
od2coa_x	C39H64N7O17P3S	Yes	Trans-Octadec-2-enoyl-CoA
M02612_m	C40H68N7O17P3S	Yes	Nonadecanoyl Coenzyme A
M00790_m	C40H68N7O18P3S	Yes	3-Hydroxynonadecanoyl Coenzyme A
M00795_m	C36H60N7O18P3S	Yes	3-Hydroxypentadecanoyl Coenzyme A
HC01405_x	C29H46N7O18P3S	Yes	3S-Hydroxy-Octanoyl Coenzyme A
HC01406_x	C29H44N7O18P3S	Yes	3-Oxo-Octanoyl Coenzyme A
M00897_m	C36H58N7O18P3S	Yes	3-Oxopentadecanoyl Coenzyme A
M00909_m	C34H54N7O18P3S	Yes	3-Oxotridecanoyl Coenzyme A
M03116_m	C32H52N7O17P3S	Yes	Undecanoyl Coenzyme A
M00071_m	C32H50N7O17P3S	Yes	(2E)-Undecenoyl Coenzyme A
M00806_m	C32H52N7O18P3S	Yes	3-Hydroxyundecanoyl Coenzyme A
M00911_m	C32H50N7O18P3S	Yes	3-Oxoundecanoyl Coenzyme A
M00056_m	C30H46N7O17P3S	Yes	(2E)-Nonenoyl Coenzyme A
HC01408_x	C27H40N7O18P3S	Yes	3-Oxo-Hexanoyl Coenzyme A
M00782_m	C28H44N7O18P3S	Yes	3-Hydroxyheptanoyl Coenzyme A
M00063_m	C26H38N7O17P3S	Yes	(2E)-Pentenoyl Coenzyme A
M00023_m	C43H70N7O17P3S	Yes	"13Z,16Z-Docosadienoyl Coenzyme A"
M00797_m	C26H40N7O18P3S	Yes	3-Hydroxypentanoyl Coenzyme A
M00899_m	C26H38N7O18P3S	Yes	3-Oxopentanoyl Coenzyme A
CE5155_m	C43H72N7O17P3S	Yes	Cis-13-docosenoyl-CoA
CE5144_m	C41H66N7O18P3S	Yes	3-oxo-11-cis-eicosenoyl-CoA
CE5153_m	C43H72N7O18P3S	Yes	3(S)-hydroxy-13cis-docosenoyl-CoA
CE5152_m	C43H70N7O18P3S	Yes	3-oxo-13cis-docosenoyl-CoA
HC10858_m	C39H62N7O18P3S	Yes	3-Oxooleoyl Coenzyme A
M01141_m	C35H56N7O17P3S	Yes	5Z-Tetradecenoyl Coenzyme A
CE5151_m	C41H68N7O17P3S	Yes	11-cis-eicosenoyl-CoA
CE4847_m	C43H68N7O17P3S	Yes	"Cis,cis,cis-10,13,16-docosatrienoyl-CoA"
M03014_m	C41H66N7O17P3S	Yes	"Trans,Cis-2,13-Eicosadienoyl Coenzyme A"
stcrn_r	C25H49NO4	Yes	Stearoylcarnitine
M00843_m	C41H66N7O18P3S	Yes	3-Oxo-13-Cis-Eicosenoyl Coenzyme A
odecrn_r	C25H47NO4	Yes	Octadecenoyl carnitine
M00841_m	C39H62N7O18P3S	Yes	3-Oxo-11-Cis-Octadecenoyl Coenzyme A
M00715_x	C47H80N7O18P3S	Yes	3(S)-Hydroxy-Hexacosenoyl Coenzyme A
CE5157_x	C45H76N7O18P3S	Yes	3(S)-hydroxy-cis-15-tetracosaenoyl-CoA
CE5156_x	C45H74N7O18P3S	Yes	3-oxo-cis-15-tetracosaenoyl-CoA
M00116_m	C39H64N7O17P3S	Yes	7Z-Octadecenoyl Coenzyme A
CE5154_x	C43H70N7O17P3S	Yes	"Trans,cis-2,13-docosadienoyl-CoA"
CE5153_x	C43H72N7O18P3S	Yes	3(S)-hydroxy-13cis-docosenoyl-CoA
M00101_m	C41H64N7O17P3S	Yes	"5Z,8Z,11Z-Eicosatrienoyl Coenzyme A"
CE5151_x	C41H68N7O17P3S	Yes	11-cis-eicosenoyl-CoA
CE5150_x	C41H66N7O17P3S	Yes	"Trans,cis-2,11-eicosadienoyl-CoA"
M01724_r	C29H57NO4	Yes	Docosanoylcarnitine
CE5148_x	C41H68N7O18P3S	Yes	3(S)-hydroxy-11-cis-eicosenoyl-CoA
HC10856_x	C39H62N7O17P3S	Yes	"Trans,Cis-Octadeca-2,9-Dienoyl Coenzyme A"
HC10858_x	C39H62N7O18P3S	Yes	3-Oxooleoyl Coenzyme A
M01191_x	C37H60N7O17P3S	Yes	7Z-Hexadecenoyl Coenzyme A
M03019_x	C37H58N7O17P3S	Yes	"Trans,Cis-Hexadeca-2,7-Dienoyl Coenzyme A"
M00849_x	C37H58N7O18P3S	Yes	3-Oxo-7-Hexadecenoyl Coenzyme A
M03022_x	C35H54N7O17P3S	Yes	"Trans,Cis-Myristo-2,5-Dienoyl Coenzyme A"
M00885_x	C35H54N7O18P3S	Yes	3-Oxomyrist-5-Enoyl Coenzyme A
M00343_m	C43H68N7O17P3S	Yes	"13Z,16Z,19Z-Docosatrienoyl Coenzyme A"
CE4854_m	C43H66N7O17P3S	Yes	"All-cis-10,13,16,19-docosatetraenoyl-CoA"
CE5114_m	C41H62N7O17P3S	Yes	"Trans-2-cis,cis,cis-8,11,14-eicosatetraenoyl-CoA"
CE4791_m	C41H64N7O18P3S	Yes	3(S)-Hydroxy-Dihomo-Gama-Linolenoyl Coenzyme A
M00129_m	C35H56N7O17P3S	Yes	9E-Tetradecenoyl Coenzyme A
C07297_x	C40H66N7O18P3S	Yes	3-Oxopristanoyl Coenzyme A
CE2437_m	C39H58N7O17P3S	Yes	"2E,6Z,9Z,12Z-Octadecatetraenoyl Coenzyme A"
M02637_r	C25H43NO4	Yes	Octadecatrienoylcarnitine
CE2440_m	C37H56N7O17P3S	Yes	"4Z,7Z,10Z-Hexadecatrienoyl Coenzyme A"
CE2441_m	C37H54N7O17P3S	Yes	"2E,4Z,7Z,10Z-Hexadecatetraenoyl Coenzyme A"
xolest2_hs_l	C27H45R2CO2	Yes	Cholesterol ester (from FULLR2)
ddcacoa_r	C33H54N7O17P3S	Yes	Dodecanoyl-CoA (n-C12:0CoA)
M03050_r	C34H56N7O17P3S	Yes	Tridecanoyl Coenzyme A
M01141_r	C35H56N7O17P3S	Yes	5Z-Tetradecenoyl Coenzyme A
M00004_r	C38H62N7O17P3S	Yes	10Z-Heptadecenoyl Coenzyme A
M01237_r	C38H62N7O17P3S	Yes	9Z-Heptadecenoyl Coenzyme A
M00020_r	C39H64N7O17P3S	Yes	13Z-Octadecenoyl Coenzyme A
M01454_r	C44H76O2	Yes	Cholest-5-En-3B-Yl (9Z-Heptadecenoate)
M01485_r	C44H76O2	Yes	Cholesterol-Ester-9-Heptade
M01474_r	C45H76O2	Yes	"Cholesterol-Ester-6,9-Octa"
M01484_r	C47H82O2	Yes	Cholesterol-Ester-9-Eicose
M01481_r	C47H80O2	Yes	"Cholesterol-Ester-8,11-Eico"
M01469_r	C47H78O2	Yes	"Cholesterol-Ester-5,8,11-Eico"
M01491_r	C49H88O2	Yes	Cholest-5-En-3Beta-Yl Docosanoate
M01462_r	C49H86O2	Yes	Cholest-5-En-3B-Yl (13Z-Docosenoate)
M01457_r	C49H86O2	Yes	Cholesterol-Ester-11-Docose
vacccoa_r	C39H64N7O17P3S	Yes	Vaccenyl coenzyme A
lneldccoa_r	C39H62N7O17P3S	Yes	Linoelaidyl coenzyme A
M00018_r	C41H68N7O17P3S	Yes	13Z-Eicosenoyl Coenzyme A
M01509_r	C50H90O2	Yes	Cholesterol-Ester-Trico
M01508_r	C51H92O2	Yes	Cholesterol-Ester-Tetraco
M01497_r	C53H94O2	Yes	Cholesterol-Ester-Hexecose
M00123_r	C41H66N7O17P3S	Yes	"8Z,11Z-Eicosadienoyl Coenzyme A"
M01480_r	C47H76O2	Yes	"Cholesterol-Ester-8,11,14,17-Eico"
M03047_r	C44H76N7O17P3S	Yes	Tricosanoyl Coenzyme A
lnlncgcrn_r	C25H43NO4	Yes	Gamma-linolenyl carnitine
nrvnccoa_r	C45H76N7O17P3S	Yes	Nervonyl coenzyme A
M01468_r	C47H74O2	Yes	"Cholest-5-En-3Beta-Yl (5Z,8Z,11Z,14Z,17Z-Eicosapentaenoate)"
M01482_r	C51H82O2	Yes	"Cholesterol-Ester-9,12,15,18,21-Tetra"
M01466_r	C49H76O2	Yes	"Cholest-5-En-3Beta-Yl (4Z,7Z,10Z,13Z,16Z,19Z-Docosahexaenoate)"
strdnccoa_r	C39H58N7O17P3S	Yes	Stearidonyl coenzyme A
M01455_r	C47H78O2	Yes	"Cholesterol-Ester-11,14,17-Eico"
M01490_r	C47H78O2	Yes	"Cholest-5-En-3Beta-Yl (8Z,11Z,14Z-Eicosatrienoate)"
M01476_r	C49H80O2	Yes	"Cholest-5-En-3Beta-Yl (7Z,10Z,13Z,16Z-Docosatetraenoate)"
tmndnccoa_r	C41H60N7O17P3S	Yes	Timnodonyl coenzyme A
clpndcoa_r	C43H64N7O17P3S	Yes	Clupanodonyl CoA
tetpent3coa_r	C45H68N7O17P3S	Yes	"Tetracosapentaenoyl coenzyme A, n-3"
tethex3coa_r	C45H66N7O17P3S	Yes	Tetracosahexaenoyl coenzyme A
M01467_r	C49H78O2	Yes	"Cholesterol-Ester-4,7,10,13,16-Docosa"
M00343_r	C43H68N7O17P3S	Yes	"13Z,16Z,19Z-Docosatrienoyl Coenzyme A"
dlnlcgcoa_r	C41H64N7O17P3S	Yes	Dihomo-gamma-linolenyl coenzyme A
CE4843_r	C41H66N7O17P3S	Yes	"Cis,cis-11,14-eicosadienoyl-CoA"
M00023_r	C43H70N7O17P3S	Yes	"13Z,16Z-Docosadienoyl Coenzyme A"
M01510_r	C40H70O2	Yes	Cholesterol-Ester-Tridec
M01501_r	C41H72O2	Yes	Cholest-5-En-3Beta-Yl Tetradecanoate
M01479_r	C41H70O2	Yes	Cholesterol-Ester-7-Tetrade
M01495_r	C44H78O2	Yes	Cholest-5-En-3B-Yl (Heptadecanoate)
dlnlcgcrn_r	C27H47NO4	Yes	Dihomo-gamma-linolenyl carnitine
ddca_r	C12H23O2	Yes	Dodecanoate (n-C12:0)
CE2874_c	C15H14INO4	Yes	3'-monoiodo-L-thyronine
M03051_r	C13H25O2	Yes	Tridecanoic Acid
M00658_m	C57H90O3	Yes	"2-Methoxy-6-All Trans-Decaprenyl-2-Methoxy-1,4-Benzoquinol"
M01165_m	C58H92O3	Yes	"6-Methoxy-3-Methyl-2-All-Trans-Decaprenyl-1,4-Benzoquinol"
M00245_c	C6H10O3S	Yes	"1,2-Dihydroxy-5-(Methylthio)Pent-1-En-3-One"
peplys_c	XH	No	Peptidyl-L-lysine
M00213_c	C8H15N3O2R2	Yes	Protein N6-Methyl-L-Lysine
Ntmelys_c	C3H10X	Yes	"Protein N6,N6,N6-trimethyl-L-lysine"
ttdca_r	C14H27O2	Yes	Tetradecanoate (n-C14:0)
dsT_antigen_c	C36H56N3O26X	Yes	DsT antigen g
M01872_g	X	No	(Gal)1 (GalNAc)1 (GlcNAc)1 (Ser/Thr)1
Ser_Gly_Ala_X_Gly_c	XH	No	Protein-linked serine residue (glycosaminoglycan attachment site)
ttdcea_r	C14H25O2	Yes	Tetradecenoate (n-C14:1)
doldp__L_c	C1080H1758O70P20	Yes	"Dolichol diphosphate, human liver homolog"
M00117_r	C14H25O2	Yes	7Z-Tetradecenoic Acid
pail5p_hs_g	C9H15O12P2RCO2R2CO2	Yes	1-Phosphatidyl-1D-myo-inositol 5-phosphate (Homo sapiens)
M01389_c	C6H11O9P	Yes	Beta-D-Glucose-6-Phosphate
M00673_c	C8H9NO	Yes	2-Phenylacetamide
ptdca_r	C15H29O2	Yes	Pentadecanoate  C150  C15H29O2
HC01361_c	C9H13N5O4	Yes	Dihydroneopterin
itacon_c	C5H4O4	Yes	Itaconate C5H4O4
M01966_c	C6H11O12P2	Yes	"D-Glucose 1,6-Bisphosphate"
M02155_c	C24H40O4	Yes	Hyodesoxycholic Acid
M01989_c	C26H43NO5	Yes	Glycodeoxycholic Acid
M02837_e	C36H58O3	Yes	Retinyl Palmitate
M02035_c	CH5N3	Yes	Guanidine
M02035_e	CH5N3	Yes	Guanidine
CE2838_c	C54H92O46	Yes	Maltononaose
M02449_e	C30H52O26	Yes	Maltopentaose
M02451_e	C24H42O21	Yes	Maltotetraose
3dhlchol_e	C24H37O3	Yes	3-dehydro-Lithocholate
7dhcdchol_e	C24H37O4	Yes	7-Dehydrochenodeoxycholic acid; 7oxo-3alpha-hydroxy-5beta-cholan-24-oic acid
7dhchol_c	C24H37O5	Yes	"7-Dehydrocholic acid; 7-Oxodeoxycholic acid; 7oxo-3alpha,12alpha-Dihydroxy-5beta-cholan-24-oic acid"
7dhchol_e	C24H37O5	Yes	"7-Dehydrocholic acid; 7-Oxodeoxycholic acid; 7oxo-3alpha,12alpha-Dihydroxy-5beta-cholan-24-oic acid"
HC02057_r	C5H6O5R2	Yes	"1,2-Diacylglycerol-Ld-Pe-Pool"
so4_r	O4S	No	Sulfate
gthox_r	C20H30N6O12S2	Yes	Oxidized glutathione
ca24g_c	C30H47O11	Yes	"Cholic acid-24glucuronide, CA-24G"
gpi_sig_c	Y	No	Glycophosphatidylinositol (GPI) signal sequence (C-terminal peptide)
ca3s_c	C24H38O8S	Yes	Cholic acid 3-sulfate
cdca24g_c	C30H47O10	Yes	"Chenodeoxycholic acid-24glucuronide, CDCA-24G"
M01881_c	X	No	(Gal)4 (Glc)1 (GlcNAc)3 (LFuc)2 (Cer)1
M03131_c	X	No	V3(Neuac)2-Gb5Cer ((Gal)3 (GalNAc)1 (Glc)1 (Neu5Ac)2 (Cer)1)
n5m2masn_c	C74H122N7O50X	Yes	((N-acetyl-D-glucosaminyl)5-(alpha-D-mannosyl)2-beta-D-mannosyl-diacetylchitobiosyl)-L-asparagine (protein)
coprost_c	C27H48O	Yes	Coprostanol
coprost_e	C27H48O	Yes	Coprostanol
core5_c	C16H27N2O10X	Yes	Core5 g
core7_c	C16H27N2O10X	Yes	Core7 g
mem2emgacpail_prot_hs_c	C59H110N3O40P3RCO2R2CO2X	Yes	"({[(mannosyl),(phosphoethanolaminyl)]-dimannosyl},{phosphoethanolaminyl})-mannosyl-glucosaminyl-acylphosphatidylinositol-Protein (M4B)"
dca3s_c	C24H38O7S	Yes	Deoxycholic acid 3-sulfate
dca3s_e	C24H38O7S	Yes	Deoxycholic acid 3-sulfate
icdchol_c	C24H39O4	Yes	"Isochenodeoxycholic acid; 3beta,7alpha-Dihydroxy-5beta-cholanic acid"
lca24g_c	C30H47O9	Yes	"Lithocholic acid-24glucuronide, CDCA-24G"
3dhdchol_c	C24H37O4	Yes	3-dehydro-Deoxycholate
7dhcdchol_c	C24H37O4	Yes	7-Dehydrochenodeoxycholic acid; 7oxo-3alpha-hydroxy-5beta-cholan-24-oic acid
lca3g_c	C30H47O9	Yes	"Lithocholic acid-3glucuronide, CDCA-3G"
tcdca3s_c	C26H44NO9S2	Yes	Taurochenodeoxycholic acid 3-sulfate
thyochol_c	C26H44NO7S	Yes	"Taurohyocholic acid; N-(3alpha,6alpha,7alpha-Trihydroxy-5beta-cholan-24-oyl)taurine"
dca24g_c	C30H47O10	Yes	"Deoxycholic acid-24glucuronide, CDA-24G"
uchol_c	C24H39O5	Yes	"Ursocholic acid; 3alpha,7beta,12alpha-Trihydroxy-5beta-cholan-24-oic acid; 3alpha,7beta,12alpha-Trihydroxy-5beta-cholanic acid; 7beta-Hydroxyisocholic acid; 7-Epicholic acid"
gca3s_c	C26H42NO9S	Yes	Glycocholic acid 3-sulfate
udca3s_c	C24H38O7S	Yes	Ursodeoxycholic acid 3-sulfate
12dhchol_e	C24H37O5	Yes	"12-Dehydrocholic acid; 12-Oxodeoxycholic acid; 12oxo-3alpha,7alpha-Dihydroxy-5beta-cholan-24-oic acid"
3dhchol_e	C24H37O5	Yes	"3-Dehydrocholic acid; 3oxo-7alpha,12alpha-Dihydroxy-5beta-cholan-24-oic acid"
gcdca3s_c	C26H42NO8S	Yes	Glycochenodeoxycholic acid 3-sulfate
gdca3s_c	C26H42NO8S	Yes	Glycodeoxycholic acid 3-sulfate
gudca3s_c	C26H42NO8S	Yes	Glycoursodeoxycholic acid 3-sulfate
hca24g_c	C30H47O11	Yes	"Hyocholic acid-24glucuronide, HCA-24G"
ca24g_e	C30H47O11	Yes	"Cholic acid-24glucuronide, CA-24G"
ca3s_e	C24H38O8S	Yes	Cholic acid 3-sulfate
cdca24g_e	C30H47O10	Yes	"Chenodeoxycholic acid-24glucuronide, CDCA-24G"
hdca24g_e	C30H47O10	Yes	"Hyodeoxycholic acid-24glucuronide, HDCA-24G"
hdca6g_e	C30H47O10	Yes	"Hyodeoxycholic acid-6glucuronide, HDCA-6G"
hca6g_c	C30H47O11	Yes	"Hyocholic acid-6glucuronide, HCA-6G"
hdca24g_c	C30H47O10	Yes	"Hyodeoxycholic acid-24glucuronide, HDCA-24G"
icdchol_e	C24H39O4	Yes	"Isochenodeoxycholic acid; 3beta,7alpha-Dihydroxy-5beta-cholanic acid"
hdca6g_c	C30H47O10	Yes	"Hyodeoxycholic acid-6glucuronide, HDCA-6G"
hyochol_e	C24H39O5	Yes	Hyocholic acid; gamma-Muricholate
lca3g_e	C30H47O9	Yes	"Lithocholic acid-3glucuronide, CDCA-3G"
tca3s_e	C26H44NO10S2	Yes	Taurocholic acid 3-sulfate
tdca3s_e	C26H43NO9S2	Yes	Taurodeoxycholic acid 3-sulfate
thyochol_e	C26H44NO7S	Yes	"Taurohyocholic acid; N-(3alpha,6alpha,7alpha-Trihydroxy-5beta-cholan-24-oyl)taurine"
tudca3s_e	C26H44NO9S2	Yes	Tauroursodeoxycholic acid 3-sulfate
M03167_c	C6H14N2O6P	Yes	5-Phosphonooxy-L-Lysine
isochol_e	C24H39O5	Yes	"Isochenodeoxycholic acid; 3beta,7alpha,12alpha-Trihydroxy-5beta-cholanic acid"
gca3s_e	C26H42NO9S	Yes	Glycocholic acid 3-sulfate
mem2emgacpail_prot_hs_e	C59H110N3O40P3RCO2R2CO2X	Yes	"({[(mannosyl),(phosphoethanolaminyl)]-dimannosyl},{phosphoethanolaminyl})-mannosyl-glucosaminyl-acylphosphatidylinositol-Protein (M4B)"
gdca3s_e	C26H42NO8S	Yes	Glycodeoxycholic acid 3-sulfate
hyochol_r	C24H39O5	Yes	Hyocholic acid; gamma-Muricholate
cholcoar_m	C48H76N7O20P3S	Yes	"3alpha,7alpha,12alpha-Trihydroxy-5beta-cholestanoyl-CoA"
tcdca3s_e	C26H44NO9S2	Yes	Taurochenodeoxycholic acid 3-sulfate
tdca3s_c	C26H43NO9S2	Yes	Taurodeoxycholic acid 3-sulfate
udca3s_e	C24H38O7S	Yes	Ursodeoxycholic acid 3-sulfate
cholcoads_m	C48H74N7O20P3S	Yes	"3alpha,7alpha,12alpha-Trihydroxy-5beta-cholest-24-enoyl-CoA"
uchol_e	C24H39O5	Yes	"Ursocholic acid; 3alpha,7beta,12alpha-Trihydroxy-5beta-cholan-24-oic acid; 3alpha,7beta,12alpha-Trihydroxy-5beta-cholanic acid; 7beta-Hydroxyisocholic acid; 7-Epicholic acid"
12htacr_c	C44H69NO13	Yes	"12-HT or M-VI, 12-hydroxy tacrolimus"
13dmt_r	C43H67NO12	Yes	"13-O-desmethyl tacrolimus, 13-DMT or M-I"
ahcys_r	C14H20N6O5S	Yes	S-Adenosyl-L-homocysteine
31dmt_r	C43H67NO12	Yes	"31-DMT or M-II, 31-O-desmethyl tacrolimus"
1331tacr_c	C42H65NO12	Yes	"13,31-O-Didesmethyl-tacrolimus"
tacr_r	C44H69NO12	Yes	Tacrolimus
13dmt_c	C43H67NO12	Yes	"13-O-desmethyl tacrolimus, 13-DMT or M-I"
3hpvstet_c	C19H27NaO6	Yes	3'-S-hydroxy-pravastatin-tetranor
3hpvs_c	C23H35NaO8	Yes	3'-S-hydroxy-pravastatin
4ohmdz_r	C18H13ClFN3O	Yes	4-OH-midazolam
1ohmdz_r	C18H13ClFN3O	Yes	1'-OH-midazolam
15dmt_r	C43H67NO12	Yes	"15-DMT or M-III, 15-O-desmethyl tacrolimus"
3hsmv_c	C25H38O6	Yes	3'-hydroxy-simvastatin-lactone form
6hsmv_r	C25H38O6	Yes	6'-beta-hydroxy simvastatin lactone
pvs_c	C23H35NaO7	Yes	Pravastatin
3ispvs_c	C23H35NaO7	Yes	3-alpha-iso-pravastatin
glz_r	C15H20N3O3S	Yes	Gliclazide
1513tacr_c	C42H65NO12	Yes	"13,15-O-didesmethyl tacrolimus"
1531tacr_c	C42H65NO12	Yes	"15, 31-O-Didesmethyl-tacrolimus"
4bhglz_c	C15H20N3O4S	Yes	4-beta-OH-gliclazide
4hatvlac_c	C33H33FN2O5	Yes	4-hydroxy-atorvastatin-lactone / para-hydroxy-atorvastatin lactone
15dmt_c	C43H67NO12	Yes	"15-DMT or M-III, 15-O-desmethyl tacrolimus"
nadh_e	C21H27N7O14P2	Yes	Nicotinamide adenine dinucleotide - reduced
1hibup__S_c	C13H17O3	Yes	1-hydroxy S-ibuprofen
atvacid_r	C33H34FN2O5	Yes	Atorvastatin-acid
2hatvacid_e	C33H34FN2O6	Yes	2-hydroxy-atorvastatin-acid / ortho-hydroxy-atorvastatin acid
2hatvlac_r	C33H33FN2O5	Yes	2-hydroxy-atorvastatin-lactone / ortho-hydroxy-atorvastatin lactone
2hatvlacgluc_c	C39H40FN2O11	Yes	2-hydroxy-atorvastatin-lactone-glucuronide
atvlac_r	C33H33FN2O4	Yes	Atorvastatin-lactone
2hatvlac_e	C33H33FN2O5	Yes	2-hydroxy-atorvastatin-lactone / ortho-hydroxy-atorvastatin lactone
tripvs_r	C23H37NaO9	Yes	Triol metabolite of pravastatin
56dhpvs_c	C23H35NaO9	Yes	"3-keto-5,6,-dihydroxy-pravastatin"
56eppvs_c	C23H35NaO8	Yes	"5,6-epoxy-3-alpha-iso-pravastatin"
5ohfvs_r	C24H25FNNaO5	Yes	5-hydroxy-fluvastatin
fvs_r	C24H25FNNaO4	Yes	Fluvastatin
5ohfvs_c	C24H25FNNaO5	Yes	5-hydroxy-fluvastatin
6ahglz_c	C15H20N3O4S	Yes	6-alpha-OH-gliclazide
6bhglz_c	C15H20N3O4S	Yes	6-beta-OH-gliclazide
6csmv_c	C25H35O7	Yes	6'-beta-carboxy-simvastatin-lactone form
6csmvacid_c	C25H36O8	Yes	6'-beta-carboxy-simvastatin-acid form
2hibupglu__S_c	C19H25O9	Yes	2-hydroxy S-ibuprofen-glucuronide
31dmt_c	C43H67NO12	Yes	"31-DMT or M-II, 31-O-desmethyl tacrolimus"
pvs_r	C23H35NaO7	Yes	Pravastatin
35dhpvs_c	C23H34NaO9	Yes	"3'-alpha,5'beta-dihydroxy-pravastatin / 3'-alpha5'beta6'beta-trihydroxy pravastatin"
6hlvst_c	C24H36O6	Yes	6'-beta-hydroxy-lovastatin lactone form
6hlvst_e	C24H36O6	Yes	6'-beta-hydroxy-lovastatin lactone form
6hmsmv_c	C25H38O6	Yes	6'-beta-hydroxy-methyl-simvastatin-lactone form
35dhpvs_e	C23H34NaO9	Yes	"3'-alpha,5'beta-dihydroxy-pravastatin / 3'-alpha5'beta6'beta-trihydroxy pravastatin"
3hibupglu__S_c	C19H25O9	Yes	3-hydroxy S-ibuprofen-glucuronide
3hibup__R_c	C13H17O3	Yes	3-hydroxy R-ibuprofen
3hibup__S_c	C13H17O3	Yes	3-hydroxy S-ibuprofen
6msmv_r	C25H36O5	Yes	6'-exomethylene-simvastatin-lactone form
6hsmv_c	C25H38O6	Yes	6'-beta-hydroxy simvastatin lactone
6melvst_c	C24H34O5	Yes	6'-exomethylene-lovastatin lactone form
6melvst_e	C24H34O5	Yes	6'-exomethylene-lovastatin lactone form
3hlvstacid_c	C24H37O7	Yes	3''-hydroxy-lovastatin acid form
6ohfvsglu_c	C30H32FNNaO11	Yes	6-hydroxy-fluvastatin-glucuronide
12dhchol_c	C24H37O5	Yes	"12-Dehydrocholic acid; 12-Oxodeoxycholic acid; 12oxo-3alpha,7alpha-Dihydroxy-5beta-cholan-24-oic acid"
7ahglz_c	C15H20N3O4S	Yes	7-alpha-OH-gliclazide
7bhglz_c	C15H20N3O4S	Yes	7-beta-OH-gliclazide
atvacid_c	C33H34FN2O5	Yes	Atorvastatin-acid
atvlac_e	C33H33FN2O4	Yes	Atorvastatin-lactone
am1csa_c	C62H111N11O13	Yes	AM1 (cyclosporine)
caribupglu__S_c	C19H22O10	Yes	S-carboxy ibuprofen glucuronide
caribup__R_c	C13H14O4	Yes	R-carboxy ibuprofen
7bhglzglc_c	C21H27N3O10S	Yes	7-beta-OH-gliclazide-glucuronide
7bhglz_r	C15H20N3O4S	Yes	7-beta-OH-gliclazide
7hpvs_c	C23H35NaO8	Yes	7-hydroxy-3-alpha-iso-pravastatin
crglz_c	C15H17N3O5S	Yes	Carboxy-gliclazide
mhglz_r	C15H20N3O4S	Yes	Methyl-hydroxy-gliclazide
allop_e	C5H4N4O	Yes	Allopurinol
crvsm1_r	C24H29FNNaO5	Yes	Cerivastatin-M1
acmp_c	C8H9NO2	Yes	Acetaminophen/paracetamol
acmp_r	C8H9NO2	Yes	Acetaminophen/paracetamol
acmpglut_e	C19H26N4O7S	Yes	Acetaminophen-glutathione-conjugate
crvsm23_r	C25H31FNNaO6	Yes	Cerivastatin-M23
crvs_e	C25H31FNNaO5	Yes	Cerivastatin
crvs_r	C25H31FNNaO5	Yes	Cerivastatin
cvm1gluc_r	C30H36FNNaO11	Yes	Cerivastatin-M1-glucuronide
acmpglu_e	C14H16NO8	Yes	Acetaminophen glucuronide
am9csa_r	C62H111N11O13	Yes	AM9 (cyclosporine)
am19cs_c	C62H111N11O14	Yes	AM19 (cyclosporine)
am1a4ncs_c	C61H106N11O14	Yes	AM1A4N (cyclosporine)
am1accs_c	C62H108N11O14	Yes	AM1Ac (cyclosporine)
am1alcs_r	C62H109N11O13	Yes	AM1AL (cyclosporine)
cvm23gluc_r	C31H38FNNaO12	Yes	Cerivastatin-M23-glucuronide
crvsm23_c	C25H31FNNaO6	Yes	Cerivastatin-M23
crvsm24_c	C24H29FNNaO6	Yes	Cerivastatin-M24
csa_e	C62H111N11O12	Yes	Cyclosporine
am1acs_c	C62H108N11O14	Yes	AM1A (cyclosporine)
am1alcs_c	C62H109N11O13	Yes	AM1AL (cyclosporine)
cysacmp_c	C11H14N2O4S	Yes	Cysteine-conjugate-acetaminophen
am1c9cs_c	C62H111N11O14	Yes	AM1c9 (cyclosporine)
crvsm31_c	C26H31FNNaO5	Yes	Cerivastatin-M31
am1c4n9cs_c	C61H109N11O14	Yes	AM1c4N9 (cyclosporine)
am1ccs_r	C62H111N11O13	Yes	AM1c (cyclosporine)
csa_r	C62H111N11O12	Yes	Cyclosporine
am1ccs_c	C62H111N11O13	Yes	AM1c (cyclosporine)
fvs_x	C24H25FNNaO4	Yes	Fluvastatin
deoxfvs_c	C22H21FNNaO2	Yes	Deoxy-fluvastatin-dinor
3dhchol_c	C24H37O5	Yes	"3-Dehydrocholic acid; 3oxo-7alpha,12alpha-Dihydroxy-5beta-cholan-24-oic acid"
am9csa_c	C62H111N11O13	Yes	AM9 (cyclosporine)
am4n9cs_c	C61H109N11O13	Yes	AM4N9 (cyclosporine)
csa_c	C62H111N11O12	Yes	Cyclosporine
am4ncs_c	C61H109N11O12	Yes	AM4N (cyclosporine)
atvacid_e	C33H34FN2O5	Yes	Atorvastatin-acid
3hlvstacid_e	C24H37O7	Yes	3''-hydroxy-lovastatin acid form
3hpvs_e	C23H35NaO8	Yes	3'-S-hydroxy-pravastatin
desfvs_c	C21H19FNNaO4	Yes	N-desisopropyl-fluvastatin
dhglz_c	C15H18N3O3S	Yes	Dehydro-gliclazide
glz_c	C15H20N3O3S	Yes	Gliclazide
dspvs_c	C18H23NaO5	Yes	Desacyl dehydro-pravastatin
epoxtac_c	C41H63NO14	Yes	"31-O-Desmethyl,19-Hydroxy,37, 39-Epoxy-tacrolimus"
13dmt_e	C43H67NO12	Yes	"13-O-desmethyl tacrolimus, 13-DMT or M-I"
1513tacr_e	C42H65NO12	Yes	"13,15-O-didesmethyl tacrolimus"
1hibupglu__S_e	C19H25O9	Yes	1-hydroxy S-ibuprofen-glucuronide
2hatvacidgluc_e	C39H42FN2O12	Yes	2-hydroxy-atorvastatin-acyl-glucuronide
2hibupglu__S_e	C19H25O9	Yes	2-hydroxy S-ibuprofen-glucuronide
31dmt_e	C43H67NO12	Yes	"31-DMT or M-II, 31-O-desmethyl tacrolimus"
35dsmv_e	C25H40O7	Yes	"3',5'-dihydrodiol-simvastatin-lactone form"
3hibup__R_e	C13H17O3	Yes	3-hydroxy R-ibuprofen
3ohacmp_e	C8H9NO3	Yes	3-hydroxy-acetaminophen
4hatvacid_e	C33H34FN2O6	Yes	4-hydroxy-atorvastatin-acid / para-hydroxy-atorvastatin acid
4hmdgluc_e	C24H20ClFN3O7	Yes	4-OH-midazolam-glucuronide
56dhpvs_e	C23H35NaO9	Yes	"3-keto-5,6,-dihydroxy-pravastatin"
5ohfvs_e	C24H25FNNaO5	Yes	5-hydroxy-fluvastatin
6epvs_e	C23H35NaO7	Yes	6-epipravastatin
lvst_e	C24H36O5	Yes	Lovastatin lactone form
meracmp_e	C13H15N2O5S	Yes	Acetaminophen-mercapturate-conjugate/N-acetyl-cysteine-acetaminophen
nfdac_e	C16H13N2O6	Yes	Acid metabolite of nifedipine
oxyp_e	C5H4N4O2	Yes	Oxypurinol
ptvstm3_e	C50H42CaF2N2O8	Yes	Pitavastatin-M3
6hmsmvacid_e	C25H39O7	Yes	6'-beta-hydroxy-methyl-simvastatin-acid form
6ohfvs_e	C24H25FNNaO5	Yes	6-hydroxy-fluvastatin
7ahglz_e	C15H20N3O4S	Yes	7-alpha-OH-gliclazide
7bhglz_e	C15H20N3O4S	Yes	7-beta-OH-gliclazide
7hpvs_e	C23H35NaO8	Yes	7-hydroxy-3-alpha-iso-pravastatin
am19cs_e	C62H111N11O14	Yes	AM19 (cyclosporine)
pvs_e	C23H35NaO7	Yes	Pravastatin
pvsgluc_e	C29H42NaO13	Yes	Pravastatin glucuronide
smv_e	C25H38O5	Yes	Simvastatin lactone form
smvacid_e	C25H39O6	Yes	Simvastatin dihydroxy acid form
sulpacmp_e	C8H8NO5S	Yes	Sulphate-conjugate-acetaminophen
tacr_e	C44H69NO12	Yes	Tacrolimus
thrfvs_e	C24H25FNNaO4	Yes	Threo-isomer of fluvastain
tmd_e	C16H19N4O3S	Yes	Torasemide
tmdm1_e	C16H19N4O4S	Yes	Torasemide-M1
tmdm3_e	C16H19N4O4S	Yes	Torasemide-M3
am1alcs_e	C62H109N11O13	Yes	AM1AL (cyclosporine)
am1c4n9cs_e	C61H109N11O14	Yes	AM1c4N9 (cyclosporine)
am1cglc_e	C68H118N11O19	Yes	AM1c-glucuronide (cyclosporine)
am1csa_e	C62H111N11O13	Yes	AM1 (cyclosporine)
tripvs_e	C23H37NaO9	Yes	Triol metabolite of pravastatin
am4ncs_e	C61H109N11O12	Yes	AM4N (cyclosporine)
am9csa_e	C62H111N11O13	Yes	AM9 (cyclosporine)
fvstet_r	C17H13FNNaO2	Yes	Des-isopropyl-dihydro-fluvastatin-tetranor
caribup__R_e	C13H14O4	Yes	R-carboxy ibuprofen
fvstetglu_c	C23H20FNNaO8	Yes	Des-isopropyl-dihydro-fluvastatin-tetranor-glucuronide
fvstet_c	C17H13FNNaO2	Yes	Des-isopropyl-dihydro-fluvastatin-tetranor
tlacfvs_r	C24H23FNNaO3	Yes	Trans-lactone-fluvastatin
fvs_c	C24H25FNNaO4	Yes	Fluvastatin
crvsm24_e	C24H29FNNaO6	Yes	Cerivastatin-M24
dhglz_e	C15H18N3O3S	Yes	Dehydro-gliclazide
dspvs_e	C18H23NaO5	Yes	Desacyl dehydro-pravastatin
epoxtac_e	C41H63NO14	Yes	"31-O-Desmethyl,19-Hydroxy,37, 39-Epoxy-tacrolimus"
tmacmp_r	C9H11NO2S	Yes	Thiomethyl-conjugate-acetaminophen
gtacmp_c	C15H18NO8S	Yes	Glucuronide-thiomethyl-acetaminophen conjugate
ibup__S_r	C13H17O2	Yes	Ibuprofen-S
fvs_e	C24H25FNNaO4	Yes	Fluvastatin
3dhdchol_e	C24H37O4	Yes	3-dehydro-Deoxycholate
fvstetglu_e	C23H20FNNaO8	Yes	Des-isopropyl-dihydro-fluvastatin-tetranor-glucuronide
glc3meacp_e	C14H16NO9	Yes	Glucuronide-conjugate of 3-methoxy-acetaminophen
glz_e	C15H20N3O3S	Yes	Gliclazide
gtacmp_e	C15H18NO8S	Yes	Glucuronide-thiomethyl-acetaminophen conjugate
ibup__R_e	C13H17O2	Yes	Ibuprofen-R
ibup__R_r	C13H17O2	Yes	Ibuprofen-R
ibupgluc_e	C19H25O8	Yes	Ibuprofen acyl glucuronide
isolvstacid_e	C24H37O7	Yes	"3'-hydroxy-iso-delta-4',5'-hydroxy acid form of lovastatin"
lst4exp_e	C22H19ClN6O2	Yes	Losartan-E3174/ losartan-M6
ibupcoa__S_c	C34H48N7O17P3S	Yes	Ibuprofen-CoA-S form
lstn_e	C22H22ClN6O	Yes	Losartan
lstnm1_e	C22H22ClN6O2	Yes	Losartan-M1
3dhlchol_c	C24H37O3	Yes	3-dehydro-Lithocholate
ibup__S_c	C13H17O2	Yes	Ibuprofen-S
6hlvstacid_c	C24H37O7	Yes	6'-beta-hydroxy-lovastatin-acid form
isolvstacid_c	C24H37O7	Yes	"3'-hydroxy-iso-delta-4',5'-hydroxy acid form of lovastatin"
lstn1gluc_c	C28H30ClN6O7	Yes	Losartan-N1-glucuronide
lstn_c	C22H22ClN6O	Yes	Losartan
lstn_r	C22H22ClN6O	Yes	Losartan
lstnm1_c	C22H22ClN6O2	Yes	Losartan-M1
rsv_c	C44H54CaF2N6O12S2	Yes	Rosuvastatin
rsvgluc_r	C56H70CaF2N6O24S2	Yes	Rosuvastatin-glucuronide
lstnm2_c	C22H22ClN6O2	Yes	Losartan-M2
rsvlac_c	C44H52CaF2N6O10S2	Yes	Rosuvastatin-5S-lactone
lst4exp_r	C22H19ClN6O2	Yes	Losartan-E3174/ losartan-M6
lstnm4_c	C28H27ClN6O8	Yes	Losartan-M4 (glucuronide derivative)
rsv_e	C44H54CaF2N6O12S2	Yes	Rosuvastatin
3meacmp_c	C9H11NO3	Yes	3-methoxy-acetaminophen
s3meacmp_c	C8H8NO6S	Yes	Sulphate-conjugate-3-methoxy-acetaminophen
lstnm5_c	C22H22ClN6O2	Yes	Losartan-M5
simvgluc_r	C31H47O12	Yes	Simvastatin-acyl-glucuronide
lstnm7_e	C28H30ClN6O7	Yes	Losartan-N2-glucuronide / Losartan-M7
smv_c	C25H38O5	Yes	Simvastatin lactone form
lvstacid_c	C24H37O6	Yes	Lovastatin-hydroxyacid form
lvst_c	C24H36O5	Yes	Lovastatin lactone form
smvacid_c	C25H39O6	Yes	Simvastatin dihydroxy acid form
sulpacmp_c	C8H8NO5S	Yes	Sulphate-conjugate-acetaminophen
thrfvs_c	C24H25FNNaO4	Yes	Threo-isomer of fluvastain
tlacfvs_c	C24H23FNNaO3	Yes	Trans-lactone-fluvastatin
tmdm1_c	C16H19N4O4S	Yes	Torasemide-M1
tmd_r	C16H19N4O3S	Yes	Torasemide
tmdm3_c	C16H19N4O4S	Yes	Torasemide-M3
lvstacid_r	C24H37O6	Yes	Lovastatin-hydroxyacid form
lvst_r	C24H36O5	Yes	Lovastatin lactone form
mdz_c	C18H13ClFN3	Yes	Midazolam
rsv_r	C44H54CaF2N6O12S2	Yes	Rosuvastatin
nfdnpy_r	C17H16N2O6	Yes	Nitropyridine metabolite of nifedipine
tmdm5_c	C16H16N4O5S	Yes	Torasemide-M5
tmd_c	C16H19N4O3S	Yes	Torasemide
tripvs_c	C23H37NaO9	Yes	Triol metabolite of pravastatin
tsacmgluc_c	C15H18NO9S	Yes	Thiomethyl-sulphoxide-acetaminophen-glucuronide
nfdnpy_c	C17H16N2O6	Yes	Nitropyridine metabolite of nifedipine
nfdoh_c	C16H13N2O7	Yes	Hydroxy metabolite of nifedipine
nfd_c	C17H18N2O6	Yes	Nifedipine
nfd_e	C17H18N2O6	Yes	Nifedipine
1331tacr_r	C42H65NO12	Yes	"13,31-O-Didesmethyl-tacrolimus"
oxyp_c	C5H4N4O2	Yes	Oxypurinol
udprib_c	C14H20N2O17P2	Yes	Udp-ribose
6ahglz_r	C15H20N3O4S	Yes	6-alpha-OH-gliclazide
oxy1rb_c	C10H12N4O7	Yes	Oxypurinol-1-riboside
profvs_c	C18H16FNNaO2	Yes	Des-isoproylpropionic-acid-fluvastatin
ptvst_c	C50H46CaF2N2O8	Yes	Pitavastatin
ptvst_r	C50H46CaF2N2O8	Yes	Pitavastatin
pvsgluc_c	C29H42NaO13	Yes	Pravastatin glucuronide
1hibup__S_r	C13H17O3	Yes	1-hydroxy S-ibuprofen
2hibup__S_r	C13H17O3	Yes	2-hydroxy-S-ibuprofen
2hibupglu__S_r	C19H25O9	Yes	2-hydroxy S-ibuprofen-glucuronide
paps_r	C10H11N5O10P2	Yes	3'-Phosphoadenylyl sulfate
6bhglzglc_r	C21H27N3O10S	Yes	6-beta-OH-gliclazide-glucuronide
6bhglz_r	C15H20N3O4S	Yes	6-beta-OH-gliclazide
3hibupglu__S_r	C19H25O9	Yes	3-hydroxy S-ibuprofen-glucuronide
3hpvs_r	C23H35NaO8	Yes	3'-S-hydroxy-pravastatin
3hpvstetcoa_m	C40H58N7NaO21P3S	Yes	3'-S-hydroxy-pravastatin-tetranor-CoA
3hpvstetcoa_x	C40H58N7NaO21P3S	Yes	3'-S-hydroxy-pravastatin-tetranor-CoA
3ispvs_r	C23H35NaO7	Yes	3-alpha-iso-pravastatin
3hibup__S_r	C13H17O3	Yes	3-hydroxy S-ibuprofen
3ohacmp_c	C8H9NO3	Yes	3-hydroxy-acetaminophen
4hatvacid_r	C33H34FN2O6	Yes	4-hydroxy-atorvastatin-acid / para-hydroxy-atorvastatin acid
6hlvst_r	C24H36O6	Yes	6'-beta-hydroxy-lovastatin lactone form
2hatvacid_r	C33H34FN2O6	Yes	2-hydroxy-atorvastatin-acid / ortho-hydroxy-atorvastatin acid
caproic_e	C6H11O2	Yes	Caproic Acid
56eppvs_r	C23H35NaO8	Yes	"5,6-epoxy-3-alpha-iso-pravastatin"
6hlvstacid_r	C24H37O7	Yes	6'-beta-hydroxy-lovastatin-acid form
1a25dhvitd2_c	C28H44O3	Yes	"1-alpha,25-Dihydroxyvitamin D2"
1a25dhvitd2_e	C28H44O3	Yes	"1-alpha,25-Dihydroxyvitamin D2"
M00234_e	C5H6O5R2	Yes	"1,2-Diacylglycerol-Chylomicron-Pool"
M01807_e	CHO2R	Yes	Fatty-Acid-Chylomicron-Pool
6melvacid_r	C24H35O6	Yes	6'-exomethylene-lovastatin-acid form
M00503_e	C4H7O4R	Yes	Monoacylglycerol-Chylomicron-Pool
M01820_e	CHO2R	Yes	Fatty-Acid-VLDL-Pool
6melvst_r	C24H34O5	Yes	6'-exomethylene-lovastatin lactone form
M00510_e	C4H7O4R	Yes	1-Acylglycerol-VLDL-Pool
gpi_sig_e	Y	No	Glycophosphatidylinositol (GPI) signal sequence (C-terminal peptide)
kdn_e	C9H15O9	Yes	2-keto-3-deoxy-D-glycero-D-galactononic acid
m3gacpail_prot_hs_e	X	No	M3Gacpail Prot Heparan Sulfate
dolichol__L_e	C1080H1768O10	Yes	"Dolichol, human liver homolog"
6ohfvs_c	C24H25FNNaO5	Yes	6-hydroxy-fluvastatin
CE5026_c	C19H25N4O10S	Yes	5-S-glutathionyl-L-DOPA
CE1562_c	C9H4NO4	Yes	"5,6-indolequinone-2-carboxylate"
7ahglz_r	C15H20N3O4S	Yes	7-alpha-OH-gliclazide
ind56qn_c	C8H5NO2	Yes	"Indole-5,6-Quinone"
7bhglzglc_r	C21H27N3O10S	Yes	7-beta-OH-gliclazide-glucuronide
C01601_e	C9H17O2	Yes	Nonanoate
M02108_e	C7H13O2	Yes	Heptylic Acid
M01111_e	C5H7NO3	Yes	5-L-Gamma-Glutamyl Amino Acid
M01870_e	C90H148N9O60	Yes	" 
(GlcNAc)7 (Man)3 (Asn)1"
ditp_e	C10H11N4O13P3	Yes	DITP(4-)
M02446_e	C42H72O36	Yes	Maltoheptaose
M02447_e	C36H62O31	Yes	Maltohexaose
itacon_e	C5H4O4	Yes	Itaconate C5H4O4
7hpvs_r	C23H35NaO8	Yes	7-hydroxy-3-alpha-iso-pravastatin
am19cs_r	C62H111N11O14	Yes	AM19 (cyclosporine)
am1acs_r	C62H108N11O14	Yes	AM1A (cyclosporine)
am1cglc_c	C68H118N11O19	Yes	AM1c-glucuronide (cyclosporine)
crvsm22_r	C25H29FNNaO4	Yes	Cerivastatin-M22
glc3meacp_c	C14H16NO9	Yes	Glucuronide-conjugate of 3-methoxy-acetaminophen
ibup__R_c	C13H17O2	Yes	Ibuprofen-R
lstnm7_r	C28H30ClN6O7	Yes	Losartan-N2-glucuronide / Losartan-M7
mdzglc_r	C24H21ClFN3O6	Yes	Midazolam-glucuronide
ndersv_c	C42H48CaF2N6O12S2	Yes	N-desmethyl-rosuvastatin
nfdoh_r	C16H13N2O7	Yes	Hydroxy metabolite of nifedipine
ptvstm13_r	C50H46CaF2N2O10	Yes	Pitavastatin-M13
pvsgluc_r	C29H42NaO13	Yes	Pravastatin glucuronide
tacr_c	C44H69NO12	Yes	Tacrolimus
thsacmp_r	C9H11NO3S	Yes	Thiomethyl-sulphoxide-conjugate-acetaminophen
3hpvstetcoa_c	C40H58N7NaO21P3S	Yes	3'-S-hydroxy-pravastatin-tetranor-CoA
m3gacpail_prot_hs_r	X	No	M3Gacpail Prot Heparan Sulfate
octd11ecoa_m	C39H64N7O17P3S	Yes	11-Octadecenoyl Coenzyme A
CE2421_m	C39H62N7O18P3S	Yes	(3S)-3-hydroxylinoleoyl-CoA
CE1925_c	C16H21O4	Yes	3'-carboxy-alpha-chromanol
CE5854_c	C21H27O10	Yes	Gama-CEHC-glucuronide
CE4798_m	C30H48N7O17P3S	Yes	"2(S),6-Dimethyl-Heptanoyl Coenzyme A"
CE4808_m	C27H42N7O17P3S	Yes	4-Methyl-Pentanoyl Coenzyme A
CE4803_m	C32H50N7O18P3S	Yes	"3-Oxo-4(R),8-Dimethyl-Nonanoyl Coenzyme A"
CE4796_m	C30H46N7O18P3S	Yes	3-Oxo-(2S)-Methylisocapryloyl Coenzyme A
CE4804_m	C27H40N7O18P3S	Yes	3-Oxo-4-Methyl-Pentanoyl Coenzyme A
andrstrn_c	C19H30O2	Yes	Andrstrn c
CE0849_x	C37H58N7O17P3S	Yes	"Cis,Cis-Palmito-7,10-Dienoyl Coenzyme A"
CE2432_x	C35H52N7O17P3S	Yes	"Trans-2-Cis,Cis-5,8-Tetradecatrienoyl Coenzyme A"
CE2434_m	C39H60N7O17P3S	Yes	"Trans,Cis,Cis-2,9,12-Octadecatrienoyl Coenzyme A"
CE2434_x	C39H60N7O17P3S	Yes	"Trans,Cis,Cis-2,9,12-Octadecatrienoyl Coenzyme A"
CE2418_m	C37H58N7O18P3S	Yes	"(3S)-3-hydroxy-cis,cis-palmito-7,10-dienoyl-CoA"
CE2418_x	C37H58N7O18P3S	Yes	"(3S)-3-hydroxy-cis,cis-palmito-7,10-dienoyl-CoA"
CE0713_x	C39H60N7O18P3S	Yes	"3-oxolinoleoyl-CoA; 3-oxo-(9Z,12Z)-9,12-Octadecadienoyl CoA"
CE2422_m	C37H56N7O18P3S	Yes	"3-oxo-cis,cis-7,10-hexadecadienoyl-CoA"
12dgr120_e	C27H52O5	Yes	"1,2-Diacyl-sn-glycerol (didodecanoyl, n-C12:0)"
CE2422_x	C37H56N7O18P3S	Yes	"3-oxo-cis,cis-7,10-hexadecadienoyl-CoA"
pail345p_hs_r	C9H13O18P4RCO2R2CO2	Yes	"Phosphatidylinositol-3,4,5-trisphosphate (Homo sapiens)"
CE2424_m	C35H52N7O18P3S	Yes	"3-oxo-cis,cis-5,8-tetradecadienoyl-CoA"
C05280_m	C33H50N7O17P3S	Yes	"Cis,Cis-3,6-Dodecadienoyl Coenzyme A"
C05280_x	C33H50N7O17P3S	Yes	"Cis,Cis-3,6-Dodecadienoyl Coenzyme A"
CE5791_e	C35H47N10O7	Yes	Kinetensin 4-8
galside_hs_e	C24H46NO7RCO	Yes	Galactocerebroside (homo sapiens)
CE5125_x	C40H68N7O17P3S	Yes	(2S)-Pristanoyl Coenzyme A
C01041_c	C6H6O6	Yes	Monodehydroascorbate
hdcea_m	C16H29O2	Yes	Hexadecenoate (n-C16:1)
CE4791_x	C41H64N7O18P3S	Yes	3(S)-Hydroxy-Dihomo-Gama-Linolenoyl Coenzyme A
CE4793_x	C41H62N7O18P3S	Yes	3-oxo-dihomo-gama-linolenoyl-CoA
c101coa_c	C31H48N7O17P3S	Yes	Decenoyl Coenzyme A
c101crn_c	C17H31NO4	Yes	Decenoyl Carnitine
c10crn_c	C17H33NO4	Yes	Decanoyl Carnitine
CE2439_x	C39H58N7O18P3S	Yes	"3-Oxo-6Z,9Z,12Z-Octadecatrienoyl Coenzyme A"
CE2437_x	C39H58N7O17P3S	Yes	"2E,6Z,9Z,12Z-Octadecatetraenoyl Coenzyme A"
CE2442_x	C37H56N7O17P3S	Yes	"3Z,7Z,10Z-Hexadecatrienoyl Coenzyme A"
CE2441_x	C37H54N7O17P3S	Yes	"2E,4Z,7Z,10Z-Hexadecatetraenoyl Coenzyme A"
CE2440_x	C37H56N7O17P3S	Yes	"4Z,7Z,10Z-Hexadecatrienoyl Coenzyme A"
CE4795_x	C41H60N7O17P3S	Yes	"2-Trans-Cis,Cis,Cis,Cis-4,8,11,14-Eicosapentaenoyl Coenzyme A"
CE5120_m	C35H54N7O17P3S	Yes	Trans-2-Cis-8-Tetradecadienoyl Coenzyme A
CE4792_m	C35H54N7O18P3S	Yes	3-Oxo-Cis-8-Tetradecenoyl Coenzyme A
docosdiac_r	C22H40O4	Yes	Docosanedioicacid
docosdiac_c	C22H40O4	Yes	Docosanedioicacid
3octdec2crn_e	C25H45NO5	Yes	3-Hydroxyoctadecadienoylcarnitine
3octdeccrn_e	C25H49NO5	Yes	3-Hydroxyoctadecanoyl Carnitine
3octdece1crn_e	C25H47NO5	Yes	3-Hydroxy-Octadecenoyl Carnitine
3tetd7ecoacrn_e	C21H39NO5	Yes	3-Hydroxy Tetradecenoyl-7-Carnitine
3ttetddcoacrn_e	C21H37NO5	Yes	"3-Hydroxy Trans5,8Tetradecadienoyl Carnitine"
c16dc_e	C23H42NO6	Yes	Hexadecanedioic Acid Mono-L-Carnitine Ester
c81crn_e	C15H27NO4	Yes	Octenoyl Carnitine
ddece1crn_e	C19H35NO4	Yes	Dodecenoyl Carnitine
ddeccrn_e	C19H37NO4	Yes	Lauroyl Carnitine
tetdec2crn_e	C21H37NO4	Yes	Tetradecadienoyl Carnitine
tetdece1crn_e	C21H39NO4	Yes	Tetradecenoyl Carnitine
CE4794_m	C33H52N7O17P3S	Yes	Cis-6-Dodecenoyl Coenzyme A
CE2088_c	C11H13N3O5S	Yes	N-acetyl-S-[2-carboxy-1-(1 H-imidazol-4-yl)ethyl]-L-cysteine
dec24dicoa_x	C31H46N7O17P3S	Yes	"2,4-Decadienoyl Coenzyme A"
dec47dicoa_m	C31H46N7O17P3S	Yes	"4,7-Decadienoyl Coenzyme A"
dec47dicoa_x	C31H46N7O17P3S	Yes	"4,7-Decadienoyl Coenzyme A"
tmuncoa_x	C35H58N7O17P3S	Yes	"2,6,10-Trimethyl Undecanoyl Coenzyme A"
undcoa_m	C32H52N7O17P3S	Yes	Undecanoyl Coenzyme A
dd2coa_x	C33H52N7O17P3S	Yes	Trans-Dodec-2-enoyl-CoA
dd3coa_x	C33H52N7O17P3S	Yes	3-dodecenoyl CoA
2ddecdicoa_m	C33H50N7O17P3S	Yes	"2,6-Dodecadienoyl Coenzyme A"
tetdec2crn_c	C21H37NO4	Yes	Tetradecadienoyl Carnitine
3tetd7ecoa_m	C35H56N7O18P3S	Yes	3-Hydroxy Tetradecenoyl-7 Coenzyme A
3tetd7ecoa_c	C35H56N7O18P3S	Yes	3-Hydroxy Tetradecenoyl-7 Coenzyme A
3ttetddcoa_m	C35H54N7O18P3S	Yes	"3-Hydroxy Trans5,8Tetradecadienoyl Coenzyme A"
3ttetddcoacrn_c	C21H37NO5	Yes	"3-Hydroxy Trans5,8Tetradecadienoyl Carnitine"
3hdeccoa_c	C37H60N7O18P3S	Yes	3-Hydroxyhexadecenoyl Coenzyme A
3thexddcoa_c	C37H58N7O18P3S	Yes	"3-Hydroxy Trans7,10-Hexadecadienoyl Coenzyme A"
3thexddcoacrn_c	C23H41NO5	Yes	"3-Hydroxy Trans7,10-Hexadecadienoyl Carnitine"
hexdicoa_c	C37H59N7O19P3S	Yes	Hexadecanedioyl Coenzyme A
c16dc_c	C23H42NO6	Yes	Hexadecanedioic Acid Mono-L-Carnitine Ester
3octdece1coa_c	C39H64N7O18P3S	Yes	3-Hydroxyoctadecenoyl Coenzyme A
c6crn_c	C13H25NO4	Yes	Hexanoyl Carnitine
c6crn_x	C13H25NO4	Yes	Hexanoyl Carnitine
c81coa_c	C29H44N7O17P3S	Yes	Octenoyl Coenzyme A
ddeccrn_c	C19H37NO4	Yes	Lauroyl Carnitine
ddece1crn_c	C19H35NO4	Yes	Dodecenoyl Carnitine
decdicrn_c	C17H29NO4	Yes	Decadienoyl Carnitine
ocde9ecoa_x	C39H64N7O17P3S	Yes	9-Octadecenoyl Coenzyme A
2octdectecoa_m	C39H58N7O17P3S	Yes	"2,6,9,12-Octadecatetraenoyl Coenzyme A"
3octdectecoa_x	C39H58N7O17P3S	Yes	"3,6,9,12-Octadecatetraenoyl Coenzyme A"
3octpencoa_m	C39H56N7O17P3S	Yes	"3,6,9,12,15-Octadecapentenoyl Coenzyme A"
ei11ecoa_x	C41H68N7O17P3S	Yes	11-Eicosenoyl Coenzyme A
eitetcoa_m	C41H62N7O17P3S	Yes	"5,8,11,14-Eicosatetraenoyl Coenzyme A"
eipencoa_x	C41H60N7O17P3S	Yes	"2,5,8,11,14-Eicosapentaenoyl Coenzyme A"
5eipencoa_m	C41H60N7O17P3S	Yes	"5,8,11,14,17-Eicosapentenoyl Coenzyme A"
2docopencoa_x	C43H64N7O17P3S	Yes	"2,7,10,13,16-Docosapentenoyl Coenzyme A"
3docopencoa_m	C43H64N7O17P3S	Yes	"3,7,10,13,16-Docosapentenoyl Coenzyme A"
3docopencoa_x	C43H64N7O17P3S	Yes	"3,7,10,13,16-Docosapentenoyl Coenzyme A"
2docohexecoa_m	C43H62N7O17P3S	Yes	"2,7,10,13,16,19-Docosahexenoyl Coenzyme A"
docohexcoa_x	C43H62N7O17P3S	Yes	"2,4,7,10,13,16-Docosahexenoyl Coenzyme A"
docosahexcoa_m	C43H62N7O17P3S	Yes	"3,7,10,13,16,19-Docosahexenoyl Coenzyme A"
pentcoa_m	C26H40N7O17P3S	Yes	Pentanoyl Coenzyme A
3ivcoa_c	C26H40N7O18P3S	Yes	3-Hydroxyisovaleryl Coenzyme A
hexe3coa_x	C27H40N7O17P3S	Yes	3-Hexenoyl Coenzyme A
hepcoa_m	C28H44N7O17P3S	Yes	Heptanoyl Coenzyme A
octe5coa_x	C29H44N7O17P3S	Yes	5-Octenoyl Coenzyme A
argsuc_e	C10H17N4O6	Yes	N(omega)-(L-Arginino)succinate
stcrn_e	C25H49NO4	Yes	Stearoylcarnitine
hdcecrn_e	C23H43NO4	Yes	Hexadecenoyl carnitine
tdec4ecoa_m	C31H48N7O17P3S	Yes	Trans4Decenoyl Coenzyme A
ctdecdcoa_m	C31H46N7O17P3S	Yes	Cis2Trans4Decadienoyl Coenzyme A
tddedi2coa_m	C33H50N7O17P3S	Yes	"Trans2,6Dodecadienoyl Coenzyme A"
tddedicoa_m	C33H50N7O17P3S	Yes	"Trans3,6Dodecadienoyl Coenzyme A"
ttetddcoa_m	C35H54N7O17P3S	Yes	"Trans5,8Tetradecadienoyl Coenzyme A"
3hdeccoa_m	C37H60N7O18P3S	Yes	3-Hydroxyhexadecenoyl Coenzyme A
3hdececrn_c	C23H43NO5	Yes	3-Hydroxyhexadecenoylcarnitine
3hodcoa_m	C39H66N7O18P3S	Yes	(S)-3-Hydroxyoctadecanoyl-CoA
3octdece1coa_m	C39H64N7O18P3S	Yes	3-Hydroxyoctadecenoyl Coenzyme A
3octdec2crn_c	C25H45NO5	Yes	3-Hydroxyoctadecadienoylcarnitine
3octdeccrn_c	C25H49NO5	Yes	3-Hydroxyoctadecanoyl Carnitine
3ocddcoa_m	C39H62N7O18P3S	Yes	3-Hydroxyoctadecadienoyl Coenzyme A
octdececrn_c	C25H47NO4	Yes	"Octadecenoyl Carnitine (Hypothetical, Position Of Double Bond Unknown)"
octdececrn_m	C25H47NO4	Yes	"Octadecenoyl Carnitine (Hypothetical, Position Of Double Bond Unknown)"
omhdocosac_r	C22H42O3	Yes	W-Hydroxydocosanoicacid
whhdca_r	C16H30O3	Yes	Omega hydroxy hexadecanoate (n-C16:0)
4mtob_c	C5H7O3S	Yes	4-Methyl-Thio-Oxo-Butyrate
3mtp_c	C4H8OS	Yes	3 Methylthiopropionate C4H7O2S
15kprostgf2_c	C20H31O5	Yes	15-Keto-Prostaglandin F2A
34hpl_c	C9H9O4	Yes	3  4 Hydroxyphenyl lactate C9H9O4
4aabutn_e	C6H10NO3	Yes	4 Acetamidobutanoate C6H10NO3
acgly_m	C4H6NO3	Yes	Acetyl-Glycine
aclys_m	C8H16N2O3	Yes	Acetyl-L-Lysine
1a25dhvitd3_n	C27H44O3	Yes	"1-alpha,25-Dihydroxyvitamin D3"
4abut_n	C4H9NO2	Yes	4-Aminobutanoate
5HPET_r	C20H31O4	Yes	"5-Hydroperoxy-6-trans-8,11,14-cis-eicosatetraenoate"
adpoh_c	C6H8O5	Yes	2-Hydroxyadipic Acid
7dhchsterol_e	C27H44O	Yes	"Cholesta-5,7-dien-3beta-ol"
acgly_e	C4H6NO3	Yes	Acetyl-Glycine
aclys_e	C8H16N2O3	Yes	Acetyl-L-Lysine
acorn_e	C7H14N2O3	Yes	N2-Acetyl-L-ornithine
adpac_e	C6H8O4	Yes	"Adipic acid; hexane-1,6-dioic acid"
C04805_e	C20H31O3	Yes	5(S)-HETE
C06315_e	C20H31O5	Yes	Lipoxin B4(1-)
C11695_e	C22H37NO2	Yes	Anandamide
C14768_e	C20H31O3	Yes	"5,6-EET"
C14825_e	C18H31O3	Yes	9(10)-EpOME
C14826_e	C18H31O3	Yes	12(13)-EpOME
CE0955_e	C20H33O6	Yes	6-oxo-prostaglandin F1alpha
CE1556_e	C6H9N2O4	Yes	N-acetyl-L-asparagine
CE2028_e	C5H8O3	Yes	Beta-hydroxy-beta-methylbutyrate
CE2445_e	C20H31O4	Yes	6-trans-leukotriene B4
CE2537_e	C20H33O3	Yes	"15-hydroxy-(8Z,11Z,13E)-eicosatrienoate"
CE5304_e	C20H29O4	Yes	15-deoxy-PGD2
CE6247_e	C20H31O5	Yes	"5,12,20-TriHETE"
CE7172_e	C20H31O4	Yes	"14,15-DiHETE"
cholp_e	C5H13NO4P	Yes	Choline phosphate C5H13NO4P
cortsn_e	C21H28O5	Yes	Cortsn r
didecaeth_e	C14H29NO2	Yes	"C12:0-Ethanolamide, Didecanoyl Ethanolamide"
diholineth_e	C22H39NO2	Yes	Dihomo-Gamma-Linolenoyl Ethanolamide
docteteth_e	C24H41NO2	Yes	"Docosatetraenoyl Ethanolamide (22:4, Delta 7, 10, 13, 16)"
dodecanac_e	C12H20O4	Yes	Dodecanedioic Acid
hepdeceth_e	C19H39NO2	Yes	Heptadecanoyl Thanolamide (C17:0)
hexdeceeth_e	C18H35NO2	Yes	"Hexadecenoyl Ethanolamide, C16:1-Ethanolamide (Delta 9)"
hmcarn_e	C10H16N4O3	Yes	Homocarnosine
hmcr_e	C7H15N3O3	Yes	Homocitrulline
L2aadp_e	C6H10NO4	Yes	L 2 Aminoadipate C6H10NO4
hxcoa_e	C27H42N7O17P3S	Yes	Hexanoyl-CoA (n-C6:0CoA)
leuktrB4woh_e	C20H31O5	Yes	W-hydroxyl leukotriene B4
magarachi_hs_e	C23H38O4	Yes	1-Arachidonoyl Glycerol
magole_hs_e	C21H40O4	Yes	1-Oleoylglycerol
magpalm_hs_e	C19H38O4	Yes	1-Palmitoylglycerol
nicrnt_e	C11H12NO9P	Yes	Nicotinate D-ribonucleotide
orot5p_e	C10H10N2O11P	Yes	Orotidine 5'-phosphate
Nacasp_e	C6H7NO5	Yes	N-Acetyl-L-aspartate
nwharg_e	C6H15N4O3	Yes	N-(omega)-Hydroxyarginine
oleth_e	C20H39NO2	Yes	Oleoyl Ethanolamide
pailar_hs_e	C29H48O12P	Yes	1-Arachidonoylglycerophosphoinositol
pchol2ste_hs_e	C26H55NO7P	Yes	2-Stearoylglycerophosphocholine
hmcarn_c	C10H16N4O3	Yes	Homocarnosine
xolest183_hs_l	C45H74O2	Yes	"1-Gamma-Linolenoyl-Cholesterol, Cholesterol-Ester (18:3, Delta 6, 9, 12)"
peole_hs_e	C23H46NO7P	Yes	1-Oleoylglycerophosphoethanolamine (Delta 9)
xolest205_hs_l	C47H74O2	Yes	"1-Timnodnoyl-Cholesterol, Cholesterol-Ester (20:5, Delta 5,8,11,14,17)"
4tmeabutn_e	C7H15NO2	Yes	4-Trimethylammoniobutanoate
pelinl_hs_e	C23H44NO7P	Yes	"1-Linoleoylglycerophosphoethanolamine (Delta 9,12)"
thrnt_c	C4H7O5	Yes	L-Threonate
pe13_hs_e	C18H38NO7P	Yes	1-Tridecanoylglycerophosphoethanolamine (C13:0 Pe)
C06315_c	C20H31O5	Yes	Lipoxin B4(1-)
wharachd_c	C20H31O3	Yes	W-hydroxyl arachidonic acid
wharachd_r	C20H31O3	Yes	W-hydroxyl arachidonic acid
acile__L_c	C8H14NO3	Yes	Acetyl Isoleucine (Chemspider Id: 9964364)
acile__L_e	C8H14NO3	Yes	Acetyl Isoleucine (Chemspider Id: 9964364)
acleu__L_c	C8H14NO3	Yes	N-Acetylleucine
C14769_c	C20H31O3	Yes	"8,9-EET"
C14771_c	C20H31O3	Yes	"14,15-EET"
CE0955_c	C20H33O6	Yes	6-oxo-prostaglandin F1alpha
CE0955_r	C20H33O6	Yes	6-oxo-prostaglandin F1alpha
hishislys_e	C18H29N8O4	Yes	Histidyl-Histidyl-Lysine
ileglnglu_e	C16H27N4O7	Yes	Isolecyl-Glutaminyl-Glutamate
iletrptyr_e	C26H32N4O5	Yes	Isolecyl-Tryptophanyl-Tyrosine
CE2510_c	C20H37O2	Yes	11-cis-eicosenoate
CE2537_c	C20H33O3	Yes	"15-hydroxy-(8Z,11Z,13E)-eicosatrienoate"
leualaarg_e	C15H31N6O4	Yes	Leucyl-Alanyl-Arginine
leutyrtyr_e	C24H31N3O6	Yes	Leucyl-Tyrosyl-Tyrosine
lyspheile_e	C21H35N4O4	Yes	Lysyl-Phenylalanyl-Isoleucine
lysvaltrp_e	C22H34N5O4	Yes	Lysyl-Valyl-Tryptophan
CE5304_c	C20H29O4	Yes	15-deoxy-PGD2
CE6031_c	C19H29O5S	Yes	Androsterone Sulfate
CE7082_c	C20H29O3	Yes	15(S)-HEPE
cortsn_c	C21H28O5	Yes	Cortsn r
pedh203_hs_e	C25H46NO7P	Yes	"1-Dihomo-Linolenoylglycerophosphoethanolamine (20:3, Delta 8, 11, 14)"
2oxoadp_e	C6H6O5	Yes	2 Oxoadipate C6H6O5
34hpl_e	C9H9O4	Yes	3  4 Hydroxyphenyl lactate C9H9O4
3hpppnohgluc_e	C15H16O9	Yes	3-(3-Hydroxy-Phenyl)Propionate Hydroxy Derivative Glucuronide
metasntyr_e	C18H26N4O6S	Yes	Methionyl-Asparaginyl-Tyrosine
methislys_e	C17H31N6O4S	Yes	Methionyl-Histidyl-Lysine
metmetile_e	C16H31N3O4S2	Yes	Methionyl-Methionyl-Isoleucine
pheglnphe_e	C23H28N4O5	Yes	Phenylalanyl-Glutaminyl-Phenylalanine
3uib_e	C5H9N2O3	Yes	3-Ureidoisobutyrate
pcholdoc_hs_e	C34H59NO7P	Yes	1-Docosahexaenoylglycerophosphocholine
pcholeic_hs_e	C28H55NO7P	Yes	"1-Eicosadienoylglycerophosphocholine (Delta 11,14)"
phephe_e	C18H20N2O3	Yes	Phenylalanyl-Phenylalanine
phetrpleu_e	C26H32N4O4	Yes	Phenylalanyl-Tryptophanyl-Leucine
pcholmyr_hs_e	C22H47NO7P	Yes	1-Myristoylglycerophosphocholine
pcholn19_hs_e	C27H57NO7P	Yes	"1-Nonadecanoylglycerophosphocholine, Sn1-Lpc (19:0)"
pcholn203_hs_e	C28H53NO7P	Yes	"1-Dihomo-Linolenoylglycerophosphocholine (20:3, Delta 8, 11, 14), Lysopc A C20:3"
pcholn204_hs_e	C28H51NO7P	Yes	"1-Eicosatetraenoylglycerophosphocholine (Delta 8, 11, 14, 17), Sn1-Lpc (20:4)"
pcholn224_hs_e	C30H55NO7P	Yes	"1-Docosatetraenoylglycerophosphocholine (Delta 7, 10, 13, 16), Sn1-Lpc (22:4)"
phetyr_e	C18H20N2O4	Yes	Phenylalanyl-Tyrosine
procys_e	C8H14N2O3S	Yes	Prolyl-Cysteine
proglulys_e	C16H28N4O6	Yes	Prolyl-Glutamatsyl-Lysine
alaasnleu_e	C13H24N4O5	Yes	Alanyl-Asparaginyl-Leucine
arggluglu_e	C16H27N6O8	Yes	Arginyl-Glutamyl-Glutamate
argleuphe_e	C21H35N6O4	Yes	Arginyl-Leucyl-Phenylalanine
arglysasp_e	C16H32N7O6	Yes	Arginyl-Lysyl-Aspartate
pcholn2254_hs_e	C30H53NO7P	Yes	"1-Docosapentenoylglycerophosphocholine (Delta 4, 7, 10, 13, 16), Sn1-Lpc (22:5)-W6"
pcholn28_hs_e	C36H75NO7P	Yes	Lysopc A C28:0
pcholole_hs_e	C26H53NO7P	Yes	1-Oleoylglycerophosphocholine (Delta 9)
pcholpalme_hs_e	C24H49NO7P	Yes	1-Palmitoleoylglycerophosphocholine (Delta 9)
pcollg5hlys_e	C6H14N2O3	Yes	Procollagen 5-hydroxy-L-lysine
argserser_e	C12H25N6O6	Yes	Arginyl-Seryl-Serine
asnmetpro_e	C14H24N4O5S	Yes	Asparaginyl-Methionyl-Proline
asntyrgly_e	C15H20N4O6	Yes	Asparaginyl-Tyrosyl-Glycine
asntyrphe_e	C22H26N4O6	Yes	Asparaginyl-Tyrosyl-Phenylalanine
cyscys_e	C6H12N2O3S2	Yes	Cystyl-Cysteine
cysglnmet_e	C13H24N4O5S2	Yes	Cystyl-Glutaminyl-Methionine
pe17_hs_e	C22H46NO7P	Yes	1-Heptadecanoylglycerophosphoethanolamine (C17:0 Pe)
saccrp__L_e	C11H19N2O6	Yes	L Saccharopine C11H19N2O6
sphmyln181161_hs_e	C39H78N2O6P	Yes	"Sm (D18:1/16:1), Sphingomyelin"
sphmyln18117_hs_e	C40H82N2O6P	Yes	"Sm (D18:1/17:0), Sphingomyelin"
sphmyln18118_hs_e	C41H84N2O6P	Yes	"Sm (D18:1/18:0), Sphingomyelin"
sphmyln181201_hs_e	C43H86N2O6P	Yes	"Sm (D18:1/20:1), Sphingomyelin"
sphmyln18123_hs_e	C46H94N2O6P	Yes	"Sm (D18:1/23:0), Sphingomyelin"
sphmyln1824_hs_e	C47H98N2O6P	Yes	"Sm (D18:0/24:0), Sphingomyelin"
sphmyln1825_hs_e	C48H100N2O6P	Yes	"Sm (D18:0/25:0), Sphingomyelin"
steeth_e	C20H41NO2	Yes	Stearoyl Ethanolamide
tetdecaeth_e	C16H33NO2	Yes	"C14:0-Ethanolamide, Tetradecanoyl Ethanolamide"
tmlys_e	C9H20N2O2	Yes	"N6,N6,N6-Trimethyl-L-lysine"
trideceth_e	C15H31NO2	Yes	Tridecanoyl Thanolamide (C13:0)
urcan_e	C6H5N2O2	Yes	Urocanate C6H5N2O2
xolest183_hs_e	C45H74O2	Yes	"1-Gamma-Linolenoyl-Cholesterol, Cholesterol-Ester (18:3, Delta 6, 9, 12)"
glnhishis_e	C17H24N8O5	Yes	Glutaminyl-Histidyl-Histidine
estriol_e	C18H24O3	Yes	Estriol c
3hpppnoh_c	C9H9O4	Yes	3-(3-Hydroxy-Phenyl)Propionate Hydroxy Derivative
urscholcoa_c	C45H70N7O19P3S	Yes	Ursodeoxycholyl Coenzyme A
HC02194_c	C24H39O4	Yes	Ursodeoxycholate
serargala_e	C12H25N6O5	Yes	Seryl-Arginyl-Alanine
sercysarg_e	C12H25N6O5S	Yes	Seryl-Cysteinyl-Arginine
serglyglu_e	C10H16N3O7	Yes	Seryl-Glycyl-Glutamate
valleuphe_e	C20H31N3O4	Yes	Valyl-Leucyl-Phenylalanine
valtrpval_e	C21H30N4O4	Yes	Valyl-Tryptophanyl-Valine
trpglyasp_e	C17H19N4O6	Yes	Tryptophanyl-Glycyl-Aspartate
alalysthr_c	C13H27N4O5	Yes	Alanyl-Lysine-Threonine
argalaphe_c	C18H29N6O4	Yes	Arginyl-Alanine-Phenylalanine
argarg_c	C12H28N8O3	Yes	Arginyl-Arginine
argcysgly_c	C11H23N6O4S	Yes	Arginyl-Cystinyl-Glycine
argcysser_c	C12H25N6O5S	Yes	Arginyl-Cystinyl-Serine
arggluglu_c	C16H27N6O8	Yes	Arginyl-Glutamyl-Glutamate
argglupro_c	C16H28N6O6	Yes	Arginyl-Glutamyl-Proline
arghisthr_c	C16H29N8O5	Yes	Arginyl-Histidyl-Threonine
arglysasp_c	C16H32N7O6	Yes	Arginyl-Lysyl-Aspartate
pcresol_c	C7H7O	Yes	P-Cresol
pcs_c	C7H7O4S	Yes	P-Cresol Sulfate
bgly_e	C9H8NO3	Yes	N-Benzoylglycine
thbpt_e	C9H15N5O3	Yes	Tetrahydrobiopterin
itp_n	C10H11N4O14P3	Yes	ITP C10H11N4O14P3
argserser_c	C12H25N6O6	Yes	Arginyl-Seryl-Serine
argtyrval_c	C20H33N6O5	Yes	Argtyrval
argvaltrp_c	C22H34N7O4	Yes	Arginyl-Valyl-Tryptophan
asncyscys_c	C10H18N4O5S2	Yes	Asparaginyl-Cysteinyl-Cysteine
asnmetpro_c	C14H24N4O5S	Yes	Asparaginyl-Methionyl-Proline
asnpheasp_c	C17H21N4O7	Yes	Asparaginyl-Phenylalanyl-Aspartate
asnphecys_c	C16H22N4O5S	Yes	Asparaginyl-Phenylalanyl-Cysteine
asntyrgly_c	C15H20N4O6	Yes	Asparaginyl-Tyrosyl-Glycine
asntyrphe_c	C22H26N4O6	Yes	Asparaginyl-Tyrosyl-Phenylalanine
asntyrthr_c	C17H24N4O7	Yes	Asparaginyl-Tyrosyl-Threonine
aspasnglu_c	C13H18N4O9	Yes	Aspartyl-Asparaginyl-Glutamate
aspglu_c	C9H12N2O7	Yes	Aspartyl-Glutamate
asplyshis_c	C16H26N6O6	Yes	Aspartyl-Lysyl-Histidine
cysglnmet_c	C13H24N4O5S2	Yes	Cystyl-Glutaminyl-Methionine
cysgluhis_c	C14H20N5O6S	Yes	Cystyl-Glutamyl-Histidine
glnhishis_c	C17H24N8O5	Yes	Glutaminyl-Histidyl-Histidine
glnhislys_c	C17H30N7O5	Yes	Glutaminyl-Histidyl-Lysine
glnproglu_c	C15H23N4O7	Yes	Glutaminyl-Prolyl-Glutamate
glntrpglu_c	C21H26N5O7	Yes	Glutaminyl-Tryptophanyl-Glutamate
glntyrleu_c	C20H30N4O6	Yes	Glutaminyl-Tyrosyl-Leucine
gluargleu_c	C17H32N6O6	Yes	Glutaminyl-Arginyl-Leucine
glumethis_c	C16H24N5O6S	Yes	Glutamyl-Methioninyl-Histidine
gluthr_c	C9H15N2O6	Yes	Glutamyl-Threonine
glutrpala_c	C19H23N4O6	Yes	Glutamyl-Tryptophanyl-Alanine
glyhisasn_c	C12H18N6O5	Yes	Glycyl-Histidyl-Asparagine
serphelys_e	C18H29N4O5	Yes	Seryl-Phenylalanyl-Lysine
thrargtyr_e	C19H31N6O6	Yes	Threonyl-Arginyl-Tyrosine
thrasntyr_e	C17H24N4O7	Yes	Threonyl-Asparaginyl-Tyrosine
thrglnglu_e	C14H23N4O8	Yes	Threonyl-Glutaminyl-Glutamate
thrmetarg_e	C15H31N6O5S	Yes	Threonyl-Methionyl-Arginine
trpalapro_e	C19H24N4O4	Yes	Tryptophanyl-Alanyl-Proline
trphismet_e	C22H28N6O4S	Yes	Tryptophanyl-Histidyl-Methionine
trpprogly_e	C18H21N4O4	Yes	Tryptophanyl-Prolyl-Glycine
trpproval_e	C21H28N4O4	Yes	Tryptophanyl-Prolyl-Valine
trpthrglu_e	C20H25N4O7	Yes	Tryptophanyl-Threonyl-Glutamate
sphmyln_hs_e	C23H48N2O5PRCO	Yes	Sphingomyelin (homo sapiens)
xolest182_hs_c	C45H76O2	Yes	"1-Linoleoyl-Cholesterol, Cholesterol-Ester (18:2, Delta 9, 12)"
tmndnc_l	C20H29O2	Yes	"Timnodonic acid C20:5, n-3"
xolest226_hs_c	C49H76O2	Yes	"Cholesteryl Docosahexanoate, Cholesterol-Ester (22:6, Delta 4,7,10,13,16,19)"
crvnc_l	C22H31O2	Yes	"Cervonic acid, C22:6 n-3"
bgly_m	C9H8NO3	Yes	N-Benzoylglycine
gncore1_c	C22H37N2O15X	Yes	"GlcNAc-alpha-1,4-Core 1"
gncore2_c	C30H50N3O20X	Yes	"GlcNAc-alpha-1,4-Core 2"
Lhcystin_c	C8H16N2O4S2	Yes	L-Homocystine
Lhcystin_e	C8H16N2O4S2	Yes	L-Homocystine
tyralaphe_e	C21H25N3O5	Yes	Tyrosyl-Alaninyl-Phenylalanine
tyrargglu_e	C20H30N6O7	Yes	Tyrosyl-Arginyl-Glutamate
tyrcysgly_e	C14H19N3O5S	Yes	Tyrosyl-Cysteinyl-Glycine
glnlyslys_e	C17H36N6O5	Yes	Glutaminyl-Lysyl-Lysine
glnlystrp_e	C22H33N6O5	Yes	Glutaminyl-Lysyl-Tryptophan
gluleu_e	C11H19N2O5	Yes	Glutamyl-Leucine
gluthr_e	C9H15N2O6	Yes	Glutamyl-Threonine
glyhislys_e	C14H25N6O4	Yes	Glycyl-Histidyl-Lysine
glytyrlys_e	C17H27N4O5	Yes	Glycyl-Tyrosyl-Lysine
hisargcys_e	C15H27N8O4S	Yes	Histidyl-Arginyl-Cysteine
glyhislys_c	C14H25N6O4	Yes	Glycyl-Histidyl-Lysine
glylyscys_c	C11H23N4O4S	Yes	Glycyl-Lysyl-Cysteine
hisargcys_c	C15H27N8O4S	Yes	Histidyl-Arginyl-Cysteine
hisargser_c	C15H27N8O5	Yes	Histidyl-Arginyl-Serine
hisasp_c	C10H13N4O5	Yes	Histidyl-Aspartate
hiscyscys_c	C12H19N5O4S2	Yes	Histidyl-Cystyl-Cysteine
hisglnala_c	C14H22N6O5	Yes	Histidyl-Glutaminyl-Alanine
hisglylys_c	C14H25N6O4	Yes	Histidyl-Lysyl-Lysine
hislysala_c	C15H27N6O4	Yes	Histidyl-Lysyl-Alanine
hislysglu_c	C17H28N6O6	Yes	Histidyl-Lysyl-Glutamate
hismet_c	C11H18N4O3S	Yes	Histidyl-Methionine
hisphearg_c	C21H31N8O4	Yes	Histidyl-Phenylalanyl-Arginine
hisprolys_c	C17H29N6O4	Yes	Histidyl-Prolyl-Lysine
ileasnhis_c	C16H26N6O5	Yes	Isoleucyl-Asparaginyl-Histidine
ileasp_c	C10H17N2O5	Yes	Isolecyl-Aspartate
ileserarg_c	C15H31N6O5	Yes	Isolecyl-Seryl-Arginine
leualaarg_c	C15H31N6O4	Yes	Leucyl-Alanyl-Arginine
leuasnasp_c	C14H23N4O7	Yes	Leucyl-Asparaginyl-Aspartate
leutrp_c	C17H23N3O3	Yes	Leucyl-Tryptophan
leutrparg_c	C23H36N7O4	Yes	Leucyl-Tryptophanyl-Arginine
leuval_c	C11H22N2O3	Yes	Leucyl-Valine
lysargleu_c	C18H38N7O4	Yes	Lysyl-Arginyl-Leucine
lysglnphe_c	C20H32N5O5	Yes	Lysyl-Glutaminyl-Phenylalanine
lysgluglu_c	C16H27N4O8	Yes	Lysyl-Glutamyl-Glutamate
lyspheile_c	C21H35N4O4	Yes	Lysyl-Phenylalanyl-Isoleucine
lystyrile_c	C21H35N4O5	Yes	Lysyl-Tyrosyl-Isoleucine
lysvaltrp_c	C22H34N5O4	Yes	Lysyl-Valyl-Tryptophan
metargleu_c	C17H35N6O4S	Yes	Methionyl-Arginyl-Leucine
metglntyr_c	C19H28N4O6	Yes	Methionyl-Glutaminyl-Tyrosine
metglyarg_c	C13H27N6O4S	Yes	Methionyl-Glycyl-Arginine
methislys_c	C17H31N6O4S	Yes	Methionyl-Histidyl-Lysine
metmetile_c	C16H31N3O4S2	Yes	Methionyl-Methionyl-Isoleucine
mettrpphe_c	C25H30N4O4S	Yes	Methionyl-Tryptophanyl-Phenylalanine
pheasnmet_c	C18H26N4O5S	Yes	Phenylalanyl-Asparaginyl-Methionine
pheasp_c	C13H15N2O5	Yes	Phenylalanyl-Aspartate
pheglnphe_c	C23H28N4O5	Yes	Phenylalanyl-Glutaminyl-Phenylalanine
phephe_c	C18H20N2O3	Yes	Phenylalanyl-Phenylalanine
phepheasn_c	C22H26N4O5	Yes	Phenylalanyl-Phenylalaninyl-Asparagine
phethrlys_c	C19H31N4O5	Yes	Phenylalanyl-Threonyl-Lysine
34dhpha_e	C8H7O4	Yes	3-4-Dihydroxyphenylacetate
phetrpleu_c	C26H32N4O4	Yes	Phenylalanyl-Tryptophanyl-Leucine
phetyr_c	C18H20N2O4	Yes	Phenylalanyl-Tyrosine
phetyrgln_c	C23H28N4O6	Yes	Phenylalanyl-Tyrosinyl-Glutamine
phetyrlys_c	C24H33N4O5	Yes	Phenylalanyl-Tyrosinyl-Lysine
proargasp_c	C15H26N6O6	Yes	Prolyl-Arginyl-Aspartate
proasncys_c	C12H20N4O5S	Yes	Prolyl-Asparaginyl-Cysteine
procys_c	C8H14N2O3S	Yes	Prolyl-Cysteine
proglulys_c	C16H28N4O6	Yes	Prolyl-Glutamatsyl-Lysine
protrplys_c	C22H32N5O4	Yes	Prolyl-Tryptophanyl-Lysine
serargala_c	C12H25N6O5	Yes	Seryl-Arginyl-Alanine
serargtrp_c	C20H30N7O5	Yes	Seryl-Arginyl-Tryptophan
serphelys_c	C18H29N4O5	Yes	Seryl-Phenylalanyl-Lysine
thrargtyr_c	C19H31N6O6	Yes	Threonyl-Arginyl-Tyrosine
thrglnglu_c	C14H23N4O8	Yes	Threonyl-Glutaminyl-Glutamate
thrhishis_c	C16H23N7O5	Yes	Threonyl-Histidinyl-Histidine
thrphearg_c	C19H31N6O5	Yes	Threonyl-Phenylalanyl-Arginine
thrserarg_c	C13H27N6O6	Yes	Threonyl-Seryl-Arginine
thrthrarg_c	C14H29N6O6	Yes	Threonyl-Threonyl-Arginine
trpargala_c	C20H30N7O4	Yes	Tryptophanyl-Arginyl-Alanine
trpaspasp_c	C19H20N4O8	Yes	Tryptophanyl-Aspartyl-Aspartate
trpglngln_c	C21H28N6O6	Yes	Tryptophanyl-Glutaminyl-Glutamine
trpglugly_c	C18H21N4O6	Yes	Tryptophanyl-Glutamyl-Glycine
trpgluleu_c	C22H29N4O6	Yes	Tryptophanyl-Glutamyl-Leucine
trpglupro_c	C21H25N4O6	Yes	Tryptophanyl-Glutamyl-Proline
trphismet_c	C22H28N6O4S	Yes	Tryptophanyl-Histidyl-Methionine
trpilelys_c	C23H36N5O4	Yes	Tryptophanyl-Isoleucyl-Lysine
trpmetval_c	C21H30N4O4S	Yes	Tryptophanyl-Methionyl-Valine
trpproleu_c	C22H30N4O4	Yes	Tryptophanyl-Prolyl-Leucine
trpthrglu_c	C20H25N4O7	Yes	Tryptophanyl-Threonyl-Glutamate
trpthrtyr_c	C24H28N4O6	Yes	Tryptophanyl-Threonyl-Tyrosine
trptyrtyr_c	C29H30N4O6	Yes	Tryptophanyl-Tyrosyl-Tyrosine
trpvalasp_c	C20H25N4O6	Yes	Tryptophanyl-Valyl-Aspartate
tyralaphe_c	C21H25N3O5	Yes	Tyrosyl-Alaninyl-Phenylalanine
pailpalm_hs_c	C25H48O12P	Yes	1-Palmitoylglycerophosphoinositol
pcholar_hs_c	C28H51NO7P	Yes	1-Arachidonoyl-Glycero-3-Phosphocholine
pcholhep_hs_c	C25H53NO7P	Yes	1-Heptadecanoylglycerophosphocholine
pcholmyr_hs_c	C22H47NO7P	Yes	1-Myristoylglycerophosphocholine
pcholn15_hs_c	C23H49NO7P	Yes	"1-Pentadecanoylglycerophosphocholine, Sn1-Lpc (15:0)"
pcholn1836_hs_c	C26H49NO7P	Yes	"1-Octadeca-Trienoylglycerophosphocholine, Sn1-Lpc (18:3, Delta 6, 9, 12)"
pcholn19_hs_c	C27H57NO7P	Yes	"1-Nonadecanoylglycerophosphocholine, Sn1-Lpc (19:0)"
pcholn201_hs_c	C28H57NO7P	Yes	"1-Eicosenoylglycerophosphocholine (Delta 11) ,Sn1-Lpc (20:1)"
pcholn204_hs_c	C28H51NO7P	Yes	"1-Eicosatetraenoylglycerophosphocholine (Delta 8, 11, 14, 17), Sn1-Lpc (20:4)"
pcholn205_hs_c	C28H49NO7P	Yes	"1-Eicosapentenoylglycerophosphocholine (Delta 5, 8, 11, 14, 17), Sn1-Lpc (20:5)"
pcholn24_hs_c	C32H67NO7P	Yes	"1-Lignocericylglycerophosphocholine (24:0), Lysopc A C24"
pcholste_hs_c	C26H55NO7P	Yes	1-Stearoylglycerophosphocholine
pe12_hs_c	C17H36NO7P	Yes	1-Didecanoylglycerophosphoethanolamine (C12:0 Pe)
tyrargglu_c	C20H30N6O7	Yes	Tyrosyl-Arginyl-Glutamate
tyrasparg_c	C19H28N6O7	Yes	Tyrosyl-Aspartyl-Arginine
tyrcysgly_c	C14H19N3O5S	Yes	Tyrosyl-Cysteinyl-Glycine
tyrleuarg_c	C21H35N6O5	Yes	Tyrosyl-Leucyl-Arginine
tyrphetyr_c	C27H29N3O6	Yes	Tyrosyl-Phenylalanyl-Tyrosine
tyrthr_c	C13H18N2O5	Yes	Tyrosyl-Threonine
tyrtrpphe_c	C29H30N4O5	Yes	Tyrosyl-Tryptophanyl-Phenylalanine
valarggly_c	C13H27N6O4	Yes	Valyl-Arginyl-Glycine
valhisasn_c	C15H24N6O5	Yes	Valyl-Histidyl-Asparagine
vallystyr_c	C20H33N4O5	Yes	Valyl-Lysyl-Tyrosine
valphearg_c	C20H33N6O4	Yes	Valyl-Phenylalanyl-Arginine
valserarg_c	C14H29N6O5	Yes	Valyl-Seryl-Arginine
valtrpphe_c	C25H30N4O4	Yes	Valyl-Tryptophanyl-Phenylalanine
valval_c	C10H20N2O3	Yes	Valyl-Valine
homoval_e	C9H9O4	Yes	Homovanillate
pe13_hs_c	C18H38NO7P	Yes	1-Tridecanoylglycerophosphoethanolamine (C13:0 Pe)
pe15_hs_c	C20H42NO7P	Yes	1-Pentadecanoylglycerophosphoethanolamine (C15:0 Pe)
pe226_hs_c	C27H46NO7P	Yes	"1-Docosahexenoylglyceroethanolamine (Delta 4, 7, 10, 13, 16, 19), Lpe (22:6)"
pedh203_hs_c	C25H46NO7P	Yes	"1-Dihomo-Linolenoylglycerophosphoethanolamine (20:3, Delta 8, 11, 14)"
pepalm_hs_c	C21H44NO7P	Yes	1-Palmitoylglycerophosphoethanolamine
peole_hs_c	C23H46NO7P	Yes	1-Oleoylglycerophosphoethanolamine (Delta 9)
sphmyln181181_hs_c	C41H82N2O6P	Yes	"Sm (D18:1/18:1), Sphingomyelin"
sphmyln181201_hs_c	C43H86N2O6P	Yes	"Sm (D18:1/20:1), Sphingomyelin"
sphmyln18122_hs_c	C45H92N2O6P	Yes	"Sm (D18:1/22:0), Sphingomyelin"
sphmyln181221_hs_c	C45H90N2O6P	Yes	"Sm (D18:1/22:1), Sphingomyelin"
sphmyln1825_hs_c	C48H100N2O6P	Yes	"Sm (D18:0/25:0), Sphingomyelin"
mqn11_c	C66H96O2	Yes	Menaquinone-11
s2l2n2m2m_e	C84H136N6O62	Yes	De-Fuc form of PA6 (w/o peptide linkage)
core7_e	C16H27N2O10X	Yes	Core7 g
core8_e	C14H24NO10X	Yes	Core8 g
gncore2_e	C30H50N3O20X	Yes	"GlcNAc-alpha-1,4-Core 2"
mqn10_e	C61H88O2	Yes	Menaquinone-10
mqn11_e	C66H96O2	Yes	Menaquinone-11
mqn9_e	C56H80O2	Yes	Menaquinone-9
sTn_antigen_e	C19H30N2O13X	Yes	STn antigen g
pa_hs_e	C3H5O4PRCO2R2CO2	Yes	Phosphatidic acid (homo sapiens)
galam_c	C6H13NO5	Yes	D Galactosamine C6H13NO5
prostge2_r	C20H31O5	Yes	Prostaglandin E2
CE7096_c	C20H31O4	Yes	"5,15-DiHETE"
CE1447_c	C20H31O6	Yes	11-dehydrothromboxane B2
CE4969_e	C6H10NO3	Yes	Isobutyrylglycine
CE1310_m	C5H8NO3S	Yes	N-acetyl-L-cysteine
CE1310_e	C5H8NO3S	Yes	N-acetyl-L-cysteine
sucsal_e	C4H5O3	Yes	Succinic semialdehyde
CE7081_e	C20H29O3	Yes	15(R)-HEPE
egme_c	C10H17NO3	Yes	Ecgonine methyl ester
egme_e	C10H17NO3	Yes	Ecgonine methyl ester
12harachd_e	C20H31O3	Yes	12 hydroxy arachidonic acid
18harachd_r	C20H31O3	Yes	18 hydroxy arachidonic acid
sql_e	C30H50	Yes	Squalene C30H50
5g2oxpt_x	C6H11N3O3	Yes	2-Oxoarginine
melatn_e	C13H16N2O2	Yes	Melatn c
6hoxmelatn_e	C13H16N2O3	Yes	6hoxmelatn c
C10164_c	C6H4NO2	Yes	Picolinic acid; pyridine-2-carboxylic acid
CE4890_e	C11H16NO2	Yes	N-methylsalsolinol
C05767_e	C40H30N4O16	Yes	Uroporphyrin I
mhista_e	C6H12N3	Yes	N-Methylhistamine
ametam_e	C14H24N6O3S	Yes	S-Adenosylmethioninamine
xylu__D_e	C5H10O5	Yes	D-Xylulose
CE0737_c	C3H3O2	Yes	Malonic dialdehyde
sphings_e	C18H38NO2	Yes	Sphingosine cytosol
N1aspmd_e	C9H23N3O	Yes	N1-Acetylspermidine
CE2049_c	C18H33O4	Yes	"12,13-hydroxyoctadec-9(Z)-enoate"
fdp_e	C6H10O12P2	Yes	"D-Fructose 1,6-bisphosphate"
coke_e	C17H21NO4	Yes	Cocaine
5a2opntn_x	C5H9NO3	Yes	5-Amino-2-oxopentanoate
HC00006_e	X	No	ApoC1
HC00007_e	X	No	ApoC2
HC00008_e	X	No	ApoC3
HC00009_e	X	No	ApoE
h2o2_r	H2O2	No	Hydrogen peroxide
k_g	K	No	Potassium
na1_r	Na	No	Sodium
retn_n	C20H27O2	Yes	Retinoate
hhxdcal_c	C16H32O2	Yes	2-Hydroxyhexadecanal
15HPET_x	C20H31O4	Yes	15-Hydroperoxyeicosatetraenoic acid
5cysgly34dhphe_e	C14H19N3O7S	Yes	5-S-Cysteinylglycine Dopa
CE1261_e	C12H16N2O6S	Yes	5-S-Cysteinyldopa
gm1b_hs_e	C55H95N3O30RCO	Yes	GM1b (homo sapiens)
gd1b_hs_e	C66H111N4O38RCO	Yes	GD1b (homo sapiens)
M00241_e	C5H6O5R2	Yes	"1,2-Diacylglycerol-VLDL-Pool"
M02909_e	CHO2R	Yes	Smcfa-Blood-Pool
M03134_c	C5H9O2	Yes	Valeric Acid
M02108_c	C7H13O2	Yes	Heptylic Acid
C01601_c	C9H17O2	Yes	Nonanoate
M03116_c	C32H52N7O17P3S	Yes	Undecanoyl Coenzyme A
M03050_c	C34H56N7O17P3S	Yes	Tridecanoyl Coenzyme A
M00129_c	C35H56N7O17P3S	Yes	9E-Tetradecenoyl Coenzyme A
mvlac_e	C6H10O3	Yes	Mevalonate-Lactone
tiggly_m	C7H10NO3	Yes	Tiglyl Glycine
M00117_c	C14H25O2	Yes	7Z-Tetradecenoic Acid
M02745_c	C14H25O2	Yes	5Z-Tetradecenoic Acid
tiggly_e	C7H10NO3	Yes	Tiglyl Glycine
td2glutrcoa_m	C26H35N7O19P3S	Yes	Trans-Delta-2-Glutaryl Coenzyme A
3ohglutac_m	C5H6O5	Yes	3-Hydroxy-Glutarate
3ohglutac_e	C5H6O5	Yes	3-Hydroxy-Glutarate
glutcon_m	C5H4O4	Yes	Glutaconate
glutcon_c	C5H4O4	Yes	Glutaconate
glutcon_e	C5H4O4	Yes	Glutaconate
3hivac_m	C5H9O3	Yes	3-Hydroxyisovaleric Acid
3hivac_e	C5H9O3	Yes	3-Hydroxyisovaleric Acid
3ohsebcoa_x	C31H47N7O20P3S	Yes	3-Hydroxy-Sebacoyl Coenzyme A
3ohsebac_x	C10H16O5	Yes	3-Hydroxy-Sebacic Acid
3ohsebac_c	C10H16O5	Yes	3-Hydroxy-Sebacic Acid
3ohsebac_e	C10H16O5	Yes	3-Hydroxy-Sebacic Acid
M01235_c	C20H37O2	Yes	9Z-Eicosenoic Acid
M02053_c	C21H41O2	Yes	Heneicosanoic Acid
M02052_c	C42H72N7O17P3S	Yes	Heneicosanoyl Coenzyme A
3ohsubac_x	C8H12O5	Yes	3-Hydoxy-Suberic Acid
3ohsubac_c	C8H12O5	Yes	3-Hydoxy-Suberic Acid
3ohsubac_e	C8H12O5	Yes	3-Hydoxy-Suberic Acid
5ohhexa_e	C6H11O3	Yes	5-Hydroxyhexanoic Acid
7ohocata_c	C8H15O3	Yes	7-Hydroxy-Octanoate
7ohocata_e	C8H15O3	Yes	7-Hydroxy-Octanoate
ethmalcoa_c	C26H37N7O19P3S	Yes	Ethylmalonyl Coenzyme A
ethmalac_c	C5H6O4	Yes	Ethylmalonic Acid
methsucc_c	C5H6O4	Yes	Methyl-Succinate
methsucc_e	C5H6O4	Yes	Methyl-Succinate
subgly_c	C10H15NO5	Yes	Suberyl-Glycine
4ohbut_c	C4H7O3	Yes	4-Hydroxy-Butyrate
M03047_c	C44H76N7O17P3S	Yes	Tricosanoyl Coenzyme A
M00012_c	C41H64N7O17P3S	Yes	"11Z,14Z,17Z-Eicosatrienoyl Coenzyme A"
M00341_c	C22H37O2	Yes	"13Z,16Z,19Z-Docosatrienoic Acid"
gbside_hs_l	C44H79N2O22RCO	Yes	Globoside (homo sapiens)
galgbside_hs_c	C50H89N2O27RCO	Yes	Galactosylgloboside (homo sapiens)
ga2_hs_c	C38H69N2O17RCO	Yes	GA2 (homo sapiens)
thexdd_m	C16H27O2	Yes	"7Z,10Z-Hexadecadienoic Acid"
thexdd_c	C16H27O2	Yes	"7Z,10Z-Hexadecadienoic Acid"
hexdtrcoa_m	C37H56N7O17P3S	Yes	"7,10,13-Hexadecatrienoyl Coenzyme A"
hpdece_m	C15H27O2	Yes	Trans-Delta-2-Heptadecanoic Acid
hpdece_c	C15H27O2	Yes	Trans-Delta-2-Heptadecanoic Acid
hpdece_e	C15H27O2	Yes	Trans-Delta-2-Heptadecanoic Acid
5eipenc_m	C20H29O2	Yes	"5,8,11,14,17-Eicosapentenoic Acid"
5eipenc_e	C20H29O2	Yes	"5,8,11,14,17-Eicosapentenoic Acid"
C05299_c	C19H24O3	Yes	2-Methoxyestrone
C05302_c	C19H26O3	Yes	2-Methoxyestradiol-17beta
M02012_l	X	No	Gm2A
galacglcgalgluside_hs_c	C44H79N2O22RCO	Yes	Lc4Cer
M02186_c	X	No	Lactoisooctaosylceramide ((Gal)4 (Glc)1 (GlcNAc)3 (Cer)1)
M02490_c	X	No	Monofucosyllactoisooctaosylceramide
M00978_c	C27H44O3	Yes	"7Alpha,24-Dihydroxycholest-4-En-3-One"
M01081_c	C27H46O4	Yes	"7Alpha,24-Dihydroxy-5Beta-Cholestan-3-One"
M01083_c	C27H46O3	Yes	"7Alpha,24Alpha-Dihydroxy-5Beta-Cholestan-3-One"
M01079_m	C27H48O4	Yes	"5Beta-Cholestane-3Alpha,7Alpha,24,26-Tetrol"
M00746_m	C27H46O5	Yes	"3Alpha,7Alpha,12Alpha,24-Tetrahydroxy-5Beta-Cholestan-26-Al"
CE5072_c	C21H34O3	Yes	21-hydroxyallopregnanolone
n8aspmd_c	C9H23N3O	Yes	N8-Acetylspermidine
andrstndn_e	C19H26O2	Yes	"Androst-4-ene-3,17-dione"
eandrstrn_e	C19H28O3	Yes	16alpha-hydroxydehydroepiandrosterone
C05298_e	C18H22O3	Yes	2-Hydroxyestrone
C05301_e	C18H24O3	Yes	2-Hydroxyestradiol-17beta
CE5072_e	C21H34O3	Yes	21-hydroxyallopregnanolone
11docrtstrn_e	C21H30O3	Yes	11-Deoxycorticosterone
CE2211_e	C21H34O2	Yes	Allopregnanolone
17ahprgstrn_e	C21H30O3	Yes	17alpha-Hydroxyprogesterone
HC02020_c	C43H76O2	Yes	Cholesterol-ester-palm
HC02020_e	C43H76O2	Yes	Cholesterol-ester-palm
M00753_m	C27H46O4	Yes	"3Alpha,7Alpha,24-Trihydroxy-5Beta-Cholestan-26-Al"
M02977_m	C27H47O4	Yes	TetraHCA
M02977_c	C27H47O4	Yes	TetraHCA
M00615_x	C48H76N7O21P3S	Yes	25(R)Tetrahca Coenzyme A
M00743_x	C48H76N7O20P3S	Yes	"3,7,24Thca Coenzyme A"
M01082_c	C27H46O4	Yes	"5Beta-Cholestan-7Alpha,12Alpha,27-Triol-3-One"
M00606_m	C27H46O2	Yes	"Cholest-5-En-3Beta,22R-Diol"
M00605_c	C21H32O3	Yes	21-Hydroxypregnenolone
M01075_c	C19H26O2	Yes	"Androst-5-Ene-3,17-Dione"
xol27oh_e	C27H46O2	Yes	27-Hydroxycholesterol
dsmsterol_e	C27H44O	Yes	"Desmosterol; 3beta-cholesta-5,24-dien-3-ol"
CE1617_e	C20H27O2	Yes	9-cis-retinoate
34dhoxmand_e	C8H7O5	Yes	"3,4-Dihydroxymandelate"
fna5moxam_e	C13H16N2O4	Yes	Formyl-N-acetyl-5-methoxykynurenamine
CE5643_e	NO3	No	Peroxynitrite
CE7085_e	C20H29O3	Yes	5-HEPE; 5-hydroxyeicosapentaenoate
CE1401_e	C4H8NOS	Yes	Homocysteine thiolactone
glucys_e	C8H13N2O5S	Yes	Gamma-L-Glutamyl-L-cysteine
dopa4sf_c	C8H11NO5S	Yes	Dopamine 4-O-Sulphate
dopa4glcur_e	C14H19NO8	Yes	Dopamine-4-O-Glucuronide
dopa3glcur_e	C14H19NO8	Yes	Dopamine-3-O-Glucuronide
CE1261_c	C12H16N2O6S	Yes	5-S-Cysteinyldopa
M00603_c	C21H30O4	Yes	"4-Pregnene-11Beta,17Alpha-Diol-3,20-Dione"
M00879_c	C47H78N7O18P3S	Yes	3-Oxo-Hexacosenoyl Coenzyme A
M03016_c	C47H78N7O17P3S	Yes	"Trans,Cis-2,17-Hexacosadienoyl Coenzyme A"
M03014_c	C41H66N7O17P3S	Yes	"Trans,Cis-2,13-Eicosadienoyl Coenzyme A"
M00707_c	C41H68N7O18P3S	Yes	3(S)-Hydroxy-9-Cis-Eicosenoyl Coenzyme A
M00699_c	C43H72N7O18P3S	Yes	3(S)-Hydroxy-11Cis-Docosenoyl Coenzyme A
M03011_c	C43H70N7O17P3S	Yes	"Trans,Cis-2,11-Docosadienoyl Coenzyme A"
M00871_c	C41H64N7O18P3S	Yes	3-Oxo-Eicosadienoyl Coenzyme A
M00704_c	C41H66N7O18P3S	Yes	3(S)-Hydroxy-3-Oxo-Eicosadienoyl Coenzyme A
CE4791_c	C41H64N7O18P3S	Yes	3(S)-Hydroxy-Dihomo-Gama-Linolenoyl Coenzyme A
M00860_c	C43H68N7O18P3S	Yes	"3-Oxodocasa-Cis,Cis-13,16-Dienoyl Coenzyme A"
M03008_c	C43H68N7O17P3S	Yes	"Trans,Cis,Cis-2,13,16-Docasatrienoyl Coenzyme A"
M02638_m	C25H47NO4	Yes	Octadecenoylcarnitine(11)
M02611_c	C26H51NO4	Yes	Nonadecanoylcarnitine
M01777_m	C27H51NO4	Yes	Eicosenoylcarnitine(9)
M01775_m	C27H51NO4	Yes	Eicosenoylcarnitine(11)
M01236_m	C41H68N7O17P3S	Yes	9Z-Eicosenoyl Coenzyme A
M00122_c	C27H49NO4	Yes	"8Z,11Z-Eicosadienoylcarnitine"
M00100_c	C27H47NO4	Yes	"5Z,8Z,11Z-Eicosatrienoylcarnitine"
23dh1i56dio_c	C8H7NO2	Yes	"2,3-Dihydro-1H-Indole-5,6-Dione"
5cysdopa_e	C11H17N2O4S	Yes	5-S-Cysteinyldopamine
CE2172_c	C9H12NO2	Yes	"6,7-dihydroxy-1,2,3,4-tetrahydroisoquinoline"
dhcrm_hs_g	C18H38NO2RCO	Yes	Dihydroceramide (homo sapiens)
phcrm_hs_r	C18H38NO3RCO	Yes	Phytoceramide
gm1_hs_l	C55H95N3O30RCO	Yes	Ganglioside GM1 (homo sapiens)
atp_l	C10H12N5O13P3	Yes	ATP C10H12N5O13P3
ga2_hs_l	C38H69N2O17RCO	Yes	GA2 (homo sapiens)
gm3_hs_l	C41H72N2O20RCO	Yes	Ganglioside GM3 (homo sapiens)
pchol_hs_n	C8H18NO4PRCO2R2CO2	Yes	Phosphatidylcholine (homo sapiens)
phsphings_c	C18H40NO3	Yes	Phytosphingosine
sphings_n	C18H38NO2	Yes	Sphingosine cytosol
sphmyln_hs_n	C23H48N2O5PRCO	Yes	Sphingomyelin (homo sapiens)
dag_hs_g	C3H6ORCO2R2CO2	Yes	Diacylglycerol (homo sapiens)
M02051_c	C28H55NO4	Yes	Heneicosanoylcarnitine
M01724_c	C29H57NO4	Yes	Docosanoylcarnitine
M01726_m	C29H55NO4	Yes	Docosenoylcarnitine(11)
M02637_m	C25H43NO4	Yes	Octadecatrienoylcarnitine
amp_g	C10H12N5O7P	Yes	AMP C10H12N5O7P
tetpent3_r	C24H37O2	Yes	"Tetracosapentaenoic acid, n-3"
M00010_r	C20H33O2	Yes	"11Z,14Z,17Z-Eicosatrienoic Acid"
M00341_r	C22H37O2	Yes	"13Z,16Z,19Z-Docosatrienoic Acid"
adrn_r	C22H35O2	Yes	Adrenic acid
dcsptn1_r	C22H33O2	Yes	"Docosa-4,7,10,13,16-pentaenoic acid (n-6)"
M00008_r	C20H35O2	Yes	"11Z,14Z-Eicosadienoic Acid"
M00021_r	C22H39O2	Yes	"13Z,16Z-Docosadienoic Acid"
CE4855_x	C45H70N7O17P3S	Yes	"All-cis-12,15,18,21-tetracosatetraenoyl-CoA"
M03047_x	C44H76N7O17P3S	Yes	Tricosanoyl Coenzyme A
M00049_x	C47H80N7O17P3S	Yes	(2E)-Hexacosenoyl Coenzyme A
CE2249_x	C45H78N7O18P3S	Yes	3-hydroxytetracosanoyl-CoA(4-)
CE2253_x	C45H76N7O18P3S	Yes	3-oxotetracosanoyl-CoA
CE2246_x	C43H74N7O18P3S	Yes	3-hydroxydocosanoyl-CoA (4-)
CE2250_x	C43H72N7O18P3S	Yes	3-oxodocosanoyl-CoA(4-)
CE2248_x	C39H66N7O18P3S	Yes	3-hydroxyoctadecanoyl-CoA(4-)
HC01415_x	C29H44N7O17P3S	Yes	(2E)-Octenoyl Coenzyme A
HC01407_x	C27H42N7O18P3S	Yes	3S-Hydroxy-Hexanoyl Coenzyme A
CE2242_m	C43H72N7O17P3S	Yes	Trans-docos-2-enoyl-CoA
CE2246_m	C43H74N7O18P3S	Yes	3-hydroxydocosanoyl-CoA (4-)
CE2250_m	C43H72N7O18P3S	Yes	3-oxodocosanoyl-CoA(4-)
CE2243_m	C41H68N7O17P3S	Yes	Trans-eicos-2-enoyl-CoA
M01191_m	C37H60N7O17P3S	Yes	7Z-Hexadecenoyl Coenzyme A
gm1_hs_n	C55H95N3O30RCO	Yes	Ganglioside GM1 (homo sapiens)
6hddopaqn_c	C8H10NO3	Yes	6-Hydroxydopamine-Quinone
M01238_c	C17H31O2	Yes	9Z-Heptadecenoic Acid
M00019_c	C18H33O2	Yes	13Z-Octadecenoic Acid
M02613_c	C19H37O2	Yes	Nonadecanoic Acid
CE4847_c	C43H68N7O17P3S	Yes	"Cis,cis,cis-10,13,16-docosatrienoyl-CoA"
5HPET_m	C20H31O4	Yes	"5-Hydroperoxy-6-trans-8,11,14-cis-eicosatetraenoate"
CE6246_c	C20H31O4	Yes	"5,12-Dihydroxy-6,8,10,14-Eicosatetraenoic Acid"
M03019_m	C37H58N7O17P3S	Yes	"Trans,Cis-Hexadeca-2,7-Dienoyl Coenzyme A"
M00172_m	C37H60N7O18P3S	Yes	(S)-3-Hydroxy-7-Hexadecenoyl Coenzyme A
M00849_m	C37H58N7O18P3S	Yes	3-Oxo-7-Hexadecenoyl Coenzyme A
M03022_m	C35H54N7O17P3S	Yes	"Trans,Cis-Myristo-2,5-Dienoyl Coenzyme A"
M01573_m	C35H56N7O18P3S	Yes	Cis-(3S)-Hydroxytetradec-5-Enoyl Coenzyme A
M00885_m	C35H54N7O18P3S	Yes	3-Oxomyrist-5-Enoyl Coenzyme A
M00702_m	C41H68N7O18P3S	Yes	3(S)-Hydroxy-13-Cis-Eicosenoyl Coenzyme A
M03024_m	C39H62N7O17P3S	Yes	"Trans,Cis-Octadeca-2,11-Dienoyl Coenzyme A"
M00170_m	C39H64N7O18P3S	Yes	(S)-3-Hydroxy-11-Cis-Octadecenoyl Coenzyme A
M02112_x	C47H80N7O17P3S	Yes	17Z-Hexacosenoyl Coenzyme A
M03016_x	C47H78N7O17P3S	Yes	"Trans,Cis-2,17-Hexacosadienoyl Coenzyme A"
M00879_x	C47H78N7O18P3S	Yes	3-Oxo-Hexacosenoyl Coenzyme A
CE5158_x	C45H74N7O17P3S	Yes	"Trans,cis-2,15-tetracosadienoyl-CoA"
CE5155_x	C43H72N7O17P3S	Yes	Cis-13-docosenoyl-CoA
CE5152_x	C43H70N7O18P3S	Yes	3-oxo-13cis-docosenoyl-CoA
CE5144_x	C41H66N7O18P3S	Yes	3-oxo-11-cis-eicosenoyl-CoA
HC10857_x	C39H64N7O18P3S	Yes	(S)-3-Hydroxyoleyleoyl Coenzyme A
M00172_x	C37H60N7O18P3S	Yes	(S)-3-Hydroxy-7-Hexadecenoyl Coenzyme A
M01141_x	C35H56N7O17P3S	Yes	5Z-Tetradecenoyl Coenzyme A
M01573_x	C35H56N7O18P3S	Yes	Cis-(3S)-Hydroxytetradec-5-Enoyl Coenzyme A
M00004_m	C38H62N7O17P3S	Yes	10Z-Heptadecenoyl Coenzyme A
M01237_m	C38H62N7O17P3S	Yes	9Z-Heptadecenoyl Coenzyme A
M00020_m	C39H64N7O17P3S	Yes	13Z-Octadecenoyl Coenzyme A
tdcoa_r	C35H58N7O17P3S	Yes	Tetradecanoyl-CoA (n-C14:0CoA)
M00129_r	C35H56N7O17P3S	Yes	9E-Tetradecenoyl Coenzyme A
HC10784_r	C35H56O17P3SN7	Yes	Cis-Myrist-7-Enoyl Coenzyme A
ptdcacoa_r	C36H60N7O17P3S	Yes	Pentadecanoyl Coenzyme A
M01191_r	C37H60N7O17P3S	Yes	7Z-Hexadecenoyl Coenzyme A
hpdcacoa_r	C38H64N7O17P3S	Yes	Heptadecanoyl coa
M00127_r	C39H64N7O17P3S	Yes	9E-Octadecenoic Acid
M02612_r	C40H68N7O17P3S	Yes	Nonadecanoyl Coenzyme A
arachcoa_r	C41H70N7O17P3S	Yes	Arachidyl coenzyme A
M01236_r	C41H68N7O17P3S	Yes	9Z-Eicosenoyl Coenzyme A
M00101_r	C41H64N7O17P3S	Yes	"5Z,8Z,11Z-Eicosatrienoyl Coenzyme A"
M02052_r	C42H72N7O17P3S	Yes	Heneicosanoyl Coenzyme A
docoscoa_r	C43H74N7O17P3S	Yes	Docosanoyl Coenzyme A
M00006_r	C43H72N7O17P3S	Yes	11Z-Docosenoyl Coenzyme A
M02112_r	C47H80N7O17P3S	Yes	17Z-Hexacosenoyl Coenzyme A
eicostetcoa_r	C41H62N7O17P3S	Yes	Eicosatetranoyl coenzyme A
c226coa_r	C43H62N7O17P3S	Yes	Cervonyl coenzyme A
M00012_r	C41H64N7O17P3S	Yes	"11Z,14Z,17Z-Eicosatrienoyl Coenzyme A"
adrncoa_r	C43H66N7O17P3S	Yes	Adrenyl coenzyme A
tettet6coa_r	C45H70N7O17P3S	Yes	Tetracosatetraenoyl coenzyme A
tetpent6coa_r	C45H68N7O17P3S	Yes	"Tetracosapentaenoyl coenzyme A, n-6"
dcsptn1coa_r	C43H64N7O17P3S	Yes	"Docosa-4,7,10,13,16-pentaenoyl coenzyme A"
M01498_r	C39H68O2	Yes	Cholest-5-En-3Beta-Yl Dodecanoate
M01487_r	C41H70O2	Yes	Cholest-5-En-3B-Yl (9Z-Tetradecenoate)
M01470_r	C41H70O2	Yes	Cholesterol-Ester-5-Tetra
M01506_r	C42H74O2	Yes	Cholest-5-En-3B-Yl (Pentadecanoate)
M01477_r	C43H74O2	Yes	Cholesterol-Ester-7-Hexa
HC02217_r	C20H31O6	Yes	Prostaglandin-g2
HC02180_c	C20H33O6	Yes	Thromboxane-b2
M00939_c	C30H50O2	Yes	"4,4-Dimethyl-14Alpha-Hydroxymethyl-5Alpha-Cholesta-8,24-Dien-3Beta-Ol"
M00961_c	C29H48O2	Yes	"4'-Hydroxymethyl-4'-Methyl-5'-Cholesta-8,24-Dien-3'-Ol"
M00957_c	C29H46O2	Yes	"4'-Formyl-4'-Methyl-5'-Cholesta-8,24-Dien-3'-Ol"
M00959_c	C28H44O2	Yes	"4'-Formyl-5'-Cholesta-8,24-Dien-3'-Ol"
M01067_c	C27H42O	Yes	"5Alpha-Cholesta-8,24-Dien-3-One"
M00942_c	C29H48O	Yes	"4,4-Dimethyl-5Alpha-Cholesta-8,14-Dien-3Beta-Ol"
M00962_c	C29H50O2	Yes	4'-Hydroxymethyl-4'-Methyl-5'-Cholesta-8-En-3'-Ol
M00958_c	C29H48O2	Yes	4'-Formyl-4'-Methyl-5'-Cholesta-8-En-3'-Ol
M00954_c	C29H48O3	Yes	4'-Carboxy-4'-Methyl-5'-Cholesta-8-En-3'-Ol
M00967_c	C28H48O	Yes	4'-Methyl-Cholesta-8-Enol
M01068_c	C27H44O	Yes	5Alpha-Cholest-8-En-3-One
HC01459_m	C48H76N7O21P3S	Yes	"3alpha,7alpha,12alpha,24-Tetrahydroxy-5beta-cholestanoyl-CoA"
cholate_x	C24H39O5	Yes	Cholate c
M00285_c	C21H30O3	Yes	11Beta-Hydroxyprogesterone
M00429_m	C21H30O5	Yes	18-Hydroxycorticosterone
3ohxccoa_c	C47H80N7O18P3S	Yes	3 Oxohexacosyl CoA C47H80N7O18P3S
M00049_c	C47H80N7O17P3S	Yes	(2E)-Hexacosenoyl Coenzyme A
M00790_c	C40H68N7O18P3S	Yes	3-Hydroxynonadecanoyl Coenzyme A
M00054_c	C40H66N7O17P3S	Yes	(2E)-Nonadecenoyl Coenzyme A
M00873_c	C42H70N7O18P3S	Yes	3-Oxoheneicosanoyl Coenzyme A
M00778_c	C42H72N7O18P3S	Yes	3-Hydroxyheneicosanoyl Coenzyme A
M00044_c	C42H70N7O17P3S	Yes	(2E)-Heneicosenoyl Coenzyme A
M00802_c	C44H76N7O18P3S	Yes	3-Hydroxytricosanoyl Coenzyme A
M00086_c	C41H64N7O18P3S	Yes	"(3S)-Hydroxy-Eicosa-Cis,Cis,Cis-11,14,17-Trienoyl Coenzyme A"
M03005_c	C41H62N7O17P3S	Yes	"Trans,Cis,Cis,Cis-2,11,14,17-Eicosatetraenoyl Coenzyme A"
M03006_c	C43H66N7O17P3S	Yes	"Trans,Cis,Cis,Cis-2,13,16,19-Docosatetraenoyl Coenzyme A"
CE7091_c	C20H29O4	Yes	15(R)-hydroperoxy-EPE
M01729_c	C19H37NO4	Yes	Dodecanoylcarnitine
M02973_c	C21H41NO4	Yes	Tetradecanoylcarnitine
HC02187_c	C15H12I3NO4	Yes	Reverse-triiodthyronine
CE2872_c	C15H13I2NO4	Yes	"3',5'-diiodo-L-thyronine"
M00770_m	C58H92O4	Yes	3-Demethylubiquinol-10
Ndmelys_c	C2H7X	Yes	"Protein N6,N6-dimethyl-L-lysine"
M01871_g	X	No	(GalNAc)1 (GlcNAc)1 (Ser/Thr)1
sTn_antigen_c	C19H30N2O13X	Yes	STn antigen g
M01869_g	C82H135N8O55	Yes	(GlcNAc)6 (Man)3 (Asn)1
M01870_g	C90H148N9O60	Yes	" 
(GlcNAc)7 (Man)3 (Asn)1"
Ser_Gly_Ala_X_Gly_g	XH	No	Protein-linked serine residue (glycosaminoglycan attachment site)
hnifedipine_c	C17H18N2O7	Yes	Hnifedipine c
M02446_c	C42H72O36	Yes	Maltoheptaose
M02447_c	C36H62O31	Yes	Maltohexaose
M02449_c	C30H52O26	Yes	Maltopentaose
M02451_c	C24H42O21	Yes	Maltotetraose
cdca3g_c	C30H47O10	Yes	"Chenodeoxycholic acid-3glucuronide, CDCA-3G"
dca3g_c	C30H47O10	Yes	"Deoxycholic acid-3glucuronide, CDA-3G"
3dhcdchol_c	C24H37O4	Yes	3-Dehydrochenodeoxychollyc acid; 7oxo-3alpha-hydroxy-5beta-cholan-24-oic acid
M02155_r	C24H40O4	Yes	Hyodesoxycholic Acid
M00003_r	C17H31O2	Yes	10Z-Heptadecenoic Acid
M01238_r	C17H31O2	Yes	9Z-Heptadecenoic Acid
M00019_r	C18H33O2	Yes	13Z-Octadecenoic Acid
lneldc_r	C18H31O2	Yes	Linoelaidic acid (all trans C18:2)
arach_r	C20H39O2	Yes	Arachidic acid
M00017_r	C20H37O2	Yes	13Z-Eicosenoic Acid
M01235_r	C20H37O2	Yes	9Z-Eicosenoic Acid
M02457_r	C20H34O2	Yes	"5Z,8Z,11Z-Eicosatrienoic Acid"
M03045_r	C23H45O2	Yes	Tricosanoic Acid
lgnc_r	C24H47O2	Yes	Lignoceric acid
hexc_r	C26H51O2	Yes	Hexacosanoate  n C260  C26H51O2
M03153_r	C26H49O2	Yes	17Z-Hexacosenoic Acid
CE2248_m	C39H66N7O18P3S	Yes	3-hydroxyoctadecanoyl-CoA(4-)
M00044_m	C42H70N7O17P3S	Yes	(2E)-Heneicosenoyl Coenzyme A
M00873_m	C42H70N7O18P3S	Yes	3-Oxoheneicosanoyl Coenzyme A
M00054_m	C40H66N7O17P3S	Yes	(2E)-Nonadecenoyl Coenzyme A
M00887_m	C40H66N7O18P3S	Yes	3-Oxononadecanoyl Coenzyme A
M00046_m	C38H62N7O17P3S	Yes	(2E)-Heptadecenoyl Coenzyme A
M00780_m	C38H64N7O18P3S	Yes	3-Hydroxyheptadecanoyl Coenzyme A
M00875_m	C38H62N7O18P3S	Yes	3-Oxoheptadecanoyl Coenzyme A
M00061_m	C36H58N7O17P3S	Yes	(2E)-Pentadecenoyl Coenzyme A
M03050_m	C34H56N7O17P3S	Yes	Tridecanoyl Coenzyme A
M00069_m	C34H54N7O17P3S	Yes	(2E)-Tridecenoyl Coenzyme A
M00804_m	C34H56N7O18P3S	Yes	3-Hydroxytridecanoyl Coenzyme A
M02616_m	C30H48N7O17P3S	Yes	Nonanoyl Coenzyme A
M00792_m	C30H48N7O18P3S	Yes	3-Hydroxynonanoyl Coenzyme A
M00889_m	C30H46N7O18P3S	Yes	3-Oxononanoyl Coenzyme A
M02107_m	C28H44N7O17P3S	Yes	Heptanoyl Coenzyme A
M00048_m	C28H42N7O17P3S	Yes	(2E)-Heptenoyl Coenzyme A
M00877_m	C28H42N7O18P3S	Yes	3-Oxoheptanoyl Coenzyme A
M02694_m	C26H40N7O17P3S	Yes	Pentanoyl Coenzyme A
CE5154_m	C43H70N7O17P3S	Yes	"Trans,cis-2,13-docosadienoyl-CoA"
CE5150_m	C41H66N7O17P3S	Yes	"Trans,cis-2,11-eicosadienoyl-CoA"
CE5148_m	C41H68N7O18P3S	Yes	3(S)-hydroxy-11-cis-eicosenoyl-CoA
CE5126_x	C40H68N7O17P3S	Yes	(2R)-pristanoyl-CoA
clpndcoa_m	C43H64N7O17P3S	Yes	Clupanodonyl CoA
CE4795_m	C41H60N7O17P3S	Yes	"2-Trans-Cis,Cis,Cis,Cis-4,8,11,14-Eicosapentaenoyl Coenzyme A"
CE5116_m	C41H62N7O17P3S	Yes	"Trans-3-Cis-8,11,14-Eicosatetraenoyl Coenzyme A"
CE4793_m	C41H62N7O18P3S	Yes	3-oxo-dihomo-gama-linolenoyl-CoA
CE2438_m	C39H60N7O18P3S	Yes	"3(S)-Hydroxy-6Z,9Z,12Z-Octadecatrienoyl Coenzyme A"
M01464_r	C45H78O2	Yes	Cholesterol-Ester-13-Octade
M01489_r	C45H78O2	Yes	Cholesterol-Ester-Cis-Vac
M01486_r	C45H78O2	Yes	Cholesterol-Ester-9-Octa
M01502_r	C46H82O2	Yes	Cholest-5-En-3Beta-Yl Nonadecanoate
M01492_r	C47H84O2	Yes	Cholest-5-En-3Beta-Yl Eicosanoate
M01463_r	C47H82O2	Yes	Cholesterol-Ester-13-Eicose
M01458_r	C47H82O2	Yes	Cholest-5-En-3Beta-Yl (11Z-Eicosenoate)
M01494_r	C48H86O2	Yes	Cholesterol-Ester-Heneico
M01465_r	C51H90O2	Yes	Cholest-5-En-3Beta-Yl (15Z-Tetracosenoate)
M01496_r	C53H96O2	Yes	Cholesterol-Ester-Hexacosa
M01473_r	C45H72O2	Yes	"Cholesterol-Ester-6,9,12,15-Octa"
M01475_r	C49H78O2	Yes	"Cholest-5-En-3Beta-Yl (7Z,10Z,13Z,16Z,19Z-Docosapentaenoate)"
M01471_r	C51H80O2	Yes	"Cholesterol-Ester-6,9,12,15,18,21-Tetra"
M01460_r	C49H82O2	Yes	"Cholesterol-Ester-13,16,19-Doco"
M01483_r	C51H84O2	Yes	"Cholesterol-Ester-9,12,15,18-Tetraco"
M01472_r	C51H82O2	Yes	"Cholesterol-Ester-6,9,12,15,18-Tetraco"
M01456_r	C47H80O2	Yes	"Cholest-5-En-3Beta-Yl (11Z,14Z-Eicosadienoate)"
M01461_r	C49H84O2	Yes	"Cholest-5-En-3Beta-Yl (13Z,16Z-Docosadienoate)"
HC01609_c	C40H36N4O16	Yes	Uroporphyrinogen I(8-)
hyochol_c	C24H39O5	Yes	Hyocholic acid; gamma-Muricholate
isochol_c	C24H39O5	Yes	"Isochenodeoxycholic acid; 3beta,7alpha,12alpha-Trihydroxy-5beta-cholanic acid"
lca3s_c	C24H38O6S	Yes	Lithocholic acid 3-sulfate
lca3s_e	C24H38O6S	Yes	Lithocholic acid 3-sulfate
tca3s_c	C26H44NO10S2	Yes	Taurocholic acid 3-sulfate
tudca3s_c	C26H44NO9S2	Yes	Tauroursodeoxycholic acid 3-sulfate
3hsmvacid_c	C25H39O7	Yes	3'-hydroxy-simvastatin-acid form
3ispvs_e	C23H35NaO7	Yes	3-alpha-iso-pravastatin
4hatvacid_c	C33H34FN2O6	Yes	4-hydroxy-atorvastatin-acid / para-hydroxy-atorvastatin acid
4hatvlac_e	C33H33FN2O5	Yes	4-hydroxy-atorvastatin-lactone / para-hydroxy-atorvastatin lactone
4hmdgluc_c	C24H20ClFN3O7	Yes	4-OH-midazolam-glucuronide
mdz_r	C18H13ClFN3	Yes	Midazolam
4ohmdz_c	C18H13ClFN3O	Yes	4-OH-midazolam
5ohfvsglu_c	C30H32FNNaO11	Yes	5-hydroxy-fluvastatin-glucuronide
6bhglzglc_c	C21H27N3O10S	Yes	6-beta-OH-gliclazide-glucuronide
6epvs_c	C23H35NaO7	Yes	6-epipravastatin
6hmsmvacid_c	C25H39O7	Yes	6'-beta-hydroxy-methyl-simvastatin-acid form
6hsmvacid_c	C25H39O7	Yes	6'-beta-hydroxy simvastatin acid
smv_r	C25H38O5	Yes	Simvastatin lactone form
6melvacid_c	C24H35O6	Yes	6'-exomethylene-lovastatin-acid form
atvlacgluc_r	C39H40FN2O10	Yes	Atorvastatin-lactone-ether-glucuronide / G3
atvlac_c	C33H33FN2O4	Yes	Atorvastatin-lactone
caribup_s_r	C13H14O4	Yes	S-carboxy ibuprofen
caribup_s_c	C13H14O4	Yes	S-carboxy ibuprofen
crvsm1_c	C24H29FNNaO5	Yes	Cerivastatin-M1
crvs_c	C25H31FNNaO5	Yes	Cerivastatin
crvsm22_c	C25H29FNNaO4	Yes	Cerivastatin-M22
csasulp_c	C62H110N11O15S	Yes	Cyclosporine-sulphate
12htacr_e	C44H69NO13	Yes	"12-HT or M-VI, 12-hydroxy tacrolimus"
1331tacr_e	C42H65NO12	Yes	"13,31-O-Didesmethyl-tacrolimus"
14hmdz_e	C18H13ClFN3O2	Yes	"1,4-Dihydroxy-midazolam"
1531tacr_e	C42H65NO12	Yes	"15, 31-O-Didesmethyl-tacrolimus"
15dmt_e	C43H67NO12	Yes	"15-DMT or M-III, 15-O-desmethyl tacrolimus"
1hibup__S_e	C13H17O3	Yes	1-hydroxy S-ibuprofen
1hmdgluc_e	C24H20ClFN3O7	Yes	1'-OH-midazolam-glucuronide
1ohmdz_e	C18H13ClFN3O	Yes	1'-OH-midazolam
2hatvlacgluc_e	C39H40FN2O11	Yes	2-hydroxy-atorvastatin-lactone-glucuronide
2hibup__R_e	C13H17O3	Yes	2-hydroxy-R-ibuprofen
2hibup__S_e	C13H17O3	Yes	2-hydroxy-S-ibuprofen
3hibup__S_e	C13H17O3	Yes	3-hydroxy S-ibuprofen
3hibupglu__S_e	C19H25O9	Yes	3-hydroxy S-ibuprofen-glucuronide
lstnm4_e	C28H27ClN6O8	Yes	Losartan-M4 (glucuronide derivative)
lstnm5_e	C22H22ClN6O2	Yes	Losartan-M5
M02467_c	C4H11N5	Yes	Metformin
M02467_e	C4H11N5	Yes	Metformin
galgluside_hs_r	C30H56NO12RCO	Yes	Galactosyl glucosyl ceramide
CE0074_c	C4N2O4	Yes	Alloxan
m3gacpail_prot_hs_c	X	No	M3Gacpail Prot Heparan Sulfate
core8_c	C14H24NO10X	Yes	Core8 g
3dhcdchol_e	C24H37O4	Yes	3-Dehydrochenodeoxychollyc acid; 7oxo-3alpha-hydroxy-5beta-cholan-24-oic acid
cdca3g_e	C30H47O10	Yes	"Chenodeoxycholic acid-3glucuronide, CDCA-3G"
dca24g_e	C30H47O10	Yes	"Deoxycholic acid-24glucuronide, CDA-24G"
dca3g_e	C30H47O10	Yes	"Deoxycholic acid-3glucuronide, CDA-3G"
gcdca3s_e	C26H42NO8S	Yes	Glycochenodeoxycholic acid 3-sulfate
gudca3s_e	C26H42NO8S	Yes	Glycoursodeoxycholic acid 3-sulfate
hca24g_e	C30H47O11	Yes	"Hyocholic acid-24glucuronide, HCA-24G"
hca6g_e	C30H47O11	Yes	"Hyocholic acid-6glucuronide, HCA-6G"
lca24g_e	C30H47O9	Yes	"Lithocholic acid-24glucuronide, CDCA-24G"
14hmdz_c	C18H13ClFN3O2	Yes	"1,4-Dihydroxy-midazolam"
1hibupglu__S_c	C19H25O9	Yes	1-hydroxy S-ibuprofen-glucuronide
1ohmdz_c	C18H13ClFN3O	Yes	1'-OH-midazolam
2hatvacid_c	C33H34FN2O6	Yes	2-hydroxy-atorvastatin-acid / ortho-hydroxy-atorvastatin acid
2hatvacidgluc_c	C39H42FN2O12	Yes	2-hydroxy-atorvastatin-acyl-glucuronide
2hatvlac_c	C33H33FN2O5	Yes	2-hydroxy-atorvastatin-lactone / ortho-hydroxy-atorvastatin lactone
2hibup__R_c	C13H17O3	Yes	2-hydroxy-R-ibuprofen
2hibup__S_c	C13H17O3	Yes	2-hydroxy-S-ibuprofen
35dsmv_c	C25H40O7	Yes	"3',5'-dihydrodiol-simvastatin-lactone form"
3hlvst_c	C24H36O6	Yes	3''-hydroxy-lovastatin lactone form
3hpvscoa_m	C44H67N7NaO24P3S	Yes	3'-S-hydroxy-pravastatin-CoA
3hpvscoa_x	C44H67N7NaO24P3S	Yes	3'-S-hydroxy-pravastatin-CoA
acmpglut_c	C19H26N4O7S	Yes	Acetaminophen-glutathione-conjugate
acmpglu_c	C14H16NO8	Yes	Acetaminophen glucuronide
acmp_e	C8H9NO2	Yes	Acetaminophen/paracetamol
mdz_e	C18H13ClFN3	Yes	Midazolam
mdzglc_e	C24H21ClFN3O6	Yes	Midazolam-glucuronide
mhglz_e	C15H20N3O4S	Yes	Methyl-hydroxy-gliclazide
ndersv_e	C42H48CaF2N6O12S2	Yes	N-desmethyl-rosuvastatin
nfdlac_e	C16H12N2O6	Yes	Lactone form of nifedipine
nfdnpy_e	C17H16N2O6	Yes	Nitropyridine metabolite of nifedipine
nfdoh_e	C16H13N2O7	Yes	Hydroxy metabolite of nifedipine
oxy1rb_e	C10H12N4O7	Yes	Oxypurinol-1-riboside
oxy7rb_e	C10H12N4O7	Yes	Oxypurinol-7-riboside
profvs_e	C18H16FNNaO2	Yes	Des-isoproylpropionic-acid-fluvastatin
ptvst_e	C50H46CaF2N2O8	Yes	Pitavastatin
ptvstlac_e	C50H44CaF2N2O6	Yes	Pitavastatin-lactone
rsvlac_e	C44H52CaF2N6O10S2	Yes	Rosuvastatin-5S-lactone
s3meacmp_e	C8H8NO6S	Yes	Sulphate-conjugate-3-methoxy-acetaminophen
stacmp_e	C9H10NO5S2	Yes	Sulphate-conjugate of thiomethyl-acetaminophen
tauribup__S_e	C15H22NO4S	Yes	Taurine conjugate of S-ibuprofen
tlacfvs_e	C24H23FNNaO3	Yes	Trans-lactone-fluvastatin
tmdm5_e	C16H16N4O5S	Yes	Torasemide-M5
tsacmgluc_e	C15H18NO9S	Yes	Thiomethyl-sulphoxide-acetaminophen-glucuronide
tsacmsul_e	C9H10NO6S2	Yes	Thiomethyl-sulphoxide-acetaminophen-sulphate
3meacmp_r	C9H11NO3	Yes	3-methoxy-acetaminophen
ibupgluc_c	C19H25O8	Yes	Ibuprofen acyl glucuronide
ibupcoa__R_c	C34H48N7O17P3S	Yes	Ibuprofen-CoA-R form
ibup__S_e	C13H17O2	Yes	Ibuprofen-S
smvacid_r	C25H39O6	Yes	Simvastatin dihydroxy acid form
tmacmp_c	C9H11NO2S	Yes	Thiomethyl-conjugate-acetaminophen
stacmp_c	C9H10NO5S2	Yes	Sulphate-conjugate of thiomethyl-acetaminophen
tauribup__S_c	C15H22NO4S	Yes	Taurine conjugate of S-ibuprofen
fvsgluc_r	C30H32FNNaO10	Yes	Fluvstatin-glucuronide
tmdm1_r	C16H19N4O4S	Yes	Torasemide-M1
thsacmp_c	C9H11NO3S	Yes	Thiomethyl-sulphoxide-conjugate-acetaminophen
tsacmsul_c	C9H10NO6S2	Yes	Thiomethyl-sulphoxide-acetaminophen-sulphate
12htacr_r	C44H69NO13	Yes	"12-HT or M-VI, 12-hydroxy tacrolimus"
14hmdz_r	C18H13ClFN3O2	Yes	"1,4-Dihydroxy-midazolam"
1513tacr_r	C42H65NO12	Yes	"13,15-O-didesmethyl tacrolimus"
1531tacr_r	C42H65NO12	Yes	"15, 31-O-Didesmethyl-tacrolimus"
1hibupglu__S_r	C19H25O9	Yes	1-hydroxy S-ibuprofen-glucuronide
1hmdgluc_r	C24H20ClFN3O7	Yes	1'-OH-midazolam-glucuronide
2hatvacidgluc_r	C39H42FN2O12	Yes	2-hydroxy-atorvastatin-acyl-glucuronide
2hatvlacgluc_r	C39H40FN2O11	Yes	2-hydroxy-atorvastatin-lactone-glucuronide
2hibup__R_r	C13H17O3	Yes	2-hydroxy-R-ibuprofen
35dhpvs_r	C23H34NaO9	Yes	"3'-alpha,5'beta-dihydroxy-pravastatin / 3'-alpha5'beta6'beta-trihydroxy pravastatin"
35dsmv_r	C25H40O7	Yes	"3',5'-dihydrodiol-simvastatin-lactone form"
3hibup__R_r	C13H17O3	Yes	3-hydroxy R-ibuprofen
3hlvst_r	C24H36O6	Yes	3''-hydroxy-lovastatin lactone form
3hpvscoa_c	C44H67N7NaO24P3S	Yes	3'-S-hydroxy-pravastatin-CoA
3hsmv_r	C25H38O6	Yes	3'-hydroxy-simvastatin-lactone form
4bhglz_r	C15H20N3O4S	Yes	4-beta-OH-gliclazide
4hatvlac_r	C33H33FN2O5	Yes	4-hydroxy-atorvastatin-lactone / para-hydroxy-atorvastatin lactone
4hmdgluc_r	C24H20ClFN3O7	Yes	4-OH-midazolam-glucuronide
56dhpvs_r	C23H35NaO9	Yes	"3-keto-5,6,-dihydroxy-pravastatin"
rbl__D_e	C5H10O5	Yes	D-Ribulose
M01966_e	C6H11O12P2	Yes	"D-Glucose 1,6-Bisphosphate"
M02155_e	C24H40O4	Yes	Hyodesoxycholic Acid
M01989_e	C26H43NO5	Yes	Glycodeoxycholic Acid
M01881_e	X	No	(Gal)4 (Glc)1 (GlcNAc)3 (LFuc)2 (Cer)1
M03131_e	X	No	V3(Neuac)2-Gb5Cer ((Gal)3 (GalNAc)1 (Glc)1 (Neu5Ac)2 (Cer)1)
n5m2masn_e	C74H122N7O50X	Yes	((N-acetyl-D-glucosaminyl)5-(alpha-D-mannosyl)2-beta-D-mannosyl-diacetylchitobiosyl)-L-asparagine (protein)
hretn_e	C20H27O3	Yes	4 hydroxy retinoic acid
kynate_c	C10H6NO3	Yes	4-Hydroxy-2-quinolinecarboxylic acid
cbl2_m	C62H92CoN13O14P	Yes	Cob II alamin C62H88CoN13O14P
1a2425thvitd2_m	C28H44O4	Yes	"1-alpha,24R,25-Trihydroxyvitamin D2"
btn_n	C10H15N2O3S	Yes	Biotin
h_i	H	No	H+
allop_c	C5H4N4O	Yes	Allopurinol
am1csa_r	C62H111N11O13	Yes	AM1 (cyclosporine)
am4ncs_r	C61H109N11O12	Yes	AM4N (cyclosporine)
atvethgluc_r	C45H48FN2O17	Yes	Atorvastatin-ether-glucuronide -G1
atvacylgluc_r	C39H42FN2O11	Yes	Atorvastatin-acyl-glucuronide / G2
3hpvstet_e	C19H27NaO6	Yes	3'-S-hydroxy-pravastatin-tetranor
3hsmvacid_e	C25H39O7	Yes	3'-hydroxy-simvastatin-acid form
4bhglz_e	C15H20N3O4S	Yes	4-beta-OH-gliclazide
4ohmdz_e	C18H13ClFN3O	Yes	4-OH-midazolam
56eppvs_e	C23H35NaO8	Yes	"5,6-epoxy-3-alpha-iso-pravastatin"
5ohfvsglu_e	C30H32FNNaO11	Yes	5-hydroxy-fluvastatin-glucuronide
6ahglz_e	C15H20N3O4S	Yes	6-alpha-OH-gliclazide
6bhglz_e	C15H20N3O4S	Yes	6-beta-OH-gliclazide
6bhglzglc_e	C21H27N3O10S	Yes	6-beta-OH-gliclazide-glucuronide
6csmvacid_e	C25H36O8	Yes	6'-beta-carboxy-simvastatin-acid form
6hsmvacid_e	C25H39O7	Yes	6'-beta-hydroxy simvastatin acid
6melvacid_e	C24H35O6	Yes	6'-exomethylene-lovastatin-acid form
6ohfvsglu_e	C30H32FNNaO11	Yes	6-hydroxy-fluvastatin-glucuronide
7bhglzglc_e	C21H27N3O10S	Yes	7-beta-OH-gliclazide-glucuronide
am1a4ncs_e	C61H106N11O14	Yes	AM1A4N (cyclosporine)
am1accs_e	C62H108N11O14	Yes	AM1Ac (cyclosporine)
am1acs_e	C62H108N11O14	Yes	AM1A (cyclosporine)
am1c9cs_e	C62H111N11O14	Yes	AM1c9 (cyclosporine)
am1ccs_e	C62H111N11O13	Yes	AM1c (cyclosporine)
am4n9cs_e	C61H109N11O13	Yes	AM4N9 (cyclosporine)
caribup_s_e	C13H14O4	Yes	S-carboxy ibuprofen
caribupglu__S_e	C19H22O10	Yes	S-carboxy ibuprofen glucuronide
crglz_e	C15H17N3O5S	Yes	Carboxy-gliclazide
crvsm1_e	C24H29FNNaO5	Yes	Cerivastatin-M1
crvsm23_e	C25H31FNNaO6	Yes	Cerivastatin-M23
csasulp_e	C62H110N11O15S	Yes	Cyclosporine-sulphate
cysacmp_e	C11H14N2O4S	Yes	Cysteine-conjugate-acetaminophen
deoxfvs_e	C22H21FNNaO2	Yes	Deoxy-fluvastatin-dinor
desfvs_e	C21H19FNNaO4	Yes	N-desisopropyl-fluvastatin
fvstet_e	C17H13FNNaO2	Yes	Des-isopropyl-dihydro-fluvastatin-tetranor
lstn1gluc_e	C28H30ClN6O7	Yes	Losartan-N1-glucuronide
lstnm2_e	C22H22ClN6O2	Yes	Losartan-M2
mdzglc_c	C24H21ClFN3O6	Yes	Midazolam-glucuronide
meracmp_c	C13H15N2O5S	Yes	Acetaminophen-mercapturate-conjugate/N-acetyl-cysteine-acetaminophen
mhglz_c	C15H20N3O4S	Yes	Methyl-hydroxy-gliclazide
nfdac_r	C16H13N2O6	Yes	Acid metabolite of nifedipine
nfdac_c	C16H13N2O6	Yes	Acid metabolite of nifedipine
nfdlac_c	C16H12N2O6	Yes	Lactone form of nifedipine
oxy7rb_c	C10H12N4O7	Yes	Oxypurinol-7-riboside
fvscoa_x	C45H56FN8NaO19P3S	Yes	Fluvastatin-CoA form
profvscoa_c	C37H42FN8NaO17P3S	Yes	Des-isoproylpropionic-acid-fluvastatin-CoA
ptvstgluc_r	C62H62CaF2N2O20	Yes	Pitavastatin-glucuronide
ptvstlac_c	C50H44CaF2N2O6	Yes	Pitavastatin-lactone
ptvstm3_c	C50H42CaF2N2O8	Yes	Pitavastatin-M3
ptvstlac_r	C50H44CaF2N2O6	Yes	Pitavastatin-lactone
gly_r	C2H5NO2	Yes	Glycine
pap_r	C10H11N5O10P2	Yes	"Adenosine 3',5'-bisphosphate"
C13856_e	C23H38O4	Yes	2-Arachidonoylglycerol
M02561_e	CHO2R	Yes	Nefa-Blood-Pool-Out
M01872_e	X	No	(Gal)1 (GalNAc)1 (GlcNAc)1 (Ser/Thr)1
hnifedipine_e	C17H18N2O7	Yes	Hnifedipine c
adpman_e	C16H23N5O15P2	Yes	Adenosine-5'-Diphosphate-D-Mannose
HC01496_m	C6H8NO5	Yes	2-Amino-3-Oxoadipate
HC01118_r	C30H49O7P2	Yes	Presqualene Diphosphate
HC01397_m	C37H62N7O18P3S	Yes	3S-Hydroxyhexadecanoyl Coenzyme A
HC01397_x	C37H62N7O18P3S	Yes	3S-Hydroxyhexadecanoyl Coenzyme A
HC01412_m	C35H56N7O17P3S	Yes	(2E)-Tetradecenoyl Coenzyme A
HC01406_m	C29H44N7O18P3S	Yes	3-Oxo-Octanoyl Coenzyme A
HC01407_m	C27H42N7O18P3S	Yes	3S-Hydroxy-Hexanoyl Coenzyme A
HC01223_m	C25H38N7O18P3S	Yes	3-Hydroxyisobutyryl Coenzyme A
acetone_m	C3H6O	Yes	Acetone
HC02110_r	C28H46O	Yes	4Alpha-Methylzymosterol
stcoa_r	C39H66N7O17P3S	Yes	Stearoyl-CoA (n-C18:0CoA)
HC10856_m	C39H62N7O17P3S	Yes	"Trans,Cis-Octadeca-2,9-Dienoyl Coenzyme A"
HC10857_m	C39H64N7O18P3S	Yes	(S)-3-Hydroxyoleyleoyl Coenzyme A
CE2873_c	C15H12I2NO7S	Yes	"3,5-Diiodo-L-Thyronine 4-O-Sulfate"
pail45p_hs_m	C9H14O15P3RCO2R2CO2	Yes	"Phosphatidylinositol 4,5-bisphosphate (Homo sapiens)"
CE5934_x	C40H68N7O18P3S	Yes	3(R)-Hydroxy-Pristanoyl Coenzyme A
CE2313_c	C29H48O	Yes	"4,4-dimethylcholesta-8(9),14-dien-3beta-ol"
CE4820_x	C45H66N7O18P3S	Yes	"3-oxo-all-cis-6,9,12,15,18-tetracosapentaenoyl-CoA"
CE4838_x	C45H66N7O17P3S	Yes	"Trans-2-All-Cis-6,9,12,15,18-Tetracosahexaenoyl Coenzyme A"
tetpent6_r	C24H37O2	Yes	"Tetracosapentaenoic acid, n-6"
CE4801_m	C32H52N7O18P3S	Yes	"3(S)-Hydroxy-4(R),8-Dimethyl-Nonanoyl Coenzyme A"
3ddecdicoa_x	C33H50N7O17P3S	Yes	"3,6-Dodecadienoyl Coenzyme A"
2dodtricoa_m	C33H48N7O17P3S	Yes	"2,6,9-Dodecatrienoyl Coenzyme A"
3dodtricoa_x	C33H48N7O17P3S	Yes	"3,6,9-Dodecatrienoyl Coenzyme A"
c12dc_x	C19H34NO6	Yes	Dodecanedioyl Carnitine
tetde5coa_x	C35H56N7O17P3S	Yes	5-Tetradecenoyl Coenzyme A
c14dccoa_x	C35H55N7O19P3S	Yes	Tetradecanedioyl Coenzyme A
hexddcoa_m	C37H58N7O17P3S	Yes	"7,10-Hexadecadienoyl Coenzyme A"
2hexdtricoa_m	C37H56N7O17P3S	Yes	"2,7,10-Hexadecatrienoyl Coenzyme A"
4hexdtetcoa_x	C37H54N7O17P3S	Yes	"4,7,10,13-Hexadecatetraenoyl Coenzyme A"
hexdectecoa_m	C37H54N7O17P3S	Yes	"2,4,7,10-Hexadecatetraenoyl Coenzyme A"
hexdpencoa_x	C37H52N7O17P3S	Yes	"2,4,7,10,13-Hexadecapentaenoyl Coenzyme A"
xol7ah3_e	C27H48O3	Yes	"3alpha,7alpha,26-Trihydroxy-5beta-cholestane"
xoldiolone_e	C27H44O3	Yes	"7alpha,12alpha-Dihydroxycholest-4-en-3-one"
7klitchol_e	C24H37O4	Yes	7-Ketolithocholate
2hyoxplac_e	C8H7O3	Yes	2-Hydroxyphenylacetate
3mox4hoxm_c	C9H9O5	Yes	3-Methoxy-4-hydroxymandelate
CE4970_c	C7H12NO3	Yes	2-methylbutyrylglycine
CE4970_e	C7H12NO3	Yes	2-methylbutyrylglycine
CE2026_c	C7H10NO3	Yes	3-methylcrotonoylglycine
actyr_m	C11H12NO4	Yes	N-Acetyl-Tyrosine
actyr_c	C11H12NO4	Yes	N-Acetyl-Tyrosine
actyr_e	C11H12NO4	Yes	N-Acetyl-Tyrosine
sucacetat_c	C8H8O6	Yes	Succinyl-Acetoacetate
sucaceto_e	C7H9O4	Yes	Succinylacetone
CE2176_c	C10H13NO4	Yes	3-O-methyldopa
CE2176_m	C10H13NO4	Yes	3-O-methyldopa
nacvanala_m	C12H14NO5	Yes	N-Acetylvanilalanine
nacvanala_c	C12H14NO5	Yes	N-Acetylvanilalanine
nacvanala_e	C12H14NO5	Yes	N-Acetylvanilalanine
2h3mv_e	C6H11O3	Yes	2-Hydroxy-3-Methyl-Valerate
2m3hbu_m	C5H9O3	Yes	2-Methyl-3-Hydroxy-Butyrate
2m3hbu_c	C5H9O3	Yes	2-Methyl-3-Hydroxy-Butyrate
2m3ovac_c	C6H9O3	Yes	2-Methyl-3-Oxo-Valerate
3h3mglt_c	C6H8O5	Yes	3-Hydroxy-3-Methyl-Glutarate
3h3mglt_e	C6H8O5	Yes	3-Hydroxy-3-Methyl-Glutarate
ppiogly_e	C5H8NO3	Yes	Propionyl-Glycine
HC02057_c	C5H6O5R2	Yes	"1,2-Diacylglycerol-Ld-Pe-Pool"
HC02056_c	C5H6O5R2	Yes	"1,2-Diacylglycerol-Ld-Pc-Pool"
HC02076_c	C4H7O4R	Yes	1-Acylglycerol-Ld-Sm-Pool
cdpchol_r	C14H25N4O11P2	Yes	CDPcholine C14H25N4O11P2
M00261_c	C29H49NO4	Yes	"10Z,13Z,16Z,19Z-Docosatetraenoylcarnitine"
M00022_c	C29H52NO4	Yes	"13Z,16Z-Docosadienoylcarnitine"
M00263_c	C29H51NO4	Yes	"10Z,13Z,16Z-Docosatrienoylcarnitine"
M02745_r	C14H25O2	Yes	5Z-Tetradecenoic Acid
CE2247_m	C41H70N7O18P3S	Yes	3-hydroxyeicosanoyl-CoA (4-)
CE1589_r	C45H70N7O19P3S	Yes	Deoxycholoyl-CoA
ocdca_r	C18H35O2	Yes	Octadecanoate (n-C18:0)
pail_hs_g	C9H16O9PRCO2R2CO2	Yes	Phosphatidylinositol (homo sapiens)
acmpglu_r	C14H16NO8	Yes	Acetaminophen glucuronide
am1c9cs_r	C62H111N11O14	Yes	AM1c9 (cyclosporine)
am4n9cs_r	C61H109N11O13	Yes	AM4N9 (cyclosporine)
crglz_r	C15H17N3O5S	Yes	Carboxy-gliclazide
crvsm24_r	C24H29FNNaO6	Yes	Cerivastatin-M24
dspvs_r	C18H23NaO5	Yes	Desacyl dehydro-pravastatin
fvscoa_c	C45H56FN8NaO19P3S	Yes	Fluvastatin-CoA form
ibupgluc_r	C19H25O8	Yes	Ibuprofen acyl glucuronide
lvstacid_e	C24H37O6	Yes	Lovastatin-hydroxyacid form
profvscoa_x	C37H42FN8NaO17P3S	Yes	Des-isoproylpropionic-acid-fluvastatin-CoA
ptvstm13_c	C50H46CaF2N2O10	Yes	Pitavastatin-M13
ptvstm13_e	C50H46CaF2N2O10	Yes	Pitavastatin-M13
acmpglut_r	C19H26N4O7S	Yes	Acetaminophen-glutathione-conjugate
napqi_r	C8H7NO2	Yes	NAPQI
cysacmp_r	C11H14N2O4S	Yes	Cysteine-conjugate-acetaminophen
MNXM162_c	C6H5O7	Yes	D-threo-isocitrate(3-)
cm3ac_c	C13H14Cl2N2O6	Yes	Chloramphenicol 3-acetate
hd6912crn_c	C23H39NO4	Yes	"(6Z,9Z,12Z)-hexadecatrienoyl-l-carnitine"
hd691215crn_c	C23H37NO4	Yes	"(6Z,9Z,12Z,15Z)-hexadecatetrenoyl-l-carnitine"
g6p_h	C6H11O9P	Yes	D-Glucose 6-phosphate
dhncoa_x	C32H38N7O19P3S	Yes	"1,4-Dihydroxy-2-naphthoyl-CoA"
acglu_h	C7H9NO5	Yes	N-Acetyl-L-glutamate
so4_h	O4S	No	Sulfate
grdp_m	C10H17O7P2	Yes	Geranyl diphosphate
h2s_m	H1S	No	Hydrogen sulfide
photon_h	Z	No	Light
q9h2_m	C54H84O4	Yes	Ubiquinol-9
4ppan_m	C9H15NO8P	Yes	D-4'-Phosphopantothenate
g1m8masn_c	C81H133N5O63R2	Yes	(alpha-D-Glucosyl)-(alpha-D-mannosyl)8-beta-D-mannosyl-diacetylchitobiosyl-L-asparagine (protein)
g2m8masn_c	C87H143N5O68R2	Yes	(alpha-D-Glucosyl)2-(alpha-D-mannosyl)8-beta-D-mannosyl-diacetylchitobiosyl-L-asparagine (protein)
f6p_h	C6H11O9P	Yes	D-Fructose 6-phosphate
fdp_h	C6H10O12P2	Yes	"D-Fructose 1,6-bisphosphate"
26dap_LL_h	C7H14N2O4	Yes	"LL-2,6-Diaminoheptanedioate"
3c2hmp_h	C7H10O5	Yes	3-Carboxy-2-hydroxy-4-methylpentanoate
5mta_m	C11H15N5O3S	Yes	5-Methylthioadenosine
pser__L_m	C3H6NO6P	Yes	O-Phospho-L-serine
thdp_h	C7H7NO4	Yes	"2,3,4,5-Tetrahydrodipicolinate"
23dhdp_h	C7H5NO4	Yes	"2,3-Dihydrodipicolinate"
acorn_h	C7H14N2O3	Yes	N2-Acetyl-L-ornithine
3c3hmp_h	C7H10O5	Yes	3-Carboxy-3-hydroxy-4-methylpentanoate
2ippm_h	C7H8O4	Yes	2-Isopropylmaleate
glc__D_x	C6H12O6	Yes	D-Glucose
acg5p_h	C7H9NO8P	Yes	N-Acetyl-L-glutamyl 5-phosphate
3php_m	C3H2O7P	Yes	3-Phosphohydroxypyruvate
aspsa_m	C4H7NO3	Yes	L-Aspartate 4-semialdehyde
6pgc_m	C6H10O10P	Yes	6-Phospho-D-gluconate
2ddg6p_m	C6H8O9P	Yes	2-Dehydro-3-deoxy-D-gluconate 6-phosphate
26dap__M_h	C7H14N2O4	Yes	"Meso-2,6-Diaminoheptanedioate"
Largn_h	C10H12NO5	Yes	L-Arogenate
hthbp_m	C9H15N5O4	Yes	4a-Hydroxytetrahydrobiopterin
dhbpt_m	C9H13N5O3	Yes	"6,7-Dihydrobiopterin"
hd912ea_c	C16H27O2	Yes	"(9Z,12Z)-hexadecadienoate"
hd6912ea_c	C16H25O2	Yes	"(6Z,9Z,12Z)-hexadecatrienoate (C16:3)"
etha_m	C2H8NO	Yes	Ethanolamine
methamp_c	C3H9NO4P	Yes	N-Methylethanolamine phosphate
q9_m	C54H82O4	Yes	Ubiquinone-9
ethadmp_c	C4H11NO4P	Yes	Phosphodimethylethanolamine
pail3p205n3182n6_c	C47H75O16P2	Yes	"1-Phosphatidyl-1D-myo-inositol 3-phosphate(20:5(5Z,8Z,11Z,14Z,17Z)/18:2(9Z,12Z))"
mi3p__D_h	C6H11O9P	Yes	1D-myo-Inositol 3-phosphate
mi3p__D_m	C6H11O9P	Yes	1D-myo-Inositol 3-phosphate
2hglut_m	C5H6O5	Yes	2-Hydroxyglutarate
utp_h	C9H11N2O15P3	Yes	UTP C9H11N2O15P3
ficytb5_m	C34H32FeN4O4R4	Yes	Ferricytochrome b5
t2c11vaceACP_h	C18H31OSR	Yes	Trans-3-cis-11-Vacceoyl-[acyl-carrier-protein]
1eicos58111417eg3p_c	C23H35O7P	Yes	"1-(5Z,8Z,11Z,14Z,17Z)-Eicosapentaenoyl-sn-glycerol-3-phosphate"
1docos4710131619eg3p_c	C25H37O7P	Yes	"1-4,7,10,13,16,19-Docosahexaenoyl-sn-glycerol-3-phosphate"
pa1601619Z_c	C35H65O8P	Yes	1-hexadecanoyl-2-9-hexadecenoyl-sn-glycerol-3-phosphate
pa160180_c	C37H71O8P	Yes	1-hexadecanoyl-2-octadecanoyl-sn-glycerol-3-phosphate
pa160205n3_c	C39H65O8P	Yes	"1-hexadecanoyl-2-5,8,11,14,17-eicosapentaenoyl-sn-glycerol-3-phosphate"
pa160226n3_c	C41H67O8P	Yes	"1-hexadecanoyl-2-4,7,10,13,16,19-docosahexaenoyl-sn-glycerol-3-phosphate"
pa140160_c	C33H63O8P	Yes	1-tetradecanoyl-2-hexadecanoyl-sn-glycerol-3-phosphate
pa1619Z140_c	C33H61O8P	Yes	1-9-hexadecenoyl-2-tetradecanoyl-sn-glycerol-3-phosphate
pa1401619Z_c	C33H61O8P	Yes	1-tetradecanoyl-2-9-hexadecenoyl-sn-glycerol-3-phosphate
pa140180_c	C35H67O8P	Yes	1-tetradecanoyl-2-octadecanoyl-sn-glycerol-3-phosphate
pa1401819Z_c	C35H65O8P	Yes	1-tetradecanoyl-2-9-octadecenoyl-sn-glycerol-3-phosphate
pa140205n3_c	C37H61O8P	Yes	"1-tetradecanoyl-2-5,8,11,14,17-eicosapentaenoyl-sn-glycerol-3-phosphate"
pa140226n3_c	C39H63O8P	Yes	"1-tetradecanoyl-2-4,7,10,13,16,19-docosahexaenoyl-sn-glycerol-3-phosphate"
pa160140_c	C33H63O8P	Yes	1-hexadecanoyl-2-tetradecanoyl-sn-glycerol-3-phosphate
pa226n31819Z_c	C43H69O8P	Yes	"1-4,7,10,13,16,19-docosahexaenoyl-2-9-octadecenoyl-sn-glycerol-3-phosphate"
pa1619Z180_c	C37H69O8P	Yes	1-9-hexadecenoyl-2-octadecanoyl-sn-glycerol-3-phosphate
pa1619Z1819Z_c	C37H67O8P	Yes	1-9-hexadecenoyl-2-9-octadecenoyl-sn-glycerol-3-phosphate
pa226n3205n3_c	C45H65O8P	Yes	"1-4,7,10,13,16,19-docosahexaenoyl-2-5,8,11,14,17-eicosapentaenoyl-sn-glycerol-3-phosphate"
pa1619Z205n3_c	C39H63O8P	Yes	"1-9-hexadecenoyl-2-5,8,11,14,17-eicosapentaenoyl-sn-glycerol-3-phosphate"
pa1619Z226n3_c	C41H65O8P	Yes	"1-9-hexadecenoyl-2-4,7,10,13,16,19-docosahexaenoyl-sn-glycerol-3-phosphate"
pc180183n6_c	C44H82NO8P	Yes	"Phosphatidylcholine(18:0/18:3(6Z,9Z,12Z))"
pa180140_c	C35H67O8P	Yes	1-octadecanoyl-2-tetradecanoyl-sn-glycerol-3-phosphate
pa226n3_c	C47H67O8P	Yes	"1-4,7,10,13,16,19-docosahexaenoyl-2-4,7,10,13,16,19-docosahexaenoyl-sn-glycerol-3-phosphate"
pa180160_c	C37H71O8P	Yes	1-octadecanoyl-2-hexadecanoyl-sn-glycerol-3-phosphate
pa1801619Z_c	C37H69O8P	Yes	1-octadecanoyl-2-9-hexadecenoyl-sn-glycerol-3-phosphate
12dgr205n3226n3_c	C45H66O5	Yes	"1,2-Diacyl-sn-glycerol(20:5(5Z,8Z,11Z,14Z,17Z)/22:6(4Z,7Z,10Z,13Z,16Z,19Z))"
12dgr226n3140_c	C39H64O5	Yes	"1,2-Diacyl-sn-glycerol(22:6(4Z,7Z,10Z,13Z,16Z,19Z)/14:0)"
12dgr226n3160_c	C41H68O5	Yes	"1,2-Diacyl-sn-glycerol(22:6(4Z,7Z,10Z,13Z,16Z,19Z)/16:0)"
12dgr226n31619Z_c	C41H66O5	Yes	"1,2-Diacyl-sn-glycerol(22:6(4Z,7Z,10Z,13Z,16Z,19Z)/16:1(9Z))"
12dgr226n3180_c	C43H72O5	Yes	"1,2-Diacyl-sn-glycerol(22:6(4Z,7Z,10Z,13Z,16Z,19Z)/18:0)"
12dgr226n31819Z_c	C43H70O5	Yes	"1,2-Diacyl-sn-glycerol(22:6(4Z,7Z,10Z,13Z,16Z,19Z)/18:1(9Z))"
pa180205n3_c	C41H69O8P	Yes	"1-octadecanoyl-2-5,8,11,14,17-eicosapentaenoyl-sn-glycerol-3-phosphate"
pa180226n3_c	C43H71O8P	Yes	"1-octadecanoyl-2-4,7,10,13,16,19-docosahexaenoyl-sn-glycerol-3-phosphate"
pa1819Z140_c	C35H65O8P	Yes	1-9-octadecenoyl-2-tetradecanoyl-sn-glycerol-3-phosphate
12dgr226n3205n3_c	C45H66O5	Yes	"1,2-Diacyl-sn-glycerol(22:6(4Z,7Z,10Z,13Z,16Z,19Z)/20:5(5Z,8Z,11Z,14Z,17Z))"
12dgr226n3_c	C47H68O5	Yes	"1,2-Diacyl-sn-glycerol(22:6(4Z,7Z,10Z,13Z,16Z,19Z)/22:6(4Z,7Z,10Z,13Z,16Z,19Z))"
pa1819Z180_c	C39H73O8P	Yes	1-9-octadecenoyl-2-octadecanoyl-sn-glycerol-3-phosphate
pc1401819Z_c	C40H78NO8P	Yes	Phosphatidylcholine(14:0/18:1(9Z))
12dgr140160_c	C33H64O5	Yes	"1,2-Diacyl-sn-glycerol(14:0/16:0)"
pc1601819Z_c	C42H82NO8P	Yes	Phosphatidylcholine(16:0/18:1(9Z))
pc1619Z1819Z_c	C42H80NO8P	Yes	Phosphatidylcholine(16:1(9Z)/18:1(9Z))
pc1801819Z_c	C44H86NO8P	Yes	Phosphatidylcholine(18:0/18:1(9Z))
pc1819Z140_c	C40H78NO8P	Yes	Phosphatidylcholine(18:1(9Z)/14:0)
pa1819Z205n3_c	C41H67O8P	Yes	"1-9-octadecenoyl-2-5,8,11,14,17-eicosapentaenoyl-sn-glycerol-3-phosphate"
pa1819Z226n3_c	C43H69O8P	Yes	"1-9-octadecenoyl-2-4,7,10,13,16,19-docosahexaenoyl-sn-glycerol-3-phosphate"
pa205n3140_c	C37H61O8P	Yes	"1-5,8,11,14,17-eicosapentaenoyl-2-tetradecanoyl-sn-glycerol-3-phosphate"
pa205n3160_c	C39H65O8P	Yes	"1-5,8,11,14,17-eicosapentaenoyl-2-hexadecanoyl-sn-glycerol-3-phosphate"
pc1819Z160_c	C42H82NO8P	Yes	Phosphatidylcholine(18:1(9Z)/16:0)
pc1819Z1619Z_c	C42H80NO8P	Yes	Phosphatidylcholine(18:1(9Z)/16:1(9Z))
pc1819Z180_c	C44H86NO8P	Yes	Phosphatidylcholine(18:1(9Z)/18:0)
pc181_9_c	C44H84NO8P	Yes	Phosphatidylcholine(18:1(9Z)/18:1(9Z))
pc182n61819Z_c	C44H82NO8P	Yes	"Phosphatidylcholine(18:2(9Z,12Z)/18:1(9Z))"
pa205n31619Z_c	C39H63O8P	Yes	"1-5,8,11,14,17-eicosapentaenoyl-2-9-hexadecenoyl-sn-glycerol-3-phosphate"
pa205n3180_c	C41H69O8P	Yes	"1-5,8,11,14,17-eicosapentaenoyl-2-octadecanoyl-sn-glycerol-3-phosphate"
pc1819Z182n6_c	C44H82NO8P	Yes	"Phosphatidylcholine(18:1(9Z)/18:2(9Z,12Z))"
pa205n31819Z_c	C41H67O8P	Yes	"1-5,8,11,14,17-eicosapentaenoyl-2-9-octadecenoyl-sn-glycerol-3-phosphate"
pc1819Z205n3_c	C46H80NO8P	Yes	"Phosphatidylcholine(18:1(9Z)/20:5(5Z,8Z,11Z,14Z,17Z))"
12dgr1401619Z_c	C33H62O5	Yes	"1,2-Diacyl-sn-glycerol(14:0/16:1(9Z))"
pc1819Z226n3_c	C48H82NO8P	Yes	"Phosphatidylcholine(18:1(9Z)/22:6(4Z,7Z,10Z,13Z,16Z,19Z))"
pc205n31819Z_c	C46H80NO8P	Yes	"Phosphatidylcholine(20:5(5Z,8Z,11Z,14Z,17Z)/18:1(9Z))"
pa205n3_c	C43H63O8P	Yes	"1-5,8,11,14,17-eicosapentaenoyl-2-5,8,11,14,17-eicosapentaenoyl-sn-glycerol-3-phosphate"
pa205n3226n3_c	C45H65O8P	Yes	"1-5,8,11,14,17-eicosapentaenoyl-2-4,7,10,13,16,19-docosahexaenoyl-sn-glycerol-3-phosphate"
pa226n3140_c	C39H63O8P	Yes	"1-4,7,10,13,16,19-docosahexaenoyl-2-tetradecanoyl-sn-glycerol-3-phosphate"
pc226n31819Z_c	C48H82NO8P	Yes	"Phosphatidylcholine(22:6(4Z,7Z,10Z,13Z,16Z,19Z)/18:1(9Z))"
12dgr140180_c	C35H68O5	Yes	"1,2-Diacyl-sn-glycerol(14:0/18:0)"
pc140182n6_c	C40H76NO8P	Yes	"Phosphatidylcholine(14:0/18:2(9Z,12Z))"
pc160182n6_c	C42H80NO8P	Yes	"Phosphatidylcholine(16:0/18:2(9Z,12Z))"
pa226n3160_c	C41H67O8P	Yes	"1-4,7,10,13,16,19-docosahexaenoyl-2-hexadecanoyl-sn-glycerol-3-phosphate"
pa226n31619Z_c	C41H65O8P	Yes	"1-4,7,10,13,16,19-docosahexaenoyl-2-9-hexadecenoyl-sn-glycerol-3-phosphate"
pa226n3180_c	C43H71O8P	Yes	"1-4,7,10,13,16,19-docosahexaenoyl-2-octadecanoyl-sn-glycerol-3-phosphate"
pc182n6183n6_c	C44H78NO8P	Yes	"Phosphatidylcholine(18:2(9Z,12Z)/18:3(6Z,9Z,12Z))"
pc1819Z183n6_c	C44H80NO8P	Yes	"Phosphatidylcholine(18:1(9Z)/18:3(6Z,9Z,12Z))"
pc1619Z182n6_c	C42H78NO8P	Yes	"Phosphatidylcholine(16:1(9Z)/18:2(9Z,12Z))"
pc180182n6_c	C44H84NO8P	Yes	"Phosphatidylcholine(18:0/18:2(9Z,12Z))"
pc182_9_12_c	C44H80NO8P	Yes	"Phosphatidylcholine(18:2(9Z,12Z)/18:2(9Z,12Z))"
pc205n3182n6_c	C46H78NO8P	Yes	"Phosphatidylcholine(20:5(5Z,8Z,11Z,14Z,17Z)/18:2(9Z,12Z))"
pc205n3183n6_c	C46H76NO8P	Yes	"Phosphatidylcholine(20:5(5Z,8Z,11Z,14Z,17Z)/18:3(6Z,9Z,12Z))"
pc226n3183n6_c	C48H78NO8P	Yes	"Phosphatidylcholine(22:6(4Z,7Z,10Z,13Z,16Z,19Z)/18:3(6Z,9Z,12Z))"
pc226n3182n6_c	C48H80NO8P	Yes	"Phosphatidylcholine(22:6(4Z,7Z,10Z,13Z,16Z,19Z)/18:2(9Z,12Z))"
12dgr1401819Z_c	C35H66O5	Yes	"1,2-Diacyl-sn-glycerol(14:0/18:1(9Z))"
12dgr140205n3_c	C37H62O5	Yes	"1,2-Diacyl-sn-glycerol(14:0/20:5(5Z,8Z,11Z,14Z,17Z))"
pc140183n3_c	C40H74NO8P	Yes	"Phosphatidylcholine(14:0/18:3(9Z,12Z,15Z))"
pc160183n3_c	C42H78NO8P	Yes	"Phosphatidylcholine(16:0/18:3(9Z,12Z,15Z))"
pc1619Z183n3_c	C42H76NO8P	Yes	"Phosphatidylcholine(16:1(9Z)/18:3(9Z,12Z,15Z))"
tmndnc_h	C20H29O2	Yes	"Timnodonic acid C20:5, n-3"
hd6912ea_h	C16H25O2	Yes	"(6Z,9Z,12Z)-hexadecatrienoate (C16:3)"
hd691215ea_h	C16H23O2	Yes	"(6Z,9Z,12Z,15Z)-hexadecatetraenoate (C16:4)"
pc180183n3_c	C44H82NO8P	Yes	"Phosphatidylcholine(18:0/18:3(9Z,12Z,15Z))"
pc182n6183n3_c	C44H78NO8P	Yes	"Phosphatidylcholine(18:2(9Z,12Z)/18:3(9Z,12Z,15Z))"
12dgr140226n3_c	C39H64O5	Yes	"1,2-Diacyl-sn-glycerol(14:0/22:6(4Z,7Z,10Z,13Z,16Z,19Z))"
pc1819Z183n3_c	C44H80NO8P	Yes	"Phosphatidylcholine(18:1(9Z)/18:3(9Z,12Z,15Z))"
pc205n3183n3_c	C46H76NO8P	Yes	"Phosphatidylcholine(20:5(5Z,8Z,11Z,14Z,17Z)/18:3(9Z,12Z,15Z))"
12dgr160140_c	C33H64O5	Yes	"1,2-Diacyl-sn-glycerol(16:0/14:0)"
behen_c	C22H43O2	Yes	Docosanoate (C22:0)
pc140184n3_c	C40H72NO8P	Yes	"Phosphatidylcholine(14:0/18:4(6Z,9Z,12Z,15Z))"
pc226n3183n3_c	C48H78NO8P	Yes	"Phosphatidylcholine(22:6(4Z,7Z,10Z,13Z,16Z,19Z)/18:3(9Z,12Z,15Z))"
pc140183n6_c	C40H74NO8P	Yes	"Phosphatidylcholine(14:0/18:3(6Z,9Z,12Z))"
pc160183n6_c	C42H78NO8P	Yes	"Phosphatidylcholine(16:0/18:3(6Z,9Z,12Z))"
pc1619Z183n6_c	C42H76NO8P	Yes	"Phosphatidylcholine(16:1(9Z)/18:3(6Z,9Z,12Z))"
pc160184n3_c	C42H76NO8P	Yes	"Phosphatidylcholine(16:0/18:4(6Z,9Z,12Z,15Z))"
pc1619Z184n3_c	C42H74NO8P	Yes	"Phosphatidylcholine(16:1(9Z)/18:4(6Z,9Z,12Z,15Z))"
pc180184n3_c	C44H80NO8P	Yes	"Phosphatidylcholine(18:0/18:4(6Z,9Z,12Z,15Z))"
pc182n6184n3_c	C44H76NO8P	Yes	"Phosphatidylcholine(18:2(9Z,12Z)/18:4(6Z,9Z,12Z,15Z))"
pc1819Z184n3_c	C44H78NO8P	Yes	"Phosphatidylcholine(18:1(9Z)/18:4(6Z,9Z,12Z,15Z))"
pc205n3184n3_c	C46H74NO8P	Yes	"Phosphatidylcholine(20:5(5Z,8Z,11Z,14Z,17Z)/18:4(6Z,9Z,12Z,15Z))"
pc226n3184n3_c	C48H76NO8P	Yes	"Phosphatidylcholine(22:6(4Z,7Z,10Z,13Z,16Z,19Z)/18:4(6Z,9Z,12Z,15Z))"
1agpc140_c	C22H46NO7P	Yes	1-14:0-2-lysophosphatidylcholine
eicos8111417coa_c	C41H62N7O17P3S	Yes	"(8Z,11Z,14Z,17Z)-eicosatetraenoyl-CoA"
12dgr1601619Z_c	C35H66O5	Yes	"1,2-Diacyl-sn-glycerol(16:0/16:1(9Z))"
1agpc160_c	C24H50NO7P	Yes	1-16:0-2-lysophosphatidylcholine
1agpc161_c	C24H48NO7P	Yes	1-16:1(9Z)-2-lysophosphatidylcholine
12dgr160180_c	C37H72O5	Yes	"1,2-Diacyl-sn-glycerol(16:0/18:0)"
3oeicoscoa_c	C41H68N7O18P3S	Yes	3-oxo-eicosanoyl-CoA
3heicoscoa_c	C41H70N7O18P3S	Yes	3-hydroxyeicosanoyl-CoA
eicos2coa_c	C41H68N7O17P3S	Yes	(2E)-eicosenoyl-CoA
1agpc180_c	C26H54NO7P	Yes	1-18:0-2-lysophosphatidylcholine
1agpc182_c	C26H50NO7P	Yes	"1-18:2(9Z,12Z)-2-lysophosphatidylcholine"
3odocoscoa_c	C43H72N7O18P3S	Yes	3-oxo-docosanoyl-CoA
3hdcscoa_c	C43H74N7O18P3S	Yes	3-hydroxydocosanoyl-CoA
docos2coa_c	C43H72N7O17P3S	Yes	(2E)-docosenoyl-CoA
1agpc181_c	C26H52NO7P	Yes	1-18:1(9Z)-2-lysophosphatidylcholine
1agpc205_c	C28H48NO7P	Yes	"1-20:5(5Z,8Z,11Z,14Z,17Z)-2-lysophosphatidylcholine"
behencoa_c	C43H74N7O17P3S	Yes	Docosanoyl-CoA
3ottccoa_c	C45H76N7O18P3S	Yes	3-oxo-tetracosanoyl-CoA
3httccoa_c	C45H78N7O18P3S	Yes	3-hydroxytetracosanoyl-CoA
1agpc226_c	C30H50NO7P	Yes	"1-22:6(4Z,7Z,10Z,13Z,16Z,19Z)-2-lysophosphatidylcholine"
12dgr160205n3_c	C39H66O5	Yes	"1,2-Diacyl-sn-glycerol(16:0/20:5(5Z,8Z,11Z,14Z,17Z))"
pc140203n6_c	C42H78NO8P	Yes	"Phosphatidylcholine(14:0/20:3(8Z,11Z,14Z))"
pc160203n6_c	C44H82NO8P	Yes	"Phosphatidylcholine(16:0/20:3(8Z,11Z,14Z))"
pc1619Z203n6_c	C44H80NO8P	Yes	"Phosphatidylcholine(16:1(9Z)/20:3(8Z,11Z,14Z))"
pc180203n6_c	C46H86NO8P	Yes	"Phosphatidylcholine(18:0/20:3(8Z,11Z,14Z))"
pc182n6203n6_c	C46H82NO8P	Yes	"Phosphatidylcholine(18:2(9Z,12Z)/20:3(8Z,11Z,14Z))"
pc1819Z203n6_c	C46H84NO8P	Yes	"Phosphatidylcholine(18:1(9Z)/20:3(8Z,11Z,14Z))"
ttc2coa_c	C45H76N7O17P3S	Yes	(2E)-tetracosenoyl-CoA
pc205n3203n6_c	C48H80NO8P	Yes	"Phosphatidylcholine(20:5(5Z,8Z,11Z,14Z,17Z)/20:3(8Z,11Z,14Z))"
12dgr160226n3_c	C41H68O5	Yes	"1,2-Diacyl-sn-glycerol(16:0/22:6(4Z,7Z,10Z,13Z,16Z,19Z))"
pc226n3203n6_c	C50H82NO8P	Yes	"Phosphatidylcholine(22:6(4Z,7Z,10Z,13Z,16Z,19Z)/20:3(8Z,11Z,14Z))"
12dgr1619Z140_c	C33H62O5	Yes	"1,2-Diacyl-sn-glycerol(16:1(9Z)/14:0)"
pe1619Z183n6_c	C39H70NO8P	Yes	"Phosphatidylethanolamine(16:1(9Z)/18:3(6Z,9Z,12Z))"
12dgr1619Z180_c	C37H70O5	Yes	"1,2-Diacyl-sn-glycerol(16:1(9Z)/18:0)"
pc140203n3_c	C42H76NO8P	Yes	"Phosphatidylcholine(14:0/20:4(8Z,11Z,14Z,17Z))"
pc160203n3_c	C44H80NO8P	Yes	"Phosphatidylcholine(16:0/20:4(8Z,11Z,14Z,17Z))"
pc1619Z203n3_c	C44H78NO8P	Yes	"Phosphatidylcholine(16:1(9Z)/20:4(8Z,11Z,14Z,17Z))"
pc180203n3_c	C46H84NO8P	Yes	"Phosphatidylcholine(18:0/20:4(8Z,11Z,14Z,17Z))"
pc182n6203n3_c	C46H80NO8P	Yes	"Phosphatidylcholine(18:2(9Z,12Z)/20:4(8Z,11Z,14Z,17Z))"
pc140205n3_c	C42H74NO8P	Yes	"Phosphatidylcholine(14:0/20:5(5Z,8Z,11Z,14Z,17Z))"
pc160205n3_c	C44H78NO8P	Yes	"Phosphatidylcholine(16:0/20:5(5Z,8Z,11Z,14Z,17Z))"
pc1619Z205n3_c	C44H76NO8P	Yes	"Phosphatidylcholine(16:1(9Z)/20:5(5Z,8Z,11Z,14Z,17Z))"
pc1819Z203n3_c	C46H82NO8P	Yes	"Phosphatidylcholine(18:1(9Z)/20:4(8Z,11Z,14Z,17Z))"
pc180205n3_c	C46H82NO8P	Yes	"Phosphatidylcholine(18:0/20:5(5Z,8Z,11Z,14Z,17Z))"
12dgr1619Z1819Z_c	C37H68O5	Yes	"1,2-Diacyl-sn-glycerol(16:1(9Z)/18:1(9Z))"
pc205n3_c	C48H76NO8P	Yes	"Phosphatidylcholine(20:5(5Z,8Z,11Z,14Z,17Z)/20:5(5Z,8Z,11Z,14Z,17Z))"
pc205n3203n3_c	C48H78NO8P	Yes	"Phosphatidylcholine(20:5(5Z,8Z,11Z,14Z,17Z)/20:4(8Z,11Z,14Z,17Z))"
pc226n3203n3_c	C50H80NO8P	Yes	"Phosphatidylcholine(22:6(4Z,7Z,10Z,13Z,16Z,19Z)/20:4(8Z,11Z,14Z,17Z))"
pc140204n6_c	C42H76NO8P	Yes	"Phosphatidylcholine(14:0/20:4(5Z,8Z,11Z,14Z))"
pc226n3205n3_c	C50H78NO8P	Yes	"Phosphatidylcholine(22:6(4Z,7Z,10Z,13Z,16Z,19Z)/20:5(5Z,8Z,11Z,14Z,17Z))"
pc182n6205n3_c	C46H78NO8P	Yes	"Phosphatidylcholine(18:2(9Z,12Z)/20:5(5Z,8Z,11Z,14Z,17Z))"
pc160204n6_c	C44H80NO8P	Yes	"Phosphatidylcholine(16:0/20:4(5Z,8Z,11Z,14Z))"
12dgr1619Z205n3_c	C39H64O5	Yes	"1,2-Diacyl-sn-glycerol(16:1(9Z)/20:5(5Z,8Z,11Z,14Z,17Z))"
pc1619Z204n6_c	C44H78NO8P	Yes	"Phosphatidylcholine(16:1(9Z)/20:4(5Z,8Z,11Z,14Z))"
pc180204n6_c	C46H84NO8P	Yes	"Phosphatidylcholine(18:0/20:4(5Z,8Z,11Z,14Z))"
pc182n6204n6_c	C46H80NO8P	Yes	"Phosphatidylcholine(18:2(9Z,12Z)/20:4(5Z,8Z,11Z,14Z))"
docos710131619coa_c	C43H64N7O17P3S	Yes	"(7Z,10Z,13Z,16Z,19Z)-docosapentaenoyl-CoA"
pc1819Z204n6_c	C46H82NO8P	Yes	"Phosphatidylcholine(18:1(9Z)/20:4(5Z,8Z,11Z,14Z))"
pc205n3204n6_c	C48H78NO8P	Yes	"Phosphatidylcholine(20:5(5Z,8Z,11Z,14Z,17Z)/20:4(5Z,8Z,11Z,14Z))"
pc226n3204n6_c	C50H80NO8P	Yes	"Phosphatidylcholine(22:6(4Z,7Z,10Z,13Z,16Z,19Z)/20:4(5Z,8Z,11Z,14Z))"
12dgr1619Z226n3_c	C41H66O5	Yes	"1,2-Diacyl-sn-glycerol(16:1(9Z)/22:6(4Z,7Z,10Z,13Z,16Z,19Z))"
12dgr180140_c	C35H68O5	Yes	"1,2-Diacyl-sn-glycerol(18:0/14:0)"
pc140225n3_c	C44H78NO8P	Yes	"Phosphatidylcholine(14:0/22:5(7Z,10Z,13Z,16Z,19Z))"
12dgr180160_c	C37H72O5	Yes	"1,2-Diacyl-sn-glycerol(18:0/16:0)"
pc1619Z226n3_c	C46H78NO8P	Yes	"Phosphatidylcholine(16:1(9Z)/22:6(4Z,7Z,10Z,13Z,16Z,19Z))"
pc160225n3_c	C46H82NO8P	Yes	"Phosphatidylcholine(16:0/22:5(7Z,10Z,13Z,16Z,19Z))"
pc1619Z225n3_c	C46H80NO8P	Yes	"Phosphatidylcholine(16:1(9Z)/22:5(7Z,10Z,13Z,16Z,19Z))"
pc180140_c	C40H80NO8P	Yes	Phosphatidylcholine(18:0/14:0)
12dgr1801619Z_c	C37H70O5	Yes	"1,2-Diacyl-sn-glycerol(18:0/16:1(9Z))"
pc180160_c	C42H84NO8P	Yes	Phosphatidylcholine(18:0/16:0)
pc180225n3_c	C48H86NO8P	Yes	"Phosphatidylcholine(18:0/22:5(7Z,10Z,13Z,16Z,19Z))"
pc182n6225n3_c	C48H82NO8P	Yes	"Phosphatidylcholine(18:2(9Z,12Z)/22:5(7Z,10Z,13Z,16Z,19Z))"
pc1819Z225n3_c	C48H84NO8P	Yes	"Phosphatidylcholine(18:1(9Z)/22:5(7Z,10Z,13Z,16Z,19Z))"
pc205n3225n3_c	C50H80NO8P	Yes	"Phosphatidylcholine(20:5(5Z,8Z,11Z,14Z,17Z)/22:5(7Z,10Z,13Z,16Z,19Z))"
pc226n3225n3_c	C52H82NO8P	Yes	"Phosphatidylcholine(22:6(4Z,7Z,10Z,13Z,16Z,19Z)/22:5(7Z,10Z,13Z,16Z,19Z))"
pc140_c	C36H72NO8P	Yes	Phosphatidylcholine(14:0/14:0)
pc140160_c	C38H76NO8P	Yes	Phosphatidylcholine(14:0/16:0)
pc1401619Z_c	C38H74NO8P	Yes	Phosphatidylcholine(14:0/16:1(9Z))
pc1801619Z_c	C42H82NO8P	Yes	Phosphatidylcholine(18:0/16:1(9Z))
pc180_c	C44H88NO8P	Yes	Phosphatidylcholine(18:0/18:0)
pc180226n3_c	C48H84NO8P	Yes	"Phosphatidylcholine(18:0/22:6(4Z,7Z,10Z,13Z,16Z,19Z))"
pc140180_c	C40H80NO8P	Yes	Phosphatidylcholine(14:0/18:0)
pc140226n3_c	C44H76NO8P	Yes	"Phosphatidylcholine(14:0/22:6(4Z,7Z,10Z,13Z,16Z,19Z))"
pc160140_c	C38H76NO8P	Yes	Phosphatidylcholine(16:0/14:0)
pc1601619Z_c	C40H78NO8P	Yes	Phosphatidylcholine(16:0/16:1(9Z))
pc160180_c	C42H84NO8P	Yes	Phosphatidylcholine(16:0/18:0)
pc160226n3_c	C46H80NO8P	Yes	"Phosphatidylcholine(16:0/22:6(4Z,7Z,10Z,13Z,16Z,19Z))"
pc1619Z140_c	C38H74NO8P	Yes	Phosphatidylcholine(16:1(9Z)/14:0)
pc205n3140_c	C42H74NO8P	Yes	"Phosphatidylcholine(20:5(5Z,8Z,11Z,14Z,17Z)/14:0)"
pc205n3160_c	C44H78NO8P	Yes	"Phosphatidylcholine(20:5(5Z,8Z,11Z,14Z,17Z)/16:0)"
pc205n31619Z_c	C44H76NO8P	Yes	"Phosphatidylcholine(20:5(5Z,8Z,11Z,14Z,17Z)/16:1(9Z))"
pc205n3180_c	C46H82NO8P	Yes	"Phosphatidylcholine(20:5(5Z,8Z,11Z,14Z,17Z)/18:0)"
pc1619Z160_c	C40H78NO8P	Yes	Phosphatidylcholine(16:1(9Z)/16:0)
pc161_c	C40H76NO8P	Yes	Phosphatidylcholine(16:1(9Z)/16:1(9Z))
pc205n3226n3_c	C50H78NO8P	Yes	"Phosphatidylcholine(20:5(5Z,8Z,11Z,14Z,17Z)/22:6(4Z,7Z,10Z,13Z,16Z,19Z))"
pc1619Z180_c	C42H82NO8P	Yes	Phosphatidylcholine(16:1(9Z)/18:0)
12dgr180205n3_c	C41H70O5	Yes	"1,2-Diacyl-sn-glycerol(18:0/20:5(5Z,8Z,11Z,14Z,17Z))"
pc226n3140_c	C44H76NO8P	Yes	"Phosphatidylcholine(22:6(4Z,7Z,10Z,13Z,16Z,19Z)/14:0)"
pc226n3160_c	C46H80NO8P	Yes	"Phosphatidylcholine(22:6(4Z,7Z,10Z,13Z,16Z,19Z)/16:0)"
pc226n31619Z_c	C46H78NO8P	Yes	"Phosphatidylcholine(22:6(4Z,7Z,10Z,13Z,16Z,19Z)/16:1(9Z))"
12dgr180226n3_c	C43H72O5	Yes	"1,2-Diacyl-sn-glycerol(18:0/22:6(4Z,7Z,10Z,13Z,16Z,19Z))"
pc226n3180_c	C48H84NO8P	Yes	"Phosphatidylcholine(22:6(4Z,7Z,10Z,13Z,16Z,19Z)/18:0)"
pc226n3_c	C52H80NO8P	Yes	"Phosphatidylcholine(22:6(4Z,7Z,10Z,13Z,16Z,19Z)/22:6(4Z,7Z,10Z,13Z,16Z,19Z))"
pc182n6140_c	C40H76NO8P	Yes	"Phosphatidylcholine(18:2(9Z,12Z)/14:0)"
pc182n6160_c	C42H80NO8P	Yes	"Phosphatidylcholine(18:2(9Z,12Z)/16:0)"
12dgr1819Z140_c	C35H66O5	Yes	"1,2-Diacyl-sn-glycerol(18:1(9Z)/14:0)"
pc182n61619Z_c	C42H78NO8P	Yes	"Phosphatidylcholine(18:2(9Z,12Z)/16:1(9Z))"
pc182n6180_c	C44H84NO8P	Yes	"Phosphatidylcholine(18:2(9Z,12Z)/18:0)"
pc182n6226n3_c	C48H80NO8P	Yes	"Phosphatidylcholine(18:2(9Z,12Z)/22:6(4Z,7Z,10Z,13Z,16Z,19Z))"
pa140182n6_c	C35H63O8P	Yes	"1-tetradecanoyl-2-9,12-octadecadienoyl-sn-glycerol-3-phosphate"
pa160182n6_c	C37H67O8P	Yes	"1-hexadecanoyl-2-9,12-octadecadienoyl-sn-glycerol-3-phosphate"
pa1619Z182n6_c	C37H65O8P	Yes	"1-9-hexadecenoyl-2-9,12-octadecadienoyl-sn-glycerol-3-phosphate"
pa180182n6_c	C39H71O8P	Yes	"1-octadecanoyl-2-9,12-octadecadienoyl-sn-glycerol-3-phosphate"
pa182n6140_c	C35H63O8P	Yes	"1-9,12-octadecadienoyl-2-tetradecanoyl-sn-glycerol-3-phosphate"
pa182n6160_c	C37H67O8P	Yes	"1-9,12-octadecadienoyl-2-hexadecanoyl-sn-glycerol-3-phosphate"
pa182n61619Z_c	C37H65O8P	Yes	"1-9,12-octadecadienoyl-2-9-hexadecenoyl-sn-glycerol-3-phosphate"
pa1819Z183n6_c	C39H67O8P	Yes	"1-9-octadecenoyl-2-6,9,12-octadecatrienoyl-sn-glycerol-3-phosphate"
pa205n3183n6_c	C41H63O8P	Yes	"1-5,8,11,14,17-eicosapentaenoyl-2-6,9,12-octadecatrienoyl-sn-glycerol-3-phosphate"
pa226n3183n6_c	C43H65O8P	Yes	"1-4,7,10,13,16,19-docosahexaenoyl-2-6,9,12-octadecatrienoyl-sn-glycerol-3-phosphate"
pa140183n3_c	C35H61O8P	Yes	"1-tetradecanoyl-2-9,12,15-octadecatrienoyl-sn-glycerol-3-phosphate"
pa160183n3_c	C37H65O8P	Yes	"1-hexadecanoyl-2-9,12,15-octadecatrienoyl-sn-glycerol-3-phosphate"
pa1619Z183n3_c	C37H63O8P	Yes	"1-9-hexadecenoyl-2-9,12,15-octadecatrienoyl-sn-glycerol-3-phosphate"
pa180183n3_c	C39H69O8P	Yes	"1-octadecanoyl-2-9,12,15-octadecatrienoyl-sn-glycerol-3-phosphate"
pa182n6183n3_c	C39H65O8P	Yes	"1-9,12-octadecadienoyl-2-9,12,15-octadecatrienoyl-sn-glycerol-3-phosphate"
pa182n6180_c	C39H71O8P	Yes	"1-9,12-octadecadienoyl-2-octadecanoyl-sn-glycerol-3-phosphate"
pa182n61819Z_c	C39H69O8P	Yes	"1-9,12-octadecadienoyl-2-9-octadecenoyl-sn-glycerol-3-phosphate"
pa1819Z183n3_c	C39H67O8P	Yes	"1-9-octadecenoyl-2-9,12,15-octadecatrienoyl-sn-glycerol-3-phosphate"
12dgr1819Z180_c	C39H74O5	Yes	"1,2-Diacyl-sn-glycerol(18:1(9Z)/18:0)"
pa205n3183n3_c	C41H63O8P	Yes	"1-5,8,11,14,17-eicosapentaenoyl-2-9,12,15-octadecatrienoyl-sn-glycerol-3-phosphate"
pa226n3183n3_c	C43H65O8P	Yes	"1-4,7,10,13,16,19-docosahexaenoyl-2-9,12,15-octadecatrienoyl-sn-glycerol-3-phosphate"
pa140204n6_c	C37H63O8P	Yes	"1-tetradecanoyl-2-5,8,11,14-eicosatetraenoyl-sn-glycerol-3-phosphate"
pa1819Z182n6_c	C39H69O8P	Yes	"1-9-octadecenoyl-2-9,12-octadecadienoyl-sn-glycerol-3-phosphate"
pa182n6205n3_c	C41H65O8P	Yes	"1-9,12-octadecadienoyl-2-5,8,11,14,17-eicosapentaenoyl-sn-glycerol-3-phosphate"
pa182n6226n3_c	C43H67O8P	Yes	"1-9,12-octadecadienoyl-2-4,7,10,13,16,19-docosahexaenoyl-sn-glycerol-3-phosphate"
pa205n3182n6_c	C41H65O8P	Yes	"1-5,8,11,14,17-eicosapentaenoyl-2-9,12-octadecadienoyl-sn-glycerol-3-phosphate"
pa226n3182n6_c	C43H67O8P	Yes	"1-4,7,10,13,16,19-docosahexaenoyl-2-9,12-octadecadienoyl-sn-glycerol-3-phosphate"
pa140183n6_c	C35H61O8P	Yes	"1-tetradecanoyl-2-6,9,12-octadecatrienoyl-sn-glycerol-3-phosphate"
pa160183n6_c	C37H65O8P	Yes	"1-hexadecanoyl-2-6,9,12-octadecatrienoyl-sn-glycerol-3-phosphate"
pa1619Z183n6_c	C37H63O8P	Yes	"1-9-hexadecenoyl-2-6,9,12-octadecatrienoyl-sn-glycerol-3-phosphate"
pa160204n6_c	C39H67O8P	Yes	"1-hexadecanoyl-2-5,8,11,14-eicosatetraenoyl-sn-glycerol-3-phosphate"
pa1619Z204n6_c	C39H65O8P	Yes	"1-9-hexadecenoyl-2-5,8,11,14-eicosatetraenoyl-sn-glycerol-3-phosphate"
pa180204n6_c	C41H71O8P	Yes	"1-octadecanoyl-2-5,8,11,14-eicosatetraenoyl-sn-glycerol-3-phosphate"
pa182n6204n6_c	C41H67O8P	Yes	"1-9,12-octadecadienoyl-2-5,8,11,14-eicosatetraenoyl-sn-glycerol-3-phosphate"
pa1819Z204n6_c	C41H69O8P	Yes	"1-9-octadecenoyl-2-5,8,11,14-eicosatetraenoyl-sn-glycerol-3-phosphate"
pa205n3204n6_c	C43H65O8P	Yes	"1-5,8,11,14,17-eicosapentaenoyl-2-5,8,11,14-eicosatetraenoyl-sn-glycerol-3-phosphate"
pa226n3204n6_c	C45H67O8P	Yes	"1-4,7,10,13,16,19-docosahexaenoyl-2-5,8,11,14-eicosatetraenoyl-sn-glycerol-3-phosphate"
pa180183n6_c	C39H69O8P	Yes	"1-octadecanoyl-2-6,9,12-octadecatrienoyl-sn-glycerol-3-phosphate"
pa182n6183n6_c	C39H65O8P	Yes	"1-9,12-octadecadienoyl-2-6,9,12-octadecatrienoyl-sn-glycerol-3-phosphate"
pail3p182n6205n3_c	C47H75O16P2	Yes	"1-Phosphatidyl-1D-myo-inositol 3-phosphate(18:2(9Z,12Z)/20:5(5Z,8Z,11Z,14Z,17Z))"
12dgr1819Z205n3_c	C41H68O5	Yes	"1,2-Diacyl-sn-glycerol(18:1(9Z)/20:5(5Z,8Z,11Z,14Z,17Z))"
12dgr1819Z226n3_c	C43H70O5	Yes	"1,2-Diacyl-sn-glycerol(18:1(9Z)/22:6(4Z,7Z,10Z,13Z,16Z,19Z))"
12dgr205n3140_c	C37H62O5	Yes	"1,2-Diacyl-sn-glycerol(20:5(5Z,8Z,11Z,14Z,17Z)/14:0)"
12dgr205n3160_c	C39H66O5	Yes	"1,2-Diacyl-sn-glycerol(20:5(5Z,8Z,11Z,14Z,17Z)/16:0)"
12dgr205n31619Z_c	C39H64O5	Yes	"1,2-Diacyl-sn-glycerol(20:5(5Z,8Z,11Z,14Z,17Z)/16:1(9Z))"
12dgr205n3180_c	C41H70O5	Yes	"1,2-Diacyl-sn-glycerol(20:5(5Z,8Z,11Z,14Z,17Z)/18:0)"
12dgr1619Z183n6_c	C37H64O5	Yes	"1,2-Diacyl-sn-glycerol(16:1(9Z)/18:3(6Z,9Z,12Z))"
12dgr180183n6_c	C39H70O5	Yes	"1,2-Diacyl-sn-glycerol(18:0/18:3(6Z,9Z,12Z))"
12dgr182n6183n6_c	C39H66O5	Yes	"1,2-Diacyl-sn-glycerol(18:2(9Z,12Z)/18:3(6Z,9Z,12Z))"
12dgr1819Z183n6_c	C39H68O5	Yes	"1,2-Diacyl-sn-glycerol(18:1(9Z)/18:3(6Z,9Z,12Z))"
12dgr205n3183n6_c	C41H64O5	Yes	"1,2-Diacyl-sn-glycerol(20:5(5Z,8Z,11Z,14Z,17Z)/18:3(6Z,9Z,12Z))"
12dgr226n3183n6_c	C43H66O5	Yes	"1,2-Diacyl-sn-glycerol(22:6(4Z,7Z,10Z,13Z,16Z,19Z)/18:3(6Z,9Z,12Z))"
12dgr140183n3_c	C35H62O5	Yes	"1,2-Diacyl-sn-glycerol(14:0/18:3(9Z,12Z,15Z))"
12dgr160183n3_c	C37H66O5	Yes	"1,2-Diacyl-sn-glycerol(16:0/18:3(9Z,12Z,15Z))"
12dgr205n31819Z_c	C41H68O5	Yes	"1,2-Diacyl-sn-glycerol(20:5(5Z,8Z,11Z,14Z,17Z)/18:1(9Z))"
12dgr205n3_c	C43H64O5	Yes	"1,2-Diacyl-sn-glycerol(20:5(5Z,8Z,11Z,14Z,17Z)/20:5(5Z,8Z,11Z,14Z,17Z))"
12dgr1619Z183n3_c	C37H64O5	Yes	"1,2-Diacyl-sn-glycerol(16:1(9Z)/18:3(9Z,12Z,15Z))"
12dgr180183n3_c	C39H70O5	Yes	"1,2-Diacyl-sn-glycerol(18:0/18:3(9Z,12Z,15Z))"
12dgr182n6183n3_c	C39H66O5	Yes	"1,2-Diacyl-sn-glycerol(18:2(9Z,12Z)/18:3(9Z,12Z,15Z))"
12dgr1819Z183n3_c	C39H68O5	Yes	"1,2-Diacyl-sn-glycerol(18:1(9Z)/18:3(9Z,12Z,15Z))"
12dgr205n3183n3_c	C41H64O5	Yes	"1,2-Diacyl-sn-glycerol(20:5(5Z,8Z,11Z,14Z,17Z)/18:3(9Z,12Z,15Z))"
12dgr226n3183n3_c	C43H66O5	Yes	"1,2-Diacyl-sn-glycerol(22:6(4Z,7Z,10Z,13Z,16Z,19Z)/18:3(9Z,12Z,15Z))"
12dgr140204n6_c	C37H64O5	Yes	"1,2-Diacyl-sn-glycerol(14:0/20:4(5Z,8Z,11Z,14Z))"
12dgr140182n6_c	C35H64O5	Yes	"1,2-Diacyl-sn-glycerol(14:0/18:2(9Z,12Z))"
12dgr160182n6_c	C37H68O5	Yes	"1,2-Diacyl-sn-glycerol(16:0/18:2(9Z,12Z))"
12dgr160204n6_c	C39H68O5	Yes	"1,2-Diacyl-sn-glycerol(16:0/20:4(5Z,8Z,11Z,14Z))"
12dgr1619Z204n6_c	C39H66O5	Yes	"1,2-Diacyl-sn-glycerol(16:1(9Z)/20:4(5Z,8Z,11Z,14Z))"
12dgr180204n6_c	C41H72O5	Yes	"1,2-Diacyl-sn-glycerol(18:0/20:4(5Z,8Z,11Z,14Z))"
12dgr182n6204n6_c	C41H68O5	Yes	"1,2-Diacyl-sn-glycerol(18:2(9Z,12Z)/20:4(5Z,8Z,11Z,14Z))"
12dgr1819Z204n6_c	C41H70O5	Yes	"1,2-Diacyl-sn-glycerol(18:1(9Z)/20:4(5Z,8Z,11Z,14Z))"
12dgr205n3204n6_c	C43H66O5	Yes	"1,2-Diacyl-sn-glycerol(20:5(5Z,8Z,11Z,14Z,17Z)/20:4(5Z,8Z,11Z,14Z))"
12dgr1619Z182n6_c	C37H66O5	Yes	"1,2-Diacyl-sn-glycerol(16:1(9Z)/18:2(9Z,12Z))"
12dgr180182n6_c	C39H72O5	Yes	"1,2-Diacyl-sn-glycerol(18:0/18:2(9Z,12Z))"
12dgr182n6140_c	C35H64O5	Yes	"1,2-Diacyl-sn-glycerol(18:2(9Z,12Z)/14:0)"
12dgr182n6160_c	C37H68O5	Yes	"1,2-Diacyl-sn-glycerol(18:2(9Z,12Z)/16:0)"
12dgr182n61619Z_c	C37H66O5	Yes	"1,2-Diacyl-sn-glycerol(18:2(9Z,12Z)/16:1(9Z))"
12dgr226n3204n6_c	C45H68O5	Yes	"1,2-Diacyl-sn-glycerol(22:6(4Z,7Z,10Z,13Z,16Z,19Z)/20:4(5Z,8Z,11Z,14Z))"
12dgr182n6180_c	C39H72O5	Yes	"1,2-Diacyl-sn-glycerol(18:2(9Z,12Z)/18:0)"
12dgr182n61819Z_c	C39H70O5	Yes	"1,2-Diacyl-sn-glycerol(18:2(9Z,12Z)/18:1(9Z))"
12dgr1819Z182n6_c	C39H70O5	Yes	"1,2-Diacyl-sn-glycerol(18:1(9Z)/18:2(9Z,12Z))"
12dgr182n6205n3_c	C41H66O5	Yes	"1,2-Diacyl-sn-glycerol(18:2(9Z,12Z)/20:5(5Z,8Z,11Z,14Z,17Z))"
12dgr182n6226n3_c	C43H68O5	Yes	"1,2-Diacyl-sn-glycerol(18:2(9Z,12Z)/22:6(4Z,7Z,10Z,13Z,16Z,19Z))"
12dgr205n3182n6_c	C41H66O5	Yes	"1,2-Diacyl-sn-glycerol(20:5(5Z,8Z,11Z,14Z,17Z)/18:2(9Z,12Z))"
12dgr226n3182n6_c	C43H68O5	Yes	"1,2-Diacyl-sn-glycerol(22:6(4Z,7Z,10Z,13Z,16Z,19Z)/18:2(9Z,12Z))"
12dgr140183n6_c	C35H62O5	Yes	"1,2-Diacyl-sn-glycerol(14:0/18:3(6Z,9Z,12Z))"
12dgr160183n6_c	C37H66O5	Yes	"1,2-Diacyl-sn-glycerol(16:0/18:3(6Z,9Z,12Z))"
pail4p161_c	C41H73O16P2	Yes	1-Phosphatidyl-1D-myo-inositol 4-phosphate(16:1(9Z)/16:1(9Z))
pail4p1619Z205n3_c	C45H73O16P2	Yes	"1-Phosphatidyl-1D-myo-inositol 4-phosphate(16:1(9Z)/20:5(5Z,8Z,11Z,14Z,17Z))"
pail4p205n3160_c	C45H75O16P2	Yes	"1-Phosphatidyl-1D-myo-inositol 4-phosphate(20:5(5Z,8Z,11Z,14Z,17Z)/16:0)"
pail4p205n31619Z_c	C45H73O16P2	Yes	"1-Phosphatidyl-1D-myo-inositol 4-phosphate(20:5(5Z,8Z,11Z,14Z,17Z)/16:1(9Z))"
pail4p205n3_c	C49H73O16P2	Yes	"1-Phosphatidyl-1D-myo-inositol 4-phosphate(20:5(5Z,8Z,11Z,14Z,17Z)/20:5(5Z,8Z,11Z,14Z,17Z))"
pail4p160182n6_c	C43H77O16P2	Yes	"1-Phosphatidyl-1D-myo-inositol 4-phosphate(16:0/18:2(9Z,12Z))"
pail4p1619Z182n6_c	C43H75O16P2	Yes	"1-Phosphatidyl-1D-myo-inositol 4-phosphate(16:1(9Z)/18:2(9Z,12Z))"
pail4p182n6160_c	C43H77O16P2	Yes	"1-Phosphatidyl-1D-myo-inositol 4-phosphate(18:2(9Z,12Z)/16:0)"
pail4p182n61619Z_c	C43H75O16P2	Yes	"1-Phosphatidyl-1D-myo-inositol 4-phosphate(18:2(9Z,12Z)/16:1(9Z))"
pail4p182_9_12_c	C45H77O16P2	Yes	"1-Phosphatidyl-1D-myo-inositol 4-phosphate(18:2(9Z,12Z)/18:2(9Z,12Z))"
pail4p182n6205n3_c	C47H75O16P2	Yes	"1-Phosphatidyl-1D-myo-inositol 4-phosphate(18:2(9Z,12Z)/20:5(5Z,8Z,11Z,14Z,17Z))"
pail4p205n3182n6_c	C47H75O16P2	Yes	"1-Phosphatidyl-1D-myo-inositol 4-phosphate(20:5(5Z,8Z,11Z,14Z,17Z)/18:2(9Z,12Z))"
pail45p160_c	C41H76O19P3	Yes	"1-Phosphatidyl-1D-myo-inositol 4,5-bisphosphate(16:0/16:0)"
pail45p1601619Z_c	C41H74O19P3	Yes	"1-Phosphatidyl-1D-myo-inositol 4,5-bisphosphate(16:0/16:1(9Z))"
pail45p160205n3_c	C45H74O19P3	Yes	"1-Phosphatidyl-1D-myo-inositol 4,5-bisphosphate(16:0/20:5(5Z,8Z,11Z,14Z,17Z))"
pail45p1619Z160_c	C41H74O19P3	Yes	"1-Phosphatidyl-1D-myo-inositol 4,5-bisphosphate(16:1(9Z)/16:0)"
pail45p161_c	C41H72O19P3	Yes	"1-Phosphatidyl-1D-myo-inositol 4,5-bisphosphate(16:1(9Z)/16:1(9Z))"
pail45p1619Z205n3_c	C45H72O19P3	Yes	"1-Phosphatidyl-1D-myo-inositol 4,5-bisphosphate(16:1(9Z)/20:5(5Z,8Z,11Z,14Z,17Z))"
pail45p205n3160_c	C45H74O19P3	Yes	"1-Phosphatidyl-1D-myo-inositol 4,5-bisphosphate(20:5(5Z,8Z,11Z,14Z,17Z)/16:0)"
pail45p205n31619Z_c	C45H72O19P3	Yes	"1-Phosphatidyl-1D-myo-inositol 4,5-bisphosphate(20:5(5Z,8Z,11Z,14Z,17Z)/16:1(9Z))"
pail45p205n3_c	C49H72O19P3	Yes	"1-Phosphatidyl-1D-myo-inositol 4,5-bisphosphate(20:5(5Z,8Z,11Z,14Z,17Z)/20:5(5Z,8Z,11Z,14Z,17Z))"
pail45p160182n6_c	C43H76O19P3	Yes	"1-Phosphatidyl-1D-myo-inositol 4,5-bisphosphate(16:0/18:2(9Z,12Z))"
pail45p1619Z182n6_c	C43H74O19P3	Yes	"1-Phosphatidyl-1D-myo-inositol 4,5-bisphosphate(16:1(9Z)/18:2(9Z,12Z))"
pail45p182n6160_c	C43H76O19P3	Yes	"1-Phosphatidyl-1D-myo-inositol 4,5-bisphosphate(18:2(9Z,12Z)/16:0)"
pail45p182n61619Z_c	C43H74O19P3	Yes	"1-Phosphatidyl-1D-myo-inositol 4,5-bisphosphate(18:2(9Z,12Z)/16:1(9Z))"
pail45p182_9_12_c	C45H76O19P3	Yes	"1-Phosphatidyl-1D-myo-inositol 4,5-bisphosphate(18:2(9Z,12Z)/18:2(9Z,12Z))"
pail45p182n6205n3_c	C47H74O19P3	Yes	"1-Phosphatidyl-1D-myo-inositol 4,5-bisphosphate(18:2(9Z,12Z)/20:5(5Z,8Z,11Z,14Z,17Z))"
pail45p205n3182n6_c	C47H74O19P3	Yes	"1-Phosphatidyl-1D-myo-inositol 4,5-bisphosphate(20:5(5Z,8Z,11Z,14Z,17Z)/18:2(9Z,12Z))"
pail160_c	C41H78O13P	Yes	Phosphatidylinositol(16:0/16:0)
pail1601619Z_c	C41H76O13P	Yes	Phosphatidylinositol(16:0/16:1(9Z))
pail160205n3_c	C45H76O13P	Yes	"Phosphatidylinositol(16:0/20:5(5Z,8Z,11Z,14Z,17Z))"
pail1619Z160_c	C41H76O13P	Yes	Phosphatidylinositol(16:1(9Z)/16:0)
pail161_c	C41H74O13P	Yes	Phosphatidylinositol(16:1(9Z)/16:1(9Z))
pail1619Z205n3_c	C45H74O13P	Yes	"Phosphatidylinositol(16:1(9Z)/20:5(5Z,8Z,11Z,14Z,17Z))"
pail205n3160_c	C45H76O13P	Yes	"Phosphatidylinositol(20:5(5Z,8Z,11Z,14Z,17Z)/16:0)"
pail205n31619Z_c	C45H74O13P	Yes	"Phosphatidylinositol(20:5(5Z,8Z,11Z,14Z,17Z)/16:1(9Z))"
pail205n3_c	C49H74O13P	Yes	"Phosphatidylinositol(20:5(5Z,8Z,11Z,14Z,17Z)/20:5(5Z,8Z,11Z,14Z,17Z))"
pail160182n6_c	C43H78O13P	Yes	"Phosphatidylinositol(16:0/18:2(9Z,12Z))"
pail1619Z182n6_c	C43H76O13P	Yes	"Phosphatidylinositol(16:1(9Z)/18:2(9Z,12Z))"
pail182n6160_c	C43H78O13P	Yes	"Phosphatidylinositol(18:2(9Z,12Z)/16:0)"
pail182n61619Z_c	C43H76O13P	Yes	"Phosphatidylinositol(18:2(9Z,12Z)/16:1(9Z))"
pail182_9_12_c	C45H78O13P	Yes	"Phosphatidylinositol(18:2(9Z,12Z)/18:2(9Z,12Z))"
pail182n6205n3_c	C47H76O13P	Yes	"Phosphatidylinositol(18:2(9Z,12Z)/20:5(5Z,8Z,11Z,14Z,17Z))"
pail205n3182n6_c	C47H76O13P	Yes	"Phosphatidylinositol(20:5(5Z,8Z,11Z,14Z,17Z)/18:2(9Z,12Z))"
pail3p160_c	C41H77O16P2	Yes	1-Phosphatidyl-1D-myo-inositol 3-phosphate(16:0/16:0)
pail3p1601619Z_c	C41H75O16P2	Yes	1-Phosphatidyl-1D-myo-inositol 3-phosphate(16:0/16:1(9Z))
pail3p160205n3_c	C45H75O16P2	Yes	"1-Phosphatidyl-1D-myo-inositol 3-phosphate(16:0/20:5(5Z,8Z,11Z,14Z,17Z))"
pail3p1619Z160_c	C41H75O16P2	Yes	1-Phosphatidyl-1D-myo-inositol 3-phosphate(16:1(9Z)/16:0)
pail3p161_c	C41H73O16P2	Yes	1-Phosphatidyl-1D-myo-inositol 3-phosphate(16:1(9Z)/16:1(9Z))
pail3p1619Z205n3_c	C45H73O16P2	Yes	"1-Phosphatidyl-1D-myo-inositol 3-phosphate(16:1(9Z)/20:5(5Z,8Z,11Z,14Z,17Z))"
pail3p205n3160_c	C45H75O16P2	Yes	"1-Phosphatidyl-1D-myo-inositol 3-phosphate(20:5(5Z,8Z,11Z,14Z,17Z)/16:0)"
pe140160_c	C35H70NO8P	Yes	Phosphatidylethanolamine(14:0/16:0)
pe1401619Z_c	C35H68NO8P	Yes	Phosphatidylethanolamine(14:0/16:1(9Z))
pail3p205n31619Z_c	C45H73O16P2	Yes	"1-Phosphatidyl-1D-myo-inositol 3-phosphate(20:5(5Z,8Z,11Z,14Z,17Z)/16:1(9Z))"
pail3p205n3_c	C49H73O16P2	Yes	"1-Phosphatidyl-1D-myo-inositol 3-phosphate(20:5(5Z,8Z,11Z,14Z,17Z)/20:5(5Z,8Z,11Z,14Z,17Z))"
pail3p160182n6_c	C43H77O16P2	Yes	"1-Phosphatidyl-1D-myo-inositol 3-phosphate(16:0/18:2(9Z,12Z))"
pail3p1619Z182n6_c	C43H75O16P2	Yes	"1-Phosphatidyl-1D-myo-inositol 3-phosphate(16:1(9Z)/18:2(9Z,12Z))"
pail3p182n6160_c	C43H77O16P2	Yes	"1-Phosphatidyl-1D-myo-inositol 3-phosphate(18:2(9Z,12Z)/16:0)"
pail3p182n61619Z_c	C43H75O16P2	Yes	"1-Phosphatidyl-1D-myo-inositol 3-phosphate(18:2(9Z,12Z)/16:1(9Z))"
pail3p182_9_12_c	C45H77O16P2	Yes	"1-Phosphatidyl-1D-myo-inositol 3-phosphate(18:2(9Z,12Z)/18:2(9Z,12Z))"
pe140180_c	C37H74NO8P	Yes	Phosphatidylethanolamine(14:0/18:0)
pe1401819Z_c	C37H72NO8P	Yes	Phosphatidylethanolamine(14:0/18:1(9Z))
pe140205n3_c	C39H68NO8P	Yes	"Phosphatidylethanolamine(14:0/20:5(5Z,8Z,11Z,14Z,17Z))"
pe140226n3_c	C41H70NO8P	Yes	"Phosphatidylethanolamine(14:0/22:6(4Z,7Z,10Z,13Z,16Z,19Z))"
pe1819Z160_c	C39H76NO8P	Yes	Phosphatidylethanolamine(18:1(9Z)/16:0)
pe1819Z1619Z_c	C39H74NO8P	Yes	Phosphatidylethanolamine(18:1(9Z)/16:1(9Z))
pe1819Z180_c	C41H80NO8P	Yes	Phosphatidylethanolamine(18:1(9Z)/18:0)
pe160140_c	C35H70NO8P	Yes	Phosphatidylethanolamine(16:0/14:0)
pe181_9_c	C41H78NO8P	Yes	Phosphatidylethanolamine(18:1(9Z)/18:1(9Z))
pe1601619Z_c	C37H72NO8P	Yes	Phosphatidylethanolamine(16:0/16:1(9Z))
pe160180_c	C39H78NO8P	Yes	Phosphatidylethanolamine(16:0/18:0)
pe1601819Z_c	C39H76NO8P	Yes	Phosphatidylethanolamine(16:0/18:1(9Z))
pe160205n3_c	C41H72NO8P	Yes	"Phosphatidylethanolamine(16:0/20:5(5Z,8Z,11Z,14Z,17Z))"
pe160226n3_c	C43H74NO8P	Yes	"Phosphatidylethanolamine(16:0/22:6(4Z,7Z,10Z,13Z,16Z,19Z))"
pe1619Z140_c	C35H68NO8P	Yes	Phosphatidylethanolamine(16:1(9Z)/14:0)
pe1819Z205n3_c	C43H74NO8P	Yes	"Phosphatidylethanolamine(18:1(9Z)/20:5(5Z,8Z,11Z,14Z,17Z))"
pe1819Z226n3_c	C45H76NO8P	Yes	"Phosphatidylethanolamine(18:1(9Z)/22:6(4Z,7Z,10Z,13Z,16Z,19Z))"
pe205n3140_c	C39H68NO8P	Yes	"Phosphatidylethanolamine(20:5(5Z,8Z,11Z,14Z,17Z)/14:0)"
pe205n3160_c	C41H72NO8P	Yes	"Phosphatidylethanolamine(20:5(5Z,8Z,11Z,14Z,17Z)/16:0)"
pe205n31619Z_c	C41H70NO8P	Yes	"Phosphatidylethanolamine(20:5(5Z,8Z,11Z,14Z,17Z)/16:1(9Z))"
pe205n3180_c	C43H76NO8P	Yes	"Phosphatidylethanolamine(20:5(5Z,8Z,11Z,14Z,17Z)/18:0)"
pe205n31819Z_c	C43H74NO8P	Yes	"Phosphatidylethanolamine(20:5(5Z,8Z,11Z,14Z,17Z)/18:1(9Z))"
pe1619Z160_c	C37H72NO8P	Yes	Phosphatidylethanolamine(16:1(9Z)/16:0)
pe1619Z180_c	C39H76NO8P	Yes	Phosphatidylethanolamine(16:1(9Z)/18:0)
pe205n3_c	C45H70NO8P	Yes	"Phosphatidylethanolamine(20:5(5Z,8Z,11Z,14Z,17Z)/20:5(5Z,8Z,11Z,14Z,17Z))"
pe205n3226n3_c	C47H72NO8P	Yes	"Phosphatidylethanolamine(20:5(5Z,8Z,11Z,14Z,17Z)/22:6(4Z,7Z,10Z,13Z,16Z,19Z))"
pe1619Z1819Z_c	C39H74NO8P	Yes	Phosphatidylethanolamine(16:1(9Z)/18:1(9Z))
pe1619Z205n3_c	C41H70NO8P	Yes	"Phosphatidylethanolamine(16:1(9Z)/20:5(5Z,8Z,11Z,14Z,17Z))"
pe226n3140_c	C41H70NO8P	Yes	"Phosphatidylethanolamine(22:6(4Z,7Z,10Z,13Z,16Z,19Z)/14:0)"
pe226n3160_c	C43H74NO8P	Yes	"Phosphatidylethanolamine(22:6(4Z,7Z,10Z,13Z,16Z,19Z)/16:0)"
pe226n31619Z_c	C43H72NO8P	Yes	"Phosphatidylethanolamine(22:6(4Z,7Z,10Z,13Z,16Z,19Z)/16:1(9Z))"
pe226n3180_c	C45H78NO8P	Yes	"Phosphatidylethanolamine(22:6(4Z,7Z,10Z,13Z,16Z,19Z)/18:0)"
pe226n31819Z_c	C45H76NO8P	Yes	"Phosphatidylethanolamine(22:6(4Z,7Z,10Z,13Z,16Z,19Z)/18:1(9Z))"
pe1619Z226n3_c	C43H72NO8P	Yes	"Phosphatidylethanolamine(16:1(9Z)/22:6(4Z,7Z,10Z,13Z,16Z,19Z))"
pe180140_c	C37H74NO8P	Yes	Phosphatidylethanolamine(18:0/14:0)
pe180160_c	C39H78NO8P	Yes	Phosphatidylethanolamine(18:0/16:0)
pe1801619Z_c	C39H76NO8P	Yes	Phosphatidylethanolamine(18:0/16:1(9Z))
pe180205n3_c	C43H76NO8P	Yes	"Phosphatidylethanolamine(18:0/20:5(5Z,8Z,11Z,14Z,17Z))"
pe226n3205n3_c	C47H72NO8P	Yes	"Phosphatidylethanolamine(22:6(4Z,7Z,10Z,13Z,16Z,19Z)/20:5(5Z,8Z,11Z,14Z,17Z))"
pe226n3_c	C49H74NO8P	Yes	"Phosphatidylethanolamine(22:6(4Z,7Z,10Z,13Z,16Z,19Z)/22:6(4Z,7Z,10Z,13Z,16Z,19Z))"
pe180226n3_c	C45H78NO8P	Yes	"Phosphatidylethanolamine(18:0/22:6(4Z,7Z,10Z,13Z,16Z,19Z))"
pe1819Z140_c	C37H72NO8P	Yes	Phosphatidylethanolamine(18:1(9Z)/14:0)
pe140182n6_c	C37H70NO8P	Yes	"Phosphatidylethanolamine(14:0/18:2(9Z,12Z))"
pe160182n6_c	C39H74NO8P	Yes	"Phosphatidylethanolamine(16:0/18:2(9Z,12Z))"
pe1619Z182n6_c	C39H72NO8P	Yes	"Phosphatidylethanolamine(16:1(9Z)/18:2(9Z,12Z))"
cdp12dgr160_c	C44H79N3O15P2	Yes	"CDP-1,2-diacyl-sn-glycerol(16:0/16:0)"
pe180182n6_c	C41H78NO8P	Yes	"Phosphatidylethanolamine(18:0/18:2(9Z,12Z))"
pe182n6140_c	C37H70NO8P	Yes	"Phosphatidylethanolamine(18:2(9Z,12Z)/14:0)"
pe182n6160_c	C39H74NO8P	Yes	"Phosphatidylethanolamine(18:2(9Z,12Z)/16:0)"
pe182n61619Z_c	C39H72NO8P	Yes	"Phosphatidylethanolamine(18:2(9Z,12Z)/16:1(9Z))"
cdp12dgr1601619Z_c	C44H77N3O15P2	Yes	"CDP-1,2-diacyl-sn-glycerol(16:0/16:1(9Z))"
pe182n6180_c	C41H78NO8P	Yes	"Phosphatidylethanolamine(18:2(9Z,12Z)/18:0)"
pe182n61819Z_c	C41H76NO8P	Yes	"Phosphatidylethanolamine(18:2(9Z,12Z)/18:1(9Z))"
pe182_9_12_c	C41H74NO8P	Yes	"Phosphatidylethanolamine(18:2(9Z,12Z)/18:2(9Z,12Z))"
pe1819Z182n6_c	C41H76NO8P	Yes	"Phosphatidylethanolamine(18:1(9Z)/18:2(9Z,12Z))"
pe182n6205n3_c	C43H72NO8P	Yes	"Phosphatidylethanolamine(18:2(9Z,12Z)/20:5(5Z,8Z,11Z,14Z,17Z))"
pe182n6183n3_c	C41H72NO8P	Yes	"Phosphatidylethanolamine(18:2(9Z,12Z)/18:3(9Z,12Z,15Z))"
pe1819Z183n3_c	C41H74NO8P	Yes	"Phosphatidylethanolamine(18:1(9Z)/18:3(9Z,12Z,15Z))"
pe205n3183n3_c	C43H70NO8P	Yes	"Phosphatidylethanolamine(20:5(5Z,8Z,11Z,14Z,17Z)/18:3(9Z,12Z,15Z))"
pe182n6226n3_c	C45H74NO8P	Yes	"Phosphatidylethanolamine(18:2(9Z,12Z)/22:6(4Z,7Z,10Z,13Z,16Z,19Z))"
cdp12dgr160205n3_c	C48H77N3O15P2	Yes	"CDP-1,2-diacyl-sn-glycerol(16:0/20:5(5Z,8Z,11Z,14Z,17Z))"
pe205n3182n6_c	C43H72NO8P	Yes	"Phosphatidylethanolamine(20:5(5Z,8Z,11Z,14Z,17Z)/18:2(9Z,12Z))"
pe226n3182n6_c	C45H74NO8P	Yes	"Phosphatidylethanolamine(22:6(4Z,7Z,10Z,13Z,16Z,19Z)/18:2(9Z,12Z))"
pe140183n6_c	C37H68NO8P	Yes	"Phosphatidylethanolamine(14:0/18:3(6Z,9Z,12Z))"
pe226n3183n3_c	C45H72NO8P	Yes	"Phosphatidylethanolamine(22:6(4Z,7Z,10Z,13Z,16Z,19Z)/18:3(9Z,12Z,15Z))"
pe140204n6_c	C39H70NO8P	Yes	"Phosphatidylethanolamine(14:0/20:4(5Z,8Z,11Z,14Z))"
pe160204n6_c	C41H74NO8P	Yes	"Phosphatidylethanolamine(16:0/20:4(5Z,8Z,11Z,14Z))"
pe1619Z204n6_c	C41H72NO8P	Yes	"Phosphatidylethanolamine(16:1(9Z)/20:4(5Z,8Z,11Z,14Z))"
pe160183n6_c	C39H72NO8P	Yes	"Phosphatidylethanolamine(16:0/18:3(6Z,9Z,12Z))"
cdp12dgr1619Z160_c	C44H77N3O15P2	Yes	"CDP-1,2-diacyl-sn-glycerol(16:1(9Z)/16:0)"
pe180183n6_c	C41H76NO8P	Yes	"Phosphatidylethanolamine(18:0/18:3(6Z,9Z,12Z))"
pe180204n6_c	C43H78NO8P	Yes	"Phosphatidylethanolamine(18:0/20:4(5Z,8Z,11Z,14Z))"
pe182n6204n6_c	C43H74NO8P	Yes	"Phosphatidylethanolamine(18:2(9Z,12Z)/20:4(5Z,8Z,11Z,14Z))"
pe1819Z204n6_c	C43H76NO8P	Yes	"Phosphatidylethanolamine(18:1(9Z)/20:4(5Z,8Z,11Z,14Z))"
pe205n3204n6_c	C45H72NO8P	Yes	"Phosphatidylethanolamine(20:5(5Z,8Z,11Z,14Z,17Z)/20:4(5Z,8Z,11Z,14Z))"
pe226n3204n6_c	C47H74NO8P	Yes	"Phosphatidylethanolamine(22:6(4Z,7Z,10Z,13Z,16Z,19Z)/20:4(5Z,8Z,11Z,14Z))"
pe182n6183n6_c	C41H72NO8P	Yes	"Phosphatidylethanolamine(18:2(9Z,12Z)/18:3(6Z,9Z,12Z))"
pe1819Z183n6_c	C41H74NO8P	Yes	"Phosphatidylethanolamine(18:1(9Z)/18:3(6Z,9Z,12Z))"
pe205n3183n6_c	C43H70NO8P	Yes	"Phosphatidylethanolamine(20:5(5Z,8Z,11Z,14Z,17Z)/18:3(6Z,9Z,12Z))"
pe226n3183n6_c	C45H72NO8P	Yes	"Phosphatidylethanolamine(22:6(4Z,7Z,10Z,13Z,16Z,19Z)/18:3(6Z,9Z,12Z))"
pe140183n3_c	C37H68NO8P	Yes	"Phosphatidylethanolamine(14:0/18:3(9Z,12Z,15Z))"
pe160183n3_c	C39H72NO8P	Yes	"Phosphatidylethanolamine(16:0/18:3(9Z,12Z,15Z))"
pe1619Z183n3_c	C39H70NO8P	Yes	"Phosphatidylethanolamine(16:1(9Z)/18:3(9Z,12Z,15Z))"
pe180183n3_c	C41H76NO8P	Yes	"Phosphatidylethanolamine(18:0/18:3(9Z,12Z,15Z))"
cdp12dgr161_c	C44H75N3O15P2	Yes	"CDP-1,2-diacyl-sn-glycerol(16:1(9Z)/16:1(9Z))"
cdp12dgr1619Z205n3_c	C48H75N3O15P2	Yes	"CDP-1,2-diacyl-sn-glycerol(16:1(9Z)/20:5(5Z,8Z,11Z,14Z,17Z))"
cdp12dgr205n3160_c	C48H77N3O15P2	Yes	"CDP-1,2-diacyl-sn-glycerol(20:5(5Z,8Z,11Z,14Z,17Z)/16:0)"
cdp12dgr205n31619Z_c	C48H75N3O15P2	Yes	"CDP-1,2-diacyl-sn-glycerol(20:5(5Z,8Z,11Z,14Z,17Z)/16:1(9Z))"
cdp12dgr205n3_c	C52H75N3O15P2	Yes	"CDP-1,2-diacyl-sn-glycerol(20:5(5Z,8Z,11Z,14Z,17Z)/20:5(5Z,8Z,11Z,14Z,17Z))"
cdp12dgr160182n6_c	C46H79N3O15P2	Yes	"CDP-1,2-diacyl-sn-glycerol(16:0/18:2(9Z,12Z))"
cdp12dgr1619Z182n6_c	C46H77N3O15P2	Yes	"CDP-1,2-diacyl-sn-glycerol(16:1(9Z)/18:2(9Z,12Z))"
cdp12dgr182n6160_c	C46H79N3O15P2	Yes	"CDP-1,2-diacyl-sn-glycerol(18:2(9Z,12Z)/16:0)"
cdp12dgr182n61619Z_c	C46H77N3O15P2	Yes	"CDP-1,2-diacyl-sn-glycerol(18:2(9Z,12Z)/16:1(9Z))"
cdp12dgr182_9_12_c	C48H79N3O15P2	Yes	"CDP-1,2-diacyl-sn-glycerol(18:2(9Z,12Z)/18:2(9Z,12Z))"
cdp12dgr182n6205n3_c	C50H77N3O15P2	Yes	"CDP-1,2-diacyl-sn-glycerol(18:2(9Z,12Z)/20:5(5Z,8Z,11Z,14Z,17Z))"
cdp12dgr205n3182n6_c	C50H77N3O15P2	Yes	"CDP-1,2-diacyl-sn-glycerol(20:5(5Z,8Z,11Z,14Z,17Z)/18:2(9Z,12Z))"
cholp_m	C5H13NO4P	Yes	Choline phosphate C5H13NO4P
1agpe160_c	C21H44NO7P	Yes	1-Acyl-sn-glycero-3-phosphoethanolamine (n-C16:0)
1agpe161_c	C21H42NO7P	Yes	1-Acyl-sn-glycero-3-phosphoethanolamine (n-C16:1)
1agpe140_c	C19H40NO7P	Yes	1-Acyl-sn-glycero-3-phosphoethanolamine (n-C14:0)
1agpe181_c	C23H46NO7P	Yes	1-Acyl-sn-glycero-3-phosphoethanolamine (n-C18:1)
1agpe226_c	C27H44NO7P	Yes	"1-22:6(4Z,7Z,10Z,13Z,16Z,19Z)-2-lysophosphatidylethanolamine"
1agpe182_c	C23H44NO7P	Yes	"1-18:2(9Z,12Z)-2-lysophosphatidylethanolamine"
1agpe205_c	C25H42NO7P	Yes	"1-20:5(5Z,8Z,11Z,14Z,17Z)-2-lysophosphatidylethanolamine"
pail4p160_c	C41H77O16P2	Yes	1-Phosphatidyl-1D-myo-inositol 4-phosphate(16:0/16:0)
pail4p1601619Z_c	C41H75O16P2	Yes	1-Phosphatidyl-1D-myo-inositol 4-phosphate(16:0/16:1(9Z))
pail4p160205n3_c	C45H75O16P2	Yes	"1-Phosphatidyl-1D-myo-inositol 4-phosphate(16:0/20:5(5Z,8Z,11Z,14Z,17Z))"
pail4p1619Z160_c	C41H75O16P2	Yes	1-Phosphatidyl-1D-myo-inositol 4-phosphate(16:1(9Z)/16:0)
tag1619Z204n6204n6_c	C59H96O6	Yes	"Triacylglycerol (16:1(9Z)/20:4(5Z,8Z,11Z,14Z)/20:4(5Z,8Z,11Z,14Z))"
tag1619Z140183n6_c	C51H90O6	Yes	"Triacylglycerol (16:1(9Z)/14:0/18:3(6Z,9Z,12Z))"
tag160160183n6_c	C53H96O6	Yes	"Triacylglycerol (16:0/16:0/18:3(6Z,9Z,12Z))"
tag182n6205n3204n6_c	C61H96O6	Yes	"Triacylglycerol (18:2(9Z,12Z)/20:5(5Z,8Z,11Z,14Z,17Z)/20:4(5Z,8Z,11Z,14Z))"
tag182n6205n3182n6_c	C59H96O6	Yes	"Triacylglycerol (18:2(9Z,12Z)/20:5(5Z,8Z,11Z,14Z,17Z)/18:2(9Z,12Z))"
tag182n6205n3183n6_c	C59H94O6	Yes	"Triacylglycerol (18:2(9Z,12Z)/20:5(5Z,8Z,11Z,14Z,17Z)/18:3(6Z,9Z,12Z))"
tag1401401619Z_c	C47H88O6	Yes	Triacylglycerol (14:0/14:0/16:1(9Z))
tag160140160_c	C49H94O6	Yes	Triacylglycerol (16:0/14:0/16:0)
tag226n3205n3204n6_c	C65H96O6	Yes	"Triacylglycerol (22:6(4Z,7Z,10Z,13Z,16Z,19Z)/20:5(5Z,8Z,11Z,14Z,17Z)/20:4(5Z,8Z,11Z,14Z))"
tag140204n61619Z_c	C53H92O6	Yes	"Triacylglycerol (14:0/20:4(5Z,8Z,11Z,14Z)/16:1(9Z))"
tag1819Z1619Z1819Z_c	C55H100O6	Yes	Triacylglycerol (18:1(9Z)/16:1(9Z)/18:1(9Z))
tag1819Z160160_c	C53H100O6	Yes	Triacylglycerol (18:1(9Z)/16:0/16:0)
tag160204n6160_c	C55H98O6	Yes	"Triacylglycerol (16:0/20:4(5Z,8Z,11Z,14Z)/16:0)"
tag1619Z140182n6_c	C51H92O6	Yes	"Triacylglycerol (16:1(9Z)/14:0/18:2(9Z,12Z))"
tag160160182n6_c	C53H98O6	Yes	"Triacylglycerol (16:0/16:0/18:2(9Z,12Z))"
tag226n3205n3226n3_c	C67H96O6	Yes	"Triacylglycerol (22:6(4Z,7Z,10Z,13Z,16Z,19Z)/20:5(5Z,8Z,11Z,14Z,17Z)/22:6(4Z,7Z,10Z,13Z,16Z,19Z))"
tag140205n3183n6_c	C55H90O6	Yes	"Triacylglycerol (14:0/20:5(5Z,8Z,11Z,14Z,17Z)/18:3(6Z,9Z,12Z))"
tag1601619Z183n6_c	C53H94O6	Yes	"Triacylglycerol (16:0/16:1(9Z)/18:3(6Z,9Z,12Z))"
tag182n61601619Z_c	C53H96O6	Yes	"Triacylglycerol (18:2(9Z,12Z)/16:0/16:1(9Z))"
tag140205n3226n3_c	C59H92O6	Yes	"Triacylglycerol (14:0/20:5(5Z,8Z,11Z,14Z,17Z)/22:6(4Z,7Z,10Z,13Z,16Z,19Z))"
tag140205n3182n6_c	C55H92O6	Yes	"Triacylglycerol (14:0/20:5(5Z,8Z,11Z,14Z,17Z)/18:2(9Z,12Z))"
tag1819Z205n3226n3_c	C63H98O6	Yes	"Triacylglycerol (18:1(9Z)/20:5(5Z,8Z,11Z,14Z,17Z)/22:6(4Z,7Z,10Z,13Z,16Z,19Z))"
tag1619Z160182n6_c	C53H96O6	Yes	"Triacylglycerol (16:1(9Z)/16:0/18:2(9Z,12Z))"
tag140205n3204n6_c	C57H92O6	Yes	"Triacylglycerol (14:0/20:5(5Z,8Z,11Z,14Z,17Z)/20:4(5Z,8Z,11Z,14Z))"
tag140205n3140_c	C51H88O6	Yes	"Triacylglycerol (14:0/20:5(5Z,8Z,11Z,14Z,17Z)/14:0)"
tag1819Z1601619Z_c	C53H98O6	Yes	Triacylglycerol (18:1(9Z)/16:0/16:1(9Z))
tag160205n3183n6_c	C57H94O6	Yes	"Triacylglycerol (16:0/20:5(5Z,8Z,11Z,14Z,17Z)/18:3(6Z,9Z,12Z))"
tag1619Z1619Z183n6_c	C53H92O6	Yes	"Triacylglycerol (16:1(9Z)/16:1(9Z)/18:3(6Z,9Z,12Z))"
tag1619Z204n6160_c	C55H96O6	Yes	"Triacylglycerol (16:1(9Z)/20:4(5Z,8Z,11Z,14Z)/16:0)"
tag1619Z140160_c	C49H92O6	Yes	Triacylglycerol (16:1(9Z)/14:0/16:0)
tag160160160_c	C51H98O6	Yes	Triacylglycerol (16:0/16:0/16:0)
tag160205n3204n6_c	C59H96O6	Yes	"Triacylglycerol (16:0/20:5(5Z,8Z,11Z,14Z,17Z)/20:4(5Z,8Z,11Z,14Z))"
tag160205n3226n3_c	C61H96O6	Yes	"Triacylglycerol (16:0/20:5(5Z,8Z,11Z,14Z,17Z)/22:6(4Z,7Z,10Z,13Z,16Z,19Z))"
tag160205n3182n6_c	C57H96O6	Yes	"Triacylglycerol (16:0/20:5(5Z,8Z,11Z,14Z,17Z)/18:2(9Z,12Z))"
tag1619Z1619Z182n6_c	C53H94O6	Yes	"Triacylglycerol (16:1(9Z)/16:1(9Z)/18:2(9Z,12Z))"
tag140205n3160_c	C53H92O6	Yes	"Triacylglycerol (14:0/20:5(5Z,8Z,11Z,14Z,17Z)/16:0)"
tag1819Z1619Z1619Z_c	C53H96O6	Yes	Triacylglycerol (18:1(9Z)/16:1(9Z)/16:1(9Z))
mgdg1619Z162n4_h	C41H72O10	Yes	"1,2-Diacyl-3-O-galactosyl-sn-glycerol(16:1(9Z)/16:2(9Z,12Z))"
tag140205n3205n3_c	C57H90O6	Yes	"Triacylglycerol (14:0/20:5(5Z,8Z,11Z,14Z,17Z)/20:5(5Z,8Z,11Z,14Z,17Z))"
tag1819Z205n3205n3_c	C61H96O6	Yes	"Triacylglycerol (18:1(9Z)/20:5(5Z,8Z,11Z,14Z,17Z)/20:5(5Z,8Z,11Z,14Z,17Z))"
tag1619Z205n3160_c	C55H94O6	Yes	"Triacylglycerol (16:1(9Z)/20:5(5Z,8Z,11Z,14Z,17Z)/16:0)"
tag205n3205n3160_c	C59H94O6	Yes	"Triacylglycerol (20:5(5Z,8Z,11Z,14Z,17Z)/20:5(5Z,8Z,11Z,14Z,17Z)/16:0)"
tag1619Z204n61619Z_c	C55H94O6	Yes	"Triacylglycerol (16:1(9Z)/20:4(5Z,8Z,11Z,14Z)/16:1(9Z))"
tag1601619Z160_c	C51H96O6	Yes	Triacylglycerol (16:0/16:1(9Z)/16:0)
tag1619Z1401619Z_c	C49H90O6	Yes	Triacylglycerol (16:1(9Z)/14:0/16:1(9Z))
tag1619Z205n3183n6_c	C57H92O6	Yes	"Triacylglycerol (16:1(9Z)/20:5(5Z,8Z,11Z,14Z,17Z)/18:3(6Z,9Z,12Z))"
tag1619Z205n3204n6_c	C59H94O6	Yes	"Triacylglycerol (16:1(9Z)/20:5(5Z,8Z,11Z,14Z,17Z)/20:4(5Z,8Z,11Z,14Z))"
tag1619Z205n3226n3_c	C61H94O6	Yes	"Triacylglycerol (16:1(9Z)/20:5(5Z,8Z,11Z,14Z,17Z)/22:6(4Z,7Z,10Z,13Z,16Z,19Z))"
tag1619Z205n3182n6_c	C57H94O6	Yes	"Triacylglycerol (16:1(9Z)/20:5(5Z,8Z,11Z,14Z,17Z)/18:2(9Z,12Z))"
tag1619Z205n31819Z_c	C57H96O6	Yes	"Triacylglycerol (16:1(9Z)/20:5(5Z,8Z,11Z,14Z,17Z)/18:1(9Z))"
tag140205n31619Z_c	C53H90O6	Yes	"Triacylglycerol (14:0/20:5(5Z,8Z,11Z,14Z,17Z)/16:1(9Z))"
tag160205n3160_c	C55H96O6	Yes	"Triacylglycerol (16:0/20:5(5Z,8Z,11Z,14Z,17Z)/16:0)"
tag1601619Z1619Z_c	C51H94O6	Yes	Triacylglycerol (16:0/16:1(9Z)/16:1(9Z))
tag205n3205n3182n6_c	C61H94O6	Yes	"Triacylglycerol (20:5(5Z,8Z,11Z,14Z,17Z)/20:5(5Z,8Z,11Z,14Z,17Z)/18:2(9Z,12Z))"
tag205n3205n3183n6_c	C61H92O6	Yes	"Triacylglycerol (20:5(5Z,8Z,11Z,14Z,17Z)/20:5(5Z,8Z,11Z,14Z,17Z)/18:3(6Z,9Z,12Z))"
tag205n3205n3226n3_c	C65H94O6	Yes	"Triacylglycerol (20:5(5Z,8Z,11Z,14Z,17Z)/20:5(5Z,8Z,11Z,14Z,17Z)/22:6(4Z,7Z,10Z,13Z,16Z,19Z))"
tag160205n3205n3_c	C59H94O6	Yes	"Triacylglycerol (16:0/20:5(5Z,8Z,11Z,14Z,17Z)/20:5(5Z,8Z,11Z,14Z,17Z))"
tag1619Z205n31619Z_c	C55H92O6	Yes	"Triacylglycerol (16:1(9Z)/20:5(5Z,8Z,11Z,14Z,17Z)/16:1(9Z))"
tag1619Z1619Z1619Z_c	C51H92O6	Yes	Triacylglycerol (16:1(9Z)/16:1(9Z)/16:1(9Z))
tag1619Z205n3205n3_c	C59H92O6	Yes	"Triacylglycerol (16:1(9Z)/20:5(5Z,8Z,11Z,14Z,17Z)/20:5(5Z,8Z,11Z,14Z,17Z))"
tag205n3205n3204n6_c	C63H94O6	Yes	"Triacylglycerol (20:5(5Z,8Z,11Z,14Z,17Z)/20:5(5Z,8Z,11Z,14Z,17Z)/20:4(5Z,8Z,11Z,14Z))"
tag205n3205n3205n3_c	C63H92O6	Yes	"Triacylglycerol (20:5(5Z,8Z,11Z,14Z,17Z)/20:5(5Z,8Z,11Z,14Z,17Z)/20:5(5Z,8Z,11Z,14Z,17Z))"
mgdg1819Z162n4_h	C43H76O10	Yes	"1,2-Diacyl-3-O-galactosyl-sn-glycerol(18:1(9Z)/16:2(9Z,12Z))"
mgdg205n3162n4_h	C45H72O10	Yes	"1,2-Diacyl-3-O-galactosyl-sn-glycerol(20:5(5Z,8Z,11Z,14Z,17Z)/16:2(9Z,12Z))"
mgdg1619Z160_h	C41H76O10	Yes	"1,2-Diacyl-3-O-galactosyl-sn-glycerol(16:1(9Z)/16:0)"
mgdg161_h	C41H74O10	Yes	"1,2-Diacyl-3-beta-D-galactosyl-sn-glycerol (n-C16 1)"
mag140_c	C17H34O4	Yes	1-acylglycerol (14:0)
mag1619Z_c	C19H36O4	Yes	1-acylglycerol (16:1(9Z))
1tdecg3p_h	C17H33O7P	Yes	1-tetradecanoyl-sn-glycerol 3-phosphate
mag205n3_c	C23H36O4	Yes	"1-acylglycerol (20:5(5Z,8Z,11Z,14Z,17Z))"
mag226n3_c	C25H38O4	Yes	"1-acylglycerol (22:6(4Z,7Z,10Z,13Z,16Z,19Z))"
mag182n6_c	C21H38O4	Yes	"1-acylglycerol (18:2(9Z,12Z))"
1hdec9eg3p_h	C19H35O7P	Yes	1-hexadec-9-enoyl-sn-glycerol 3-phosphate
1eicos58111417eg3p_h	C23H35O7P	Yes	"1-(5Z,8Z,11Z,14Z,17Z)-Eicosapentaenoyl-sn-glycerol-3-phosphate"
mgdg205n3160_h	C45H76O10	Yes	"1,2-Diacyl-3-O-galactosyl-sn-glycerol(20:5(5Z,8Z,11Z,14Z,17Z)/16:0)"
mgdg205n31619Z_h	C45H74O10	Yes	"1,2-Diacyl-3-O-galactosyl-sn-glycerol(20:5(5Z,8Z,11Z,14Z,17Z)/16:1(9Z))"
pa140160_h	C33H63O8P	Yes	1-tetradecanoyl-2-hexadecanoyl-sn-glycerol-3-phosphate
pa1401619Z_h	C33H61O8P	Yes	1-tetradecanoyl-2-9-hexadecenoyl-sn-glycerol-3-phosphate
pa1619Z160_h	C35H65O8P	Yes	1-9-Hexadecenoyl-2-Hexadecanoyl-sn-glycerol-3-phosphate
mgdg1819Z163n4_h	C43H74O10	Yes	"1,2-Diacyl-3-O-galactosyl-sn-glycerol(18:1(9Z)/16:3(6Z,9Z,12Z))"
mgdg205n3163n4_h	C45H70O10	Yes	"1,2-Diacyl-3-O-galactosyl-sn-glycerol(20:5(5Z,8Z,11Z,14Z,17Z)/16:3(6Z,9Z,12Z))"
pa161_h	C35H63O8P	Yes	"1,2-dihexadec-9-enoyl-sn-glycerol 3-phosphate"
12dgr140160_h	C33H64O5	Yes	"1,2-Diacyl-sn-glycerol(14:0/16:0)"
pa205n3160_h	C39H65O8P	Yes	"1-5,8,11,14,17-eicosapentaenoyl-2-hexadecanoyl-sn-glycerol-3-phosphate"
12dgr1401619Z_h	C33H62O5	Yes	"1,2-Diacyl-sn-glycerol(14:0/16:1(9Z))"
12dgr1619Z160_h	C35H66O5	Yes	"1,2-Diacyl-sn-glycerol(16:1(9Z)/16:0)"
12dgr161_h	C35H64O5	Yes	"1,2-Diacyl-sn-glycerol (dihexadec-9-enoyl, n-C16:1)"
12dgr205n3160_h	C39H66O5	Yes	"1,2-Diacyl-sn-glycerol(20:5(5Z,8Z,11Z,14Z,17Z)/16:0)"
12dgr205n31619Z_h	C39H64O5	Yes	"1,2-Diacyl-sn-glycerol(20:5(5Z,8Z,11Z,14Z,17Z)/16:1(9Z))"
pa205n31619Z_h	C39H63O8P	Yes	"1-5,8,11,14,17-eicosapentaenoyl-2-9-hexadecenoyl-sn-glycerol-3-phosphate"
cdp12dgr160_m	C44H79N3O15P2	Yes	"CDP-1,2-diacyl-sn-glycerol(16:0/16:0)"
cdp12dgr1619Z160_h	C44H77N3O15P2	Yes	"CDP-1,2-diacyl-sn-glycerol(16:1(9Z)/16:0)"
cdp12dgr205n3160_h	C48H77N3O15P2	Yes	"CDP-1,2-diacyl-sn-glycerol(20:5(5Z,8Z,11Z,14Z,17Z)/16:0)"
mgdg1401619Z_h	C39H72O10	Yes	"1,2-Diacyl-3-O-galactosyl-sn-glycerol(14:0/16:1(9Z))"
pgp160_h	C38H73O13P2	Yes	"Phosphatidylglycerophosphate (dihexadecanoyl, n-C16:0)"
pgp1619Z160_h	C38H71O13P2	Yes	Phosphatidylglycerophosphate(16:1(9Z)/16:0)
pgp205n3160_h	C42H71O13P2	Yes	"Phosphatidylglycerophosphate(20:5(5Z,8Z,11Z,14Z,17Z)/16:0)"
pg160_h	C38H74O10P	Yes	"Phosphatidylglycerol (dihexadecanoyl, n-C16:0)"
pg1619Z160_h	C38H72O10P	Yes	Phosphatidylglycerol(16:1(9Z)/16:0)
pg205n3160_h	C42H72O10P	Yes	"Phosphatidylglycerol(20:5(5Z,8Z,11Z,14Z,17Z)/16:0)"
mgdg140160_h	C39H74O10	Yes	"1,2-Diacyl-3-O-galactosyl-sn-glycerol(14:0/16:0)"
mgdg140162n4_h	C39H70O10	Yes	"1,2-Diacyl-3-O-galactosyl-sn-glycerol(14:0/16:2(9Z,12Z))"
hd912crn_c	C23H41NO4	Yes	"(9Z,12Z)-hexadecadienoyl-l-carnitine"
mgdg205n3164n1_h	C45H68O10	Yes	"1,2-Diacyl-3-O-galactosyl-sn-glycerol(20:5(5Z,8Z,11Z,14Z,17Z)/16:4(6Z,9Z,12Z,15Z))"
mgdg140163n4_h	C39H68O10	Yes	"1,2-Diacyl-3-O-galactosyl-sn-glycerol(14:0/16:3(6Z,9Z,12Z))"
mgdg1619Z163n4_h	C41H70O10	Yes	"1,2-Diacyl-3-O-galactosyl-sn-glycerol(16:1(9Z)/16:3(6Z,9Z,12Z))"
mgdg205n3_c	C49H74O10	Yes	"1,2-Diacyl-3-O-galactosyl-sn-glycerol(20:5(5Z,8Z,11Z,14Z,17Z)/20:5(5Z,8Z,11Z,14Z,17Z))"
mgdg205n31619Z_c	C45H74O10	Yes	"1,2-Diacyl-3-O-galactosyl-sn-glycerol(20:5(5Z,8Z,11Z,14Z,17Z)/16:1(9Z))"
mgdg140160_c	C39H74O10	Yes	"1,2-Diacyl-3-O-galactosyl-sn-glycerol(14:0/16:0)"
dgdg1619Z160_h	C47H86O15	Yes	Digalactosyl-diacylglycerol(16:1(9Z)/16:0)
dgdg161_h	C47H84O15	Yes	Digalactosyl-diacylglycerol(n-C16 1)
dgdg205n3160_h	C51H86O15	Yes	"Digalactosyl-diacylglycerol(20:5(5Z,8Z,11Z,14Z,17Z)/16:0)"
dgdg205n31619Z_h	C51H84O15	Yes	"Digalactosyl-diacylglycerol(20:5(5Z,8Z,11Z,14Z,17Z)/16:1(9Z))"
dgdg1819Z162n4_h	C49H86O15	Yes	"Digalactosyl-diacylglycerol(18:1(9Z)/16:2(9Z,12Z))"
dgdg205n3162n4_h	C51H82O15	Yes	"Digalactosyl-diacylglycerol(20:5(5Z,8Z,11Z,14Z,17Z)/16:2(9Z,12Z))"
3heicoscoa_x	C41H70N7O18P3S	Yes	3-hydroxyeicosanoyl-CoA
3oeicoscoa_x	C41H68N7O18P3S	Yes	3-oxo-eicosanoyl-CoA
ocdccoa_x	C39H66N7O17P3S	Yes	Octadecanoyl-coa
dgdg1819Z163n4_h	C49H84O15	Yes	"Digalactosyl-diacylglycerol(18:1(9Z)/16:3(6Z,9Z,12Z))"
dgdg205n3163n4_h	C51H80O15	Yes	"Digalactosyl-diacylglycerol(20:5(5Z,8Z,11Z,14Z,17Z)/16:3(6Z,9Z,12Z))"
hd691215ea_c	C16H23O2	Yes	"(6Z,9Z,12Z,15Z)-hexadecatetraenoate (C16:4)"
hd691215coa_c	C37H54N7O17P3S	Yes	"(6Z,9Z,12Z,15Z)-hexadecatetraenoyl-CoA (C16:4)"
hd6912coa_c	C37H56N7O17P3S	Yes	"(6Z,9Z,12Z)-hexadecatrienoyl-CoA (C16:3)"
dggl_h	C15H28O13	Yes	3-(6-O-alpha-D-galactosyl-beta-D-Galactosyl)-sn-glycerol
dggl_c	C15H28O13	Yes	3-(6-O-alpha-D-galactosyl-beta-D-Galactosyl)-sn-glycerol
eico2581114coa_x	C41H60N7O17P3S	Yes	"(2E,5Z,8Z,11Z,14Z)-eicosapentaenoyl-CoA"
3heico581114coa_x	C41H62N7O18P3S	Yes	"3-hydroxy-(5Z,8Z,11Z,14Z)-eicosatetraenoyl-CoA"
3oeico581114coa_x	C41H60N7O18P3S	Yes	"3-oxo-(5Z,8Z,11Z,14Z)-eicosatetraenoyl-CoA"
od36912coa_x	C39H58N7O17P3S	Yes	"(3Z,6Z,9Z,12Z)-octadecatetraenoyl-CoA"
c6912odtte2coa_x	C39H58N7O17P3S	Yes	"(2E,6Z,9Z,12Z)-octadecatetraenoyl-CoA"
3hod6912coa_x	C39H60N7O18P3S	Yes	"3-hydroxy-(6Z,9Z,12Z)-octadecatrienoyl-CoA"
3ood6912coa_x	C39H58N7O18P3S	Yes	"3-oxo-(6Z,9Z,12Z)-octadecatrienoyl-CoA"
hd4710coa_x	C37H56N7O17P3S	Yes	"(4Z,7Z,10Z)-hexadecatrienoyl-CoA"
hd24710coa_x	C37H54N7O17P3S	Yes	"(2E,4Z,7Z,10Z)-hexadecatetraenoyl-CoA"
hd3710coa_x	C37H56N7O17P3S	Yes	"(3E,7Z,10Z)-hexadecatrienoyl-CoA"
hd2710coa_x	C37H56N7O17P3S	Yes	"(2E,7Z,10Z)-hexadecatrienoyl-CoA"
hd271013coa_x	C37H54N7O17P3S	Yes	"(2E,7Z,10Z,13Z)-hexadecatetraenoyl-CoA"
3hhd71013coa_x	C37H56N7O18P3S	Yes	"3-hydroxy-(7Z,10Z,13Z)-hexadecatrienoyl-CoA"
3ohd71013coa_x	C37H54N7O18P3S	Yes	"3-oxo-(7Z,10Z,13Z)-hexadecatrienoyl-CoA"
3hhd710coa_x	C37H58N7O18P3S	Yes	"3-hydroxy-(7Z,10Z)-hexadecadienoyl-CoA"
td5811coa_x	C35H52N7O17P3S	Yes	"(5Z,8Z,11Z)-tetradecatrienoyl-CoA"
td25811coa_x	C35H50N7O17P3S	Yes	"(2E,5Z,8Z,11Z)-tetradecatetraenoyl-CoA"
3htd5811coa_x	C35H52N7O18P3S	Yes	"3-hydroxy-(5Z,8Z,11Z)-tetradecatrienoyl-CoA"
3ohd710coa_x	C37H56N7O18P3S	Yes	"3-oxo-(7Z,10Z)-hexadecadienoyl-CoA"
td58coa_x	C35H54N7O17P3S	Yes	"(5Z,8Z)-tetradecadienoyl-CoA"
td258coa_x	C35H52N7O17P3S	Yes	"(2E,5Z,8Z)-tetradecatrienoyl-CoA"
3otd5811coa_x	C35H50N7O18P3S	Yes	"3-oxo-(5Z,8Z,11Z)-tetradecatrienoyl-CoA"
3htd58coa_x	C35H54N7O18P3S	Yes	"3-hydroxy-(5Z,8Z)-tetradecadienoyl-CoA"
3otd58coa_x	C35H52N7O18P3S	Yes	"3-oxo-(5Z,8Z)-tetradecadienoyl-CoA"
dd369coa_x	C33H48N7O17P3S	Yes	"(3Z,6Z,9Z)-dodecatrienoyl-CoA"
dd269coa_x	C33H48N7O17P3S	Yes	"(2E,6Z,9Z)-dodecatrienoyl-CoA"
3hdd69coa_x	C33H50N7O18P3S	Yes	"3-hydroxy-(6Z,9Z)-dodecadienoyl-CoA"
3od69coa_x	C33H48N7O18P3S	Yes	"3-oxo-(6Z,9Z)-dodecadienoyl-CoA"
dc47coa_x	C31H46N7O17P3S	Yes	"(4Z,7Z)-decadienoyl-CoA"
dd36coa_x	C33H50N7O17P3S	Yes	"(3Z,6Z)-dodecadienoyl-CoA"
dd26coa_x	C33H50N7O17P3S	Yes	"(2E,6Z)-dodecadienoyl-CoA"
3hd6coa_x	C33H52N7O18P3S	Yes	3-hydroxy-(6Z)-dodecenoyl-CoA
3od6coa_x	C33H50N7O18P3S	Yes	3-oxo-(6Z)-dodecenoyl-CoA
dc247coa_x	C31H44N7O17P3S	Yes	"(2E,4Z,7Z)-decatrienoyl-CoA"
dc37coa_x	C31H46N7O17P3S	Yes	"(3E,7Z)-decadienoyl-CoA"
dd4coa_x	C31H48N7O17P3S	Yes	(4Z)-decenoyl-CoA
c4dde2coa_x	C31H46N7O17P3S	Yes	"(2E,4Z)-decadienoyl-CoA"
dc3coa_x	C31H48N7O17P3S	Yes	(3E)-decenoyl-CoA
dc27coa_x	C31H46N7O17P3S	Yes	"(2E,7Z)-decadienoyl-CoA"
3hdc7coa_x	C31H48N7O18P3S	Yes	3-hydroxy-(7Z)-decenoyl-CoA
3odc7coa_x	C31H46N7O18P3S	Yes	3-oxo-(7Z)-decenoyl-CoA
eico258111417coa_x	C41H58N7O17P3S	Yes	"(2E,5Z,8Z,11Z,14Z,17Z)-eicosahexaenoyl-CoA"
3heico58111417coa_x	C41H60N7O18P3S	Yes	"3-hydroxy-(5Z,8Z,11Z,14Z,17Z)-eicosapentaenoyl-CoA"
3oeico58111417coa_x	C41H58N7O18P3S	Yes	"3-oxo-(5Z,8Z,11Z,14Z,17Z)-eicosapentaenoyl-CoA"
od3691215coa_x	C39H56N7O17P3S	Yes	"(3Z,6Z,9Z,12Z,15Z)-octadecapentaenoyl-CoA"
dcos24710131619coa_x	C43H60N7O17P3S	Yes	"(2E,4Z,7Z,10Z,13Z,16Z,19Z)-docosaheptaenoyl-CoA"
dcos3710131619coa_x	C43H62N7O17P3S	Yes	"(3E,7Z,10Z,13Z,16Z,19Z)-docosahexaenoyl-CoA"
dcos2710131619coa_x	C43H62N7O17P3S	Yes	"(2E,7Z,10Z,13Z,16Z,19Z)-docosahexaenoyl-CoA"
3hdcos710131619coa_x	C43H64N7O18P3S	Yes	"3-hydroxy-(7Z,10Z,13Z,16Z,19Z)-docosapentaenoyl-CoA"
3odcos710131619coa_x	C43H62N7O18P3S	Yes	"3-oxo-(7Z,10Z,13Z,16Z,19Z)-docosapentaenoyl-CoA"
od2691215coa_x	C39H56N7O17P3S	Yes	"(2E,6Z,9Z,12Z,15Z)-octadecapentaenoyl-CoA"
3hod691215coa_x	C39H58N7O18P3S	Yes	"3-hydroxy-(6Z,9Z,12Z,15Z)-octadecatetraenoyl-CoA"
3ood691215coa_x	C39H56N7O18P3S	Yes	"3-oxo-(6Z,9Z,12Z,15Z)-octadecatetraenoyl-CoA"
hd471013coa_x	C37H54N7O17P3S	Yes	"(4Z,7Z,10Z,13Z)-hexadecatetraenoyl-CoA"
hd2471013coa_x	C37H52N7O17P3S	Yes	"(2E,4Z,7Z,10Z,13Z)-hexadecapentaenoyl-CoA"
hd371013coa_x	C37H54N7O17P3S	Yes	"(3E,7Z,10Z,13Z)-hexadecatetraenoyl-CoA"
oc5coa_x	C29H44N7O17P3S	Yes	(5Z)-octenoyl-CoA
tmlys_m	C9H21N2O2	Yes	"N6,N6,N6-Trimethyl-L-lysine"
octcrn_m	C15H29NO4	Yes	L-octanoylcarnitine
oc5crn_m	C15H27NO4	Yes	(5Z)-octenoyl-l-carnitine
4tmeabut_m	C7H16NO	Yes	4-Trimethylammoniobutanal
gbbtn_m	C7H15NO2	Yes	Gamma-butyrobetaine
octcrn_x	C15H29NO4	Yes	L-octanoylcarnitine
oc5crn_x	C15H27NO4	Yes	(5Z)-octenoyl-l-carnitine
hd912crn_m	C23H41NO4	Yes	"(9Z,12Z)-hexadecadienoyl-l-carnitine"
hd6912crn_m	C23H39NO4	Yes	"(6Z,9Z,12Z)-hexadecatrienoyl-l-carnitine"
hd691215crn_m	C23H37NO4	Yes	"(6Z,9Z,12Z,15Z)-hexadecatetrenoyl-l-carnitine"
ocdccoa_m	C39H66N7O17P3S	Yes	Octadecanoyl-coa
dgdg205n3_c	C55H84O15	Yes	"Digalactosyl-diacylglycerol(20:5(5Z,8Z,11Z,14Z,17Z)/20:5(5Z,8Z,11Z,14Z,17Z))"
hd912coa_c	C37H58N7O17P3S	Yes	"(9Z,12Z)-hexadecadienyl-CoA"
octcrn_c	C15H29NO4	Yes	L-octanoylcarnitine
oc5crn_c	C15H27NO4	Yes	(5Z)-octenoyl-l-carnitine
dgdg205n31619Z_c	C51H84O15	Yes	"Digalactosyl-diacylglycerol(20:5(5Z,8Z,11Z,14Z,17Z)/16:1(9Z))"
dgdg140160_c	C45H84O15	Yes	Digalactosyl-diacylglycerol(14:0/16:0)
oc25coa_m	C29H42N7O17P3S	Yes	"(2E,5Z)-octadienoyl-CoA"
3hoc5coa_m	C29H44N7O18P3S	Yes	3-hydroxy-(5Z)-octenoyl-CoA
3ooc5coa_m	C29H42N7O18P3S	Yes	3-oxo-(5Z)-octenoyl-CoA
hx3coa_m	C27H40N7O17P3S	Yes	(3Z)-hexenoyl-CoA
od29coa_m	C39H62N7O17P3S	Yes	"(2E,9Z)-octadecadienoyl-CoA"
3hod9coa_m	C39H64N7O18P3S	Yes	3-hydroxy-(9Z)-octadecenoyl-CoA
3ood9coa_m	C39H62N7O18P3S	Yes	3-oxo-(9Z)-octadecenoyl-CoA
hd7coa_m	C37H60N7O17P3S	Yes	(7Z)-hexadecenoyl-CoA
hd27coa_m	C37H58N7O17P3S	Yes	"(2E,7Z)-hexadecadienoyl-CoA"
oc5coa_m	C29H44N7O17P3S	Yes	(5Z)-octenoyl-CoA
3hhd7coa_m	C37H60N7O18P3S	Yes	3-hydroxy-(7Z)-hexadecenoyl-CoA
3ohd7coa_m	C37H58N7O18P3S	Yes	3-oxo-(7Z)-hexadecenoyl-CoA
td5coa_m	C35H56N7O17P3S	Yes	(5Z)-tetradecenoyl-CoA
td25coa_m	C35H54N7O17P3S	Yes	"(2E,5Z)-tetradecadienoyl-CoA"
3htd5coa_m	C35H56N7O18P3S	Yes	3-hydroxy-(5Z)-tetradecenoyl-CoA
3otd5coa_m	C35H54N7O18P3S	Yes	3-oxo-(5Z)-tetradecenoyl-CoA
od291215coa_m	C39H58N7O17P3S	Yes	"(2E,9Z,12Z,15Z)-octadecatetraenoyl-CoA"
3hod91215coa_m	C39H60N7O18P3S	Yes	"3-hydroxy-(9Z,12Z,15Z)-octadecatrienoyl-CoA"
3ood91215coa_m	C39H58N7O18P3S	Yes	"3-oxo-(9Z,12Z,15Z)-octadecatrienoyl-CoA"
hd71013coa_m	C37H56N7O17P3S	Yes	"(7Z,10Z,13Z)-hexadecatrienoyl-CoA"
hd271013coa_m	C37H54N7O17P3S	Yes	"(2E,7Z,10Z,13Z)-hexadecatetraenoyl-CoA"
od2912coa_m	C39H60N7O17P3S	Yes	"(2E,9Z,12Z)-octadecatrienoyl-CoA"
3hod912coa_m	C39H62N7O18P3S	Yes	"3-hydroxy-(9Z,12Z)-octadecadienoyl-CoA"
3ood912coa_m	C39H60N7O18P3S	Yes	"3-oxo-(9Z,12Z)-octadecadienoyl-CoA"
3hhd71013coa_m	C37H56N7O18P3S	Yes	"3-hydroxy-(7Z,10Z,13Z)-hexadecatrienoyl-CoA"
3ohd71013coa_m	C37H54N7O18P3S	Yes	"3-oxo-(7Z,10Z,13Z)-hexadecatrienoyl-CoA"
td5811coa_m	C35H52N7O17P3S	Yes	"(5Z,8Z,11Z)-tetradecatrienoyl-CoA"
td25811coa_m	C35H50N7O17P3S	Yes	"(2E,5Z,8Z,11Z)-tetradecatetraenoyl-CoA"
3htd5811coa_m	C35H52N7O18P3S	Yes	"3-hydroxy-(5Z,8Z,11Z)-tetradecatrienoyl-CoA"
3otd5811coa_m	C35H50N7O18P3S	Yes	"3-oxo-(5Z,8Z,11Z)-tetradecatrienoyl-CoA"
hd710coa_m	C37H58N7O17P3S	Yes	"(7Z,10Z)-hexadecadienoyl-CoA"
hd2710coa_m	C37H56N7O17P3S	Yes	"(2E,7Z,10Z)-hexadecatrienoyl-CoA"
3hhd710coa_m	C37H58N7O18P3S	Yes	"3-hydroxy-(7Z,10Z)-hexadecadienoyl-CoA"
3ohd710coa_m	C37H56N7O18P3S	Yes	"3-oxo-(7Z,10Z)-hexadecadienoyl-CoA"
td58coa_m	C35H54N7O17P3S	Yes	"(5Z,8Z)-tetradecadienoyl-CoA"
td258coa_m	C35H52N7O17P3S	Yes	"(2E,5Z,8Z)-tetradecatrienoyl-CoA"
dd369coa_m	C33H48N7O17P3S	Yes	"(3Z,6Z,9Z)-dodecatrienoyl-CoA"
dd269coa_m	C33H48N7O17P3S	Yes	"(2E,6Z,9Z)-dodecatrienoyl-CoA"
3hdd69coa_m	C33H50N7O18P3S	Yes	"3-hydroxy-(6Z,9Z)-dodecadienoyl-CoA"
3htd58coa_m	C35H54N7O18P3S	Yes	"3-hydroxy-(5Z,8Z)-tetradecadienoyl-CoA"
3otd58coa_m	C35H52N7O18P3S	Yes	"3-oxo-(5Z,8Z)-tetradecadienoyl-CoA"
3od69coa_m	C33H48N7O18P3S	Yes	"3-oxo-(6Z,9Z)-dodecadienoyl-CoA"
dc47coa_m	C31H46N7O17P3S	Yes	"(4Z,7Z)-decadienoyl-CoA"
dc247coa_m	C31H44N7O17P3S	Yes	"(2E,4Z,7Z)-decatrienoyl-CoA"
dd36coa_m	C33H50N7O17P3S	Yes	"(3Z,6Z)-dodecadienoyl-CoA"
dd26coa_m	C33H50N7O17P3S	Yes	"(2E,6Z)-dodecadienoyl-CoA"
3hd6coa_m	C33H52N7O18P3S	Yes	3-hydroxy-(6Z)-dodecenoyl-CoA
3od6coa_m	C33H50N7O18P3S	Yes	3-oxo-(6Z)-dodecenoyl-CoA
dc37coa_m	C31H46N7O17P3S	Yes	"(3E,7Z)-decadienoyl-CoA"
dc27coa_m	C31H46N7O17P3S	Yes	"(2E,7Z)-decadienoyl-CoA"
3hdc7coa_m	C31H48N7O18P3S	Yes	3-hydroxy-(7Z)-decenoyl-CoA
3odc7coa_m	C31H46N7O18P3S	Yes	3-oxo-(7Z)-decenoyl-CoA
hd29coa_m	C37H58N7O17P3S	Yes	"(2E,9Z)-hexadecadienoyl-CoA"
dd4coa_m	C31H48N7O17P3S	Yes	(4Z)-decenoyl-CoA
c4dde2coa_m	C31H46N7O17P3S	Yes	"(2E,4Z)-decadienoyl-CoA"
dc3coa_m	C31H48N7O17P3S	Yes	(3E)-decenoyl-CoA
c6912odtte2coa_m	C39H58N7O17P3S	Yes	"(2E,6Z,9Z,12Z)-octadecatetraenoyl-CoA"
3hhd9coa_m	C37H60N7O18P3S	Yes	3-hydroxy-(9Z)-hexadecenoyl-CoA
3ohd9coa_m	C37H58N7O18P3S	Yes	3-oxo-(9Z)-hexadecenoyl-CoA
3hod6912coa_m	C39H60N7O18P3S	Yes	"3-hydroxy-(6Z,9Z,12Z)-octadecatrienoyl-CoA"
3ood6912coa_m	C39H58N7O18P3S	Yes	"3-oxo-(6Z,9Z,12Z)-octadecatrienoyl-CoA"
hd4710coa_m	C37H56N7O17P3S	Yes	"(4Z,7Z,10Z)-hexadecatrienoyl-CoA"
hd24710coa_m	C37H54N7O17P3S	Yes	"(2E,4Z,7Z,10Z)-hexadecatetraenoyl-CoA"
td7coa_m	C35H56N7O17P3S	Yes	(7Z)-tetradecenoyl-CoA
td27coa_m	C35H54N7O17P3S	Yes	"(2E,7Z)-tetradecadienoyl-CoA"
3htd7coa_m	C35H56N7O18P3S	Yes	3-hydroxy-(7Z)-tetradecenoyl-CoA
3otd7coa_m	C35H54N7O18P3S	Yes	3-oxo-(7Z)-tetradecenoyl-CoA
dd5coa_m	C33H52N7O17P3S	Yes	(5Z)-dodecenoyl-CoA
dd25coa_m	C33H50N7O17P3S	Yes	"(2E,5Z)-dodecadienoyl-CoA"
3hdd5coa_m	C33H52N7O18P3S	Yes	3-hydroxy-(5Z)-dodecenoyl-CoA
hd3710coa_m	C37H56N7O17P3S	Yes	"(3E,7Z,10Z)-hexadecatrienoyl-CoA"
3odd5coc_m	C33H50N7O18P3S	Yes	3-oxo-(5Z)-dodecenoyl-CoA
dd3ecoa_m	C31H48N7O17P3S	Yes	(3Z)-decenoyl-CoA
hd912coa_m	C37H58N7O17P3S	Yes	"(9Z,12Z)-hexadecadienyl-CoA"
hd2912coa_m	C37H56N7O17P3S	Yes	"(2E,9Z,12Z)-hexadecatrienoyl-CoA"
dd258coa_m	C33H48N7O17P3S	Yes	"(2E,5Z,8Z)-dodecatrienoyl-CoA"
3hdd58coa_m	C33H50N7O18P3S	Yes	"3-hydroxy-(5Z,8Z)-dodecadienoyl-CoA"
3odd58coa_m	C33H48N7O18P3S	Yes	"3-oxo-(5Z,8Z)-dodecadienoyl-CoA"
dc36coa_m	C31H46N7O17P3S	Yes	"(3Z,6Z)-decadienoyl-CoA"
3hhd912coa_m	C37H58N7O18P3S	Yes	"3-hydroxy-(9Z,12Z)-hexadecadienoyl-CoA"
dc26coa_m	C31H46N7O17P3S	Yes	"(2E,6Z)-decadienoyl-CoA"
3hdc6coa_m	C31H48N7O18P3S	Yes	3-hydroxy-(6Z)-decenoyl-CoA
3odc6coa_m	C31H46N7O18P3S	Yes	3-oxo-(6Z)-decenoyl-CoA
oc4coa_m	C29H44N7O17P3S	Yes	(4Z)-octenoyl-CoA
3ohd912coa_m	C37H56N7O18P3S	Yes	"3-oxo-(9Z,12Z)-hexadecadienoyl-CoA"
arach_x	C20H39O2	Yes	Arachidic acid
td710coa_m	C35H54N7O17P3S	Yes	"(7Z,10Z)-tetradecadienoyl-CoA"
td2710coa_m	C35H52N7O17P3S	Yes	"(2E,7Z,10Z)-tetradecatrienoyl-CoA"
oc24coa_m	C29H42N7O17P3S	Yes	"(2E,4Z)-octadienoyl-CoA"
oc3coa_m	C29H44N7O17P3S	Yes	(3E)-octenoyl-CoA
3htd710coa_m	C35H54N7O18P3S	Yes	"3-hydroxy-(7Z,10Z)-tetradecadienoyl-CoA"
3otd710coa_m	C35H52N7O18P3S	Yes	"3-oxo-(7Z,10Z)-tetradecadienoyl-CoA"
hd6912coa_m	C37H56N7O17P3S	Yes	"(6Z,9Z,12Z)-hexadecatrienoyl-CoA (C16:3)"
hd26912coa_m	C37H54N7O17P3S	Yes	"(2E,6Z,9Z,12Z)-hexadecatetraenoyl-CoA"
3hhd6912coa_m	C37H56N7O18P3S	Yes	"3-hydroxy-(6Z,9Z,12Z)-hexadecatrienoyl-CoA"
3ohd6912coa_m	C37H54N7O18P3S	Yes	"3-oxo-(6Z,9Z,12Z)-hexadecatrienoyl-CoA"
td4710coa_m	C35H52N7O17P3S	Yes	"(4Z,7Z,10Z)-tetradecatrienoyl-CoA"
dd58coa_m	C33H50N7O17P3S	Yes	"(5Z,8Z)-dodecadienoyl-CoA"
td24710coa_m	C35H50N7O17P3S	Yes	"(2E,4Z,7Z,10Z)-tetradecatetraenoyl-CoA"
td3710coa_m	C35H52N7O17P3S	Yes	"(3E,7Z,10Z)-tetradecatrienoyl-CoA"
hd691215coa_m	C37H54N7O17P3S	Yes	"(6Z,9Z,12Z,15Z)-hexadecatetraenoyl-CoA (C16:4)"
hd2691215coa_m	C37H52N7O17P3S	Yes	"(2E,6Z,9Z,12Z,15Z)-hexadecapentaenoyl-CoA"
3oh5coa_m	C27H38N7O18P3S	Yes	3-oxo-(5Z)-hexenoyl-CoA
vaccoa_m	C25H36N7O17P3S	Yes	Vinylacetyl-CoA
3hhd691215coa_m	C37H54N7O18P3S	Yes	"3-hydroxy-(6Z,9Z,12Z,15Z)-hexadecatetraenoyl-CoA"
3ohd691215coa_m	C37H52N7O18P3S	Yes	"3-oxo-(6Z,9Z,12Z,15Z)-hexadecatetraenoyl-CoA"
td471013coa_m	C35H50N7O17P3S	Yes	"(4Z,7Z,10Z,13Z)-tetradecatetraenoyl-CoA"
behen_x	C22H43O2	Yes	Docosanoate (C22:0)
lipACP_m	C8H13OS3R	Yes	Lipoyl-[acp]
td2471013coa_m	C35H48N7O17P3S	Yes	"(2E,4Z,7Z,10Z,13Z)-tetradecapentaenoyl-CoA"
td371013coa_m	C35H50N7O17P3S	Yes	"(3E,7Z,10Z,13Z)-tetradecatetraenoyl-CoA"
td271013coa_m	C35H50N7O17P3S	Yes	"(2E,7Z,10Z,13Z)-tetradecatetraenoyl-CoA"
3htd71013coa_m	C35H52N7O18P3S	Yes	"3-hydroxy-(7Z,10Z,13Z)-tetradecatrienoyl-CoA"
3otd71013coa_m	C35H50N7O18P3S	Yes	"3-oxo-(7Z,10Z,13Z)-tetradecatrienoyl-CoA"
dd5811coa_m	C33H48N7O17P3S	Yes	"(5Z,8Z,11Z)-dodecatrienoyl-CoA"
dd25811coa_m	C33H46N7O17P3S	Yes	"(2E,5Z,8Z,11Z)-dodecatetraenoyl-CoA"
crvnc_x	C22H31O2	Yes	"Cervonic acid, C22:6 n-3"
3hdd5811coa_m	C33H48N7O18P3S	Yes	"3-hydroxy-(5Z,8Z,11Z)-dodecatrienoyl-CoA"
3odd5811coa_m	C33H46N7O18P3S	Yes	"3-oxo-(5Z,8Z,11Z)-dodecatrienoyl-CoA"
dc369coa_m	C31H44N7O17P3S	Yes	"(3Z,6Z,9Z)-decatrienoyl-CoA"
dc269coa_m	C31H44N7O17P3S	Yes	"(2E,6Z,9Z)-decatrienoyl-CoA"
3hbutACP_m	C4H7O2SR	Yes	(R)-3-Hydroxybutanoyl-[acyl-carrier protein]
3hdc69coa_m	C31H46N7O18P3S	Yes	"3-hydroxy-(6Z,9Z)-decadienoyl-CoA"
but2eACP_m	C4H5OSR	Yes	But-2-enoyl-[acyl-carrier protein]
3odc69coa_m	C31H44N7O18P3S	Yes	"3-oxo-(6Z,9Z)-decadienoyl-CoA"
lgnc_x	C24H47O2	Yes	Lignoceric acid
3ohexACP_m	C6H9O2SR	Yes	3-Oxohexanoyl-[acyl-carrier protein]
oc47coa_m	C29H42N7O17P3S	Yes	"(4Z,7Z)-octadienoyl-CoA"
oc247coa_m	C29H40N7O17P3S	Yes	"(2E,4Z,7Z)-octatrienoyl-CoA"
oc37coa_m	C29H42N7O17P3S	Yes	"(3E,7Z)-octadienoyl-CoA"
3hhexACP_m	C6H11O2SR	Yes	(R)-3-Hydroxyhexanoyl-[acyl-carrier protein]
thex2eACP_m	C6H9OSR	Yes	Trans-Hex-2-enoyl-[acyl-carrier protein]
3ooctACP_m	C8H13O2SR	Yes	3-Oxooctanoyl-[acyl-carrier protein]
3hoctACP_m	C8H15O2SR	Yes	(R)-3-Hydroxyoctanoyl-[acyl-carrier protein]
oc27coa_m	C29H42N7O17P3S	Yes	"(2E,7Z)-octadienoyl-CoA"
3hoc7coa_m	C29H44N7O18P3S	Yes	3-hydroxy-(7Z)-octenoyl-CoA
3ooc7coa_m	C29H42N7O18P3S	Yes	3-oxo-(7Z)-octenoyl-CoA
hx5coa_m	C27H40N7O17P3S	Yes	(5Z)-hexenoyl-CoA
hx25coa_m	C27H38N7O17P3S	Yes	"(2E,5Z)-hexadienoyl-CoA"
3hh5coa_m	C27H40N7O18P3S	Yes	3-hydroxy-(5Z)-hexenoyl-CoA
toct2eACP_m	C8H13OSR	Yes	Trans-Oct-2-enoyl-[acyl-carrier protein]
3odecACP_m	C10H17O2SR	Yes	3-Oxodecanoyl-[acyl-carrier protein]
ttc2coa_x	C45H76N7O17P3S	Yes	(2E)-tetracosenoyl-CoA
3hdecACP_m	C10H19O2SR	Yes	(R)-3-Hydroxydecanoyl-[acyl-carrier protein]
tdec2eACP_m	C10H17OSR	Yes	Trans-Dec-2-enoyl-[acyl-carrier protein]
3oddecACP_m	C12H21O2SR	Yes	3-Oxododecanoyl-[acyl-carrier protein]
3httccoa_x	C45H78N7O18P3S	Yes	3-hydroxytetracosanoyl-CoA
3hddecACP_m	C12H23O2SR	Yes	(R)-3-Hydroxydodecanoyl-[acyl-carrier protein]
tddec2eACP_m	C12H21OSR	Yes	Trans-Dodec-2-enoyl-[acyl-carrier protein]
3ottccoa_x	C45H76N7O18P3S	Yes	3-oxo-tetracosanoyl-CoA
3omrsACP_m	C14H25O2SR	Yes	3-Oxotetradecanoyl-[acyl-carrier protein]
3hmrsACP_m	C14H27O2SR	Yes	(R)-3-Hydroxytetradecanoyl-[acyl-carrier protein]
tmrs2eACP_m	C14H25OSR	Yes	Trans-Tetradec-2-enoyl-[acyl-carrier protein]
3opalmACP_m	C16H29O2SR	Yes	3-Oxohexadecanoyl-[acyl-carrier protein]
3hpalmACP_m	C16H31O2SR	Yes	R-3-hydroxypalmitoyl-[acyl-carrier protein]
tpalm2eACP_m	C16H29OSR	Yes	Trans-Hexadec-2-enoyl-[acyl-carrier protein]
hdca_m	C16H31O2	Yes	Hexadecanoate (n-C16:0)
behencoa_x	C43H74N7O17P3S	Yes	Docosanoyl-CoA
1hdecg3p_m	C19H37O7P	Yes	1-hexadecanoyl-sn-glycerol 3-phosphate
pa160_m	C35H67O8P	Yes	"1,2-dihexadecanoyl-sn-glycerol 3-phosphate"
pgp160_m	C38H73O13P2	Yes	"Phosphatidylglycerophosphate (dihexadecanoyl, n-C16:0)"
pg160_m	C38H74O10P	Yes	"Phosphatidylglycerol (dihexadecanoyl, n-C16:0)"
clpn160_m	C73H140O17P2	Yes	"Cardiolipin (tetrahexadecanoyl, n-C16:0)"
docos2coa_x	C43H72N7O17P3S	Yes	(2E)-docosenoyl-CoA
3hdocoscoa_x	C43H74N7O18P3S	Yes	3-hydroxydocosanoyl-CoA
3odocoscoa_x	C43H72N7O18P3S	Yes	3-oxo-docosanoyl-CoA
eicos2coa_x	C41H68N7O17P3S	Yes	(2E)-eicosenoyl-CoA
asn__L_h	C4H8N2O3	Yes	L-Asparagine
2ogm_h	C5H6NO4	Yes	2-Oxoglutaramate
2ogm_m	C5H6NO4	Yes	2-Oxoglutaramate
2oxosucc_h	C4H4NO4	Yes	2-Oxosuccinamate
2oxosucc_m	C4H4NO4	Yes	2-Oxosuccinamate
gdpgal_c	C16H23N5O16P2	Yes	GDP-L-galactose
gal__L_c	C6H12O6	Yes	L-Galactose
gal14lac_c	C6H10O6	Yes	"L-Galactono-1,4-lactone"
gal14lac_m	C6H10O6	Yes	"L-Galactono-1,4-lactone"
ascb__L_h	C6H7O6	Yes	L-Ascorbate
ascb__L_m	C6H7O6	Yes	L-Ascorbate
dhdascb_h	C6H6O6	Yes	Dehydroascorbate
dhdascb_m	C6H6O6	Yes	Dehydroascorbate
achms_m	C6H11NO4	Yes	O Acetyl L homoserine C6H11NO4
m5mpdol_c	C107H178N2O47P2	Yes	(alpha-D-Mannosyl)5-beta-D-mannosyl-diacetylchitobiosyldiphosphodolichol
m7mpdol_c	C119H198N2O57P2	Yes	(alpha-D-Mannosyl)7-beta-D-mannosyl-diacetylchitobiosyldiphosphodolichol
m6mpdol_c	C113H188N2O52P2	Yes	(alpha-D-Mannosyl)6-beta-D-mannosyl-diacetylchitobiosyldiphosphodolichol
m8mpdol_c	C125H208N2O62P2	Yes	(alpha-D-Mannosyl)8-beta-D-mannosyl-diacetylchitobiosyldiphosphodolichol
g1m8mpdol_c	C131H218N2O67P2	Yes	Alpha-D-Glucosyl-(alpha-D-mannosyl)8-beta-D-mannosyl-diacetylchitobiosyldiphosphodolichol
g2m8mpdol_c	C137H228N2O72P2	Yes	(alpha-D-Glucosyl)2-(alpha-D-mannosyl)8-beta-D-mannosyl-diacetylchitobiosyldiphosphodolichol
g3m8mpdol_c	C143H238N2O77P2	Yes	(alpha-D-Glucosyl)3-(alpha-D-mannosyl)8-beta-D-mannosyl-diacetylchitobiosyldiphosphodolichol
g3m8masn_c	C93H153N5O73R2	Yes	(alpha-D-Glucosyl)3-(alpha-D-mannosyl)8-beta-D-mannosyl-diacetylchitobiosyl-L-asparagine (protein)
m8masn_c	C75H123N5O58R2	Yes	(alpha-D-mannosyl)8-beta-D-mannosyl-diacetylchitobiosyl-L-asparagine (protein)
m4masn_c	C51H83N5O38R2	Yes	(alpha-D-mannosyl)4-beta-D-mannosyl-diacetylchitobiosyl-L-asparagine (protein)
m2masn_c	C39H63N5O28R2	Yes	Asn(-b1)GlcNAc(4-b1)GlcNAc(4-b1)Man[(6-a1)Man](3-a1)Man
cynt_m	CNO	Yes	Cyanate
npdp_m	C45H73O7P2	Yes	All-trans-Nonaprenyl diphosphate
npdp_h	C45H73O7P2	Yes	All-trans-Nonaprenyl diphosphate
nacglc2p_c	C63H105NO12P2	Yes	PP-Dol(-a1)GlcNAc
chito2pdpl_c	C71H118N2O17P2	Yes	PP-Dol(-a1)GlcNAc(4-b1)GlcNAc
mfecostrl_c	C29H48O	Yes	4alpha-Methylfecosterol
3nphb_m	C52H77O3	Yes	3-Nonaprenyl-4-hydroxybenzoate
3npdhb_m	C52H77O4	Yes	"3-Nonaprenyl-4,5-dihydroxybenzoate"
me3dhnpdh_m	C53H79O4	Yes	3-nonaprenyl-4-hydroxy-5-methoxybenzoate
2np6mep_m	C52H80O2	Yes	2-nonaprenyl-6-methoxyphenol
dhepstrl_c	C28H44O	Yes	5-Dehydroepisterol
2np6mobq_m	C52H78O3	Yes	"2-nonaprenyl-6-methoxy-1,4-benzoquinone"
me2np6mobq_m	C53H80O3	Yes	"2-nonaprenyl-3-methyl-6-methoxy-1,4-benzoquinone"
2npmhmobq_m	C53H80O4	Yes	"2-Decaprenyl-3-methyl-5-hydroxy-6-methoxy-1,4-benzoquinone"
dhcer_18_c	C36H73NO3	Yes	N-octadecanoylsphinganine
cer_18_c	C36H71NO3	Yes	N-octadecanoylsphingosine
25drapp_h	C9H14N5O8P	Yes	"2,5-Diamino-6-(ribosylamino)-4-(3H)-pyrimidinone 5'-phosphate"
4ampm_h	C6H8N3O4P	Yes	4-Amino-2-methyl-5-phosphomethylpyrimidine
iscsh_h	RSH	No	Thiamine biosynthesis intermediate 2
ribflv_h	C17H20N4O6	Yes	Riboflavin C17H20N4O6
this_h	RCO2	Yes	Thiamine biosynthesis intermediate 1
athis_h	C11H12N5O8PR	Yes	Thiamine biosynthesis intermediate 4
iscssh_h	RS2	No	IscS with bound sulfur
imgly_h	C2H3NO2	Yes	Iminoglycine
thissh_h	RCOS	Yes	Thiamine biosynthesis intermediate 5
2c4mthzep_h	C7H7NO6PS	Yes	"2-[(2R,5Z)-2-Carboxy-4-methylthiazol-5(2H)-ylidene]ethyl phosphate"
fmn_h	C17H19N4O9P	Yes	FMN C17H19N4O9P
2mahmp_h	C6H8N3O7P2	Yes	2-Methyl-4-amino-5-hydroxymethylpyrimidine diphosphate
cthzp_h	C7H7NO6PS	Yes	"4-Methyl-5-[2-(phosphonooxy)ethyl]-1,3-thiazole-2-carboxylate"
thmmp_h	C12H16N4O4PS	Yes	Thiamin monophosphate
thmtp_h	C12H16N4O10P3S	Yes	Thiamin triphosphate C12H16N4O10P3S
4aammp_c	C6H11N4	Yes	4-Amino-5-aminomethyl-2-methylpyrimidine
trnagln_h	HR	No	TRNA(Gln)
4ahmmp_h	C6H9N3O	Yes	4-Amino-5-hydroxymethyl-2-methylpyrimidine
ala__L_h	C3H7NO2	Yes	L-Alanine
trnaala_h	HR	No	TRNA(Ala)
ichor_h	C10H8O6	Yes	Isochorismate
sephcpc_h	C14H13O9	Yes	2-Succinyl-5-enolpyruvyl-6-hydroxy-3-cyclohexene-1-carboxylate
2shchc_h	C11H10O6	Yes	"2-Succinyl-6-hydroxy-2,4-cyclohexadiene-1-carboxylate"
sucbz_h	C11H8O5	Yes	O-Succinylbenzoate
sucbz_x	C11H8O5	Yes	O-Succinylbenzoate
sbzcoa_x	C32H39N7O20P3S	Yes	O-Succinylbenzoyl-CoA
dhna_x	C11H7O4	Yes	"1,4-Dihydroxy-2-naphthoate"
trnaasn_h	HR	No	TRNA Asn  C10H17O10PR2
pimACP_m	C7H10O3SR	Yes	Pimeloyl-[acyl-carrier protein]
8aonn_m	C9H17NO3	Yes	8-Amino-7-oxononanoate
dann_m	C9H21N2O2	Yes	"7,8-Diaminononanoate"
dtbt_m	C10H17N2O3	Yes	Dethiobiotin
accp_m	C7H13N3O2R2	Yes	Apo-carboxylase
trnaser_h	HR	No	TRNA(Ser)
trnasecys_h	HR	No	TRNA(SeCys)
trnacys_h	HR	No	TRNA(Cys)
phe__L_h	C9H11NO2	Yes	L-Phenylalanine
trnaphe_h	HR	No	TRNA(Phe)
trnaleu_h	HR	No	TRNA(Leu)
trnatrp_h	HR	No	TRNA(Trp)
trp__L_h	C11H12N2O2	Yes	L-Tryptophan
ile__L_h	C6H13NO2	Yes	L-Isoleucine
lys__L_h	C6H15N2O2	Yes	L-Lysine
his__L_h	C6H9N3O2	Yes	L-Histidine
trnahis_h	HR	No	TRNA(His)
tczcaro_h	C40H60	Yes	"9,15,9-tricis-zeta-Carotene"
dczcaro_h	C40H60	Yes	"9,9-dicis-zeta-Carotene"
ttclyco_h	C40H56	Yes	"7,9,7,9-tetracis-Lycopene"
zeax_h	C40H56O2	Yes	Zeaxanthin
anxan_h	C40H56O3	Yes	Antheraxanthin
neoxan_h	C40H56O4	Yes	Neoxanthin
vioxan_h	C40H56O4	Yes	Violaxanthin
diadinx_h	C40H54O3	Yes	Diadinoxanthin
diatox_h	C40H54O2	Yes	N-octadecanoylsphinganine
pdx5p_h	C8H10NO6P	Yes	Pyridoxine 5'-phosphate
selcys_m	C3H7NO2Se	Yes	Selenocysteine
iasp_m	C4H4NO4	Yes	Iminoaspartate
hd912ea_h	C16H27O2	Yes	"(9Z,12Z)-hexadecadienoate"
dhbiliverd_h	C33H34N4O6	Yes	"15,16-Dihydrobiliverdin"
accp_h	C7H13N3O2R2	Yes	Apo-carboxylase
btn_h	C10H15N2O3S	Yes	Biotin
12dgr205n3164n1_h	C39H58O5	Yes	"1,2-Diacyl-sn-glycerol(20:5(5Z,8Z,11Z,14Z,17Z)/16:4(6Z,9Z,12Z,15Z))"
12dgr1619Z162n4_h	C35H62O5	Yes	"1,2-Diacyl-sn-glycerol(16:1(9Z)/16:2(9Z,12Z))"
12dgr1619Z163n4_h	C35H60O5	Yes	"1,2-Diacyl-sn-glycerol(16:1(9Z)/16:3(6Z,9Z,12Z))"
12dgr140162n4_h	C33H60O5	Yes	"1,2-Diacyl-sn-glycerol(14:0/16:2(9Z,12Z))"
12dgr140163n4_h	C33H58O5	Yes	"1,2-Diacyl-sn-glycerol(14:0/16:3(6Z,9Z,12Z))"
12dgr1819Z162n4_h	C37H66O5	Yes	"1,2-Diacyl-sn-glycerol(18:1(9Z)/16:2(9Z,12Z))"
12dgr1819Z163n4_h	C37H64O5	Yes	"1,2-Diacyl-sn-glycerol(18:1(9Z)/16:3(6Z,9Z,12Z))"
tag1619Z1619Z1819Z_h	C53H96O6	Yes	Triacylglycerol (16:1(9Z)/16:1(9Z)/18:1(9Z))
tag1619Z1619Z160_h	C51H94O6	Yes	Triacylglycerol (16:1(9Z)/16:1(9Z)/16:0)
tag1619Z1601819Z_h	C53H98O6	Yes	Triacylglycerol (16:1(9Z)/16:0/18:1(9Z))
tag1819Z1619Z1819Z_h	C55H100O6	Yes	Triacylglycerol (18:1(9Z)/16:1(9Z)/18:1(9Z))
tag1819Z1601619Z_h	C53H98O6	Yes	Triacylglycerol (18:1(9Z)/16:0/16:1(9Z))
tag1819Z160160_h	C53H100O6	Yes	Triacylglycerol (18:1(9Z)/16:0/16:0)
tag226n3205n3164n1_c	C61H88O6	Yes	"Triacylglycerol (22:6(4Z,7Z,10Z,13Z,16Z,19Z)/20:5(5Z,8Z,11Z,14Z,17Z)/16:4(6Z,9Z,12Z,15Z))"
tag205n3205n3163n4_c	C59H88O6	Yes	"Triacylglycerol (20:5(5Z,8Z,11Z,14Z,17Z)/20:5(5Z,8Z,11Z,14Z,17Z)/16:3(6Z,9Z,12Z))"
tag205n3205n3164n1_c	C59H86O6	Yes	"Triacylglycerol (20:5(5Z,8Z,11Z,14Z,17Z)/20:5(5Z,8Z,11Z,14Z,17Z)/16:4(6Z,9Z,12Z,15Z))"
hthbp_c	C9H15N5O4	Yes	4a-Hydroxytetrahydrobiopterin
tag1619Z226n3164n1_c	C57H88O6	Yes	"Triacylglycerol (16:1(9Z)/22:6(4Z,7Z,10Z,13Z,16Z,19Z)/16:4(6Z,9Z,12Z,15Z))"
tag1619Z205n3164n1_c	C55H86O6	Yes	"Triacylglycerol (16:1(9Z)/20:5(5Z,8Z,11Z,14Z,17Z)/16:4(6Z,9Z,12Z,15Z))"
tag140205n3164n1_c	C53H84O6	Yes	"Triacylglycerol (14:0/20:5(5Z,8Z,11Z,14Z,17Z)/16:4(6Z,9Z,12Z,15Z))"
met__L_h	C5H11NO2S	Yes	L-Methionine
inost_h	C6H12O6	Yes	Myo-Inositol
inost_m	C6H12O6	Yes	Myo-Inositol
tag1619Z1619Z1819Z_c	C53H96O6	Yes	Triacylglycerol (16:1(9Z)/16:1(9Z)/18:1(9Z))
tag1619Z1619Z160_c	C51H94O6	Yes	Triacylglycerol (16:1(9Z)/16:1(9Z)/16:0)
btnCCP_c	C17H27N5O4SR2	Yes	Holo-[carboxylase]
tag1619Z1601819Z_c	C53H98O6	Yes	Triacylglycerol (16:1(9Z)/16:0/18:1(9Z))
apoC_h	CHNOR2	Yes	Apocarboxlase (no lys residue)
hptal_m	C7H14O	Yes	Heptanal
hptal_c	C7H14O	Yes	Heptanal
biocyt_h	C16H28N4O4S	Yes	Biocyt c
btnCCP_m	C17H27N5O4SR2	Yes	Holo-[carboxylase]
hxdceal_c	C16H30O	Yes	Hexadecenal
hdc2ea_c	C16H29O2	Yes	(E)-hexadec-2-enoate
hd2coa_c	C37H60N7O17P3S	Yes	(E)-hexadec-2-enoyl-CoA
rbl__D_h	C5H10O5	Yes	D-Ribulose
hptcrn_c	C14H27NO4	Yes	Heptanoyl-l-carnitine
hd2crn_c	C23H43NO4	Yes	(2E)-hexadecenoyl-l-carnitine
cdp12dgr160_h	C44H79N3O15P2	Yes	"CDP-1,2-diacyl-sn-glycerol(16:0/16:0)"
hptcrn_m	C14H27NO4	Yes	Heptanoyl-l-carnitine
hd2crn_m	C23H43NO4	Yes	(2E)-hexadecenoyl-l-carnitine
hptcoa_m	C28H44N7O17P3S	Yes	Heptanoyl-COA
pap_h	C10H11N5O10P2	Yes	"Adenosine 3',5'-bisphosphate"
amob_m	C15H19N5O6S	Yes	S-Adenosyl-4-methylthio-2-oxobutanoate
dad_5_m	C10H13N5O3	Yes	5'-Deoxyadenosine
12dgr205n3162n4_h	C39H62O5	Yes	"1,2-Diacyl-sn-glycerol(20:5(5Z,8Z,11Z,14Z,17Z)/16:2(9Z,12Z))"
12dgr205n3163n4_h	C39H60O5	Yes	"1,2-Diacyl-sn-glycerol(20:5(5Z,8Z,11Z,14Z,17Z)/16:3(6Z,9Z,12Z))"
dad_5_h	C10H13N5O3	Yes	5'-Deoxyadenosine
co_h	CO	Yes	Carbon monoxide
pa1801619Z_h	C37H69O8P	Yes	1-octadecanoyl-2-9-hexadecenoyl-sn-glycerol-3-phosphate
12dgr1801619Z_h	C37H70O5	Yes	"1,2-Diacyl-sn-glycerol(18:0/16:1(9Z))"
mgdg1801619Z_h	C43H80O10	Yes	"1,2-Diacyl-3-O-galactosyl-sn-glycerol(18:0/16:1(9Z))"
mgdg180162n4_h	C43H78O10	Yes	"1,2-Diacyl-3-O-galactosyl-sn-glycerol(18:0/16:2(9Z,12Z))"
mgdg180163n4_h	C43H76O10	Yes	"1,2-Diacyl-3-O-galactosyl-sn-glycerol(18:0/16:3(6Z,9Z,12Z))"
pa1619Z1819Z_h	C37H67O8P	Yes	1-9-hexadecenoyl-2-9-octadecenoyl-sn-glycerol-3-phosphate
12dgr1619Z1819Z_h	C37H68O5	Yes	"1,2-Diacyl-sn-glycerol(16:1(9Z)/18:1(9Z))"
mgdg1619Z1819Z_h	C43H78O10	Yes	"1,2-Diacyl-3-O-galactosyl-sn-glycerol(16:1(9Z)/18:1(9Z))"
mgdg162n4163n4_h	C41H68O10	Yes	"1,2-Diacyl-3-O-galactosyl-sn-glycerol(16:2(9Z,12Z)/16:3(6Z,9Z,12Z))"
pa1619Z240_c	C43H81O8P	Yes	1-9-hexadecenoyl-2-tetracosanoyl-sn-glycerol-3-phosphate
12dgr1619Z240_c	C43H82O5	Yes	"1,2-Diacyl-sn-glycerol (16:1(9Z)/24:0)"
sqdg1619Z160_h	C41H75O12S	Yes	Sulfoquinovosyl diacylglycerol(16:1(9Z)/16:0)
sqdg205n3160_h	C45H75O12S	Yes	"Sulfoquinovosyl diacylglycerol(20:5(5Z,8Z,11Z,14Z,17Z)/16:0)"
tag1619Z160205n3_c	C55H94O6	Yes	"Triacylglycerol (16:1(9Z)/16:0/20:5(5Z,8Z,11Z,14Z,17Z))"
tag1619Z205n3163n4_c	C55H88O6	Yes	"Triacylglycerol (16:1(9Z)/20:5(5Z,8Z,11Z,14Z,17Z)/16:3(6Z,9Z,12Z))"
cholphyc1_h	C35H29MgN4O5	Yes	Chlorophyll c1
cholphyc2_h	C35H27MgN4O5	Yes	Chlorophyll c2
fxanth_h	C42H58O6	Yes	Fucoxanthin
asq205n31602o205n3_h	C65H103O13S	Yes	"2-O-acyl-sulfoquinovosyl diacylglycerol(20:5(5Z,8Z,11Z,14Z,17Z)/16:0/2-O-20:5(5Z,8Z,11Z,14Z,17Z))"
dgta205n3_c	C50H77NO7	Yes	"Diacylglyceryl-N,N,N-trimethyl-beta-alanine (20:5(5Z,8Z,11Z,14Z,17Z)/20:5(5Z,8Z,11Z,14Z,17Z))"
pc205n3162n4_c	C44H74NO8P	Yes	"Phosphatidylcholine (20:5(5Z,8Z,11Z,14Z,17Z)/16:2(9Z,12Z))"
pg1601613E_h	C38H72O10P	Yes	Phosphatidylglycerol(16:0/16:1(3E))
sqdg1619Z240_c	C49H91O12S	Yes	Sulfoquinovosyl diacylglycerol(16:1(9Z)/24:0)
sqdg161_h	C41H73O12S	Yes	Sulfoquinovosyldiacylglycerol (n-C16 1)
gdpman2s_c	C16H22N5O19P2S	Yes	GDP-mannose-2-sulfate
udprmn_c	C15H22N2O16P2	Yes	UDP-beta-L-rhamnose
biomass_carb_c		No	Biomass: carbohydrates
biomass_dna_c		No	Biomass: DNA
biomass_mem_lipids_c		No	Biomass: membrane lipids
biomass_pigm_h		No	Biomass: chlorophylls and pigments
biomass_pro_c		No	Biomass: proteins and amino acids
biomass_rna_c		No	Biomass: RNA
biomass_tag_c		No	Biomass: Triacylglycerides
mthb_c	C5H9O3S	Yes	2-hydroxy-4-methylthiobutyrate
dmshb_c	C6H12O3S	Yes	4-dimethylsulfonio-2-hydroxybutanoate
dmsp_c	C5H10O2S	Yes	3-(dimethylsulfonio)propanoate 
sox_m	HOO	No	Superoxide
tag1819Z1619Z1619Z_h	C53H96O6	Yes	Triacylglycerol (18:1(9Z)/16:1(9Z)/16:1(9Z))
tag1619Z160160_h	C51H96O6	Yes	Triacylglycerol (16:1(9Z)/16:0/16:0)
tag1619Z160160_c	C51H96O6	Yes	Triacylglycerol (16:1(9Z)/16:0/16:0)
tag1401619Z1619Z_c	C49H90O6	Yes	Triacylglycerol (14:0/16:1(9Z)/16:1(9Z))
tag1401619Z160_c	C49H92O6	Yes	Triacylglycerol (14:0/16:1(9Z)/16:0)
2m6sbenzq_h	C52H80O2	Yes	"2-Methyl-6-solanyl-1,4-benzoquinol"
dhna_h	C11H7O4	Yes	"1,4-Dihydroxy-2-naphthoate"
dmtphllqne_h	C30H44O2	Yes	Demethylphylloquinone
thm_h	C12H17N4OS	Yes	Thiamin
pg_SA_c	C1710H3365O292P50	Yes	Phosphatidylglycerol (Saureus)
cdpdag_SA_c	C2010H3615N150O542P100	Yes	CDPdiacylglycerol (Saureus)
12dgr_SA_c	C1560H3065O42	Yes	"1,2-Daicylglycerol (Saureus)"
pa_SA_c	C1560H3015O192P50	Yes	Phosphatidate (Saureus)
gtca1_c	C91H178N2O136P25	Yes	"Glycerol teichoic acid (n=25), unlinked, unsubstituted"
gtca2_c	C166H328N27O161P25	Yes	"Glycerol teichoic acid (n=25), unlinked, D-ala substituted"
gtca3_c	C241H428N2O261P25	Yes	"Glycerol teichoic acid (n=25), unlinked, glucose substituted"
fa19a_c	C19H37O2	Yes	Fatty Acid (Anteiso-C19:0)
fa20n_c	C20H39O2	Yes	Fatty Acid (C20:0)
ps_SA_c	C1710H3315N50O292P50	Yes	Phosphatidylserine (Saureus)
pgp_SA_c	C1710H3315O442P100	Yes	Phosphatidylglycerophosphate (Saureus)
3g12dgr_SA2_c	C1860H3615O292	Yes	"3-D-Glucosyl-1,2-diacylglycerol"
Stmyn_c	C21H39N7O12	Yes	Streptomycin
DGDG_SA_c	C18H40O18	Yes	Diglucosyl Diglyceride (SA)
SA_FREE_FA_c	X	No	SA Free Fatty Acids
glcp_SA_c	C996H1868N62O1116P150	Yes	Glucosyl Phosphoglycerol (SA)
pala_SA_c	C1986H3698N50O450P50	Yes	Phosphatidylananine SA
pgly_SA_c	C1936H3598N50O450P50	Yes	Phosphatidylglycine SA
pleu_SA_c	C2136H3998N50O450P50	Yes	Phosphatidylleucine SA
plys_SA_c	C2136H4098N100O450P50	Yes	Phosphatidyllysine SA
tcam_c	C420H750N30O420P30	Yes	"Minor teichoic acid (acetylgalactosamine glucose phosphate, n=30)"
Sptmyn_c	C14H24N2O7	Yes	Spectinomycin
dgdcg_SA_c	C2436H4548O750	Yes	Diglucosyl-diacylglycerol (SA)
clpn_SA_c	C3270H6330O434P100	Yes	Cardiolipin (Saureus)
dgdcg_SA2_c	C2160H4165O542	Yes	Diglucosyl-diacylglycerol (SA) 2
pala_SA2_c	C1710H3315N50O242P50	Yes	Phosphatidylalanine SA2
pe_SA_c	C1660H3365N50O192P50	Yes	Phosphatidylethanolamine (Saureus)
pgly_SA2_c	C1660H3215N50O242P50	Yes	Phosphatidylglycine SA2
pleu_SA2_c	C1860H3615N50O242P50	Yes	Phosphatidylleucine SA2
plys_SA2_c	C1860H3715N100O242P50	Yes	Phosphatidyllysine SA2
udcpo4min_p	C73H122O21P2	Yes	Undecaprenyl diphosphate galactose-rhamnose-mannose min
ggagicolipamin_c	C157H272N2O82P3	Yes	Glucosyl-galactosyl-glucosyl-inner-core-oligosaccharide-lipid-A min
icolipamin_c	C139H242N2O67P3	Yes	Inner-core-oligosaccharide-lipid-A-E-coli min
colipaOAmin_e		No	Membrane LPS mixture min
eca4colipamin_e		No	Enterobacterial-common-antigen-x4-minimal core-oligosaccharide-lipid-A
gggagicolipamin_c	C163H282N2O87P3	Yes	Glucosyl-glucosyl-galactosyl-glucosyl-inner-core-oligosaccharide-lipid-A min
udcpo4min_e	C73H122O21P2	Yes	Undecaprenyl diphosphate galactose-rhamnose-mannose min
23dhb_e	C7H5O4	Yes	"2,3-Dihydroxybenzoate"
gagicolipamin_c	C151H262N2O77P3	Yes	Galactosyl-glucosyl-inner-core-oligosaccharide-lipid-A min
OA_STmin_p		No	OA STmin[p]
colipamin_p	C170H294N2O93P3	Yes	Core-oligosaccharide-lipid-A min
udcpo4min_c	C73H122O21P2	Yes	Undecaprenyl diphosphate galactose-rhamnose-mannose min
eca4colipamin_p		No	Enterobacterial-common-antigen-x4-minimal core-oligosaccharide-lipid-A
colipamin_e	C170H294N2O93P3	Yes	Core-oligosaccharide-lipid-A min
gicolipamin_c	C145H252N2O72P3	Yes	Glucosyl-inner-core-oligosaccharide-lipid-A min
23dhb_p	C7H5O4	Yes	"2,3-Dihydroxybenzoate"
colipamin_c	C170H294N2O93P3	Yes	Core-oligosaccharide-lipid-A min
udcdpgal_a1_3_rmn_a1_4_manac_p	C75H122O22P2	Yes	Periplasmic O antigen group O:3 10 repeat unit on undecaprenyl diphosphate carrier
udcpdglcnac_a1_3_rmn_a1_4_gal_b1_4_man_p	C81H136N1O26P2	Yes	Periplasmic O antigen group O:11 repeat unit on undecaprenyl diphosphate carrier
udcdpgal_a1_3_rmn_a1_4_man_p	C73H120O21P2	Yes	Periplasmic O antigen group O:1 3 19 repeat unit on undecaprenyl diphosphate carrier
udcdpglcnac_b1_3_glc_a1_4_fuc_a1_3_acper_p	C83H139N2O25P2	Yes	Periplasmic O antigen group O:30  repeat unit on undecaprenyl diphosphate carrier
LPS51_ST_e	C350H612N17O221P4	Yes	Extracellular lipopolysaccharide group O:51 with a short O antigen polysaccharide
LPS38_ST_p	C340H597N12O221P4	Yes	Extracellular lipopolysaccharide group O:38 with a short O antigen polysaccharide
udcdpgal_a1_3_rmn_a1_4_man_a1_3_tyv_p	C79H130O24P2	Yes	Undecaprenyl-diphosphate-galactose-(alpha 1->3)-rhamnose-(alpha 1->4)-mannose-(alpha1->3)-tyvelose
LPS57_ST_e	C340H597N12O211P4	Yes	Extracellular lipopolysaccharide group O:57 with a short O antigen polysaccharide
dtdpquip3nac_c	C18H27N3O15P2	Yes	DTDP-3-acetamido-alpha-D-fucose
udcdpgalnac_c	C63H103NO12P2	Yes	"N-acetyl-alpha-D-galactosaminyl-diphospho-ditrans,octacis-undecaprenol"
LPS66_VL_p	C3570H6392N202O2596P4	Yes	Extracellular lipopolysaccharide group O:66 with a very long O antigen polysaccharide
udcdpglcnac_a1_3_quinac_a1_3_glc_b1_4_man_c	C83H139N2O26P2	Yes	Periplasmic O antigen group O:41 polysaccharide with a short chain length (15 repeat units)
LPS17_ST_p	C270H457N2O171P4	Yes	Extracellular lipopolysaccharide group O:17 with a short O antigen polysaccharide
LPS18__L_e	C820H1467N27O596P4	Yes	Extracellular lipopolysaccharide group O:18 with a long O antigen polysaccharide
LPS48__L_p	C895H1517N102O521P4	Yes	Periplasmic lipopolysaccharide group O:48 with a long O antigen polysaccharide
LPS28ac_VL_e	C3570H6392N202O2396P4	Yes	Extracellular lipopolysaccharide group O:28ac with a very long O antigen polysaccharide
LPS60_VL_p	C2870H5192N202O1996P4	Yes	Extracellular lipopolysaccharide group O:60 with a very long O antigen polysaccharide
LPS39_ST_p	C310H542N12O186P4	Yes	Periplasmic lipopolysaccharide group O:39 with a short O antigen polysaccharide
udcdpgalnac_b1_3_gal_a1_4_gal_b1_3_galnac_a1_3_glcnac_p	C91H153N3O32P2	Yes	Periplasmic O antigen group O:21 repeat unit on undecaprenyl diphosphate carrier
LPS1_3_19__L_e	C620H1067N2O446P4	Yes	Extracellular lipopolysaccharide group O:1 3 19 with a long O antigen polysaccharide
udcdpgal_a1_3_rmn_a1_4_man_a1_3_par_p	C79H130O24P2	Yes	Periplasmic O antigen group O:2 repeat unit on undecaprenyl diphosphate carrier
LPS44_VL_p	C3370H5992N202O2796P4	Yes	Extracellular lipopolysaccharide group O:44 with a very long O antigen polysaccharide
LPS21_ST_e	C350H612N17O221P4	Yes	Extracellular lipopolysaccharide group O:21 with a short O antigen polysaccharide
udcdpglcnac_a1_3_gal_a1_4_glc_a1_3col_a1_6col_p	C87H147N1O28P2	Yes	Periplasmic O antigen group O:35 repeat unit on undecaprenyl diphosphate carrier
LPS55_ST_p	C310H542N12O186P4	Yes	Periplasmic lipopolysaccharide group O:55 with a short O antigen polysaccharide
OA43__L_p	C905H1614N50O607P2	Yes	Periplasmic O antigen group O:43 polysaccharide with a long chain length (25 repeat units)
OA18__L_p	C705H1264N25O507P2	Yes	Periplasmic O antigen group O:18 polysaccharide with a long chain length (25 repeat units)
LPS38__L_e	C1020H1817N52O721P4	Yes	Extracellular lipopolysaccharide group O:38 with a long O antigen polysaccharide
udcdpgal_a1_3_man_a1_2_man_b1_2_acrmn_a1_3_abe_p	C87H145O30P2	Yes	Periplasmic O antigen group O:8 repeat unit on undecaprenyl diphosphate carrier
LPS8_ST_p	C330H572N2O211P4	Yes	Extracellular lipopolysaccharide group O:8 with a short O antigen polysaccharide
LPS17_VL_p	C2170H3592N2O1596P4	Yes	Extracellular lipopolysaccharide group O:17 with a very long O antigen polysaccharide
LPS16__L_e	C1020H1817N52O671P4	Yes	Extracellular lipopolysaccharide group O:16 with a long O antigen polysaccharide
udcdpglcnac_a1_3_galnac_b1_4_rib_b1_3_qui4N_c	C85H144N3O24P2	Yes	Periplasmic O antigen group O:56  repeat unit on undecaprenyl diphosphate carrier
LPS62_ST_p	C340H582N12O211P4	Yes	Periplasmic lipopolysaccharide group O:62 with a short O antigen polysaccharide
LPS9_46__L_e	C770H1317N2O521P4	Yes	Lipopolysaccharide O:9 46: Lipid A - [Undecaprenyl-diphosphate-galactose-(alpha 1->3)-rhamnose-(alpha 1->4)-mannose-(alpha1->3)-tyvelose] 25
OA42_VL_p	C3455H6189N200O2307P2	Yes	Periplasmic O antigen group O:42 polysaccharide with a very long chain length (100 repeat units)
OA9_ST_p	C175H294O92P2	Yes	Periplasmic O antigen group O:9 polysaccharide with a short chain length (15 repeat units)
udcpdpgalnac_a1_3_fucnam_a2_3_neu5acOac_c	C84H138N4O24P2	Yes	Cytoplasmic O antigen group O:48 repeat unit on undecaprenyl diphosphate carrier
udcdpgalnac_a1_3_glc_a1_4_rmn_a1_2_rmn_b1_2_glcnac_p	C89H150N2O30P2	Yes	Periplasmic O antigen group O:57 repeat unit on undecaprenyl diphosphate carrier
LPS8__L_e	C970H1692N2O671P4	Yes	Extracellular lipopolysaccharide group O:8 with a long O antigen polysaccharide
OA28ac_VL_p	C3455H6189N200O2307P2	Yes	Periplasmic O antigen group O:28ac polysaccharide with a very long chain length (100 repeat units)
OA3_10_ST_p	C155H254O82P2	Yes	Periplasmic O antigen group O:3 10 polysaccharide with a short chain length (15 repeat units)
LPS40_VL_e	C3770H6692N302O2596P4	Yes	Extracellular lipopolysaccharide group O:40 with a very long O antigen polysaccharide
LPS57__L_e	C1020H1817N52O671P4	Yes	Extracellular lipopolysaccharide group O:57 with a long O antigen polysaccharide
cdppar_c	C15H23N3O14P2	Yes	CDP-alpha-D-paratose
LPS3_10_VL_p	C2170H3592N2O1596P4	Yes	Extracellular lipopolysaccharide group O:3 10 with a very long O antigen polysaccharide
LPS51__L_e	C1070H1892N77O721P4	Yes	Extracellular lipopolysaccharide group O:51 with a long O antigen polysaccharide
LPS13__L_e	C870H1542N52O571P4	Yes	Extracellular lipopolysaccharide group O:13 with a long O antigen polysaccharide
LPS50_ST_p	C340H597N12O211P4	Yes	Periplasmic lipopolysaccharide group O:50 with a short O antigen polysaccharide
OA57__L_p	C905H1614N50O582P2	Yes	Periplasmic O antigen group O:57 polysaccharide with a long chain length (25 repeat units)
LPS18_VL_e	C2770H4992N102O2096P4	Yes	Extracellular lipopolysaccharide group O:18 with a very long O antigen polysaccharide
LPS53__L_e	C870H1542N52O571P4	Yes	Extracellular lipopolysaccharide group O:53 with a very long O antigen polysaccharide
LPS65_VL_p	C2970H5292N202O2096P4	Yes	Periplasmic lipopolysaccharide group O:65 with a very long O antigen polysaccharide
OA50_VL_p	C3455H6189N200O2307P2	Yes	Periplasmic O antigen group O:50 polysaccharide with a very long chain length (100 repeat units)
LPS47_ST_p	C305H552N17O181P4	Yes	Extracellular lipopolysaccharide group O:47 with a short O antigen polysaccharide
udcdpgalnac_b1_3_man_a1_2_man_a1_2_man_p	C81H136N1O27P2	Yes	Periplasmic O antigen group O:18 repeat unit on undecaprenyl diphosphate carrier
OA4_VL_p	C2455H4189O1707P2	Yes	Periplasmic O antigen group O:XX polysaccharide with a very long chain length (100 repeat units)
OA48_VL_p	C2955H4989N400O1707P2	Yes	Periplasmic O antigen group O:48 polysaccharide with a very long chain length (100 repeat units)
OA2_VL_p	C2455H4189O1707P2	Yes	Periplasmic O antigen group O:2 polysaccharide with a very long chain length (100 repeat units)
udcdpglcnac_a1_3_rmn_a1_2_rmn_a1_3_rmn_a1_2_galnacan_p	C89H147N2O30P2	Yes	Periplasmic O antigen group O:62 repeat unit on undecaprenyl diphosphate carrier
LPS13__L_p	C870H1542N52O571P4	Yes	Extracellular lipopolysaccharide group O:13 with a long O antigen polysaccharide
LPS43_ST_p	C340H597N12O216P4	Yes	Periplasmic lipopolysaccharide group O:43 with a short O antigen polysaccharide
LPS2_VL_p	C2570H4392N2O1796P4	Yes	Periplasmic lipopolysaccharide group O:2 with a very long O antigen polysaccharide
LPS44__L_p	C970H1717N52O771P4	Yes	Periplasmic lipopolysaccharide group O:44 with a long O antigen polysaccharide
LPS9_46_27_ST_p	C290H497N2O181P4	Yes	Periplasmic lipopolysaccharide group O:9 46 27 with a short O antigen polysaccharide
LPS55__L_p	C870H1542N52O546P4	Yes	Periplasmic lipopolysaccharide group O:55 with a long O antigen polysaccharide
LPS17_ST_e	C270H457N2O171P4	Yes	Extracellular lipopolysaccharide group O:17 with a short O antigen polysaccharide
udcdpglcnac_a1_3_galnac_b1_3_gal_a1_3_gal_a1_2_fuc_p	C89H150N2O31P2	Yes	Periplasmic O antigen group O:43 repeat unit on undecaprenyl diphosphate carrier
OA17_ST_p	C155H254O82P2	Yes	Periplasmic O antigen group O:17 polysaccharide with a short chain length (15 repeat units)
LPS58_ST_p	C330H572N22O186P4	Yes	Extracellular lipopolysaccharide group O:58 with a short O antigen polysaccharide
LPS28ab_VL_e	C5070H8492N702O3896P204	Yes	Extracellular lipopolysaccharide group O:28ab with a very long O antigen polysaccharide
udcpdpgalnac_b1_3_gal3_b1_4_ribf_qui3nac_p	C104H171N7O45P4	Yes	Cytoplasmic O antigen group O:28ab repeat unit on undecaprenyl diphosphate carrier
LPS3_10_ST_e	C270H457N2O171P4	Yes	Periplasmic lipopolysaccharide group O:3 10 with a short O antigen polysaccharide
OA38__L_p	C905H1614N50O632P2	Yes	Periplasmic O antigen group O:38 polysaccharide with a long chain length (25 repeat units)
LPS4_VL_e	C2570H4392N2O1796P4	Yes	Periplasmic lipopolysaccharide group O:XX with a very long O antigen polysaccharide
LPS67_p	C296H523N2O201P4	Yes	Lipopolysaccharide O:67: Lipid A - [galactose-(beta1->3)-galactofuranose-(alpha1->3)] 20 
OA47__L_p	C730H1389N75O432P2	Yes	Periplasmic O antigen group O:47 polysaccharide with a long chain length (25 repeat units)
udcdpglcnac_a1_3_galnac_b1_3_gal_b1_3_glcnac_a1_4_glc_c	C91H153N3O32P2	Yes	Periplasmic O antigen group O:51 repeat unit on undecaprenyl diphosphate carrier
LPS62_VL_p	C3570H6092N202O2396P4	Yes	Periplasmic lipopolysaccharide group O:62 with a very long O antigen polysaccharide
udcdpglcnac_b1_3_gal_a1_2_fuc_b1_4_rib_a1_3_fucac_b1_4_glc_c	C93H155N1O36P2	Yes	Cytoplasmic O antigen group O:45 repeat unit on undecaprenyl diphosphate carrier
LPS6_14__L_p	C820H1467N27O596P4	Yes	Extracellular lipopolysaccharide group O:6 14 with a long O antigen polysaccharide
udcdpglcnac_b1_3_gal_a1_2_fuc_b1_4_rib_a1_3_fucac_b1_4_glc_p	C93H155N1O36P2	Yes	Cytoplasmic O antigen group O:45 repeat unit on undecaprenyl diphosphate carrier
udcdpgal_b1_3_galf_a1_3_gal_c	C73H122O22P2	Yes	Undecaprenyl-galactose-(beta1->3)-galactofuranose-(alpha1->3)
udpacgala_c	C17H22N3O18P2	Yes	UDP-N-acetyl-alpha-D-galactosaminouronate
dtdpfuc3nfo_c	C17H26N3O15P2	Yes	"DTDP-3,6-dideoxy-3-formamido-D-galactose"
udcdpglcnac_a1_3_rmn_a1_4_glcnac_b1_3_gal_p	C83H139N2O26P2	Yes	Periplasmic O antigen group O:59 repeat unit on undecaprenyl diphosphate carrier
LPS56_ST_p	C320H567N17O181P4	Yes	Periplasmic lipopolysaccharide group O:56 with a short O antigen polysaccharide
LPS9__L_e	C770H1317N2O521P4	Yes	Extracellular lipopolysaccharide group O:9 with a long O antigen polysaccharide
udcdpgal_a1_3_rmn_a1_4_man_c	C73H120O21P2	Yes	Periplasmic O antigen group O:1 3 19 repeat unit on undecaprenyl diphosphate carrier
OA53__L_p	C755H1339N50O482P2	Yes	Periplasmic O antigen group O:53 polysaccharide with a very long chain length (100 repeat units)
udcdpglcnac_b1_3_gal_a1_4_glcnac_b1_4_gal_b1_4_rib_p	C88H148N2O31P2	Yes	Periplasmic O antigen group O:52 repeat unit on undecaprenyl diphosphate carrier
LPS59_ST_p	C310H542N12O191P4	Yes	Periplasmic lipopolysaccharide group O:59 with a short O antigen polysaccharide
LPS63__L_p	C1070H1892N77O696P4	Yes	Periplasmic lipopolysaccharide group O:63 with a long O antigen polysaccharide
LPS62_ST_e	C340H582N12O211P4	Yes	Periplasmic lipopolysaccharide group O:62 with a short O antigen polysaccharide
OA1_3_19_VL_p	C1855H3189O1407P2	Yes	Periplasmic O antigen group O:1 3 19 polysaccharide with a very long chain length (100 repeat units)
LPS52__L_p	C995H1767N52O696P4	Yes	Periplasmic lipopolysaccharide group O:52 with a long O antigen polysaccharide
OA35_ST_p	C215H379N5O112P2	Yes	Periplasmic O antigen group O:35 polysaccharide with a short chain length (15 repeat units)
OA16__L_p	C905H1614N50O582P2	Yes	Periplasmic O antigen group O:16 polysaccharide with a long chain length (25 repeat units)
udcpdpglcnacc_b1_3_glc_b1_3_man_a1_3_fuc3nfo_c	C82H138N2O26P2	Yes	Cytoplasmic O antigen group O:60 repeat unit on undecaprenyl diphosphate carrier
udcdpglcnac_a1_3_gal_a1_4_glc_a1_3col_a1_6col_c	C87H147N1O28P2	Yes	Periplasmic O antigen group O:35 repeat unit on undecaprenyl diphosphate carrier
udcdpgalnac_b1_3_gal_a1_4_gal_b1_3_galnac_a1_3_glcnac_c	C91H153N3O32P2	Yes	Periplasmic O antigen group O:21 repeat unit on undecaprenyl diphosphate carrier
LPS7__L_e	C820H1467N27O596P4	Yes	Extracellular lipopolysaccharide group O:7 with a long O antigen polysaccharide
udpfucnam_c	C17H27N4O15P2	Yes	"UDP-2,6-dideoxy-2-acetamidino-beta-L-galactose"
udcpdpgalnac_a1_3_fucnam_a2_3_neu5acOac_p	C84H138N4O24P2	Yes	Cytoplasmic O antigen group O:48 repeat unit on undecaprenyl diphosphate carrier
OA41_ST_p	C195H339N10O102P2	Yes	Periplasmic O antigen group O:41 polysaccharide with a long chain length (25 repeat units)
gdp3h5i6m_c	C16H23N6O13P2	Yes	"GDP-(2S,3S,6R)-3-hydroxy-5-imino-6-methyloxane"
OA39_VL_p	C2855H5089N200O1807P2	Yes	Periplasmic O antigen group O:39 polysaccharide with a very long chain length (100 repeat units)
OA2_ST_p	C175H294O92P2	Yes	Periplasmic O antigen group O:2 polysaccharide with a short chain length (15 repeat units)
OA59__L_p	C755H1339N50O482P2	Yes	Periplasmic O antigen group O:59 polysaccharide with a long chain length (25 repeat units)
udpacpnma_c	C17H25N3O16P2	Yes	UDP-N-acetyl-beta-L-pneumosamine
LPS53__L_p	C870H1542N52O571P4	Yes	Extracellular lipopolysaccharide group O:53 with a very long O antigen polysaccharide
OA52__L_p	C880H1564N50O607P2	Yes	Periplasmic O antigen group O:52 polysaccharide with a long chain length (25 repeat units)
OA1_3_19__L_p	C505H864O357P2	Yes	Periplasmic O antigen group O:1 3 19 polysaccharide with a long chain length (25 repeat units)
udcdpgal_a1_3_rmn_c	C67H110O16P2	Yes	Cytoplasmic O antigen group O:2 partial repeat unit (1) on undecaprenyl diphosphate carrier
udcdpgal_a1_3_man_a1_2_man_c	C73H122O22P2	Yes	Cytoplasmic O antigen group O:8 partial repeat unit (2) on undecaprenyl diphosphate carrier
OA51__L_p	C955H1689N75O632P2	Yes	Periplasmic O antigen group O:51 polysaccharide with a long chain length (25 repeat units)
LPS42__L_p	C1020H1817N52O671P4	Yes	Extracellular lipopolysaccharide group O:42 with a long O antigen polysaccharide
udcdpgalnac_a1_3_galnac_a1_4_glc_b1_4_gal_a1_4_fuc3nac_p	C91H153N3O31P2	Yes	Cytoplasmic O antigen group O:63 repeat unit on undecaprenyl diphosphate carrier
LPS1_3_19_VL_p	C1970H3392N2O1496P4	Yes	Periplasmic lipopolysaccharide group O:1 3 19 with a very long O antigen polysaccharide
udcdpglcnac_b1_3_galf_b1_6_mannac_a1_3_gal_a1_4_galf_c	C89H147N2O33P2	Yes	Cytoplasmic O antigen group O:17 repeat unit on undecaprenyl diphosphate carrier
udcdpgal_a1_3_rmn_a1_4_man_a1_3_abe_p	C79H130O24P2	Yes	Periplasmic O antigen group O:XX repeat unit on undecaprenyl diphosphate carrier
OA65__L_p	C755H1339N50O507P2	Yes	Periplasmic O antigen group O:65 polysaccharide with a long chain length (25 repeat units)
LPS39_VL_p	C2970H5292N202O1896P4	Yes	Periplasmic lipopolysaccharide group O:39 with a very long O antigen polysaccharide
LPS41_VL_e	C2970H5292N202O1996P4	Yes	Extracellular lipopolysaccharide group O:41 with very long O antigen
LPS47__L_p	C845H1592N77O521P4	Yes	Periplasmic lipopolysaccharide group O:47 with a long O antigen polysaccharide
LPS47_VL_e	C2870H5492N302O1796P4	Yes	Extracellular lipopolysaccharide group O:47 with a very long O antigen polysaccharide
LPS40_ST_p	C350H612N17O221P4	Yes	Extracellular lipopolysaccharide group O:40 with a short O antigen polysaccharide
cdptyv_c	C15H23N3O14P2	Yes	CDP-alpha-D-tyvelose
OA55__L_p	C755H1339N50O457P2	Yes	Periplasmic O antigen group O:55 polysaccharide with a long chain length (25 repeat units
LPS28ac_ST_e	C340H597N12O211P4	Yes	Extracellular lipopolysaccharide group O:28ac with a short O antigen polysaccharide
OA47_ST_p	C190H349N15O92P2	Yes	Periplasmic O antigen group O:47 polysaccharide with a short chain length (15 repeat units)
OA56_ST_p	C205H364N15O92P2	Yes	Periplasmic O antigen group O:56 polysaccharide with a short chain length (15 repeat units)
udcdpgalnac_b1_3_glc_b1_2_glcnac_b1_4_gal_b1_4_gal_p	C89H150N2O32P2	Yes	Periplasmic O antigen group O:38 repeat unit on undecaprenyl diphosphate carrier
OA39__L_p	C755H1339N50O457P2	Yes	Periplasmic O antigen group O:39 polysaccharide with a long chain length (25 repeat units)
OA41__L_p	C755H1339N50O482P2	Yes	Periplasmic O antigen group O:41 polysaccharide with a very long chain length (100 repeat units)
udcpdpgalnac_b1_4_glc_b1_3_gal3_a1_4_rmn_a1_3_qui3nac_p	C89H150N2O30P2	Yes	Cytoplasmic O antigen group O:28ac repeat unit on undecaprenyl diphosphate carrier
LPS58_ST_e	C330H572N22O186P4	Yes	Extracellular lipopolysaccharide group O:58 with a short O antigen polysaccharide
OA51_ST_p	C235H409N15O132P2	Yes	Periplasmic O antigen group O:51 polysaccharide with a short chain length (15 repeat units)
OA7_ST_p	C185H324N5O107P2	Yes	Periplasmic O antigen group O:7 polysaccharide with a short chain length (15 repeat units)
LPS21__L_e	C1070H1892N77O721P4	Yes	Extracellular lipopolysaccharide group O:21 with a long O antigen polysaccharide
udcdpgal_a1_3_man_a1_2_man_b1_2_rmn_c	C79H133O26P2	Yes	Cytoplasmic O antigen group O:8 partial repeat unit (3) on undecaprenyl diphosphate carrier
LPS1_3_19_VL_e	C1970H3392N2O1496P4	Yes	Periplasmic lipopolysaccharide group O:1 3 19 with a very long O antigen polysaccharide
udcdpglcnac_a1_3_gal_a1_2_rmn_a1_2_rmn_b1_2_mannac_p	C89H150N2O30P2	Yes	Periplasmic O antigen group O:42 repeat unit on undecaprenyl diphosphate carrier
udcdpglcnac_b1_4_glcnac_a1_3_man_b1_4_man_c	C83H139N2O27P2	Yes	Cytoplasmic O antigen group O:65 repeat unit on undecaprenyl diphosphate carrier
LPS52_VL_p	C3470H6192N202O2496P4	Yes	Extracellular lipopolysaccharide group O:52 with a very long O antigen polysaccharide
OA8_VL_p	C3255H5689O2307P2	Yes	Periplasmic O antigen group O:8 polysaccharide with a very long chain length (100 repeat units)
udcdpglcnac_b1_3_glc_a1_4_fuc_a1_3_acper_c	C83H139N2O25P2	Yes	Periplasmic O antigen group O:30  repeat unit on undecaprenyl diphosphate carrier
udcpdpglcnac_a1_3_galnac_b1_3_gal_a1_2_fuc_p	C83H139N2O26P2	Yes	Periplasmic O antigen group O:13 repeat unit on undecaprenyl diphosphate carrier
udcdpgal_a1_3_man_a1_2_man_b1_2_acrmn_a1_3_abe_c	C87H145O30P2	Yes	Periplasmic O antigen group O:8 repeat unit on undecaprenyl diphosphate carrier
udcdpgal_a1_3_rmn_a1_4_man_a1_3_tyv_c	C79H130O24P2	Yes	Undecaprenyl-diphosphate-galactose-(alpha 1->3)-rhamnose-(alpha 1->4)-mannose-(alpha1->3)-tyvelose
OA28ab__L_p	C1280H2139N175O957P52	Yes	Periplasmic O antigen group O:28ab polysaccharide with a long chain length (25 repeat units)
udcpdpglcnacc_b1_3_glc_b1_3_man_a1_3_fuc3nfo_p	C82H138N2O26P2	Yes	Cytoplasmic O antigen group O:60 repeat unit on undecaprenyl diphosphate carrier
OA60_VL_p	C2755H4989N200O1907P2	Yes	Periplasmic O antigen group O:60 polysaccharide with a very long chain length (100 repeat units)
OA17__L_p	C555H914O382P2	Yes	Periplasmic O antigen group O:17 polysaccharide with a long chain length (25 repeat units)
OA9_46_27_ST_p	C175H294O92P2	Yes	Periplasmic O antigen group O:9 46 27 polysaccharide with a short chain length (15 repeat units)
udp2aca26ddl4h_c	C17H23N3O16P2	Yes	"UDP-2-acetamido-2,6-dideoxy-beta-L-lyxo-4-hexulose"
udcdpglcnac_a1_3_rmn_b1_4_galnac_a1_4_galf_p	C83H139N2O26P2	Yes	Periplasmic O antigen group O:53 polysaccharide with a short chain length (15 repeat units)
LPS13_VL_p	C2970H5292N202O1996P4	Yes	Extracellular lipopolysaccharide group O:13 with a very long O antigen polysaccharide
OA59_ST_p	C195H339N10O102P2	Yes	Periplasmic O antigen group O:59 polysaccharide with a short chain length (15 repeat units)
OA28ac_ST_p	C225H394N10O122P2	Yes	Periplasmic O antigen group O:28ac polysaccharide with a short chain length (15 repeat units)
OA9_46_27__L_p	C655H1114O432P2	Yes	Periplasmic O antigen group O:9 46 27 polysaccharide with a long chain length (25 repeat units
OA13_VL_p	C2855H5089N200O1907P2	Yes	Periplasmic O antigen group O:13 polysaccharide with a very long chain length (100 repeat units)
OA45__L_p	C1005H1739N25O732P2	Yes	Periplasmic O antigen group O:45 polysaccharide with a long chain length (25 repeat units)
ribt5p_c	C5H11O8P	Yes	D-ribitol 5-phosphate
LPS41_VL_p	C2970H5292N202O1996P4	Yes	Extracellular lipopolysaccharide group O:41 with very long O antigen
LPS65_ST_p	C310H542N12O196P4	Yes	Periplasmic lipopolysaccharide group O:65 with a short O antigen polysaccharide
OA45_ST_p	C245H419N5O152P2	Yes	Periplasmic O antigen group O:45 polysaccharide with a short chain length (15 repeat units)
udcdpgal_a1_3_man_a1_2_man_b1_2_acrmn_c	C81H134O27P2	Yes	Cytoplasmic O antigen group O:8 partial repeat unit (4) on undecaprenyl diphosphate carrier
dtdpacvioa_c	C18H27N3O15P2	Yes	DTDP-N-acetylviosamine
OA6_14_ST_p	C185H324N5O107P2	Yes	Periplasmic O antigen group O:6 14 polysaccharide with a short chain length (15 repeat units)
udcdpglcnac_b1_6_mannac_c	C71H114N2O18P2	Yes	Cytoplasmic O antigen group O:54 partial repeat unit (1) on undecaprenyl diphosphate carrier
gdpcol_c	C16H23N5O14P2	Yes	GDP-beta-L-colitose
udcdpglcnac_b1_4_glcnac_a1_3_man_b1_4_man_p	C83H139N2O27P2	Yes	Cytoplasmic O antigen group O:65 repeat unit on undecaprenyl diphosphate carrier
LPS62__L_p	C1020H1742N52O671P4	Yes	Extracellular lipopolysaccharide group O:62 with a long O antigen polysaccharide
udpacblquia_c	C17H25N3O16P2	Yes	UDP-N-acetyl-beta-L-quinovosamine
LPS59_ST_e	C310H542N12O191P4	Yes	Periplasmic lipopolysaccharide group O:59 with a short O antigen polysaccharide
udcpdpgalnac_b1_4_glc_b1_3_gal3_a1_4_rmn_a1_3_qui3nac_c	C89H150N2O30P2	Yes	Cytoplasmic O antigen group O:28ac repeat unit on undecaprenyl diphosphate carrier
LPS45_VL_p	C3970H6892N102O2996P4	Yes	Periplasmic lipopolysaccharide group O:45 with a very long O antigen polysaccharide
LPS39_VL_e	C2970H5292N202O1896P4	Yes	Periplasmic lipopolysaccharide group O:39 with a very long O antigen polysaccharide
OA38_VL_p	C3455H6189N200O2507P2	Yes	Periplasmic O antigen group O:38 polysaccharide with a very long chain length (100 repeat units)
LPS57_ST_p	C340H597N12O211P4	Yes	Extracellular lipopolysaccharide group O:57 with a short O antigen polysaccharide
udcdpglcnac_a1_3_quinac_a1_3_glc_b1_4_man_p	C83H139N2O26P2	Yes	Periplasmic O antigen group O:41 polysaccharide with a short chain length (15 repeat units)
udpacrmna_c	C17H25N3O16P2	Yes	UDP-N-acetyl-beta-L-rhamnosamine
OA28ab_ST_p	C300H499N35O197P12	Yes	Periplasmic O antigen group O:28ab polysaccharide with a short chain length (15 repeat units)
LPS21__L_p	C1070H1892N77O721P4	Yes	Extracellular lipopolysaccharide group O:21 with a long O antigen polysaccharide
LPS38_ST_e	C340H597N12O221P4	Yes	Extracellular lipopolysaccharide group O:38 with a short O antigen polysaccharide
udcdpgalnac_a1_3_fuc_a1_3_man_a1_3_quinac_p	C83H139N2O25P2	Yes	Periplasmic O antigen group O:39 repeat unit on undecaprenyl diphosphate carrier
udcdpgalnac_b1_3_glc_b1_4_man_b1_2_glcnac_a1_3_galnac_p	C91H153N3O32P2	Yes	Periplasmic O antigen group O:40 repeat unit on undecaprenyl diphosphate carrier
LPS59__L_p	C870H1542N52O571P4	Yes	Periplasmic lipopolysaccharide group O:59 with a long O antigen polysaccharide
LPS65_ST_e	C310H542N12O196P4	Yes	Periplasmic lipopolysaccharide group O:65 with a short O antigen polysaccharide
LPS7_ST_e	C300H527N7O196P4	Yes	Periplasmic lipopolysaccharide group O:7 with a short O antigen polysaccharide
OA63__L_p	C955H1689N75O607P2	Yes	Periplasmic O antigen group O:63 polysaccharide with a long chain length (25 repeat units)
udcdpglcnac_a1_3_gal_a1_2_rmn_a1_2_rmn_b1_2_mannac_c	C89H150N2O30P2	Yes	Periplasmic O antigen group O:42 repeat unit on undecaprenyl diphosphate carrier
dtdp3a36ddgalp_c	C16H26N3O14P2	Yes	"DTDP-3-amino-3,6-dideoxy-alpha-D-galactopyranose"
udpadgluc_c	C17H22N3O18P2	Yes	UDP-2-acetamido-2-deoxy-alpha-D-glucuronate 
LPS50__L_p	C1020H1817N52O671P4	Yes	Extracellular lipopolysaccharide group O:50 with a long O antigen polysaccharide
OA18_VL_p	C2655H4789N100O2007P2	Yes	Periplasmic O antigen group O:18 polysaccharide with a very long chain length (100 repeat units)
OA40_VL_p	C3655H6489N300O2507P2	Yes	Periplasmic O antigen group O:40 polysaccharide with a very long chain length (100 repeat units)
LPS35_ST_p	C330H582N7O201P4	Yes	Periplasmic lipopolysaccharide group O:35 with a short O antigen polysaccharide
LPS9_46_VL_p	C2570H4392N2O1796P4	Yes	Lipopolysaccharide O:9 46: Lipid A - [Undecaprenyl-diphosphate-galactose-(alpha 1->3)-rhamnose-(alpha 1->4)-mannose-(alpha1->3)-tyvelose] 100
LPS21_VL_e	C3770H6692N302O2596P4	Yes	Extracellular lipopolysaccharide group O:21 with a very long O antigen polysaccharide
gdpper_c	C16H25N6O14P2	Yes	GDP-alpha-D-perosamine
LPS30_ST_e	C310H542N12O186P4	Yes	Extracellular lipopolysaccharide group O:30 with a short O antigen polysaccharide
OA43_ST_p	C225H394N10O127P2	Yes	Periplasmic O antigen group O:43 polysaccharide with a short chain length (15 repeat units)
OA55_ST_p	C195H339N10O97P2	Yes	Periplasmic O antigen group O:55 polysaccharide with a short chain length (15 repeat units)
LPS44_ST_e	C330H577N12O231P4	Yes	Extracellular lipopolysaccharide group O:44 with a short O antigen polysaccharide
OA7_VL_p	C2655H4789N100O2007P2	Yes	Periplasmic O antigen group O:7 polysaccharide with a very long chain length (100 repeat units)
OA13_ST_p	C195H339N10O102P2	Yes	Periplasmic O antigen group O:13 polysaccharide with a short chain length (15 repeat units)
LPS42__L_e	C1020H1817N52O671P4	Yes	Extracellular lipopolysaccharide group O:42 with a long O antigen polysaccharide
LPS9_46_ST_e	C290H497N2O181P4	Yes	Lipopolysaccharide O:9 46: Lipid A - [Undecaprenyl-diphosphate-galactose-(alpha 1->3)-rhamnose-(alpha 1->4)-mannose-(alpha1->3)-tyvelose] 15
udcdpgalnac_a13_gal_b1_3_b13_gal_a12_p	C89H150N2O30P2	Yes	Cytoplasmic O antigen group O:18 repeat unit on undecaprenyl diphosphate carrier
udcdpglcnac_a1_3_rmn_a1_4_glcnac_b1_3_gal_c	C83H139N2O26P2	Yes	Periplasmic O antigen group O:59 repeat unit on undecaprenyl diphosphate carrier
OA35__L_p	C855H1539N25O532P2	Yes	Periplasmic O antigen group O:35 polysaccharide with a long chain length (25 repeat units)
OA9_VL_p	C2455H4189O1707P2	Yes	Periplasmic O antigen group O:9 polysaccharide with a very long chain length (100 repeat units)
LPS2_VL_e	C2570H4392N2O1796P4	Yes	Periplasmic lipopolysaccharide group O:2 with a very long O antigen polysaccharide
OA39_ST_p	C195H339N10O97P2	Yes	Periplasmic O antigen group O:39 polysaccharide with a short chain length (15 repeat units)
udcpdpglcnac_a1_3_galnac_b1_3_gal_a1_2_fuc_c	C83H139N2O26P2	Yes	Periplasmic O antigen group O:13 repeat unit on undecaprenyl diphosphate carrier
LPS59_VL_e	C2970H5292N202O1996P4	Yes	Extracellular lipopolysaccharide group O:59 with a very long O antigen polysaccharide
OA41_VL_p	C2855H5089N200O1907P2	Yes	Periplasmic lipopolysaccharide group O:41 with a short O antigen polysaccharide
udp2aca26ddarah4_c	C17H23N3O16P2	Yes	"UDP-2-acetamido-2,6-dideoxy-beta-L-arabino-hexul-4-ose"
OA18_ST_p	C185H324N5O107P2	Yes	Periplasmic O antigen group O:18 polysaccharide with a short chain length (15 repeat units)
OA50_ST_p	C225H394N10O122P2	Yes	Periplasmic O antigen group O:50 polysaccharide with a short chain length (15 repeat units)
OA60_ST_p	C190H334N10O102P2	Yes	Periplasmic O antigen group O:60 polysaccharide with a short chain length (15 repeat units)
LPS63_ST_e	C350H612N17O216P4	Yes	Extracellular lipopolysaccharide group O:63 with a short O antigen polysaccharide
udcpdglcnac_b1_3_man_a1_2_man_a_2_man_b1_2_man_p	C81H136N1O27P2	Yes	Cytoplasmic O antigen group O:7 repeat unit on undecaprenyl diphosphate carrier
OA63_ST_p	C235H409N15O127P2	Yes	Periplasmic O antigen group O:63 polysaccharide with a short chain length (15 repeat units)
udcpdglcnac_b1_3_man_a1_2_man_a1_2_man_p	C81H136N1O27P2	Yes	Periplasmic O antigen group O:6 14 repeat unit on undecaprenyl diphosphate carrier
LPS6_14_VL_p	C2770H4992N102O2096P4	Yes	Periplasmic lipopolysaccharide group O:6 14 with a very long O antigen polysaccharide
LPS30__L_p	C870H1542N52O546P4charge72	Yes	Extracellular lipopolysaccharide group O:30 with a long O antigen polysaccharide
LPS9_VL_e	C2570H4392N2O1796P4	Yes	Periplasmic lipopolysaccharide group O:9 with a very long O antigen polysaccharide
LPS42_VL_e	C3570H6392N202O2396P4	Yes	Periplasmic lipopolysaccharide group O:42 with a very long O antigen polysaccharide
LPS63_VL_p	C3770H6692N302O2496P4	Yes	Periplasmic lipopolysaccharide group O:63 with a very long O antigen polysaccharide
LPS63__L_e	C1070H1892N77O696P4	Yes	Periplasmic lipopolysaccharide group O:63 with a long O antigen polysaccharide
OA13__L_p	C755H1339N50O482P2	Yes	Periplasmic O antigen group O:13 polysaccharide with a long chain length (25 repeat units)
LPS65__L_e	C870H1542N52O596P4	Yes	Periplasmic lipopolysaccharide group O:65 with a long O antigen polysaccharide
LPS28ac__L_p	C1020H1817N52O671P4	Yes	Periplasmic lipopolysaccharide group O:28ac with a long O antigen polysaccharide
udcdpglcnac_a1_3_gal_b1_3_glcnac_a1_4_glc_a1_6_glc_p	C87H146N2O34P2	Yes	Periplasmic O antigen group O:44 repeat unit on undecaprenyl diphosphate carrier
udcdpglcnac_a1_3_quinac_a1_3_glcnac_b1_6_quinac_p	C87H145N4O25P2	Yes	Cytoplasmic O antigen group O:58 repeat unit on undecaprenyl diphosphate carrier
udcdpgalnac_a1_3_fuc_a1_3_man_a1_6_galnac_a1_3_fuc_p	C89H150N2O30P2	Yes	Cytoplasmic O antigen group O:16 repeat unit on undecaprenyl diphosphate carrier
OA58__L_p	C855H1489N100O457P2	Yes	Periplasmic O antigen group O:58 polysaccharide with a long chain length (25 repeat units)
OA48_ST_p	C200H334N20O92P2	Yes	Periplasmic O antigen group O:48 polysaccharide with a short chain length (15 repeat units)
LPS16_VL_p	C3570H6392N202O2396P4	Yes	Extracellular lipopolysaccharide group O:16 with a very long O antigen polysaccharide
LPS58__L_p	C970H1692N102O546P4	Yes	Periplasmic lipopolysaccharide group O:58 with a long O antigen polysaccharide
OA30_ST_p	C195H339N10O97P2	Yes	Periplasmic O antigen group O:30 polysaccharide with a short chain length (15 repeat units)
LPS8_VL_p	C3370H5892N2O2396P4	Yes	Periplasmic lipopolysaccharide group O:8 with a very long O antigen polysaccharide
LPS2__L_p	C770H1317N2O521P4	Yes	Extracellular lipopolysaccharide group O:2 with a long O antigen polysaccharide
udcdpglcnac_a1_3_rmn_b1_4_galnac_a1_4_galf_c	C83H139N2O26P2	Yes	Periplasmic O antigen group O:53 polysaccharide with a short chain length (15 repeat units)
OA42_ST_p	C225H394N10O122P2	Yes	Periplasmic O antigen group O:42 polysaccharide with a short chain length (15 repeat units)
OA21__L_p	C955H1689N75O632P2	Yes	Periplasmic O antigen group O:21 polysaccharide with a long chain length (25 repeat units)
LPS40__L_e	C1070H1892N77O721P4	Yes	Extracellular lipopolysaccharide group O:40 with a long O antigen polysaccharide
LPS6_14_VL_e	C2770H4992N102O2096P4	Yes	Periplasmic lipopolysaccharide group O:6 14 with a very long O antigen polysaccharide
udcdpgalnac_a13_gal_b1_3_b13_gal_a12_c	C89H150N2O30P2	Yes	Cytoplasmic O antigen group O:18 repeat unit on undecaprenyl diphosphate carrier
OA65_ST_p	C195H339N10O107P2	Yes	Periplasmic O antigen group O:65 polysaccharide with a short chain length (15 repeat units)
OA16_VL_p	C3455H6189N200O2307P2	Yes	Periplasmic O antigen group O:16 polysaccharide with a very long chain length (100 repeat units)
LPS44__L_e	C970H1717N52O771P4	Yes	Periplasmic lipopolysaccharide group O:44 with a long O antigen polysaccharide
LPS63_ST_p	C350H612N17O216P4	Yes	Extracellular lipopolysaccharide group O:63 with a short O antigen polysaccharide
LPS50_ST_e	C340H597N12O211P4	Yes	Periplasmic lipopolysaccharide group O:50 with a short O antigen polysaccharide
OA9__L_p	C655H1114O432P2	Yes	Periplasmic O antigen group O:9 polysaccharide with a long chain length (25 repeat units)
udpacblfuc_c	C17H25N3O16P2	Yes	UDP-N-acetyl-beta-L-fucosamine
LPS57_VL_e	C3570H6392N202O2396P4	Yes	Extracellular lipopolysaccharide group O:57 with a very long O antigen polysaccharide
LPS9_VL_p	C2570H4392N2O1796P4	Yes	Periplasmic lipopolysaccharide group O:9 with a very long O antigen polysaccharide
LPS8_VL_e	C3370H5892N2O2396P4	Yes	Periplasmic lipopolysaccharide group O:8 with a very long O antigen polysaccharide
LPS57_VL_p	C3570H6392N202O2396P4	Yes	Extracellular lipopolysaccharide group O:57 with a very long O antigen polysaccharide
LPS60_VL_e	C2870H5192N202O1996P4	Yes	Extracellular lipopolysaccharide group O:60 with a very long O antigen polysaccharide
OA4__L_p	C655H1114O432P2	Yes	Periplasmic O antigen group O:XX polysaccharide with a long chain length (25 repeat units)
udcdpglcnac_a1_3_fucnam_a1_3_gal_O_6_ribt_p	C82H141N3O24P2	Yes	Periplasmic O antigen group O:47 repeat unit on undecaprenyl diphosphate carrier
OA1_3_19_ST_p	C145H244O77P2	Yes	Periplasmic O antigen group O:1 3 19 polysaccharide with a short chain length (15 repeat units)
LPS66_ST_e	C340H597N12O221P4	Yes	Extracellular lipopolysaccharide group O:66 with a short O antigen polysaccharide
LPS11_VL_e	C2770H4992N102O1996P4	Yes	Extracellular lipopolysaccharide group O:11 with a very long O antigen polysaccharide
LPS9_46_27_VL_p	C2570H4392N2O1796P4	Yes	Periplasmic lipopolysaccharide group O:9 46 27 with a very long O antigen polysaccharide
OA53_VL_p	C2855H5089N200O1907P2	Yes	Periplasmic lipopolysaccharide group O:53 with a short O antigen polysaccharide
udpacman_c	C17H25N3O17P2	Yes	UDP-N-acetyl-alpha-D-mannosamine
LPS48_ST_e	C315H537N22O181P4	Yes	Periplasmic lipopolysaccharide group O:48 with a short O antigen polysaccharide
LPS45_ST_p	C360H622N7O241P4	Yes	Periplasmic lipopolysaccharide group O:45 with a short O antigen polysaccharide
udcdpgalnac_a1_3_b1_3_glc_a1_4_gal_a1_6_gal_p	C89H150N2O32P2	Yes	Cytoplasmic O antigen group O:66 repeat unit on undecaprenyl diphosphate carrier
OA55_VL_p	C2855H5089N200O1807P2	Yes	Periplasmic O antigen group O:55 polysaccharide with a very long chain length (100 repeat units)
LPS38_VL_e	C3570H6392N202O2596P4	Yes	Periplasmic lipopolysaccharide group O:38 with a very long O antigen polysaccharide
OA3_10_VL_p	C2055H3389O1507P2	Yes	Periplasmic O antigen group O:3 10 polysaccharide with a very long chain length (100 repeat units)
LPS65__L_p	C870H1542N52O596P4	Yes	Periplasmic lipopolysaccharide group O:65 with a long O antigen polysaccharide
LPS53_ST_p	C310H542N12O191P4	Yes	Extracellular lipopolysaccharide group O:53 with a long O antigen polysaccharide
LPS17__L_p	C670H1117N2O471P4	Yes	Periplasmic lipopolysaccharide group O:17 with a long O antigen polysaccharide
LPS18_VL_p	C2770H4992N102O2096P4	Yes	Extracellular lipopolysaccharide group O:18 with a very long O antigen polysaccharide
udcdpgalnac_a1_3_fuc_a1_3_man_a1_6_galnac_a1_3_fuc_c	C89H150N2O30P2	Yes	Cytoplasmic O antigen group O:16 repeat unit on undecaprenyl diphosphate carrier
LPS3_10_ST_p	C270H457N2O171P4	Yes	Periplasmic lipopolysaccharide group O:3 10 with a short O antigen polysaccharide
LPS30_VL_p	C2970H5292N202O1896P4charge297	Yes	Periplasmic lipopolysaccharide group O:30 with a very long O antigen polysaccharide
OA66_VL_p	C3455H6189N200O2507P2	Yes	Periplasmic O antigen group O:66 polysaccharide with a very long chain length (100 repeat units)
OA57_ST_p	C225H394N10O122P2	Yes	Periplasmic O antigen group O:57 polysaccharide with a short chain length (15 repeat units)
OA9_46_VL_p	C2455H4189O1707P2	Yes	[Undecaprenyl-diphosphate-galactose-(alpha 1->3)-rhamnose-(alpha 1->4)-mannose-(alpha1->3)-tyvelose] 100
LPS4__L_p	C770H1317N2O521P4	Yes	Periplasmic lipopolysaccharide group O:XX with a long O antigen polysaccharide
OA11__L_p	C705H1264N25O482P2	Yes	Periplasmic O antigen group O:11 polysaccharide with a long chain length (25 repeat units)
udcdpglcnac_a1_3_gal_b1_3_glcnac_a1_4_glc_a1_6_glc_c	C87H146N2O34P2	Yes	Periplasmic O antigen group O:44 repeat unit on undecaprenyl diphosphate carrier
LPS35_VL_e	C3370H6092N102O2196P4	Yes	Extracellular lipopolysaccharide group O:35 with a very long O antigen polysaccharide
udcdpgal_a1_3_rmn_a1_4_man_a1_3_par_c	C79H130O24P2	Yes	Periplasmic O antigen group O:2 repeat unit on undecaprenyl diphosphate carrier
LPS43_ST_e	C340H597N12O216P4	Yes	Periplasmic lipopolysaccharide group O:43 with a short O antigen polysaccharide
LPS16_ST_e	C340H597N12O211P4	Yes	Extracellular lipopolysaccharide group O:16 with a short O antigen polysaccharide
OA44_VL_p	C3255H5789N200O2707P2	Yes	Periplasmic O antigen group O:44 polysaccharide with a very long chain length (100 repeat units)
udcdpglcnac_a1_3_galnac_b1_3_gal_a1_3_gal_a1_2_fuc_c	C89H150N2O31P2	Yes	Periplasmic O antigen group O:43 repeat unit on undecaprenyl diphosphate carrier
OA56_VL_p	C3055H5589N300O1707P2	Yes	Periplasmic O antigen group O:56 polysaccharide with a very long chain length (100 repeat units)
OA47_VL_p	C2755H5289N300O1707P2	Yes	Periplasmic O antigen group O:47 polysaccharide with a very long chain length (100 repeat units)
LPS28ab_ST_p	C415H702N37O286P14	Yes	Periplasmic lipopolysaccharide group O:28ab with a short O antigen polysaccharide
LPS53_VL_e	C2970H5292N202O1996P4	Yes	Extracellular lipopolysaccharide group O:53 with a short O antigen polysaccharide
OA52_ST_p	C220H384N10O127P2	Yes	Periplasmic O antigen group O:52 polysaccharide with a short chain length (15 repeat units)
LPS42_ST_p	C340H597N12O211P4	Yes	Periplasmic lipopolysaccharide group O:42 with a short O antigen polysaccharide
LPS3_10_VL_e	C2170H3592N2O1596P4	Yes	Extracellular lipopolysaccharide group O:3 10 with a very long O antigen polysaccharide
OA43_VL_p	C3455H6189N200O2407P2	Yes	Periplasmic O antigen group O:43 polysaccharide with a very long chain length (100 repeat units)
OA8__L_p	C855H1489O582P2	Yes	Periplasmic O antigen group O:8 polysaccharide with a long chain length (25 repeat units)
LPS44_ST_p	C330H577N12O231P4	Yes	Extracellular lipopolysaccharide group O:44 with a short O antigen polysaccharide
udcpdglcnac_b1_3_man_a1_2_man_a1_2_man_c	C81H136N1O27P2	Yes	Periplasmic O antigen group O:6 14 repeat unit on undecaprenyl diphosphate carrier
OA9_46_27_VL_p	C2455H4189O1707P2	Yes	Periplasmic O antigen group O:9 46 27 polysaccharide with a very long chain length (100 repeat units)
udcdpglcnac_a1_3_rmn_a1_2_rmn_a1_3_rmn_a1_2_galnacan_c	C89H147N2O30P2	Yes	Periplasmic O antigen group O:62 repeat unit on undecaprenyl diphosphate carrier
udcdpglcnac_b1_6_mannac_b1_3_mannac_b1_4_10_c	C223H323N21O132P2	Yes	Cytoplasmic O antigen group O:54 polymer on undecaprenyl diphosphate carrier
LPS4_ST_e	C290H497N2O181P4	Yes	Extracellular lipopolysaccharide group O:XX with a short O antigen polysaccharide
LPS18__L_p	C820H1467N27O596P4	Yes	Extracellular lipopolysaccharide group O:18 with a long O antigen polysaccharide
OA9_46_ST_p	C175H294O92P2	Yes	[Undecaprenyl-diphosphate-galactose-(alpha 1->3)-rhamnose-(alpha 1->4)-mannose-(alpha1->3)-tyvelose] 15
LPS55_VL_p	C2970H5292N202O1896P4	Yes	Periplasmic lipopolysaccharide group O:55 with a very long O antigen polysaccharide
cmpacneun_c	C20H29N4O16P	Yes	CMP-N-Acetylneuraminate
udcpdpgalnac_a1_3_fucnam_c	C71H119N3O15P2	Yes	Cytoplasmic O antigen group O:48 partial repeat unit (2) on undecaprenyl diphosphate carrier
LPS2_ST_p	C290H497N2O181P4	Yes	Periplasmic lipopolysaccharide group O:2 with a short O antigen polysaccharide
LPS17_VL_e	C2170H3592N2O1596P4	Yes	Extracellular lipopolysaccharide group O:17 with a very long O antigen polysaccharide
OA17_VL_p	C2055H3389O1507P2	Yes	Periplasmic O antigen group O:17 polysaccharide with a very long chain length (100 repeat units)
udcdpglcnac_a1_3_galnac_b1_3_gal_b1_3_glcnac_a1_4_glc_p	C91H153N3O32P2	Yes	Periplasmic O antigen group O:51 repeat unit on undecaprenyl diphosphate carrier
udcdpgalnac_a1_3_fuc_a1_3_man_a1_3_quinac_c	C83H139N2O25P2	Yes	Periplasmic O antigen group O:39 repeat unit on undecaprenyl diphosphate carrier
OA67_p	C181H320O112P2	Yes	[Undecaprenyl-galactose-(beta1->3)-galactofuranose-(alpha1->3)] 20
LPS43_VL_p	C3570H6392N202O2496P4	Yes	Periplasmic lipopolysaccharide group O:43 with a very long O antigen polysaccharide
LPS8_ST_e	C330H572N2O211P4	Yes	Extracellular lipopolysaccharide group O:8 with a short O antigen polysaccharide
OA4_ST_p	C175H294O92P2	Yes	Periplasmic O antigen group O:XX polysaccharide with a short chain length (15 repeat units)
LPS53_VL_p	C2970H5292N202O1996P4	Yes	Extracellular lipopolysaccharide group O:53 with a short O antigen polysaccharide
LPS28ac__L_e	C1020H1817N52O671P4	Yes	Periplasmic lipopolysaccharide group O:28ac with a long O antigen polysaccharide
LPS18_ST_p	C300H527N7O196P4	Yes	Periplasmic lipopolysaccharide group O:18 with a short O antigen polysaccharide
LPS21_VL_p	C3770H6692N302O2596P4	Yes	Extracellular lipopolysaccharide group O:21 with a very long O antigen polysaccharide
LPS11_ST_p	C300H527N7O191P4	Yes	Periplasmic lipopolysaccharide group O:11 with a short O antigen polysaccharide
LPS43__L_e	C1020H1817N52O696P4	Yes	Periplasmic lipopolysaccharide group O:43 with a long O antigen polysaccharide
LPS7_ST_p	C300H527N7O196P4	Yes	Periplasmic lipopolysaccharide group O:7 with a short O antigen polysaccharide
OA21_ST_p	C235H409N15O132P2	Yes	Periplasmic O antigen group O:21 polysaccharide with a short chain length (15 repeat units)
udcpdpgalnac_b1_3_gal3_b1_4_ribf_qui3nac_c	C104H171N7O45P4	Yes	Cytoplasmic O antigen group O:28ab repeat unit on undecaprenyl diphosphate carrier
LPS52_ST_e	C335H587N12O216P4	Yes	Periplasmic lipopolysaccharide group O:52 with a short O antigen polysaccharide
OA28ac__L_p	C905H1614N50O582P2	Yes	Periplasmic O antigen group O:28ac polysaccharide with a long chain length (25 repeat units)
LPS40__L_p	C1070H1892N77O721P4	Yes	Extracellular lipopolysaccharide group O:40 with a long O antigen polysaccharide
LPS48_VL_e	C3070H5192N402O1796P4	Yes	Periplasmic lipopolysaccharide group O:48 with a very long O antigen polysaccharide
LPS41__L_e	C870H1542N52O571P4	Yes	Periplasmic lipopolysaccharide group O:41 with a very long O antigen polysaccharide
LPS60__L_e	C845H1517N52O571P4	Yes	Extracellular lipopolysaccharide group O:60 with a long O antigen polysaccharide
OA3_10__L_p	C555H914O382P2	Yes	Periplasmic O antigen group O:3 10 polysaccharide with a long chain length (25 repeat units)
LPS47__L_e	C845H1592N77O521P4	Yes	Periplasmic lipopolysaccharide group O:47 with a long O antigen polysaccharide
OA45_VL_p	C3855H6689N100O2907P2	Yes	Periplasmic O antigen group O:45 polysaccharide with a very long chain length (100 repeat units)
LPS4_ST_p	C290H497N2O181P4	Yes	Extracellular lipopolysaccharide group O:XX with a short O antigen polysaccharide
LPS45__L_e	C1120H1942N27O821P4	Yes	Periplasmic lipopolysaccharide group O:45 with a long O antigen polysaccharide
LPS62__L_e	C1020H1742N52O671P4	Yes	Extracellular lipopolysaccharide group O:62 with a long O antigen polysaccharide
udcdpglcnac_a1_3_quinac_a1_3_glcnac_b1_6_quinac_c	C87H145N4O25P2	Yes	Cytoplasmic O antigen group O:58 repeat unit on undecaprenyl diphosphate carrier
LPS42_VL_p	C3570H6392N202O2396P4	Yes	Periplasmic lipopolysaccharide group O:42 with a very long O antigen polysaccharide
LPS9_46__L_p	C770H1317N2O521P4	Yes	Lipopolysaccharide O:9 46: Lipid A - [Undecaprenyl-diphosphate-galactose-(alpha 1->3)-rhamnose-(alpha 1->4)-mannose-(alpha1->3)-tyvelose] 25
LPS65_VL_e	C2970H5292N202O2096P4	Yes	Periplasmic lipopolysaccharide group O:65 with a very long O antigen polysaccharide
LPS51_ST_p	C350H612N17O221P4	Yes	Extracellular lipopolysaccharide group O:51 with a short O antigen polysaccharide
udcdpglcnac_a1_3_galnac_b1_4_rib_b1_3_qui4N_p	C85H144N3O24P2	Yes	Periplasmic O antigen group O:56  repeat unit on undecaprenyl diphosphate carrier
OA52_VL_p	C3355H5989N200O2407P2	Yes	Periplasmic O antigen group O:52 polysaccharide with a very long chain length (100 repeat units)
OA67_c	C181H320O112P2	Yes	[Undecaprenyl-galactose-(beta1->3)-galactofuranose-(alpha1->3)] 20
LPS28ab_ST_e	C415H702N37O286P14	Yes	Periplasmic lipopolysaccharide group O:28ab with a short O antigen polysaccharide
gdp3h5a6m36dh2p_c	C16H22N6O13P2	Yes	"GDP-(2S,3S,6R)-3-hydroxy-5-amino-6-methyl-3,6-dihydro-2H-pyran"
LPS11_VL_p	C2770H4992N102O1996P4	Yes	Extracellular lipopolysaccharide group O:11 with a very long O antigen polysaccharide
LPS66__L_p	C1020H1817N52O721P4	Yes	Periplasmic lipopolysaccharide group O:66 with a long O antigen polysaccharide
OA9_46__L_p	C655H1114O432P2	Yes	[Undecaprenyl-diphosphate-galactose-(alpha 1->3)-rhamnose-(alpha 1->4)-mannose-(alpha1->3)-tyvelose] 25
OA35_VL_p	C3255H5889N100O2107P2	Yes	Periplasmic O antigen group O:35 polysaccharide with a very long chain length (100 repeat units)
udcdpgalnac_a1_3_glc_a1_4_rmn_a1_2_rmn_b1_2_glcnac_c	C89H150N2O30P2	Yes	Periplasmic O antigen group O:57 repeat unit on undecaprenyl diphosphate carrier
LPS57__L_p	C1020H1817N52O671P4	Yes	Extracellular lipopolysaccharide group O:57 with a long O antigen polysaccharide
OA16_ST_p	C225H394N10O122P2	Yes	Periplasmic O antigen group O:16 polysaccharide with a short chain length (15 repeat units)
udcdpglcnac_a1_3_fucnam_a1_3_gal_O_6_ribt_c	C82H141N3O24P2	Yes	Periplasmic O antigen group O:47 repeat unit on undecaprenyl diphosphate carrier
LPS11__L_p	C820H1467N27O571P4	Yes	Periplasmic lipopolysaccharide group O:11 with a long O antigen polysaccharide
OA44_ST_p	C215H374N10O142P2	Yes	Periplasmic O antigen group O:44 polysaccharide with a short chain length (15 repeat units)
udcdpgalnac_a1_3_b1_3_glc_a1_4_gal_a1_6_gal_c	C89H150N2O32P2	Yes	Cytoplasmic O antigen group O:66 repeat unit on undecaprenyl diphosphate carrier
LPS48_ST_p	C315H537N22O181P4	Yes	Periplasmic lipopolysaccharide group O:48 with a short O antigen polysaccharide
OA2__L_p	C655H1114O432P2	Yes	Periplasmic O antigen group O:2 polysaccharide with a long chain length (25 repeat units)
LPS30_VL_e	C2970H5292N202O1896P4	Yes	Periplasmic lipopolysaccharide group O:30 with a very long O antigen polysaccharide
gdp4d36ddman_c	C16H21N5O14P2	Yes	"GDP-4-dehydro-3,6-dideoxy-alpha-D-mannose"
LPS48__L_e	C895H1517N102O521P4	Yes	Periplasmic lipopolysaccharide group O:48 with a long O antigen polysaccharide
LPS9_ST_p	C290H497N2O181P4	Yes	Periplasmic lipopolysaccharide group O:9 with a short O antigen polysaccharide
LPS58_VL_e	C3370H5892N402O1896P4	Yes	Extracellular lipopolysaccharide group O:58 with a very long O antigen polysaccharide
LPS66_VL_e	C3570H6392N202O2596P4	Yes	Extracellular lipopolysaccharide group O:66 with a very long O antigen polysaccharide
LPS50_VL_p	C3570H6392N202O2396P4	Yes	Periplasmic lipopolysaccharide group O:50 with a very long O antigen polysaccharide
LPS35_ST_e	C330H582N7O201P4	Yes	Periplasmic lipopolysaccharide group O:35 with a short O antigen polysaccharide
LPS52_ST_p	C335H587N12O216P4	Yes	Periplasmic lipopolysaccharide group O:52 with a short O antigen polysaccharide
OA57_VL_p	C3455H6189N200O2307P2	Yes	Periplasmic O antigen group O:57 polysaccharide with a very long chain length (100 repeat units)
LPS41_ST_e	C310H542N12O191P4	Yes	Periplasmic lipopolysaccharide group O:41 with a long O antigen polysaccharide
LPS40_ST_e	C350H612N17O221P4	Yes	Extracellular lipopolysaccharide group O:40 with a short O antigen polysaccharide
LPS52_VL_e	C3470H6192N202O2496P4	Yes	Extracellular lipopolysaccharide group O:52 with a very long O antigen polysaccharide
LPS2_ST_e	C290H497N2O181P4	Yes	Periplasmic lipopolysaccharide group O:2 with a short O antigen polysaccharide
OA40__L_p	C955H1689N75O632P2	Yes	Periplasmic O antigen group O:40 polysaccharide with a long chain length (25 repeat units)
OA48__L_p	C780H1314N100O432P2	Yes	Periplasmic O antigen group O:48 polysaccharide with a long chain length (25 repeat units)
LPS3_10__L_p	C670H1117N2O471P4	Yes	Periplasmic lipopolysaccharide group O:3 10 with a long O antigen polysaccharide
LPS1_3_19__L_p	C620H1067N2O446P4	Yes	Extracellular lipopolysaccharide group O:1 3 19 with a long O antigen polysaccharide
OA62_VL_p	C3455H5889N200O2307P2	Yes	Periplasmic O antigen group O:62 polysaccharide with a very long chain length (100 repeat units)
LPS4_VL_p	C2570H4392N2O1796P4	Yes	Periplasmic lipopolysaccharide group O:XX with a very long O antigen polysaccharide
LPS47_ST_e	C305H552N17O181P4	Yes	Extracellular lipopolysaccharide group O:47 with a short O antigen polysaccharide
LPS13_VL_e	C2970H5292N202O1996P4	Yes	Extracellular lipopolysaccharide group O:13 with a very long O antigen polysaccharide
LPS35__L_e	C970H1742N27O621P4	Yes	Periplasmic lipopolysaccharide group O:35 with a long O antigen polysaccharide
LPS58_VL_p	C3370H5892N402O1896P4	Yes	Extracellular lipopolysaccharide group O:58 with a very long O antigen polysaccharide
LPS7_VL_e	C2770H4992N102O2096P4	Yes	Periplasmic lipopolysaccharide group O:7 with a very long O antigen polysaccharide
OA58_ST_p	C215H369N20O97P2	Yes	Periplasmic O antigen group O:58 polysaccharide with a short chain length (15 repeat units)
OA40_ST_p	C235H409N15O132P2	Yes	Periplasmic O antigen group O:40 polysaccharide with a short chain length (15 repeat units)
udcpdglcnac_b1_3_man_a1_2_man_a_2_man_b1_2_man_c	C81H136N1O27P2	Yes	Cytoplasmic O antigen group O:7 repeat unit on undecaprenyl diphosphate carrier
OA65_VL_p	C2855H5089N200O2007P2	Yes	Periplasmic O antigen group O:65 polysaccharide with a very long chain length (100 repeat units)
udcdpgalnac_b1_3_glc_b1_4_man_b1_2_glcnac_a1_3_galnac_c	C91H153N3O32P2	Yes	Periplasmic O antigen group O:40 repeat unit on undecaprenyl diphosphate carrier
OA44__L_p	C855H1514N50O682P2	Yes	Periplasmic O antigen group O:44 polysaccharide with a long chain length (25 repeat units)
LPS39_ST_e	C310H542N12O186P4	Yes	Periplasmic lipopolysaccharide group O:39 with a short O antigen polysaccharide
LPS43_VL_e	C3570H6392N202O2496P4	Yes	Periplasmic lipopolysaccharide group O:43 with a very long O antigen polysaccharide
LPS16_VL_e	C3570H6392N202O2396P4	Yes	Extracellular lipopolysaccharide group O:16 with a very long O antigen polysaccharide
OA28ab_VL_p	C4955H8289N700O3807P202	Yes	Periplasmic O antigen group O:28ab polysaccharide with a very long chain length (100 repeat units)
LPS45__L_p	C1120H1942N27O821P4	Yes	Periplasmic lipopolysaccharide group O:45 with a long O antigen polysaccharide
LPS7__L_p	C820H1467N27O596P4	Yes	Extracellular lipopolysaccharide group O:7 with a long O antigen polysaccharide
udcdpglcnac_b1_3_gal_a1_2_fuc_b1_4_rib_a1_3_fuc_b1_4_glc_c	C91H154N1O35P2	Yes	Und-P-N-acetylglucosamine(beta1->3)galactose((alpha1->2)fucose)(beta1->4)ribose(alpha1->3)fucose(beta1->4)glucose
OA59_VL_p	C2855H5089N200O1907P2	Yes	Periplasmic O antigen group O:59 polysaccharide with a very long chain length (100 repeat units)
LPS13_ST_p	C310H542N12O191P4	Yes	Periplasmic lipopolysaccharide group O:13 with a short O antigen polysaccharide
LPS9_46_VL_e	C2570H4392N2O1796P4	Yes	Lipopolysaccharide O:9 46: Lipid A - [Undecaprenyl-diphosphate-galactose-(alpha 1->3)-rhamnose-(alpha 1->4)-mannose-(alpha1->3)-tyvelose] 100
LPS16_ST_p	C340H597N12O211P4	Yes	Extracellular lipopolysaccharide group O:16 with a short O antigen polysaccharide
LPS48_VL_p	C3070H5192N402O1796P4	Yes	Periplasmic lipopolysaccharide group O:48 with a very long O antigen polysaccharide
LPS42_ST_e	C340H597N12O211P4	Yes	Periplasmic lipopolysaccharide group O:42 with a short O antigen polysaccharide
LPS16__L_p	C1020H1817N52O671P4	Yes	Extracellular lipopolysaccharide group O:16 with a long O antigen polysaccharide
OA50__L_p	C905H1614N50O582P2	Yes	Periplasmic O antigen group O:50 polysaccharide with a long chain length (25 repeat units)
OA30_VL_p	C2855H5089N200O1807P2	Yes	Periplasmic O antigen group O:30 polysaccharide with a very long chain length (100 repeat units)
LPS41__L_p	C870H1542N52O571P4	Yes	Periplasmic lipopolysaccharide group O:41 with a very long O antigen polysaccharide
LPS56_VL_p	C3170H5792N302O1796P4	Yes	Periplasmic lipopolysaccharide group O:56 with a very long O antigen polysaccharide
udcdpgalnac_a1_3_galnac_a1_4_glc_b1_4_gal_a1_4_fuc3nac_c	C91H153N3O31P2	Yes	Cytoplasmic O antigen group O:63 repeat unit on undecaprenyl diphosphate carrier
LPS6_14_ST_e	C300H527N7O196P4	Yes	Periplasmic lipopolysaccharide group O:6 14 with a short O antigen polysaccharide
LPS50_VL_e	C3570H6392N202O2396P4	Yes	Periplasmic lipopolysaccharide group O:50 with a very long O antigen polysaccharide
OA51_VL_p	C3655H6489N300O2507P2	Yes	Periplasmic O antigen group O:51 polysaccharide with a very long chain length (100 repeat units)
udcpdglcnac_a1_3_rmn_a1_4_gal_b1_4_man_c	C81H136N1O26P2	Yes	Periplasmic O antigen group O:11 repeat unit on undecaprenyl diphosphate carrier
LPS28ab__L_e	C1395H2342N177O1046P54	Yes	Periplasmic lipopolysaccharide group O:28ab with a long O antigen polysaccharide
LPS63_VL_e	C3770H6692N302O2496P4	Yes	Periplasmic lipopolysaccharide group O:63 with a very long O antigen polysaccharide
OA7__L_p	C705H1264N25O507P2	Yes	Periplasmic O antigen group O:7 polysaccharide with a long chain length (25 repeat units)
udcdpgal_a1_3_rmn_a1_4_manac_c	C75H122O22P2	Yes	Periplasmic O antigen group O:3 10 repeat unit on undecaprenyl diphosphate carrier
OA11_VL_p	C2655H4789N100O1907P2	Yes	Periplasmic O antigen group O:11 polysaccharide with a very long chain length (100 repeat units)
LPS1_3_19_ST_p	C260H447N2O166P4	Yes	Periplasmic lipopolysaccharide group O:1 3 19 with a short O antigen polysaccharide
LPS35_VL_p	C3370H6092N102O2196P4	Yes	Extracellular lipopolysaccharide group O:35 with a very long O antigen polysaccharide
udcdpgalnac_b1_3_glc_b1_2_glcnac_b1_4_gal_b1_4_gal_c	C89H150N2O32P2	Yes	Periplasmic O antigen group O:38 repeat unit on undecaprenyl diphosphate carrier
LPS39__L_e	C870H1542N52O546P4	Yes	Periplasmic lipopolysaccharide group O:39 with a long O antigen polysaccharide
OA21_VL_p	C3655H6489N300O2507P2	Yes	Periplasmic O antigen group O:21 polysaccharide with a very long chain length (100 repeat units)
LPS17__L_e	C670H1117N2O471P4	Yes	Periplasmic lipopolysaccharide group O:17 with a long O antigen polysaccharide
LPS28ac_ST_p	C340H597N12O211P4	Yes	Extracellular lipopolysaccharide group O:28ac with a short O antigen polysaccharide
LPS9_46_ST_p	C290H497N2O181P4	Yes	Lipopolysaccharide O:9 46: Lipid A - [Undecaprenyl-diphosphate-galactose-(alpha 1->3)-rhamnose-(alpha 1->4)-mannose-(alpha1->3)-tyvelose] 15
OA62__L_p	C905H1539N50O582P2	Yes	Periplasmic O antigen group O:62 polysaccharide with a long chain length (25 repeat units)
LPS67_e	C296H523N2O201P4	Yes	Lipopolysaccharide O:67: Lipid A - [galactose-(beta1->3)-galactofuranose-(alpha1->3)] 20 
LPS9__L_p	C770H1317N2O521P4	Yes	Extracellular lipopolysaccharide group O:9 with a long O antigen polysaccharide
LPS21_ST_p	C350H612N17O221P4	Yes	Extracellular lipopolysaccharide group O:21 with a short O antigen polysaccharide
OA63_VL_p	C3655H6489N300O2407P2	Yes	Periplasmic O antigen group O:63 polysaccharide with a very long chain length (100 repeat units)
LPS35__L_p	C970H1742N27O621P4	Yes	Periplasmic lipopolysaccharide group O:35 with a long O antigen polysaccharide
LPS41_ST_p	C310H542N12O191P4	Yes	Periplasmic lipopolysaccharide group O:41 with a long O antigen polysaccharide
udcdpgal_a1_3_rmn_a1_4_man_a1_3_abe_c	C79H130O24P2	Yes	Periplasmic O antigen group O:XX repeat unit on undecaprenyl diphosphate carrier
OA30__L_p	C755H1339N50O457P2	Yes	Periplasmic O antigen group O:30 polysaccharide with a long chain length (25 repeat units
OA58_VL_p	C3255H5689N400O1807P2	Yes	Periplasmic O antigen group O:58 polysaccharide with a very long chain length (100 repeat units)
LPS38__L_p	C1020H1817N52O721P4	Yes	Extracellular lipopolysaccharide group O:38 with a long O antigen polysaccharide
LPS56__L_p	C920H1667N77O521P4	Yes	Periplasmic lipopolysaccharide group O:56 with a long O antigen polysaccharide
LPS4__L_e	C770H1317N2O521P4	Yes	Periplasmic lipopolysaccharide group O:XX with a long O antigen polysaccharide
LPS47_VL_p	C2870H5492N302O1796P4	Yes	Extracellular lipopolysaccharide group O:47 with a very long O antigen polysaccharide
LPS54_e	C338H526N23O221P4	Yes	Extracellular lipopolysaccharide group O:54 with a short O antigen polysaccharide
LPS50__L_e	C1020H1817N52O671P4	Yes	Extracellular lipopolysaccharide group O:50 with a long O antigen polysaccharide
LPS6_14__L_e	C820H1467N27O596P4	Yes	Extracellular lipopolysaccharide group O:6 14 with a long O antigen polysaccharide
LPS66__L_e	C1020H1817N52O721P4	Yes	Periplasmic lipopolysaccharide group O:66 with a long O antigen polysaccharide
LPS52__L_e	C995H1767N52O696P4	Yes	Periplasmic lipopolysaccharide group O:52 with a long O antigen polysaccharide
udcpdpgalnac_a1_3_fucnam_a2_3_neu5ac_c	C82H136N4O23P2	Yes	Cytoplasmic O antigen group O:48 partial repeat unit (1) on undecaprenyl diphosphate carrier
LPS51_VL_p	C3770H6692N302O2596P4	Yes	Periplasmic lipopolysaccharide group O:51 with a very long O antigen polysaccharide
LPS59_VL_p	C2970H5292N202O1996P4	Yes	Extracellular lipopolysaccharide group O:59 with a very long O antigen polysaccharide
OA8_ST_p	C215H369O122P2	Yes	Periplasmic O antigen group O:8 polysaccharide with a short chain length (15 repeat units)
OA66__L_p	C905H1614N50O632P2	Yes	Periplasmic O antigen group O:66 polysaccharide with a long chain length (25 repeat units)
LPS51_VL_e	C3770H6692N302O2596P4	Yes	Periplasmic lipopolysaccharide group O:51 with a very long O antigen polysaccharide
gdpacper_c	C18H26N6O15P2	Yes	GDP-N-acetyl-alpha-D-perosamine
udcdpglcnac_b1_3_glc_c	C69H114NO17P2	Yes	Cytoplasmic O antigen group O:30 partial repeat unit (1) on undecaprenyl diphosphate carrier
udcdpglcnac_b1_3_gal_a1_4_glcnac_b1_4_gal_b1_4_rib_c	C88H148N2O31P2	Yes	Periplasmic O antigen group O:52 repeat unit on undecaprenyl diphosphate carrier
OA54_p	C223H323N21O132P2	Yes	Periplasmic O antigen group O:54 polysaccharide with 10 repeat units
LPS58__L_e	C970H1692N102O546P4	Yes	Periplasmic lipopolysaccharide group O:58 with a long O antigen polysaccharide
LPS44_VL_e	C3370H5992N202O2796P4	Yes	Extracellular lipopolysaccharide group O:44 with a very long O antigen polysaccharide
LPS11__L_e	C820H1467N27O571P4	Yes	Periplasmic lipopolysaccharide group O:11 with a long O antigen polysaccharide
LPS39__L_p	C870H1542N52O546P4	Yes	Periplasmic lipopolysaccharide group O:39 with a long O antigen polysaccharide
LPS7_VL_p	C2770H4992N102O2096P4	Yes	Periplasmic lipopolysaccharide group O:7 with a very long O antigen polysaccharide
LPS9_46_27__L_p	C770H1317N2O521P4	Yes	Periplasmic lipopolysaccharide group O:9 46 27 with a long O antigen polysaccharide
LPS60__L_p	C845H1517N52O571P4	Yes	Extracellular lipopolysaccharide group O:60 with a long O antigen polysaccharide
LPS40_VL_p	C3770H6692N302O2596P4	Yes	Extracellular lipopolysaccharide group O:40 with a very long O antigen polysaccharide
LPS1_3_19_ST_e	C260H447N2O166P4	Yes	Periplasmic lipopolysaccharide group O:1 3 19 with a short O antigen polysaccharide
OA42__L_p	C905H1614N50O582P2	Yes	Periplasmic O antigen group O:42 polysaccharide with a long chain length (25 repeat units)
LPS51__L_p	C1070H1892N77O721P4	Yes	Extracellular lipopolysaccharide group O:51 with a long O antigen polysaccharide
LPS53_ST_e	C310H542N12O191P4	Yes	Extracellular lipopolysaccharide group O:53 with a long O antigen polysaccharide
LPS18_ST_e	C300H527N7O196P4	Yes	Periplasmic lipopolysaccharide group O:18 with a short O antigen polysaccharide
LPS3_10__L_e	C670H1117N2O471P4	Yes	Periplasmic lipopolysaccharide group O:3 10 with a long O antigen polysaccharide
LPS62_VL_e	C3570H6092N202O2396P4	Yes	Periplasmic lipopolysaccharide group O:62 with a very long O antigen polysaccharide
OA11_ST_p	C185H324N5O102P2	Yes	Periplasmic O antigen group O:11 polysaccharide with a short chain length (15 repeat units)
LPS2__L_e	C770H1317N2O521P4	Yes	Extracellular lipopolysaccharide group O:2 with a long O antigen polysaccharide
LPS45_ST_e	C360H622N7O241P4	Yes	Periplasmic lipopolysaccharide group O:45 with a short O antigen polysaccharide
OA53_ST_p	C195H339N10O102P2	Yes	Periplasmic O antigen group O:53 polysaccharide with a long chain length (25 repeat units)
LPS38_VL_p	C3570H6392N202O2596P4	Yes	Periplasmic lipopolysaccharide group O:38 with a very long O antigen polysaccharide
LPS59__L_e	C870H1542N52O571P4	Yes	Periplasmic lipopolysaccharide group O:59 with a long O antigen polysaccharide
LPS28ab__L_p	C1395H2342N177O1046P54	Yes	Periplasmic lipopolysaccharide group O:28ab with a long O antigen polysaccharide
OA56__L_p	C805H1464N75O432P2	Yes	Periplasmic O antigen group O:56 polysaccharide with a long chain length (25 repeat units
LPS45_VL_e	C3970H6892N102O2996P4	Yes	Periplasmic lipopolysaccharide group O:45 with a very long O antigen polysaccharide
udcdpgal_a1_3_man_c	C67H111O17P2	Yes	Cytoplasmic O antigen group O:8 partial repeat unit (1) on undecaprenyl diphosphate carrier
LPS9_ST_e	C290H497N2O181P4	Yes	Periplasmic lipopolysaccharide group O:9 with a short O antigen polysaccharide
OA60__L_p	C730H1314N50O482P2	Yes	Periplasmic O antigen group O:60 polysaccharide with a long chain length (25 repeat units)
LPS43__L_p	C1020H1817N52O696P4	Yes	Periplasmic lipopolysaccharide group O:43 with a long O antigen polysaccharide
OA6_14__L_p	C705H1264N25O507P2	Yes	Periplasmic O antigen group O:6 14 polysaccharide with a long chain length (25 repeat units)
LPS28ac_VL_p	C3570H6392N202O2396P4	Yes	Extracellular lipopolysaccharide group O:28ac with a very long O antigen polysaccharide
LPS6_14_ST_p	C300H527N7O196P4	Yes	Periplasmic lipopolysaccharide group O:6 14 with a short O antigen polysaccharide
LPS60_ST_p	C305H537N12O191P4	Yes	Periplasmic lipopolysaccharide group O:60 with a short O antigen polysaccharide
LPS60_ST_e	C305H537N12O191P4	Yes	Periplasmic lipopolysaccharide group O:60 with a short O antigen polysaccharide
LPS66_ST_p	C340H597N12O221P4	Yes	Extracellular lipopolysaccharide group O:66 with a short O antigen polysaccharide
OA62_ST_p	C225H379N10O122P2	Yes	Periplasmic O antigen group O:62 polysaccharide with a short chain length (15 repeat units)
LPS28ab_VL_p	C5070H8492N702O3896P204	Yes	Extracellular lipopolysaccharide group O:28ab with a very long O antigen polysaccharide
OA38_ST_p	C225H394N10O132P2	Yes	Periplasmic O antigen group O:38 polysaccharide with a short chain length (15 repeat units)
OA66_ST_p	C225H394N10O132P2	Yes	Periplasmic O antigen group O:66 polysaccharide with a short chain length (15 repeat units)
LPS30_ST_p	C310H542N12O186P4charge12	Yes	Extracellular lipopolysaccharide group O:30 with a short O antigen polysaccharide
OA6_14_VL_p	C2655H4789N100O2007P2	Yes	Periplasmic O antigen group O:6 14 polysaccharide with a very long chain length (100 repeat units)
LPS8__L_p	C970H1692N2O671P4	Yes	Extracellular lipopolysaccharide group O:8 with a long O antigen polysaccharide
LPS54_p	C338H526N23O221P4	Yes	Extracellular lipopolysaccharide group O:54 with a short O antigen polysaccharide
LPS11_ST_e	C300H527N7O191P4	Yes	Periplasmic lipopolysaccharide group O:11 with a short O antigen polysaccharide
LPS30__L_e	C870H1542N52O546P4	Yes	Extracellular lipopolysaccharide group O:30 with a long O antigen polysaccharide
LPS13_ST_e	C310H542N12O191P4	Yes	Periplasmic lipopolysaccharide group O:13 with a short O antigen polysaccharide
udcdpgalnac_b1_3_man_a1_2_man_a1_2_man_c	C81H136N1O27P2	Yes	Periplasmic O antigen group O:18 repeat unit on undecaprenyl diphosphate carrier
mag181_c	C21H40O4	Yes	1-monoacyl glycerol(18:1)
murein4p3p_e	C71H109N13O39	Yes	"Two linked disacharide tetrapeptide and tripeptide murein units (uncrosslinked, middle of chain)"
murein4p4p_e	C74H114N14O40	Yes	"Two linked disacharide tetrapeptide murein units (uncrosslinked, middle of chain)"
murein4px4p_e	C74H112N14O39	Yes	"Two disacharide linked murein units, tetrapeptide corsslinked tetrapeptide (A2pm->D-ala) (middle of chain)"
murein4px4px4p_e	C111H167N21O58	Yes	Three disacharide linked murein units (tetrapeptide crosslinked tetrapeptide (A2pm->D-ala) & tetrapeptide corsslinked tetrapeptide (A2pm->D-ala)) (middle of chain)
murein5p3p_e	C74H114N14O40	Yes	"Two linked disacharide pentapeptide and tripeptide murein units (uncrosslinked, middle of chain)"
murein5p4p_e	C77H119N15O41	Yes	"Two linked disacharide pentapeptide and tetrapeptide murein units (uncrosslinked, middle of chain)"
murein5p5p_e	C80H124N16O42	Yes	"Two linked disacharide pentapeptide murein units (uncrosslinked, middle of chain)"
murein5p5p5p_e	C120H186N24O63	Yes	"Three linked disacharide pentapeptide murein units (uncrosslinked, middle of chain)"
murein5px3p_e	C74H112N14O39	Yes	"Two disacharide linked murein units, pentapeptide corsslinked tripeptide (A2pm->A2pm) (middle of chain)"
murein5px4p_e	C77H117N15O40	Yes	"Two disacharide linked murein units, pentapeptide crosslinked tetrapeptide (A2pm->D-ala) (middle of chain)"
murein5px4px4p_e	C114H172N22O59	Yes	Three disacharide linked murein units (pentapeptide crosslinked tetrapeptide (A2pm->D-ala) tetrapeptide corsslinked tetrapeptide (A2pm->D-ala)) (middle of chain)
araban__L_e	C15H26O13	Yes	Alpha-L-Arabinan (3 subunits)
clpn140_c	C65H124O17P2	Yes	"Cardiolipin (tetratetradecanoyl, n-C14:0)"
clpn161_c	C73H132O17P2	Yes	"Cardiolipin (tetrahexadec-9-enoyl, n-C16:1)"
clpn181_c	C81H148O17P2	Yes	"Cardiolipin (tetraoctadec-11-enoyl, n-C18:1)"
teca_CL_c	C158H313N26O155P25	Yes	"Glycerol teichoic acid (n=25), unlinked, D-ala (specific CL)"
uaagmda_e	C95H152N8O28P2	Yes	"Undecaprenyl-diphospho-N-acetylmuramoyl-(N-acetylglucosamine)-L-ala-D-glu-meso-2,6-diaminopimeloyl-D-ala-D-ala"
udcpdp_e	C55H89O7P2	Yes	Undecaprenyl diphosphate
udcpp_e	C55H89O4P	Yes	Undecaprenyl phosphate
cfesp_c	C19CoN4R21	Yes	Corrinoid Iron sulfur protein
cpe180_c	C43H82N1O8P1	Yes	"Cyclopropane phosphatidylethanolamine (dioctadec-11,12-cyclo-anoyl, n-C18:0 cyclo)"
cpg180_c	C44H82O10P1	Yes	"Cyclopropane phosphatidylglycerol (dioctadec-11,12-cyclo-anoyl, n-C18:0 cyclo)"
C100mclPHA_c	C10H18O2R	Yes	C10:0-Medium-chain length Polyhydroxyalkanoate.
C120mclPHA_c	C12H22O2R	Yes	C12:0-Medium-chain length Polyhydroxyalkanoate.
C121mclPHA_c	C12H20O2R	Yes	C12:1-Medium-chain length Polyhydroxyalkanoate.
C140mclPHA_c	C14H26O2R	Yes	C14:0-Medium-chain length Polyhydroxyalkanoate.
C141mclPHA_c	C14H24O2R	Yes	C14:1-Medium-chain length Polyhydroxyalkanoate.
C60mclPHA_c	C6H10O2R	Yes	C6:0-Medium-chain length Polyhydroxyalkanoate
C80mclPHA_c	C8H14O2R	Yes	C8:0-Medium-chain length Polyhydroxyalkanoate.
mclPHA_c	C36H64O8R4	Yes	Medium-chain length Polyhydroxyalkanoate (Total)
mclPHAg_c	R	No	Medium-chain length Polyhydroxyalkanoate growing.
rbrdxOX_c	R	No	Oxidized rubredoxin
hpglu_c	C24H32N8O12	Yes	Tetrahydropteroyltri L glutamate C24H34N8O12
hco3_x		No	Bicarbonate
12mgdg160_c		No	"3-D-glucosyl-1,2-Diacylglycerol (n-C16)"
12mgdg161_c		No	"3-D-glucosyl-1,2-Diacylglycerol (n-C16 1)"
12mgdg180_c		No	"3-D-glucosyl-1,2-Diacylglycerol (n-C18 0)"
12mgdg181_c		No	"3-D-glucosyl-1,2-Diacylglycerol (n-C18 1)"
12mgdg181_9_c		No	"3-D-glucosyl-1,2-Diacylglycerol (n-C18 1)"
12mgdg182_9_12_c		No	"3-D-glucosyl-1,2-Diacylglycerol (n-C18 2)"
12mgdg183_6_9_12_c		No	"3-D-glucosyl-1,2-Diacylglycerol (n-C18 3)"
12mgdg183_9_12_15_c		No	"3-D-glucosyl-1,2-Diacylglycerol (n-C18 3)"
12mgdg184_6_9_12_15_c		No	"3-D-glucosyl-1,2-Diacylglycerol (n-C18 4)"
5g2op_c		No	5-Guanidino-2-oxopentanoate
e11_p		No	Peptidoglycan
lprot_c	C6H9N3O	Yes	Lipoylprotein
samprot_c	C6H9N3O	Yes	S-Aminomethyldihydrolipoylprotein
dhlprot_c	C6H9N3O	Yes	Dihydrolipolprotein
dnacyt_c		No	DNA cytosine
pser_c		No	O-Phospho-L-serine
dtdprham_c		No	DTDP-4-dehydro-beta-L-rhamnose
46dd4odtdpglc_c		No	DTDP-4-oxo-6-deoxy-D-glucose
enz_c		No	Cysteine enzyme
e3mmal_c		No	D-erythro-3-Methylmalate
2mm_c		No	2-Methylmaleate
photon_u		No	Light
photon_e1_u		No	Photons
p700p_u		No	Positive charged reaction centre of the Photosystem I
pcrd_l		No	Plastocyanin(Cu+)
e700_u		No	Photons with 700nm wavelength
p700_u		No	PSI reaction center P700
qan_u		No	Internal bound semiquinone radical of the Photosystem II
rb15bp_x		No	"D-Ribulose 1,5-bisphosphate"
pcox_l		No	Plastocyanin(Cu2+)
rdRieskeB6_u	B6	No	Reduced rieske B6
pq_y		No	Plastoquinone
hemeB3p_u		No	"Heme B located in the Cytochrome-b6/f complex, triply protonated"
pqhb6l_u		No	Plastosemiquinone located at the luminal side of the Cytochrome-b6/f complex
pqh2_y		No	Plastoquinol
oxRieskeB6_u	B6	No	Oxidized rieske B6
4a2mpmpmd_c		No	4-Amino-2-methyl-5-phosphomethylpyrimidine
acon_c		No	Cis-Aconitate
ficytc6_l		No	Ferricytochrome c6
cresol_c		No	4-Cresol
5ca1rpi_c		No	5-Carboxyamino-1-(5-phospho-D-ribosyl)imidazole
2m6solbzq_c		No	"2-Methyl-6-solanyl-1,4-benzoquinol"
feche_e		No	Iron chelate
pq_c		No	Plastoquinone
14dh2napcoa_c		No	"1,4-Dihydroxy-2-naphthoyl-CoA"
4pen_c		No	4-Phospho-D-erythronate
2a3o4pob_c		No	2-Amino-3-oxo-4-phosphonooxybutyrate
3a2oprop_c		No	3-Amino-2-oxopropyl phosphate
dmbzi_c		No	Dimethylbenzimidazole
focytc6_l		No	Ferrocytochrome c6
arsni_c		No	Arsenate ion
glutrd_c		No	Glutaredoxin
dcpl_c		No	"N6-(L-1,3-Dicarboxypropyl)-L-lysine"
cn_c		No	Cyanide ion
thios_c		No	Thiosulfate
hcn_c		No	Hydrogen cyanide
hdec_c		No	Hexadecanoic acid
choles_c		No	Cholesterol
etham_c		No	Ethanolamine
78dhptn_c		No	"7,8-Dihydrobiopterin"
ian_c		No	3-Indoleacetonitrile
trnauri_c		No	TRNA containing uridine at position 54
malth_c		No	Maltohexaose
4a_hthptn_c		No	4a-Hydroxytetrahydrobiopterin
phb_c		No	Poly-beta-hydroxybutyrate
ind_c		No	Indole
hemeXp_u		No	"Heme X located in the Cytochrome-b6/f complex, protonated"
hemeB2p_u		No	"Heme B located in the Cytochrome-b6/f complex, twice protonated"
pqb6s_u		No	Plastosemiquinone located at the stromal side of the Cytochrome-b6/f complex
pqhb6s_u		No	Plastosemiquinone located at the stromal side of the Cytochrome-b6/f complex
rpdmbzi_c		No	"N1-(5-Phospho-alpha-D-ribosyl)-5,6-dimethylbenzimidazole"
histdnl_c		No	L-Histidinal
2hetdp_c		No	2-(alpha-Hydroxyethyl)thiamine diphosphate
rdRieskeB6_y	B6	No	Reduced rieske B6
hemeB3p_y		No	"Heme B located in the Cytochrome-b6/f complex, triply protonated"
pqhb6l_y		No	Plastosemiquinone located at the luminal side of the Cytochrome-b6/f complex
hemeX_u		No	"Heme X located in the Cytochrome-b6/f complex,"
oxRieskeB6_y	B6	No	Oxidized rieske B6
pqb6s_y		No	Plastosemiquinone located at the stromal side of the Cytochrome-b6/f complex
hemeB2p_y		No	"Heme B located in the Cytochrome-b6/f complex, twice protonated"
pqhb6s_y		No	Plastosemiquinone located at the stromal side of the Cytochrome-b6/f complex
e680_u		No	Photons with 680nm wavelength
p680_u		No	PSII reaction center P680
qa_u		No	Internal bound plastoquinone of the Photosystem II
pqn_u		No	Semiplastoquinone radical loosely bound to the Photosystem II
p680p_u		No	Positive charged reaction centre of the Photosystem II
s2_u		No	Second oxidation state of the cluster of manganese atoms in the Photosystem II
s3_u		No	Third oxidation state of the cluster of manganese atoms in the Photosystem II
s4_u		No	Fourth oxidation state of the cluster of manganese atoms in the Photosystem II
s1_u		No	First oxidation state of the cluster of manganese atoms in the Photosystem II
s0_u		No	Starting state of a cluster of probably four manganese atoms
e11_c		No	Peptidoglycan
glc_DASH_D_e	C6H12O6	Yes	D-Glucose